tree
version=v4
num_class=1
num_tree_per_iteration=1
label_index=0
max_feature_idx=35
objective=binary sigmoid:1
feature_names=Column_0 Column_1 Column_2 Column_3 Column_4 Column_5 Column_6 Column_7 Column_8 Column_9 Column_10 Column_11 Column_12 Column_13 Column_14 Column_15 Column_16 Column_17 Column_18 Column_19 Column_20 Column_21 Column_22 Column_23 Column_24 Column_25 Column_26 Column_27 Column_28 Column_29 Column_30 Column_31 Column_32 Column_33 Column_34 Column_35
feature_infos=[-3.9905214309692383:3.2175517082214355] [-3.9109416007995605:2.9676697254180908] [-3.9079253673553467:3.2470386028289795] [-3.3669755458831787:3.3159775733947754] [-3.4599771499633789:3.6952447891235352] [-3.4641015529632568:3.4048402309417725] [-3.7619295120239258:2.7283148765563965] [-4.035773754119873:4.1087937355041504] [-3.6942248344421387:3.7089192867279053] [-4.123105525970459:3.872983455657959] [-3.455817699432373:3.8223538398742676] [-3.3484282493591309:3.0333809852600098] [-4.123105525970459:3.872983455657959] [-4.123105525970459:4.123105525970459] [-4.123105525970459:3.872983455657959] [-3.779984712600708:2.8088884353637695] [-4.1142840385437012:2.4390368461608887] [-3.3166248798370361:3.6055512428283691] [-2.6457512378692627:4.123105525970459] [-3.071666955947876:2.6456985473632812] [-3.7004332542419434:3.0676600933074951] [-3.6732778549194336:3.3143525123596191] [-3.6786110401153564:2.9239792823791504] [-4.0098056793212891:2.7074906826019287] [-3.5454251766204834:2.9662940502166748] [-4.123105525970459:4.123105525970459] [-4.0441117286682129:3.7416574954986572] [1:8] [0:1] [0:1] [-51:0] [-1:1] [5:18] [0:3] [1:4] [0:1]
tree_sizes=6690 6888 6891 6915 6902 6902 6918 6923 6929 6925 6911 6916 6906 6928 6908 6925 6922 6913 6927 6900 6915 6916 6927 6941 6908 6942 6938 6936 6927 6936 6919 6915 6952 6955 6937 6943 6937 6947 6935 6945 6958 6949 6952 6941 6953 6960 6950 6945 6938 6950 6956 6955 6953 6949 6957 6958 6985 6943 6951 6933 6949 6949 6949 6973 6961 6964 6958 6946 6960 6967 6941 6958 6970 6947 6982 6976 6978 6918 6966 6948 6967 6965 6964 6942 6968 6946 6961 6968 6980 6940 6969 6984 6975 6962 6967 6934 6939 6950 6951 6963 6961 6963 6958 6956 6982 6980 6957 6922 6909 6965 6981 6959 6977

Tree=0
num_leaves=63
num_cat=0
split_feature=15 3 3 24 24 32 15 24 3 15 23 20 14 24 17 20 11 14 3 14 8 11 3 18 20 26 14 32 3 32 3 20 5 5 20 14 32 17 11 8 17 17 24 14 5 25 14 5 19 8 8 32 25 15 3 29 15 17 15 17 25 18
split_gain=1974.06 493.438 435.321 163.024 151.661 122.536 106.42 61.9469 60.6161 57.5463 49.8323 44.0696 41.3954 35.6085 35.1035 38.7006 28.3023 27.4371 27.1878 26.933 43.2341 24.4282 22.5076 21.7944 21.7081 22.1157 20.6579 20.4968 19.9092 19.7288 18.0989 17.3175 17.2015 16.9511 18.4401 16.0796 15.2455 15.0269 14.7037 14.5115 14.4525 13.7553 13.434 13.2584 13.1048 12.852 12.3298 11.8675 12.4109 11.8043 11.6669 12.6103 11.6507 11.1689 11.0859 11.0086 10.8753 10.6744 10.7626 10.5376 13.7358 10.4792
threshold=0.75143995881080639 1.1403037309646609 0.38644681870937353 -0.091450687497854219 1.1362311244010928 12.500000000000002 0.045292682945728309 0.54780659079551708 -0.42061558365821833 -0.033734967932105057 0.33359599113464361 0.64915120601654064 -0.40769925713539118 0.63265520334243786 0.16906858980655673 0.11265872418880464 0.8508099913597108 -0.69136381149291981 -0.22708977013826367 -0.70650210976600636 -0.54912319779396046 -0.2511975616216659 0.33757752180099493 -0.65007543563842762 -1.585497200489044 -1.5628060102462766 0.21859091520309451 17.500000000000004 -0.034574778750538819 12.500000000000002 1.3169611096382143 -0.11604096367955206 -0.76602783799171437 -0.38210467994213099 -0.64371916651725758 0.46302035450935369 10.500000000000002 0.55610880255699169 -0.072313152253627763 -1.8513303995132444 0.23336815088987353 0.067275837063789382 0.79838988184928905 0.47479432821273809 -0.078298300504684434 1.010866701602936 0.25846868753433233 -0.20125912874937055 1.187920153141022 1.3083633780479433 -0.45916798710823054 11.500000000000002 1.5247075557708742 1.0804321169853213 1.5103702545166018 0.31009615957736975 1.3607134222984316 1.6144516468048098 0.74079480767250072 0.42091757059097296 -0.37795870006084437 -0.43680751323699946
decision_type=2 2 2 2 2 2 2 2 2 2 2 2 2 2 2 2 2 2 2 2 2 2 2 2 2 2 2 2 2 2 2 2 2 2 2 2 2 2 2 2 2 2 2 2 2 2 2 2 2 2 2 2 2 2 2 2 2 2 2 2 2 2
left_child=2 5 6 26 13 8 10 43 -2 30 38 21 22 37 16 54 50 18 -12 20 -10 -6 33 -24 -22 -26 29 35 -14 40 46 -20 -23 -9 -35 39 -8 -3 -1 -15 -4 -38 55 -7 -33 -36 -5 -17 57 -41 -11 -52 59 -25 -16 -18 -47 58 -49 -30 -61 -39
right_child=1 4 3 9 11 7 36 12 19 14 17 -13 28 27 15 47 42 -19 31 -21 24 32 23 53 25 -27 -28 -29 52 -31 -32 44 -34 34 45 -37 41 61 -40 49 -42 -43 -44 -45 -46 56 -48 48 -50 -51 51 -53 -54 -55 -56 -57 -58 -59 -60 60 -62 -63
leaf_value=-2.5847148373459703 -2.553390920083789 -2.553390920083789 -2.5564588989124779 -2.5499483295327043 -2.569527517674925 -2.5553717301900254 -2.5476414268413907 -2.5723079345410569 -2.5565048417145113 -2.5608775286850189 -2.5654770082787173 -2.4454222184857231 -2.5656845625898761 -2.562533504985808 -2.5546341811952673 -2.5444892489076034 -2.5280686671620658 -2.5730733985567693 -2.5605098547760639 -2.5177280777918094 -2.562533504985808 -2.5618846843059093 -2.5674761398873072 -2.5351280742118867 -2.5592915941322176 -2.4531486154651376 -2.5753620744081833 -2.5451194331634492 -2.5483437883488373 -2.5660387872265074 -2.5398254893596977 -2.5647038185232147 -2.4862617372893392 -2.5567595444812312 -2.5093367531774389 -2.521760459061408 -2.569258280962285 -2.5581842503892944 -2.5780658374006618 -2.4782960971554062 -2.5096751665701853 -2.5574693286478984 -2.5185151872820679 -2.5769611404851136 -2.4958460831388836 -2.5697895024598512 -2.5700832819703492 -2.5064818461196818 -2.5645387497639582 -2.5613113004504169 -2.5236155490069265 -2.5518378134798319 -2.5601255208518863 -2.4955466489080731 -2.5243944715939111 -2.5592394652516743 -2.5304372183530868 -2.5441600986387294 -2.5668293880780753 -2.5632673376608501 -2.5238771776415048 -2.5144479883719035
leaf_weight=968.77913039177656 23.59462071955204 23.59462071955204 14.130111843347551 34.925370782613754 2.3328014835715285 102.24335645139217 42.390335530042648 8.0648279860615713 5.5987235605716696 79.448553383350372 37.991338446736336 74.316390119493008 34.858719311654568 1.5996353030204762 52.98791941255331 19.462229520082474 12.663779482245443 242.21144546568394 7.9315250441432026 57.320265024900436 1.5996353030204797 2.4661044254899016 4.199042670428752 18.062548629939556 1.866241186857226 26.727239854633808 201.22079082578421 11.397401534020899 55.653978250920773 68.317757733166218 30.593025170266628 2.1328470706939706 60.91944445669651 20.328698642551899 24.327786900103092 32.126009002327919 286.0014618858695 6.1319353282451621 564.73791343718767 50.721769399940968 6.1319353282451621 126.43784040957689 37.458126679062843 28.660132512450218 8.5980397537350619 7.9315250441432026 84.91397400200367 85.047276943922043 3.1992706060409537 1.33302941918373 14.596672140061854 67.784545965492725 23.994529545307159 37.924686975777149 9.4645088762044889 24.127832487225533 8.9312971085309965 13.596900075674055 1.5329838320612896 8.1314794570207578 52.787964999675751 26.660588383674622
leaf_count=14535 354 354 212 524 35 1534 636 121 84 1192 570 1115 523 24 795 292 190 3634 119 860 24 37 63 271 28 401 3019 171 835 1025 459 32 914 305 365 482 4291 92 8473 761 92 1897 562 430 129 119 1274 1276 48 20 219 1017 360 569 142 362 134 204 23 122 792 400
internal_value=-2.55915 -2.51861 -2.57009 -2.55195 -2.48744 -2.53567 -2.57693 -2.54332 -2.5089 -2.54271 -2.58015 -2.46448 -2.53602 -2.51071 -2.53708 -2.52734 -2.54523 -2.56872 -2.5505 -2.49849 -2.47655 -2.49256 -2.52336 -2.50993 -2.46422 -2.45905 -2.57016 -2.49955 -2.54611 -2.5581 -2.55868 -2.52515 -2.48918 -2.53751 -2.53231 -2.49461 -2.56388 -2.53322 -2.58234 -2.48294 -2.53529 -2.56567 -2.53047 -2.56058 -2.50692 -2.52182 -2.56408 -2.51779 -2.51367 -2.48042 -2.55265 -2.54508 -2.5412 -2.50529 -2.54781 -2.54606 -2.54713 -2.51188 -2.50791 -2.53743 -2.52904 -2.5214
internal_weight=3995.22 846.407 3148.82 861.604 293.6 552.807 2287.21 436.101 116.707 571.803 1832.38 140.035 305.197 153.565 421.371 185.291 236.08 298.865 56.6538 93.1121 35.7918 65.7184 129.77 60.1863 30.1931 28.5935 289.801 97.1778 175.427 88.5798 150.432 18.6624 63.3855 69.5841 61.5193 85.7804 454.83 56.3871 1533.52 53.6544 20.262 412.439 74.2497 130.903 10.7309 41.1906 119.839 122.839 103.376 52.0548 161.83 82.3812 140.568 55.9872 62.4524 36.7916 16.8628 100.177 86.5803 116.573 60.9194 32.7925
internal_count=59942 12699 47243 12927 4405 8294 34316 6543 1751 8579 27492 2101 4579 2304 6322 2780 3542 4484 850 1397 537 986 1947 903 453 429 4348 1458 2632 1329 2257 280 951 1044 923 1287 6824 846 23008 805 304 6188 1114 1964 161 618 1798 1843 1551 781 2428 1236 2109 840 937 552 253 1503 1299 1749 914 492
is_linear=0
shrinkage=1


Tree=1
num_leaves=63
num_cat=0
split_feature=15 6 6 20 15 4 17 6 4 15 4 14 25 14 13 20 14 4 16 4 2 5 8 9 25 20 15 9 1 15 8 2 4 5 10 20 19 4 25 24 25 4 15 22 15 14 6 12 6 35 20 18 8 2 4 15 8 24 16 15 24 25
split_gain=1791.97 411.905 259.613 135.495 110.485 109.418 102.108 73.2678 50.38 43.5894 42.8917 42.5746 44.4431 32.7235 28.9918 26.1962 25.8093 25.2866 25.0044 24.0851 23.2857 25.6641 22.1185 21.2583 20.8989 19.8478 19.4978 21.4336 19.1202 18.831 18.1016 17.7979 16.6155 16.5242 16.1396 16.0241 17.5093 15.5445 15.2757 15.2028 16.7738 15.1755 14.7791 13.98 12.8264 12.6212 12.4454 11.8543 11.7827 11.7449 12.2576 11.7774 11.6118 11.5372 11.2767 11.1575 18.634 13.2428 12.4746 11.4584 11.0591 12.8624
threshold=0.7943515181541444 0.18883521854877475 0.78147754073143016 0.64915120601654064 0.045292682945728309 1.0026745796203616 0.35610231757164007 1.2619948983192446 0.41867727041244512 -0.1766928285360336 1.4110732674598696 -1.7817230820655821 0.46502372622489935 -0.67811366915702809 0.31711356341838842 -0.60318332910537709 1.0000000180025095e-35 -0.56525394320487965 0.7060753107070924 -0.75495225191116322 0.73044675588607799 0.52078905701637279 -1.609866678714752 0.87124556303024303 1.0000000180025095e-35 0.80165413022041332 1.1930564641952517 -1.0000000180025095e-35 -1.0000000180025095e-35 -0.23545891791582105 -1.9191123247146604 -0.48675142228603357 -0.31491564214229578 -0.6927734613418578 -1.5730702877044676 -1.5227289795875547 1.0018505454063418 -0.063147414475679384 2.6461292505264287 1.682334899902344 2.4501293897628789 -0.063147414475679384 -0.87416577339172352 -0.37350033223628992 0.90859434008598339 -0.55504992604255665 -0.88756141066551197 1.4136485457420351 1.2482497692108157 1.0000000180025095e-35 -0.011165145318955181 -0.37155641615390772 -1.0655541419982908 -0.019509222358465191 -0.063147414475679384 0.49782355129718786 1.4548937678337099 1.0143936276435854 0.64098006486892711 0.77324831485748302 0.8192451298236848 2.6461292505264287
decision_type=2 2 2 2 2 2 2 2 2 2 2 2 2 2 2 2 2 2 2 2 2 2 2 2 2 2 2 2 2 2 2 2 2 2 2 2 2 2 2 2 2 2 2 2 2 2 2 2 2 2 2 2 2 2 2 2 2 2 2 2 2 2
left_child=1 4 13 11 8 6 9 41 42 -3 16 35 14 15 26 -2 49 -16 39 -9 21 -7 -19 31 37 -15 27 -13 -21 -10 -30 -23 -17 -24 -32 -4 -37 -8 -36 -11 -41 -5 -1 -34 -35 60 -27 -28 -43 50 -6 -52 -48 -29 -53 57 59 58 -39 -57 -14 -62
right_child=2 5 3 7 10 20 24 19 29 18 -12 12 45 25 17 32 -18 22 -20 28 -22 23 33 -25 -26 46 47 53 30 -31 34 -33 43 44 38 36 -38 55 -40 40 -42 48 -44 -45 -46 -47 52 -49 -50 -51 51 54 -54 -55 -56 56 -58 -59 -60 -61 61 -63
leaf_value=-0.02725526786480012 0.0029535266355887419 -0.014794958969064173 0.0058144685199682626 0.013814841255269359 0.00039588883774495983 0.0039643410496621864 0.0045256822479257065 0.0060721780349177173 -0.013746992744165692 -0.00337223817707384 0.040268897599468612 -0.0047384139695058388 -0.0127533764631263 0.0012620838498109686 -0.0071442070718791256 -0.0018016631640282897 -0.0113943822728922 -0.0051810533709772677 0.014010305165138119 0.0018667702121271364 0.055131125383707409 -0.0059826438452501756 -0.0048909907243134551 -0.0080478819873752473 0.0041858112619816874 -0.013253227635123802 0.044872430519638726 -0.0077834396138826241 0.0067390200371931176 0.0085818666670019004 0.0096146212085994626 0.059170373549970345 0.002575660535421406 0.015013509204979236 0.10014284615951519 0.076014756377122364 0.0033543594877177446 0.01805018003493181 0.022112685585886093 0.04786597189930087 -0.010270184105652263 0.054565488189140449 -0.020599677154151709 0.055429865159260856 0.07810508983427146 0.0034401680067911028 -0.0071576120093070471 -0.0096031018629726562 -0.0016388313340820876 -0.0041013206900626254 -0.0026895710360380354 -0.0045922447134178418 0.031689527030613791 0.032646637941632133 0.044592123395219965 0.046317586093186633 -0.013558481466493482 0.035224595403927854 -0.0097045286534338041 -0.00083123891346401698 0.03813546554132078 -0.006046480684984183
leaf_weight=559.54951597005129 21.670852728188038 234.01697137951851 4.7387799322605124 14.725654341280459 30.198270037770271 38.302977234125137 34.362041227519512 3.8807145133614531 66.853513203561306 460.76868287473917 14.584405250847338 22.540917180478573 3.2510851547121993 138.1520349830389 3.7879606261849394 6.1819667667150489 217.88460499048233 3.1557859703898421 96.222093150019646 2.3466592952609053 29.080459110438824 3.4122546613216462 1.9803054034709919 5.3619478791952124 74.972412966191769 5.0421467497944823 71.605311647057533 5.2411222532391539 2.9649185091257086 59.885283157229424 3.1362083926796904 20.697617575526237 5.6397459730505934 6.0068869292736045 90.063390135765076 37.713096022605896 3.7191811427474013 38.683316648006439 5.6732153743505469 5.9922187328338605 5.0513834059238434 89.959882259368896 990.27173517644405 35.097224682569504 41.246462218463421 50.624421291053295 6.1850266605615607 2.1006650924682608 3.1825267970561972 53.890007592737675 8.5513054132461566 4.0730140432715443 42.954875722527504 50.982083149254322 17.772146888077259 49.277691707015038 3.6025532707571974 24.470887318253517 18.025719352066517 4.8817528113722792 28.339931078255177 5.6991815865039817
leaf_count=8555 321 3553 70 213 453 573 509 55 1020 6925 219 328 48 2051 55 91 3284 46 1434 33 430 51 29 80 1114 75 1032 77 42 912 45 308 83 87 1256 544 53 574 82 89 76 1294 15108 511 594 747 92 30 45 810 128 61 634 741 266 722 53 362 266 71 412 83
internal_value=-6.066e-05 -0.0102921 0.0393436 0.0508218 -0.0184181 0.004059 0.00117436 0.0696867 -0.0215991 -0.00404665 -0.00295845 0.0381051 0.0328878 0.014274 0.0403695 0.0313714 -0.00542396 0.059469 0.000471862 0.0880508 0.0337477 0.0214152 0.0644882 0.0402305 0.0177876 0.0075364 0.0316676 0.0193092 0.0906865 -0.00327112 0.09255 0.0505055 0.0429485 0.0690198 0.094675 0.0651286 0.0705559 0.0233895 0.0968459 -0.00240715 0.0263609 0.0482034 -0.0230825 0.0491941 0.0722889 0.0139146 0.0220763 0.0428084 0.0526594 0.00594012 0.0145024 0.0264813 0.0265905 0.0285499 0.0362744 0.0277355 0.038067 0.0186022 0.00915649 0.0423567 0.0260465 0.0309111
internal_weight=3990.29 3170.7 819.59 558.666 2023.51 1147.18 1050.33 215.933 1676.56 802.051 346.954 342.733 296.562 260.924 208.648 68.5898 332.369 56.1774 568.034 108.065 96.8553 67.7748 52.3894 29.4718 248.276 192.334 152.47 78.7641 104.184 126.739 101.838 24.1099 46.9189 49.2337 98.8728 46.1711 41.4323 173.304 95.7366 471.812 11.0436 107.868 1549.82 40.737 47.2533 87.9146 54.182 73.706 93.1424 114.485 60.5947 30.3965 49.1399 56.2232 21.8452 138.942 57.762 81.1799 56.709 54.1594 37.2902 34.0391
internal_count=59905 48006 11899 8041 30816 17190 15748 3065 25595 12077 5221 4976 4309 3858 3019 1006 5002 811 8524 1513 1442 1012 756 439 3671 2852 2208 1146 1458 1932 1425 359 685 710 1383 667 597 2557 1338 7090 165 1552 23663 594 681 1290 801 1062 1339 1718 908 455 726 818 327 2048 846 1202 840 793 543 495
is_linear=0
shrinkage=0.03


Tree=2
num_leaves=63
num_cat=0
split_feature=15 3 3 6 14 6 23 32 3 24 15 4 7 3 4 24 32 15 14 15 21 4 21 25 21 4 17 21 21 4 5 15 23 4 4 7 7 3 32 32 32 4 3 21 21 4 18 17 15 7 32 4 22 14 3 14 17 25 5 32 14 4
split_gain=1780.93 419.99 305.138 137.108 121.828 94.7904 82.4978 65.6155 63.0666 50.6214 43.6615 42.9266 38.0272 37.1561 36.4989 35.4543 30.3204 30.2508 28.6551 27.0331 26.6169 25.2122 27.3795 23.43 22.5763 22.204 21.4309 21.162 21.0793 16.5993 16.4164 15.9787 15.6853 23.7803 15.1333 13.9387 13.7184 14.5219 13.4836 13.3914 13.1935 13.0686 13.2259 13.1385 13.0576 12.8326 12.7923 12.6375 12.2669 12.2412 12.0163 12.01 13.0372 11.8911 11.7963 11.6756 11.5798 11.3206 11.2515 11.0263 10.955 10.9168
threshold=0.49782355129718786 1.0756298303604128 0.39892175793647772 0.758592188358307 -1.281393229961395 0.47239089012146002 0.24323514103889468 13.500000000000002 1.0000000180025095e-35 0.86134296655654918 1.2558429241180422 1.5478326082229616 -0.55664002895355214 1.4865180850028994 0.41867727041244512 0.41394643485546118 13.500000000000002 0.82950487732887279 -0.40769925713539118 -0.23545891791582105 1.0838567614555361 -0.20811595767736432 0.082378692924976363 1.5729056596755984 -0.032316787168383591 1.7077614068984988 -0.60294148325920094 -0.89866319298744191 0.7952142357826234 -0.085485760122537599 -0.14900672435760495 0.045292682945728309 0.24323514103889468 -0.17573804408311841 -1.0000000180025095e-35 -0.87310016155242909 0.67947480082511913 -0.056877726688981049 15.500000000000002 12.500000000000002 8.5000000000000018 0.31994239985942846 1.4207482337951662 -0.40558201074600214 -0.45553719997406 0.11653471738100053 -0.25409944355487818 -1.1354445219039915 -0.35810057818889612 -0.92921462655067433 13.500000000000002 -0.17573804408311841 -1.1280876994132993 -1.6036509275436399 -0.43272982537746424 -0.91759115457534779 -0.71303933858871449 -0.49997358024120325 -0.9593805968761443 16.500000000000004 0.74928808212280285 -0.67748236656188954
decision_type=2 2 2 2 2 2 2 2 2 2 2 2 2 2 2 2 2 2 2 2 2 2 2 2 2 2 2 2 2 2 2 2 2 2 2 2 2 2 2 2 2 2 2 2 2 2 2 2 2 2 2 2 2 2 2 2 2 2 2 2 2 2
left_child=2 4 6 24 12 11 14 26 29 16 30 19 -2 25 31 -14 61 38 20 -4 36 -12 -23 35 -3 40 -5 -17 55 -6 -9 -1 -26 -34 -15 -19 -8 -38 -11 -16 60 42 -32 -43 -31 -20 -33 -29 -42 -28 -46 -49 -53 -41 -22 -21 -36 -30 -24 -54 -7 -10
right_child=1 3 5 7 8 13 18 10 9 17 21 -13 15 34 39 27 -18 23 45 28 54 22 58 -25 32 -27 49 47 57 44 41 46 33 -35 56 -37 37 -39 -40 53 48 43 -44 -45 50 -47 -48 51 -50 -51 -52 52 59 -55 -56 -57 -58 -59 -60 -61 -62 -63
leaf_value=-0.024299952656438063 0.010627490769941426 0.0024691427081057963 -0.017270232016563351 -0.0014838682410885046 -0.01865275963040133 0.052731574318646925 -0.0070536546406690902 0.011762691366408309 -0.0089370388758480846 0.022281613424708236 0.016140110073311783 0.042691724155382006 0.016318819794097661 0.0040748074670454481 0.012557924048320032 -0.0019363331758977058 0.0014339157348493468 0.0030028355377886692 -0.014389042644887242 0.019357254155542954 -0.0002126685105464602 0.025355733966493731 0.00099318892243920476 0.0098986320257897428 0.0063765896579757331 0.046138847341408891 0.016694747633930546 -0.0040934820188895573 0.038211909466772408 -0.010617828677119853 0.018089078386700177 -0.01992116499391176 -0.0030686979448027803 0.046023027471704184 -0.0063424053345527732 0.043769495097977784 -0.0021446913514619149 0.042078821878693676 -0.0047101727128743493 0.02109208466127948 -0.006305305276770686 -0.001639451726202398 0.044925989875056242 0.070760874094672035 0.020699178169509704 0.0013940145032016334 -0.00083029781075601877 0.016292064256846095 0.010781412777301462 0.09358059048467432 0.0010185801875520406 0.010838776540591557 0.078550398853139636 -0.013674764616956842 0.047187839881313677 -0.00827011119544864 0.050369235616705345 0.0065309880313169982 0.083440772825893961 0.013846632896495223 -0.0086723365764497639 0.027953306767988378
leaf_weight=1333.6234259977937 29.42536273598671 32.365018717944622 143.94692216813564 2.1690223515033713 37.532953768968582 5.3621326908469191 90.516260735690594 21.027225166559219 5.7493393719196311 28.683635137975216 10.647389248013495 11.143769204616545 25.414381496608257 10.139605365693567 24.023905508220196 4.249801240861415 173.76364963501692 8.8768373951315862 316.0567480251193 10.318345181643961 6.5803874656558063 14.889653444290159 1.6417444944381703 30.737350881099701 19.299243777990341 11.190000727772711 4.3968484476208678 1.7760969325900067 9.2001104056835157 46.636301323771477 38.516952097415924 75.918150156736374 9.7345443516969663 54.430219396948814 2.3712690845131865 114.32342574000359 14.288527481257917 6.8473975881934157 30.113561950623989 5.3305091485381118 43.918696239590645 2.208821855485442 51.669826716184616 23.277209773659706 35.906769029796124 53.210021577775478 52.55841601639986 7.5586977526545516 180.89193942397833 77.581404708325863 89.728057712316513 4.9781052172183982 53.979465618729591 89.165251232683659 11.366599276661871 157.84311474859715 38.630677431821823 46.267541743814945 74.410927452147007 4.9781587123870841 1.8298434689640997 62.782306052744389
leaf_count=20794 426 477 2218 30 562 79 1369 295 85 418 144 164 370 149 366 61 2569 126 4831 155 100 202 23 447 283 161 61 25 138 695 539 1149 143 788 35 1604 217 102 441 81 665 31 708 317 525 804 794 108 2666 1048 1329 70 749 1362 169 2397 560 696 982 70 27 911
internal_value=0.000450104 0.0303029 -0.0129798 0.0537586 0.0171532 0.0045521 -0.0186515 0.0638053 0.0117341 0.0179516 0.053508 -0.00535784 0.0429551 0.0171797 -0.0220063 0.051276 0.00830992 0.0284901 -0.00790943 -0.00736794 0.00411042 0.0693273 0.0743887 0.0353481 0.0243083 0.0118049 0.0883286 0.0610532 -0.000755672 -0.0018547 0.0397204 -0.0233033 0.0321587 0.0388918 0.0394108 0.0410638 -0.00185665 0.0174915 0.00917179 -0.00571015 0.00921049 0.0441046 0.0350167 0.0652463 0.002228 -0.0121265 -0.012435 0.064597 0.00737882 0.0906536 0.00722032 0.0664595 0.0707786 -0.0107522 0.0335487 -0.00606492 0.0467565 0.0145109 0.081832 0.0745966 0.0399591 0.0244612
internal_weight=3988 1235.46 2752.54 438.266 797.194 673.054 2079.49 322.437 664.834 455.03 238.29 378.72 132.36 294.334 1580.62 102.935 242.295 212.735 498.866 367.576 129.599 101.59 90.9423 153.938 115.829 243.193 84.1473 77.5203 223.629 209.804 136.7 1462.1 83.464 64.1648 51.1416 123.2 111.652 21.1359 58.7972 118.52 232.003 115.673 90.1868 25.486 172.271 369.267 128.477 73.2705 224.811 81.9783 125.635 71.4944 63.9357 94.4958 17.947 168.161 41.0019 55.4677 76.0527 58.9576 7.19198 68.5316
internal_count=59910 17662 42248 6071 11591 10110 32138 4380 9712 6601 3241 5768 1879 4342 24546 1453 3565 3036 7592 5604 1957 1351 1207 2177 1691 3598 1139 1083 3386 3111 1890 22737 1214 931 744 1730 1688 319 859 1809 3437 1595 1247 348 2549 5635 1943 1022 3331 1109 1854 997 889 1443 269 2552 595 834 1005 819 106 996
is_linear=0
shrinkage=0.03


Tree=3
num_leaves=63
num_cat=0
split_feature=15 3 3 6 14 6 15 3 32 4 21 11 4 4 11 24 7 15 4 32 24 17 21 25 21 4 3 15 21 4 21 4 4 4 25 11 21 13 3 14 7 14 29 17 24 22 21 9 11 7 11 11 9 14 11 22 21 29 7 15 9 24
split_gain=1510.5 383.108 281.226 127.47 104.997 101.364 60.2978 58.711 51.9975 42.5162 41.0043 37.508 37.0466 36.1247 33.1206 29.3118 29.0718 28.1431 25.8075 25.2966 24.9577 23.165 22.7186 22.4849 21.8862 20.719 20.7042 20.6161 18.7259 18.0122 17.6589 17.5886 17.4929 17.2535 16.7976 16.743 15.924 15.2504 15.182 14.2032 13.816 13.6334 15.9747 13.5649 13.4754 13.037 12.8761 12.7035 12.6864 12.6711 12.6543 12.2103 11.7573 11.6406 11.6382 11.4611 11.1625 12.3833 11.0977 10.4811 10.4785 9.99765
threshold=0.49782355129718786 1.1403037309646609 0.38644681870937353 0.78147754073143016 -1.0505042076110838 0.59149211645126354 0.045292682945728309 0.2499162703752518 10.500000000000002 -0.18725319206714627 1.2468935251235964 -0.45576441287994379 0.56957736611366283 0.44770708680152899 0.80327495932579052 0.41394643485546118 -0.55664002895355214 1.1075673103332522 1.0026745796203616 13.500000000000002 0.65453645586967479 0.033197632059454925 -0.84830385446548451 1.0000000180025095e-35 -0.51700475811958302 0.011831153184175493 1.2597366571426394 0.045292682945728309 -0.032316787168383591 -0.46991141140460962 0.14524177461862567 -0.085485760122537599 -0.64155155420303334 -1.0000000180025095e-35 1.1109222173690798 0.024524024687707428 -0.10891399532556532 -1.4200138449668882 0.56550854444503795 -0.67811366915702809 0.52100068330764782 0.2426237836480141 0.64495798945426952 -0.50786814093589772 0.41394643485546118 0.20979528129100802 0.12327340617775918 -1.2083337903022764 -0.011559306178241966 0.14520622789859775 0.69159477949142467 1.6303592324256899 -1.3498557806015012 -0.35721883177757258 -0.49575868248939509 -1.8552856445312498 0.2371373847126961 0.5419580638408662 -0.63015946745872486 0.89735013246536266 -2.0064330101013179 0.86134296655654918
decision_type=2 2 2 2 2 2 2 2 2 2 2 2 2 2 2 2 2 2 2 2 2 2 2 2 2 2 2 2 2 2 2 2 2 2 2 2 2 2 2 2 2 2 2 2 2 2 2 2 2 2 2 2 2 2 2 2 2 2 2 2 2 2
left_child=2 4 6 21 9 12 13 24 32 -2 19 -12 26 15 18 50 -11 44 30 43 51 -3 -19 38 -6 -8 27 -4 -23 -21 -7 -26 -9 -13 -16 -31 -37 -24 -22 49 -29 42 -33 -5 -18 -27 -28 -30 -15 -17 -1 -10 -34 -32 -42 -39 -25 -58 -35 -38 -57 -49
right_child=1 3 5 10 7 14 25 8 20 16 11 33 -14 48 34 39 17 22 -20 29 23 28 37 56 31 45 46 40 47 35 53 41 52 58 -36 36 59 55 -40 -41 54 -43 -44 -45 -46 -47 -48 61 -50 -51 -52 -53 -54 -55 -56 60 57 -59 -60 -61 -62 -63
leaf_value=-0.024663081135728782 -0.0021377921319121421 0.0011559805676392442 -0.017473253334814271 -0.0013804950910815867 -0.015959161371164418 -0.0088320330720266186 -0.0098874869977445268 -0.010895415080168974 -7.4734145733432381e-05 0.013280469053638281 0.018790860991631599 0.021824284720869603 0.018655992479318189 -0.013727169093362924 0.037493543613841003 -0.0096003456413845164 0.002764047361720211 -0.0026681429421168794 0.039824774909245367 0.0072574247220476814 0.008811501713846202 0.0021198970193173315 -0.00088435217504855262 -0.01125492298156249 -0.013846928822038862 0.019311714167654509 -0.0073307471004184629 -0.0085062020823895388 0.0025073913497000405 0.011091894270589804 0.035099807040701266 0.023613668703815288 -0.0031055422819672618 0.007097166195878613 0.0031948932157079358 0.021982634887317554 0.026465819267174166 -0.0032647898993858624 0.030005485451065413 -0.014716122961562302 -0.0079796777415548931 -0.0012672349495812341 -0.0025537930942950322 0.072251290458017758 0.03611782674023524 -0.0074769626353269605 0.016376803197639556 0.04723905688679924 0.0044017729900242483 0.021183642959236741 -0.015428638486436148 0.034193882968162032 0.057635712003543962 0.0074218845488051551 0.025690509433322198 -0.00021932547252104289 -0.0035798396533384394 0.029979783480783558 0.096753065380693185 0.059314438427701129 0.071024090143938207 -0.0081954784220484821
leaf_weight=1199.5352832451463 23.115360245108604 37.351339794695377 203.04763335734606 2.1408460363745681 63.537766367197037 50.321835666894913 242.03366646170616 2.5250190794467917 128.19489534944296 32.656931288540363 10.969927832484244 6.7923041656613341 45.797368414700031 68.47491479665041 77.10008929669857 21.958948336541653 16.651763044297695 4.4752760231494895 17.569396756589413 14.146540433168409 47.579205244779587 17.06790042668581 2.972554385662078 25.326275117695332 37.862323835492134 37.057481318712234 35.163993358612061 64.80208171159029 8.2119654640555364 15.178270325064657 12.063640706241129 60.540347009897232 2.5676543340086928 2.1103020980954161 16.404988057911396 27.095481343567371 23.150849565863609 1.5820280984044064 117.97793149203062 173.78927554190159 11.487373776733873 82.173337854444981 29.56506722420454 59.631821900606155 32.29754427075386 23.247625321149826 38.370584920048714 41.796232044696808 62.365397274494171 17.087655879557133 187.20348233729601 5.0928949266672126 32.724902033805847 94.78431610763073 20.53849846124649 1.8813876137137402 18.268505930900574 14.408267669379709 58.497016035020351 89.570620462298393 59.621405407786369 1.679629012942313
leaf_count=19081 332 541 3148 29 953 744 3690 36 1890 468 141 88 677 1054 1107 335 240 64 247 194 670 248 40 366 570 556 540 977 116 202 175 880 36 26 239 365 315 22 1639 2700 171 1210 430 750 442 350 579 585 949 258 2957 75 452 1392 308 25 260 204 724 1141 787 23
internal_value=-0.000305464 0.026801 -0.0128773 0.0502361 0.0150335 0.00369033 -0.0184755 0.00946932 0.0168004 0.0354016 0.0599269 0.0809821 -0.00551846 -0.0206331 0.0179193 -0.0218718 0.0409918 0.0477282 0.00973486 0.0512161 0.0128389 0.0205634 0.0600316 0.0188596 -0.00121434 -0.00599191 -0.00869069 -0.0121508 0.0303133 0.0426248 0.00524706 0.00351116 0.0483169 0.0891075 0.0319436 0.0455251 0.0487511 0.0641683 0.0243515 -0.0111185 -0.00067975 0.00760896 0.0153448 0.0697872 0.0260792 0.00920289 0.00529499 0.0386149 -0.005242 0.00474683 -0.0234764 0.00242365 0.0533796 0.0119762 0.0141667 0.0670734 0.00249572 0.0132325 0.0944101 0.0539786 0.0689921 0.044473
internal_weight=3979.2 1258.99 2720.21 415.391 843.599 687.452 2032.75 668.344 394.666 175.254 309.284 78.3696 419.208 1730.41 268.244 1599.57 152.139 119.482 174.739 230.914 356.848 106.107 70.5327 223.56 273.679 302.339 373.41 299.876 68.7557 169.142 157.17 210.141 37.8176 67.3996 93.5051 154.995 139.817 66.0574 165.557 212.836 96.828 172.279 90.1054 61.7727 48.9493 60.3051 73.5346 51.6878 130.84 39.0466 1386.74 133.288 35.2926 106.848 32.0259 63.0848 58.003 32.6768 60.6073 112.721 61.5028 43.4759
internal_count=59813 17579 42234 5488 12091 10304 31930 9671 5628 2420 3975 979 6400 27334 3904 25331 2088 1620 2558 2996 5104 1513 938 3139 4043 4596 5723 4604 972 2217 2311 3090 524 838 1346 2023 1821 874 2309 3293 1456 2520 1310 779 682 906 1119 724 2003 593 22038 1965 488 1567 479 834 830 464 750 1456 812 608
is_linear=0
shrinkage=0.03


Tree=4
num_leaves=63
num_cat=0
split_feature=15 24 24 21 32 17 15 24 15 4 4 11 4 17 4 11 21 7 32 32 15 7 4 21 21 26 25 32 4 4 24 32 24 9 25 23 11 11 5 21 5 18 12 11 4 15 10 17 22 26 12 25 31 7 25 10 1 23 22 11 15 11
split_gain=1481.81 263.462 256.782 104.581 88.546 70.0942 68.6498 63.9268 60.0336 48.2115 45.2771 47.4478 44.3009 38.33 32.3902 29.806 41.0538 27.7041 25.0886 24.6294 23.3981 22.6498 22.3659 22.0389 21.7087 20.1657 20.071 19.9162 19.5078 17.2472 16.4257 16.7254 15.9498 15.6293 15.1913 15.0342 14.87 14.8072 14.788 14.458 17.1041 14.4227 14.1455 13.6754 14.0663 13.487 13.2209 13.0957 12.0416 11.945 11.9157 11.9085 11.8702 11.8665 11.5031 11.23 11.1663 11.1597 10.0247 9.82853 9.82126 9.62475
threshold=0.49782355129718786 0.32332134246826177 1.1362311244010928 0.21705467253923419 12.500000000000002 -0.25317540764808649 0.045292682945728309 0.58023867011070263 0.78414401412010204 0.41867727041244512 -0.24644867330789563 -0.1658813804388046 0.44770708680152899 1.0000547766685488 -0.037920959293842309 -0.23932254314422605 0.77142310142517101 0.46057610213756567 13.500000000000002 10.500000000000002 0.61679020524024974 -0.26261734962463373 1.2340945005416872 -1.2933954596519468 -0.14217275381088254 -2.1857489347457881 0.7058299481868745 10.500000000000002 2.1601321697235112 0.15862626582384112 1.0740335583686831 14.500000000000002 0.48140758275985723 1.1284433007240298 0.27829262614250189 0.27820223569870001 -0.69436243176460255 0.27024970948696142 -1.1729926466941831 1.0972294211387636 -0.15857170522212979 -0.49019223451614374 0.93562710285186779 0.049944764003157623 -0.30689410865306849 -0.20083430409431455 -1.0964785218238828 -0.35358749330043787 -0.12981107831001279 1.2864878177642824 0.92295584082603466 -0.35551662743091578 0.5000000149011613 -0.69763499498367298 -0.81496670842170704 0.10263026505708696 -1.0000000180025095e-35 0.28996576368808752 0.96085223555564891 1.5019896626472475 0.16266179084777835 0.036560259759426124
decision_type=2 2 2 2 2 2 2 2 2 2 2 2 2 2 2 2 2 2 2 2 2 2 2 2 2 2 2 2 2 2 2 2 2 2 2 2 2 2 2 2 2 2 2 2 2 2 2 2 2 2 2 2 2 2 2 2 2 2 2 2 2 2
left_child=1 6 4 19 14 45 12 29 -5 15 -10 18 35 24 -2 -7 26 -18 -12 -4 -16 52 27 -22 -9 -13 30 -8 61 58 31 -17 -11 38 42 -1 -23 -31 -34 40 -27 -38 -21 -26 -45 -3 -39 -25 -40 -49 -36 55 -15 -46 -29 -33 -41 -55 59 -6 -24 -14
right_child=2 5 3 8 7 9 22 13 10 32 11 25 28 21 20 16 17 -19 -20 34 23 36 60 47 43 39 -28 54 -30 37 -32 51 33 -35 50 -37 41 46 48 56 -42 -43 -44 44 53 -47 -48 49 -50 -51 -52 -53 -54 57 -56 -57 -58 -59 -60 -61 -62 -63
leaf_value=-0.023107376390499694 0.0054194057226130661 -0.016609028208463106 0.055560048598217442 0.015279043895953498 -0.0064866900893250012 -0.0069482650633084352 0.016374722156107652 -0.0037079732895006611 0.01755760805399581 -0.0035230736090097292 0.058570017149708595 0.0077202799418720873 -0.013690964571664481 -0.0048497368643591297 0.010681562345754876 0.017290711102142642 0.0090428861399860141 0.052552899894986203 0.011466403388728832 0.033475998157253918 -0.0078556834577432171 0.0022091894200939599 -0.0074924204242280924 0.015040403177425721 0.0065612309830003837 0.013734869054412123 -0.011524436225463432 0.01624389070540205 0.032131995235864533 -0.0022661457011773976 0.026068421724221264 0.034071725034776783 -0.011753916906595106 -0.0079396866869234691 -0.0014659884147567705 -0.013457023037499382 0.010856563816072713 -0.010582446086495707 0.014347569240566401 0.0016201858821784387 0.063107783072257326 0.051271884729561248 -0.001291314948245815 -0.0035172225975019129 -0.0046935886102958064 -0.0032201363987007722 0.032734770037073521 0.055080910176594659 0.050187022997251175 0.011859577455544683 0.028086906367118424 -0.0090740667482996779 0.028919882466210869 -0.0061408349096685978 -0.010844872273503435 -0.010670057722598207 0.089762981373288558 0.032328976914985007 0.012182236676804157 0.01556550221595499 0.038045141607064764 0.0030819792516753016
leaf_weight=1340.5322007164359 29.349081784486771 118.75108005851507 13.835298679769037 34.162573292851448 194.82731042802334 120.87668567895889 26.037964873015881 52.847452275454998 25.105793327093124 9.9683559946715814 13.523696251213549 5.710425689816474 70.020855769515038 19.253835327923301 23.773433685302734 48.437291447073221 27.141078002750874 26.209704477339983 29.882555104792118 49.143337927758694 5.2589128389954558 8.291711859405039 3.9047260656952849 14.814558096230028 71.353348359465599 10.113224223256109 48.961725410073996 10.687618464231489 7.7488507926464072 26.2561319693923 36.226568035781384 7.8249373883008939 2.8414793983101836 5.2986506372690192 50.421664841473103 190.99754760414362 12.517570644617079 5.1782774403691283 16.408831752836704 1.5047832652926434 105.73691045492887 64.436323054134846 12.625960819423197 14.083944506943224 8.376869931817053 156.31384073197842 31.550755046308041 98.365925043821335 44.133533164858818 9.4541813135147077 11.046211108565329 70.354312561452389 11.300548605620859 5.7259909436106673 225.11962758749723 5.237182293087244 71.039760045707226 93.544023469090462 32.957983449101448 15.264534994959829 10.492391064763067 49.60245194286108
leaf_count=21725 416 1858 180 477 2879 1830 390 762 332 147 169 74 1086 264 336 726 397 380 386 651 76 112 56 207 1009 128 739 162 117 383 522 117 41 77 704 3018 164 76 234 19 1316 845 168 202 116 2365 455 1308 625 128 155 1059 154 82 3439 79 835 1262 483 223 150 753
internal_value=0.000271643 -0.0124165 0.0267293 0.0454191 0.0169661 0.00273135 -0.01824 0.0117568 0.0554265 0.00973492 0.060266 0.0643254 -0.0205411 0.0202055 0.0353509 0.00524126 0.0107177 0.0330897 0.030676 0.0225636 0.0407851 0.0342174 -0.00430184 0.0457685 0.0130575 0.0708908 0.00459718 -0.00649272 -0.0033933 0.00160613 0.00949066 0.00414994 0.0304403 0.0352742 0.0168374 -0.0219516 0.0418821 0.014973 0.0392032 0.0725565 0.0595443 0.0457612 0.0268049 0.0176239 0.0235937 -0.00919372 0.0260914 0.0482857 0.042309 0.0519846 0.00555819 -0.00402678 0.00995054 0.0271395 -0.00930533 0.018145 0.088157 0.0299219 -0.00208981 -0.00455987 0.0269469 -0.00689136
internal_weight=3962.76 2680.13 1282.63 433.852 848.783 744.985 1935.14 667.767 296.78 469.92 262.617 237.511 1658.9 361.732 181.016 391.269 270.393 53.3508 43.4063 137.072 151.667 115.8 276.242 127.894 245.932 194.105 217.042 261.845 127.372 306.035 168.08 131.854 78.6509 68.6825 123.237 1531.53 85.2456 62.9852 63.3838 188.395 115.85 76.9539 61.7693 193.084 121.731 275.065 36.729 122.635 60.5424 107.82 61.4679 83.4164 30.5544 107.647 235.807 13.0621 72.5445 99.27 243.05 210.092 14.3971 119.623
internal_count=59628 42092 17536 5594 11942 11196 30896 9471 3736 6973 3259 2927 26699 4972 2471 5849 4019 777 555 1858 2055 1539 4197 1719 3433 2372 3242 3991 1956 4499 2503 1981 1124 977 1678 24743 1121 914 900 2298 1444 1009 819 2671 1662 4223 531 1643 859 1436 859 1255 418 1460 3601 196 854 1344 3585 3102 206 1839
is_linear=0
shrinkage=0.03


Tree=5
num_leaves=63
num_cat=0
split_feature=3 24 6 3 14 4 14 6 23 32 7 32 3 23 7 4 4 11 14 7 32 21 4 11 11 5 14 21 9 16 21 18 12 24 21 26 7 3 20 12 3 4 10 23 7 11 0 23 13 18 25 16 7 3 14 0 6 22 11 32 20 32
split_gain=1261.32 320.608 299.678 119.98 97.7007 72.8746 68.7927 58.8138 47.4068 43.4832 42.0999 37.847 37.8422 28.9531 28.8655 32.927 28.3284 27.6146 26.3438 25.8283 25.2899 24.1936 22.6493 21.8261 21.7597 21.6628 21.5239 20.5355 20.6304 19.1054 18.9086 17.7132 17.6326 17.174 17.0924 16.0043 15.6929 15.5697 15.3339 15.2207 15.1922 15.1569 14.9761 15.7761 14.9283 20.1148 14.679 14.1606 16.0105 13.9134 13.6787 13.2456 12.8884 12.8847 12.5701 15.2564 13.8763 12.1145 12.0689 11.9778 14.7899 11.7328
threshold=0.64183306694030773 0.49190737307071691 0.78147754073143016 1.5103702545166018 -0.91759115457534779 0.44770708680152899 -0.91759115457534779 -0.31440876424312586 0.24323514103889468 17.500000000000004 0.60444775223732006 12.500000000000002 -0.081116169691085802 0.35612271726131445 -0.078432861715555177 0.75685957074165355 -0.19796457141637799 0.22568751126527789 0.21859091520309451 -0.83758437633514393 15.500000000000002 1.2468935251235964 0.2793459445238114 -0.072313152253627763 0.036560259759426124 -1.0000000180025095e-35 -1.8591957092285154 -0.010693989694118498 -0.27864751219749445 0.53880387544631969 -0.32103933393955225 -0.76526281237602223 -0.74499130249023426 0.70738312602043163 1.1265897154808047 1.011988699436188 0.49168454110622412 -1.0885182023048399 -0.94799533486366261 -0.3558389395475387 1.2597366571426394 -0.31491564214229578 -0.52494600415229786 1.1489902138710024 -0.9095347225666045 0.57219555974006664 0.23901455104351046 0.35612271726131445 -1.0793811082839964 0.59018647670745861 -0.34956590831279749 0.014005979523062708 1.0452811121940615 -0.46603828668594355 0.44252236187458044 0.12054675817489625 -1.3941860198974607 1.535516679286957 -0.62722161412239064 13.500000000000002 1.0620574355125429 15.500000000000002
decision_type=2 2 2 2 2 2 2 2 2 2 2 2 2 2 2 2 2 2 2 2 2 2 2 2 2 2 2 2 2 2 2 2 2 2 2 2 2 2 2 2 2 2 2 2 2 2 2 2 2 2 2 2 2 2 2 2 2 2 2 2 2 2
left_child=1 5 7 6 10 8 16 18 23 17 26 25 -6 -13 42 61 -4 52 59 -18 22 29 33 -1 -7 -9 38 -15 -29 -19 -27 -23 -31 -14 -10 36 -32 -12 -3 -30 -20 -39 -8 -44 -35 -46 -17 -43 -49 -34 -36 -38 -5 -28 55 56 -26 -41 -24 -2 -61 -16
right_child=2 4 3 9 12 24 14 11 34 -11 37 13 20 27 15 46 19 21 40 -21 -22 31 58 -25 54 30 53 28 39 32 35 -33 49 44 50 -37 51 41 -40 57 -42 47 43 -45 45 -47 -48 48 -50 -51 -52 -53 -54 -55 -56 -57 -58 -59 -60 60 -62 -63
leaf_value=-0.024566705685405935 0.026882637653853299 0.0022056268599316385 0.0014569702959710924 0.011727805997238964 -0.0085528617842442166 -0.0086429517027941591 0.027123042238244882 0.0010479183595570954 -0.011416815731101199 0.012328551087688112 -0.0017706605927535956 -0.0013814870712228603 -0.0095213549408973506 -0.00031850557966066443 0.031280855695882542 0.016278856803493402 -0.0011990986166458789 0.024242551566351564 -0.019355676029108895 0.06897259210393962 -0.0015025817947919593 0.01164267158201571 -0.0037939362655291333 -0.016635324127268262 -0.0097916355834933855 0.0050795808401180899 -0.0078133042016061364 0.0040669307747263602 0.0070056102760238563 0.00060997947011418475 0.026457030026758633 0.094847630594665847 0.064335925047038167 -0.010937275964721032 0.029966526110451433 -0.0016547496590616742 0.011039068060347585 -0.0019663428520970867 0.043005123847692575 0.042883033853418871 0.0026569427336037921 0.0074808734146990597 -0.0017725893676460098 0.023639912188473902 0.0071567029038095437 0.037877054981329289 0.063283554931765879 -0.0044924390598528865 0.075393275191147746 -0.0027212323516060139 -0.0039549079165445205 0.078861754572514514 0.051222918190485113 0.015282111873189131 -0.0074980437446753676 -0.0069556024237827736 0.031822224620639404 -0.0082012544218559528 0.043607610234104227 -0.0073333542898865916 0.031773083166040883 0.015674808817262201
leaf_weight=905.92598453164101 20.003478657454252 11.771585427224634 7.7036569714546195 23.555000953376293 263.40198665857315 93.318635385483503 36.882269226014614 15.952185314148663 308.27829709649086 21.814991548657417 4.1819485723972312 116.4619158282876 31.011211015284061 39.342270370572805 98.718454375863075 12.388761937618254 4.9541032910346976 25.721960045397282 86.901843655854464 53.106930635869503 166.22285795584321 4.0316714420914641 4.8443251475691822 561.33038425818086 6.1704852953553191 12.917675890028475 32.036460384726524 33.106649752706289 18.868090663105249 4.3772157132625571 24.19682614505291 38.87019095569849 102.33709269016981 13.745896298438309 12.047025386244057 5.1328852623701087 4.9381588324904468 3.274355709552764 28.439877286553383 55.649358611553907 39.133973766118288 5.0616863816976574 76.176651880145073 25.562936626374722 51.325921185314655 28.844346880912781 31.014511592686176 1.8542730808258081 25.058303683996201 2.4513462036848059 26.115007136017084 19.065649848431349 9.7736929655075055 49.755317520350218 19.631466716527939 14.353151902556418 40.988546244800091 2.919406294822692 25.48800141364336 37.54841386154294 5.9447943121194831 110.03829443454742
leaf_count=14915 295 165 104 297 4008 1440 500 228 4794 269 58 1734 464 578 1290 158 66 327 1365 650 2427 44 69 9111 93 187 463 473 269 54 338 428 1226 203 183 73 71 47 373 785 601 71 1044 335 734 406 388 24 317 32 399 259 118 680 294 212 607 41 351 574 89 1474
internal_value=0.000160148 -0.0111796 0.0253631 0.0383927 0.0055596 -0.0174614 0.0289001 0.00846776 -0.0192382 0.0559998 0.0258398 0.0157046 -0.000209522 0.00986242 0.0235594 0.0295917 0.0567283 0.0601228 -0.00490239 0.0633648 0.00665276 0.0651131 0.0151584 -0.0215992 0.00103095 0.032983 0.0159246 0.0183616 0.0247359 0.0545856 0.0400593 0.0890599 0.0603603 0.00875202 -0.00907368 0.04737 0.0522556 0.0512742 0.0326262 0.0327898 -0.0126802 0.0570057 0.0119382 0.00542078 0.0149622 0.0197843 0.0529343 0.0624941 0.0700477 0.0627147 0.00898436 0.0692174 0.028481 0.00630705 0.0120123 0.0183345 0.0259606 0.0398919 0.0365716 0.0103346 0.000736748 0.0236138
internal_weight=3962.04 2734.48 1227.56 689.48 746.318 1988.16 456.547 538.084 1813.7 232.933 161.434 348.551 584.885 266.348 390.782 252.16 65.7647 211.118 189.533 58.061 321.483 177.789 155.26 1467.26 174.462 82.2034 122.003 149.886 110.544 134.888 66.2512 42.9019 109.166 124.927 346.44 53.3335 48.2006 39.4306 40.2115 77.4369 126.036 35.2486 138.622 101.74 93.9162 80.1703 43.4033 31.9743 26.9126 104.788 38.162 24.0038 33.3287 81.7918 81.1437 61.5122 47.159 58.5688 30.3323 63.4967 43.4932 208.757
internal_count=59672 42908 16764 8804 10860 32048 6009 7960 29402 2795 2198 5036 8662 3880 5189 3310 820 2526 2924 716 4654 2111 2227 24026 2646 1156 1681 2146 1568 1639 928 472 1312 1807 5376 741 668 517 538 1095 1966 459 1879 1379 1343 1140 546 412 341 1258 582 330 415 1143 1206 912 700 826 420 958 663 2764
is_linear=0
shrinkage=0.03


Tree=6
num_leaves=63
num_cat=0
split_feature=15 3 3 6 6 15 15 21 32 14 6 14 32 4 20 14 21 4 21 4 3 21 4 32 23 6 3 14 15 6 4 7 1 23 8 21 4 3 22 7 6 21 6 7 14 14 7 4 3 3 8 3 25 18 3 8 18 23 25 18 4 4
split_gain=1324.18 320.795 209.172 121.047 91.5132 83.5371 61.0389 46.3188 42.527 42.1999 35.2828 34.0066 29.7691 26.3189 25.2947 25.2616 23.7348 22.669 21.4952 19.6653 19.6106 19.2551 19.2371 18.7886 18.556 18.453 18.1815 17.9079 17.5638 15.9021 15.3902 15.313 15.0325 14.4513 14.0946 16.1797 13.832 13.7858 12.6407 12.4548 12.1007 12.6919 11.9744 16.4076 11.9672 11.7013 11.3194 11.2394 11.2108 10.7614 10.7076 14.5491 10.1348 10.4859 10.0795 9.88468 9.81642 10.1789 9.68043 9.5934 9.51682 9.42619
threshold=0.31027793884277349 1.0756298303604128 0.14172088354825976 0.73624765872955333 0.23237492889165881 1.150147080421448 0.88642296195030224 -0.40558201074600214 11.500000000000002 -0.56972739100456227 -0.36978991329669947 -0.39050057530403132 17.500000000000004 1.6240430474281313 -0.19316029548645017 -0.077876452356576906 1.3425840735435488 -0.17573804408311841 0.082378692924976363 -0.19796457141637799 1.2597366571426394 -0.064421165734529481 -0.063147414475679384 10.500000000000002 0.80315250158309948 -0.13939084112644193 0.69346192479133617 0.37846641242504125 -0.11064685881137847 0.45968402922153478 -0.46243043243885035 0.15473265200853351 -0.12572103738784787 0.44991797208786016 -0.5087064504623412 -0.83398863673210133 -0.49911274015903467 0.62921172380447399 -0.60183814167976368 -0.55664002895355214 0.35825350880622869 -0.098788145929574953 1.0263257622718813 0.3483444750308991 0.33340992033481603 0.26755440235137945 -0.55664002895355214 0.011831153184175493 1.5103702545166018 -0.20680647343397138 -1.652491509914398 1.1233904361724856 1.7023676633834841 -0.61627307534217823 -0.31207790970802302 -0.21593847870826718 -0.59018647670745839 0.49687351286411291 0.25834591686725622 1.5137625932693484 1.0742965340614321 0.47716286778450018
decision_type=2 2 2 2 2 2 2 2 2 2 2 2 2 2 2 2 2 2 2 2 2 2 2 2 2 2 2 2 2 2 2 2 2 2 2 2 2 2 2 2 2 2 2 2 2 2 2 2 2 2 2 2 2 2 2 2 2 2 2 2 2 2
left_child=2 5 10 18 15 8 48 54 22 17 61 14 21 16 -6 47 36 -9 -3 -12 -17 -8 -2 27 -20 -24 44 49 -13 60 -23 -28 -15 -30 -27 -36 -10 38 -19 -38 -16 -42 55 58 -11 -18 -39 -4 -5 -21 -32 -52 53 -35 -7 -41 57 -31 -44 -55 -25 -1
right_child=1 3 4 6 11 7 12 9 13 26 19 28 -14 32 40 20 45 37 24 23 -22 30 25 29 -26 34 31 -29 33 56 50 -33 -34 52 35 -37 39 46 -40 42 41 -43 43 -45 -46 -47 -48 -49 -50 -51 51 -53 -54 59 -56 -57 -58 -59 -60 -61 -62 -63
leaf_value=-0.024159418248762429 -0.0047213902799738694 -0.0011727160572692857 -0.00098111998054607437 0.017645003874684904 -0.00048435177349695637 -0.015692829673540777 0.031477294096034211 0.0026854808708213782 -0.012296472838417258 0.016464116159282755 -0.022877588522352377 -0.0025859220689233228 0.021798570746583677 -0.009426470045253061 -0.0052925825324753959 -0.017030711454746737 0.028541635113637207 -6.0427084843291588e-05 0.01128500413670862 0.0058625222216257874 0.0037674818062869309 0.022264338556939333 -0.0011373826111073277 -0.017769727761219951 0.038766259801927154 0.010505402551949136 0.007362375680113489 -0.016733792633614734 -0.00049183681508384574 -0.0072959620451953193 0.022786834096902488 0.045746944491640247 0.036140090846075668 -0.0063442444829441809 -0.0047196867843181996 0.046605834114899498 -0.0069643976469682366 -0.00032383156112579872 0.041474545410099019 -0.0050735092455506505 0.0052020071301161043 0.055585625200248547 0.033443055594719689 -0.0016948591929036689 -0.0078645327961300165 0.0024849461536073951 0.07435573932996592 0.025823728406651918 0.038910662816971635 0.042565559399831449 0.013902124908873841 0.068415764136118704 -0.0095130883542591301 0.02495467037462341 0.0095555963286499904 0.0060847604391033412 -0.007334950579187303 0.033838207254998684 0.006225311100758333 -0.0068901570512846129 0.0028531496273742252 -0.010443725321735242
leaf_weight=872.45177489891648 17.085550669580698 46.283815555274487 54.981485664844513 66.102874949574471 16.02573511376977 17.255401100963354 36.642758183181286 10.688354775309561 67.534272242337465 41.751712113618851 181.63051038980484 116.46488071233034 29.170749261975288 5.9431713148951522 3.1978390589356414 265.90011959522963 36.931269451975822 7.3378467485308638 58.903251856565475 23.678667716681957 46.134113106876612 14.832558132708071 15.489542998373507 324.88043151050806 37.600798361003399 21.729165971279144 17.056514240801334 15.179011650383471 56.534919038414955 7.4892152734100801 11.891990564763544 24.210652835667133 27.035457275807858 10.380141928791998 5.1746390536427489 50.389101821929216 108.8319775685668 1.8947160542011285 58.855659157037735 121.78163691610098 6.4740092717111102 28.476918239146471 30.616076558828354 37.129060551524162 25.922037500888109 26.256702873855829 26.102628506720066 13.769320636987684 48.64991370588541 6.7784533686935928 7.4665536433458319 194.83956475555897 8.6309188231825811 100.1408567391336 34.477100923657417 159.04148895666003 143.69380377978086 6.5168508850038052 21.656341359019279 7.1941964924335471 20.084531620144844 58.845208026468754
leaf_count=14676 247 674 876 864 230 252 447 149 1021 576 2980 1756 349 84 48 4303 511 95 814 377 715 184 220 5367 503 295 227 246 835 118 137 314 367 146 74 668 1611 24 721 1796 92 387 416 505 364 377 300 206 604 105 90 2125 126 1410 479 2338 2240 100 306 101 306 914
internal_value=0.000468763 0.0218381 -0.0135577 0.0401559 -0.000216493 0.0117526 0.048408 0.0260703 0.0065621 0.0321059 -0.0194366 0.010697 0.0557878 0.00352749 0.0315499 -0.0103558 0.00200129 0.0455063 0.0156473 -0.0143146 -0.0139448 0.0590481 0.0233891 -0.0112969 0.0233747 0.0285422 0.0177743 0.00655292 0.00646673 -0.012966 0.0626925 0.032392 0.0277685 0.0121472 0.0341978 0.0418309 -7.99685e-05 0.0499851 0.0371893 0.00175146 0.0435038 0.0480721 0.00437225 0.013619 0.00724523 0.0186904 0.0700185 0.0057741 0.0279089 0.0188816 0.0649203 0.0667876 0.0176061 0.019901 0.000493139 0.00124177 -0.00486831 0.0157102 0.0236947 0.0226086 -0.0165454 -0.0233532
internal_weight=3966.1 1570.56 2395.53 552.385 734.305 1018.18 409.597 265.553 752.625 213.82 1661.23 353.52 294.844 642.757 54.1745 380.785 609.779 104.879 142.788 729.931 312.034 265.673 109.868 548.301 96.5041 92.7824 108.941 45.6361 299.346 502.665 229.031 41.2672 32.9786 182.881 77.2929 55.5637 546.591 94.1909 66.1935 479.057 38.1488 34.9509 370.225 89.4015 67.6737 63.188 27.9973 68.7508 114.753 30.4571 214.198 202.306 126.346 117.715 51.7325 280.823 157.7 14.0061 52.2724 107.335 344.965 931.297
internal_count=59788 21128 38660 6791 11231 14337 4800 3501 10836 2770 27429 5131 3332 9332 757 6100 8881 1289 1991 11839 5018 2983 1504 8859 1317 1257 1481 728 4374 8131 2536 541 451 2618 1037 742 7993 1140 816 6972 527 479 5361 1227 940 888 324 1082 1468 482 2352 2215 1783 1657 731 4134 2458 218 722 1511 5673 15590
is_linear=0
shrinkage=0.03


Tree=7
num_leaves=63
num_cat=0
split_feature=15 3 3 6 15 23 6 4 4 4 3 4 22 4 11 9 6 5 15 3 25 1 11 4 24 25 8 13 11 3 5 11 16 26 3 6 24 8 22 13 20 22 15 9 9 4 0 4 8 19 13 3 11 4 15 0 8 20 10 10 15 1
split_gain=1188.43 292.306 213.429 79.5897 71.6715 68.5313 66.5544 36.4476 33.6759 33.1157 31.5992 29.1051 28.1292 22.1195 21.4788 20.9619 20.2636 19.9224 19.7723 16.4751 16.2488 16.1959 15.9593 15.3751 14.6873 14.5714 14.4569 14.1208 13.8438 12.4846 12.4176 12.336 11.9567 11.7433 11.6776 11.0327 13.8356 10.5405 10.4383 10.5353 10.132 9.76107 9.57907 9.57433 11.0228 9.32269 10.7268 9.31172 9.16071 13.8923 15.233 12.2004 8.96168 10.4224 8.75575 8.73013 8.66339 8.59385 8.64627 9.54312 8.46799 8.39556
threshold=0.36215279996395117 1.0756298303604128 0.45097060501575476 0.73624765872955333 1.2087481617927553 0.24323514103889468 -0.3289418071508407 0.49326249957084661 0.41867727041244512 0.88692310452461254 0.23785658925771716 0.98312342166900646 -0.24333950132131574 -0.05152961611747741 1.117392957210541 -0.097861256450414644 1.4368966221809389 -1.0000000180025095e-35 0.88642296195030224 1.2413458824157717 2.6461292505264287 0.66208350658416759 0.30287615954875952 -0.17573804408311841 0.83001020550727855 0.27829262614250189 -0.45916798710823054 -0.37629939615726465 -0.036590769886970513 0.46336124837398535 -0.19092956930398938 0.97270041704177868 0.35869242250919348 0.81574785709381115 -1.1322949528694151 0.18883521854877475 0.44767670333385473 -1.0387327075004575 0.83227279782295238 -0.27392549812793726 0.17181486636400226 -0.25623913109302515 -0.28398902714252466 1.0662485957145693 -1.8735835552215574 1.2038460373878481 -1.0000000180025095e-35 -0.72388869524002064 0.24705933779478076 0.87144821882247936 1.1634905934333803 0.42494635283946997 -0.87860956788063038 -0.42972947657108301 -0.12157407775521277 -0.14575984328985211 0.061857214197516448 -1.1593247056007383 0.18809426575899127 -0.45326262712478632 -0.35810057818889612 -0.21247770637273786
decision_type=2 2 2 2 2 2 2 2 2 2 2 2 2 2 2 2 2 2 2 2 2 2 2 2 2 2 2 2 2 2 2 2 2 2 2 2 2 2 2 2 2 2 2 2 2 2 2 2 2 2 2 2 2 2 2 2 2 2 2 2 2 2
left_child=2 4 5 22 7 8 19 10 28 18 26 14 29 -7 38 -12 21 -17 27 -4 30 60 35 -14 40 -16 -2 -5 -1 -6 -20 42 -19 -24 -25 -3 -37 -13 39 -8 -9 -18 -10 44 -29 -44 -47 -46 -36 50 51 57 -40 -54 -23 -11 -21 -50 59 -59 -15 -49
right_child=1 3 6 9 12 13 11 24 31 55 15 37 23 16 25 17 41 32 20 56 -22 54 33 34 -26 -27 -28 43 -30 -31 -32 -33 -34 -35 48 36 -38 -39 52 -41 -42 -43 45 -45 47 46 -48 61 49 -51 -52 -53 53 -55 -56 -57 -58 58 -60 -61 -62 -63
leaf_value=-0.024885785379505899 -0.013404095528964894 -0.011257416905606483 -0.016806173608849825 -0.0078104796757602476 -0.0064405557809384143 -0.018938769153089775 0.012215179865912277 -0.0025561162101840782 -0.018263726971106425 0.003564421904773699 -0.0010226118164115691 -0.00086098423955394739 0.0046073037727866126 -0.014574161493252391 0.028019989258478855 -0.0057677508328962783 -0.0045827786333040316 0.0035118653028909735 0.018425790162217598 -0.007877997235294117 -0.002321758840927324 -0.0076019158780640285 0.029014004145685151 0.00023603357562822257 0.031176857454553529 -0.0070805903133124579 0.00053235379916549263 -0.006763590533432548 -0.017898072054767969 0.020803630913537437 0.047522606147277706 0.018137652289141298 0.023036510751320304 -0.00098899898409438394 0.024993366415820249 0.033945021646502226 -0.0047029887797838807 0.039295999380268384 -0.0013033195944029492 -0.0039271622190424436 0.019291775547530986 0.039872891094402584 -0.0086199697483094681 -0.0026228851955575846 -0.0033741062524989384 -0.0094378016121264251 0.029801682438699968 -0.0086552863878680622 -0.0021323708378097992 -0.0019887287746512211 -0.0046432527848534952 0.066618978665989162 -0.0082829908605033045 0.024723632555607642 0.031458766506241367 0.064625576826582778 0.017783278899086326 0.027918335597841005 0.047318313785058998 -0.012246583328854062 -0.0036318827111890819 0.038890915937613742
leaf_weight=841.74194421246648 93.856699597090483 22.405968341976404 134.75945400819182 8.7549422606825811 32.203735079616308 109.40651094540954 41.698552411049604 31.487456358969212 45.430717162787914 2.7784433737397185 110.63267520070076 6.7209287509322158 20.382769234478474 87.8761674053967 53.668446708470583 32.537940908223391 5.160876501351594 37.812574908137321 23.206246092915535 20.099140845239162 6.1929763704538336 5.1844999045133617 72.617970675230026 9.0703451447188836 57.1404063180089 10.854929048568009 206.70806273445487 4.7523975968360892 475.49013807624578 20.999625913798809 212.54029700905085 13.068406231701372 135.9199011400342 13.452992755919693 77.149512939155102 11.423125542700292 14.791098043322561 32.670868031680584 28.248389355838299 159.85897157713771 39.791783854365349 8.8654746115207654 36.152990657836199 7.3630169779062262 4.668215110898017 7.3139523752033737 10.639742791652678 1.7912229001522053 5.2758163027465335 5.1700460836291304 4.004884921014308 28.240325525403023 7.9427441395819178 42.445639461278915 11.158932309597729 80.140015982091427 18.008876163512468 6.5833515971899033 20.591730907559395 5.8780104070901853 218.79974120482802 63.711251303553581
leaf_count=14481 1406 316 2189 112 446 1761 619 446 726 32 1559 88 286 1421 754 466 79 533 271 313 71 79 994 121 745 156 3038 61 8018 272 2298 197 1860 186 979 156 199 429 424 2356 552 131 565 92 62 111 160 23 73 65 51 336 117 614 163 862 278 83 255 75 3405 794
internal_value=-4.16466e-05 0.020618 -0.0130649 0.0380252 0.0107093 -0.0178951 0.00322071 0.00606976 -0.0210964 0.0445161 0.00297126 0.0101446 0.0249692 -0.0075222 0.0070832 0.00951186 -0.00359366 0.0150525 0.0390757 -0.0120167 0.0438643 -0.00529081 0.0171066 0.0304519 0.0202983 0.0220304 -0.00396767 0.0247292 -0.0224406 0.00517623 0.0451006 -0.00508647 0.0190041 0.0245277 0.0334691 0.00290722 0.014878 0.0331192 0.00331526 -0.000372762 0.0101056 0.02661 -0.00885727 0.0284404 0.0314663 -8.22839e-05 0.0152426 0.0343331 0.0353707 0.0437383 0.0469981 0.0502122 0.0122254 0.0192427 0.0201897 0.0628986 0.00490494 0.0318313 0.0368203 0.0108909 -0.00695083 0.0370691
internal_weight=3965.29 1532.03 2433.27 550.59 981.438 1876.29 556.977 745.888 1429.84 415.899 617.468 384.109 235.55 446.452 344.718 316.903 337.046 206.27 332.981 172.867 241.94 323.019 134.691 182.347 128.42 64.5234 300.565 91.041 1317.23 53.2034 235.747 112.606 173.732 86.071 161.964 48.6202 26.2142 39.3918 280.194 201.558 71.2792 14.0264 99.5374 82.2861 74.9231 54.1067 17.9537 70.1707 152.894 75.7442 70.5741 66.5692 78.6368 50.3884 16.3434 82.9185 38.108 38.3289 33.0531 12.4614 306.676 65.5025
internal_count=59810 20176 39634 6529 13647 31297 8337 10605 24258 4678 8862 5557 3042 7039 5040 4418 5278 2859 3784 2780 2640 5068 1851 2324 1743 910 4444 1144 22499 718 2569 1759 2393 1180 2038 671 355 517 4130 2975 998 210 1562 1032 940 836 271 879 1917 938 873 822 1155 731 242 894 591 486 413 158 4826 817
is_linear=0
shrinkage=0.03


Tree=8
num_leaves=63
num_cat=0
split_feature=15 24 23 15 25 21 32 4 23 11 7 11 20 21 13 4 16 15 15 17 24 32 8 15 4 11 25 11 17 32 24 17 26 0 32 7 4 1 11 7 16 17 12 15 7 12 11 32 10 0 12 7 12 21 17 26 25 23 32 32 11 11
split_gain=1121.68 198.286 188.525 80.2426 61.0517 54.5722 51.4906 50.5119 40.1306 30.9156 28.9875 26.4919 30.8833 26.4917 25.252 24.9268 24.6251 23.8927 22.4861 21.9559 27.109 20.7959 19.401 17.4679 17.1482 18.7308 16.4651 15.5661 14.7068 13.9903 13.2332 12.999 12.807 15.0507 12.5869 12.4491 12.1912 17.6464 11.9179 12.0295 11.9103 11.8996 11.86 11.7071 11.5728 12.2653 14.0476 13.03 13.2799 13.4301 11.2721 10.8874 10.8514 10.8107 10.7438 9.98581 9.96211 10.0467 9.7412 9.66278 9.62468 9.60749
threshold=0.36215279996395117 0.83001020550727855 0.24323514103889468 0.99375811219215404 0.30209359526634222 0.7952142357826234 13.500000000000002 0.47716286778450018 1.1380447745323183 1.3026249408721926 0.14520622789859775 -0.082777958363294588 0.64915120601654064 1.0244275927543642 -1.0000000180025095e-35 -0.063147414475679384 0.55950063467025768 0.72150093317031871 0.045292682945728309 -0.019407703541219231 -0.25826136767864222 15.500000000000002 0.061857214197516448 1.1209225654602053 -0.21817633509635923 -0.2511975616216659 0.17063122987747195 -0.093796387314796434 1.0196615457534792 14.500000000000002 -0.40607921779155726 -0.353479653596878 -0.99181425571441639 -0.16715545952320096 16.500000000000004 -0.63015946745872486 -0.34301725029945368 0.89683505892753612 -0.6534120738506316 -0.59333956241607655 0.87123629450798046 -1.0000000180025095e-35 0.50077518820762645 -1.0072365403175352 -0.92921462655067433 1.3603669404983523 -0.7931595742702483 16.500000000000004 -1.5068955421447752 -0.24572465568780896 -0.097801011055707918 -0.83758437633514393 -0.62220141291618336 -1.2497054338455198 0.48511023819446569 0.81574785709381115 2.6461292505264287 0.33359599113464361 9.5000000000000018 17.500000000000004 0.5488194227218629 0.82725638151168834
decision_type=2 2 2 2 2 2 2 2 2 2 2 2 2 2 2 2 2 2 2 2 2 2 2 2 2 2 2 2 2 2 2 2 2 2 2 2 2 2 2 2 2 2 2 2 2 2 2 2 2 2 2 2 2 2 2 2 2 2 2 2 2 2
left_child=2 6 7 11 13 19 15 18 21 23 40 -3 26 31 -15 -2 -11 22 27 -4 -21 43 -17 36 -22 -26 54 -1 58 -28 -24 -5 33 -9 35 -27 -8 -38 -16 -40 -6 -10 -25 -7 -33 46 -46 48 -48 -50 -30 -43 -45 -19 -13 -18 57 -14 -12 -52 -23 -34
right_child=1 3 5 4 10 8 9 32 41 16 28 12 56 14 38 17 55 53 -20 20 24 60 30 42 25 34 29 -29 50 -31 -32 44 61 -35 -36 -37 37 -39 39 -41 -42 51 -44 52 45 -47 47 -49 49 -51 59 -53 -54 -55 -56 -57 -58 -59 -60 -61 -62 -63
leaf_value=-0.023889105875339163 -0.0022609406942303953 0.0026812846036022623 -0.012091648896094712 0.0092278733038170871 0.0017310677934231924 -0.016064925811270024 -0.014969977227562232 -0.0083638932916873243 0.0015635507262135402 -4.4185071800403057e-05 0.041826861296982702 0.011251578635656978 -0.0074226312551999027 0.02245983960229499 0.020461089096182408 -0.001762483028809398 0.043377394449669655 -0.005438111808560072 -0.0082349200040830097 -0.012938613956964549 -0.011094319883576158 -0.0078960757774896029 -0.0032883463590582794 0.0029928426078978986 -0.0092268395252160743 0.0019030331420448595 0.014936107023078796 -0.016816301479324388 0.0050109667274163281 -0.013090828187645568 0.036802638040738134 0.01082233733930019 -0.0092520324130409195 0.032996671197842734 -0.0081677510459079138 0.021426392303438832 -0.0019802227588453583 0.026864708981705655 0.0084272844779436726 0.068038670176140834 0.032720467478686593 -0.007085726670729201 0.025459434271104402 0.00066793191490528822 -0.004174112962883946 0.00075035682545571527 0.0024246202929548064 0.016764879977095484 -0.0035654476634425347 0.050035392430634318 0.057192172818386032 0.058555110785942256 0.026817372521600779 0.037466773800940094 0.031832074634704638 0.00095071922533106776 -0.009759578032414536 0.040504586805248391 0.0064048238482181013 -0.00029760740352886877 0.015811789015097243 0.013354658966339205
leaf_weight=834.45126873254776 34.198187835514545 80.219784699380398 234.20322394743562 18.829144183546305 69.053955532610416 4.9817164093255988 54.532796368002892 10.554372508078815 5.0768647156655815 26.849589344114065 5.19249203801155 60.81337358802557 2.6400768384337416 25.329812459647655 11.515770368278025 43.154343221336603 29.115213695913553 4.3484210409224024 140.78618785738945 101.84376788139343 43.670977905392647 70.419383596628904 8.8153980001807195 54.352134399116039 38.352690383791924 41.716515991836786 26.128856606781483 525.13616893440485 6.3942230194807044 28.053373817354441 25.011286333203316 17.254124790430069 84.251359790563583 14.477548182010649 18.996807128190994 103.71904422342777 294.85636035725474 15.385765135288237 4.7151118740439406 94.093296736478806 8.4676007330417615 1.4024984762072623 31.32841931656003 18.94319911673665 4.8967426866292945 6.9065899252891532 6.3916081413626662 22.360318794846535 3.672369346022605 139.31500288099051 27.985064931213859 18.819492053240534 56.480455078184605 89.885950796306133 42.922113209962845 6.1152324676513663 2.1223614513874045 80.376438848674297 30.288762666285038 2.8032758608460417 14.505376290529965 16.253183577209711
leaf_count=14634 500 1079 3693 236 880 79 829 165 76 387 57 809 34 277 135 603 398 64 2236 1649 668 1068 130 749 577 616 347 8972 73 394 343 213 1312 222 277 1478 4278 209 51 946 105 21 418 278 61 76 74 263 46 1534 316 253 827 1143 532 84 28 963 361 35 206 240
internal_value=0.000102351 0.0199865 -0.0127321 0.029948 0.0374369 -0.000526865 0.00836019 -0.0185164 0.0132006 0.00319629 0.0203786 0.0178466 0.022697 0.044265 0.0557622 0.0208627 0.0221972 0.0254145 -0.020041 -0.00509341 -0.000283131 0.00714659 0.0118832 0.000362721 0.00509982 0.00877037 0.0141066 -0.0212289 0.0333952 0.000544892 0.0272767 0.0360805 -0.000224675 0.0170685 0.0131165 0.0160757 -0.00253486 -0.000146315 0.062103 0.0657369 0.00689345 0.0450559 0.0121584 0.0176146 0.0383131 0.0405419 0.0420343 0.0434326 0.0467522 0.0485848 0.0460205 0.0535004 0.0206996 0.0353127 0.0208392 0.0370465 0.0369643 0.0386453 0.0161146 0.0526475 -0.00319269 -0.00513653
internal_weight=3945.73 1546.69 2399.04 828.742 505.465 773.132 717.949 1625.91 190.629 512.536 150.185 323.276 243.057 355.28 135.654 205.414 62.08 171.215 1500.37 582.503 348.3 165.33 76.981 450.455 246.456 202.785 157.918 1359.59 72.6638 54.1822 33.8267 219.626 125.536 25.0319 164.432 145.436 364.775 310.242 110.324 98.8084 77.5216 25.2989 85.6806 80.4054 200.797 183.543 176.636 171.739 149.379 142.987 37.1826 20.222 75.4237 94.2344 103.735 35.2304 85.1389 83.0165 35.4813 30.7883 84.9248 100.505
internal_count=59607 20060 39547 9925 5739 11766 10135 27781 2808 7352 1827 4186 3107 3912 1409 2783 869 2283 25842 8958 5265 2458 1076 6483 3616 2948 2082 23606 842 741 473 2503 1939 387 2371 2094 5316 4487 1132 997 985 350 1167 1184 2267 2054 1978 1917 1654 1580 424 274 1105 1207 1341 482 1025 997 418 351 1274 1552
is_linear=0
shrinkage=0.03


Tree=9
num_leaves=63
num_cat=0
split_feature=15 3 3 6 24 14 15 32 21 4 14 21 6 23 3 4 32 14 15 20 4 5 5 3 4 3 21 23 21 4 32 5 9 4 4 1 14 22 32 5 8 5 9 17 21 14 14 3 14 24 15 22 8 6 10 3 23 21 9 12 8 16
split_gain=1091.16 208.381 203.481 80.8067 78.1607 76.0673 36.1299 34.6454 31.7139 31.4784 30.2003 27.2005 25.3448 23.8358 23.6197 21.5028 21.4723 19.9296 19.5578 19.463 18.2875 17.8249 17.3627 16.4015 16.398 15.8926 14.5852 14.3655 14.3168 13.8931 16.1081 15.896 14.0208 13.4972 13.3048 12.6262 12.5825 12.3672 12.2194 12.1318 12.0123 11.8734 13.5462 11.6769 11.4875 11.4663 11.0437 10.8859 10.8494 10.5571 10.5443 11.4141 10.4154 10.2704 10.2169 12.1416 9.93923 9.88385 12.012 10.9979 9.77211 10.3806
threshold=0.43537773191928869 0.11865829303860666 1.0756298303604128 0.78147754073143016 0.32332134246826177 -0.96374365687370289 -0.35810057818889612 13.500000000000002 -0.49208679795265192 0.47716286778450018 -0.39050057530403132 0.2371373847126961 -1.0034729242324827 1.1808839440345766 1.5103702545166018 0.22596063464879992 14.500000000000002 -0.87627768516540516 1.2087481617927553 -0.49135123193264002 -0.61973583698272694 -0.15857170522212979 0.28200593590736395 1.2413458824157717 -0.25772756338119501 0.012079695705324413 -0.58167120814323414 0.95968887209892284 1.6731751561164858 -0.013657241128385065 13.500000000000002 0.26876352727413183 0.4083890318870545 0.18606495112180713 -0.027378956787288185 1.0423846244812014 0.040406191721558578 -0.096416007727384553 8.5000000000000018 -0.44074738025665278 0.58566677570343029 -0.25479026138782496 1.0402650833129885 -0.44727680087089533 0.91987240314483654 -0.29070536792278284 0.35931798815727239 0.69346192479133617 0.21859091520309451 1.2154535055160525 1.0297659039497378 -0.16238173097372052 1.6349026560783388 -0.41294224560260767 1.1749159693717959 -0.42061558365821833 0.37889650464057928 0.042540105059742934 -0.38799214363098139 0.81130489706993114 0.087294165045022978 0.67983609437942516
decision_type=2 2 2 2 2 2 2 2 2 2 2 2 2 2 2 2 2 2 2 2 2 2 2 2 2 2 2 2 2 2 2 2 2 2 2 2 2 2 2 2 2 2 2 2 2 2 2 2 2 2 2 2 2 2 2 2 2 2 2 2 2 2
left_child=1 6 5 16 9 11 -1 26 33 23 19 25 -8 17 38 39 22 -9 28 -6 -15 -17 36 45 -13 -2 -5 -16 29 35 60 32 -32 52 -21 -10 -4 -20 -12 -14 -26 -22 -43 -28 -18 -3 -39 -48 -25 -41 -27 -52 -7 -42 55 -23 -46 -40 -59 -60 61 -31
right_child=2 4 3 7 10 8 12 13 18 -11 14 24 15 20 27 21 44 -19 37 34 41 54 -24 48 40 50 43 -29 -30 30 31 -33 -34 -35 -36 -37 -38 46 57 49 53 42 -44 -45 56 -47 47 -49 -50 -51 51 -53 -54 -55 -56 -57 -58 58 59 -61 -62 -63
leaf_value=-0.023562344254936359 0.0017339051765096071 -0.00079394111377240355 0.031680013349287543 0.0058655322867317127 -0.0029903272129517136 -0.014455941510696206 -0.023674265610584097 0.049013805718991478 -0.010907720529362851 0.012584842128505705 0.030535854170026928 0.0034750100468243349 -0.024580059366241847 -0.0026730055663418293 0.0069232378537228264 -0.014298262369492004 -0.0032116655577273914 0.020482519465101077 0.0018844198221980738 -0.00046267750616831992 0.011655336415021481 -0.0089619599042090985 0.054907212252460695 0.020642581055592274 0.025346002185828349 0.0060647355978914654 0.0028385362986525203 0.04040082977841284 0.026613895063518661 -0.0034886341645239414 -0.0072963539773609762 0.019665808592220269 0.0077077329470741467 0.011300281121617838 0.042217208917559909 0.019940460467989286 0.0006537799346208995 0.031756925691316357 -0.0064001303671088914 -0.012605125369445755 -0.0012904943999523723 0.053604650444003012 0.0095357057746275238 0.060631674081920883 -0.0078718087150927325 -0.016419524773084258 -0.0073422557053293451 0.024926302795117049 -0.0051535989457472207 0.0070988185430731461 0.0032411943257220728 0.04740762159240227 0.017213459846319258 0.052986169140552243 0.032843866427023582 0.018287940304766194 0.029698678467656742 -0.0084869030198458564 0.013981724425686357 -0.0053849248344119919 0.026449256757504092 0.021276142212754839
leaf_weight=756.63135410472751 51.319574948400259 49.910544499754906 17.528811290860176 6.1230641305446616 13.722944434732197 94.455846790224314 202.78728859126568 26.426429308950901 68.288163840770721 50.647487863898277 8.0363497473299486 13.681571077555416 77.286672584712505 6.3599586114287368 25.638288117945194 34.075621951371431 60.720406800508499 148.47999587655067 27.470410697162151 7.5607987605035296 11.305473506450651 26.406778126955029 11.575755357742308 15.620102338492869 53.716065041720867 18.576364271342754 3.761813022196292 20.575741283595562 25.066643234342337 32.471468444913626 111.06270999461412 39.415671162307262 103.40920433402061 24.732585668563843 40.396805722266436 9.5343675017356855 25.071343343704939 63.348993256688118 102.81787573173642 474.43960243090987 3.0705040395259848 100.80384670943022 9.2562793344259244 101.46674262732267 6.4494612514972713 291.24757546558976 16.860148683190349 12.35386051982641 46.370655585080385 22.7160320058465 7.8448215052485493 17.917197190225124 6.1293554492294779 52.548691041767597 10.370822966098784 23.090047854930166 16.824332356452942 40.642674762755632 102.46731685101986 31.983405500650406 48.900176405906677 21.869691975414753
leaf_count=13377 711 811 222 67 195 1401 3548 277 1019 750 111 192 1327 76 343 529 827 1662 365 107 120 410 149 238 636 250 43 259 334 437 1589 535 1453 350 530 134 332 781 1516 8046 41 1007 92 1002 89 4884 228 152 721 348 98 214 91 598 157 349 217 594 1470 456 631 279
internal_value=-0.000282446 -0.0124487 0.0200924 0.0344376 -0.000378125 0.0113813 -0.0187138 0.0410435 0.00649387 -0.00882007 0.00933756 0.0266491 -0.0143923 0.0346232 0.00554478 -0.0114212 0.0139027 0.0260357 0.00944056 0.0278151 0.044959 0.00180272 0.0277732 -0.0116304 0.0358703 0.0135977 0.0562551 0.0243175 0.0064931 0.00504424 0.00753545 0.0033305 -5.12385e-05 -0.00698421 0.0360801 -0.00615273 0.0154069 0.0200251 0.00214502 -0.0135807 0.0395948 0.047462 0.0504738 0.0587881 0.00389861 -0.014178 0.0250363 0.00795185 0.00240195 -0.0116431 0.0257622 0.0366713 -0.0118023 0.0501305 0.0113628 0.00426158 0.0197365 0.00079888 0.00508659 0.00934685 0.0172446 0.00743092
internal_weight=3951.64 2475.44 1476.2 552.154 847.639 924.044 1627.8 413.984 705.369 453.796 393.842 218.675 871.173 302.632 332.162 668.386 138.17 174.906 580.052 61.6805 127.726 93.9433 54.1759 403.149 123.017 95.658 111.352 46.214 460.018 434.951 357.129 253.888 214.472 125.318 47.9576 77.8225 42.6002 120.033 285.948 574.442 109.335 121.366 110.06 105.229 83.9942 341.158 92.563 29.214 61.9908 497.156 44.3384 25.762 100.585 55.6192 59.8676 49.4968 23.2738 277.911 175.093 134.451 103.241 54.3412
internal_count=59777 41076 18701 6182 12985 12519 28091 4346 9779 7404 5581 2740 14714 3234 4749 11166 1836 1939 7937 832 1295 1445 703 6654 1467 1273 1112 602 6411 6077 4924 3577 3042 1842 637 1153 554 1526 4147 9721 1275 1219 1099 1045 1133 5695 1161 380 959 8394 562 312 1492 639 916 759 306 4036 2520 1926 1347 716
is_linear=0
shrinkage=0.03


Tree=10
num_leaves=63
num_cat=0
split_feature=15 3 3 14 24 24 7 32 32 24 24 25 14 32 4 20 14 32 11 20 3 25 24 7 12 5 7 5 3 3 20 14 15 8 4 11 25 3 4 9 16 11 20 14 26 25 11 15 15 18 15 4 9 9 25 4 8 11 14 4 14 5
split_gain=1009.74 200.009 190.462 82.1326 68.6633 60.2377 41.3893 42.3236 32.4759 31.1763 29.2395 27.586 26.7224 25.4979 24.4655 22.6624 21.3499 18.6146 19.3169 17.9314 16.984 17.6403 16.7266 16.7101 16.6593 16.3305 16.0329 14.8145 14.7966 14.6253 13.9594 13.6637 13.5169 13.3098 12.6659 12.5794 12.1543 12.0989 11.9152 11.8906 11.7874 11.5722 11.3319 12.4479 12.5878 12.2725 11.1684 11.162 10.9894 10.8983 10.8281 10.8511 10.7804 10.7153 10.535 10.5059 10.2892 9.87496 9.84287 9.7947 9.72977 9.65722
threshold=0.36215279996395117 0.14172088354825976 1.0756298303604128 -1.7817230820655821 1.1362311244010928 0.18777696043252948 -0.48710039258003229 13.500000000000002 11.500000000000002 0.50366070866584789 0.83990216255187999 0.59866327047348034 -0.058174533769488328 14.500000000000002 0.44770708680152899 0.64915120601654064 -0.56972739100456227 13.500000000000002 -0.45576441287994379 -0.26260557770729059 1.3169611096382143 -0.28460356593132013 0.58023867011070263 0.27986232936382299 -0.80967554450035084 -0.38210467994213099 -0.42329710721969599 0.44184470176696783 1.2230356931686404 0.79972311854362499 -1.585497200489044 -0.72725367546081532 -0.033734967932105057 0.51137530803680431 -0.78708472847938526 0.99969345331192028 2.3726763725280766 0.14172088354825976 -0.25772756338119501 -0.25270046293735499 0.63698607683181774 0.8508099913597108 -1.182455778121948 0.33340992033481603 -1.936114430427551 -0.74200224876403797 -0.6534120738506316 0.045292682945728309 0.49782355129718786 -0.45506182312965388 0.22739341109991076 -0.14386478811502454 -0.88454407453536976 1.0005955696105959 0.32743325829505926 0.81050148606300365 -1.0387327075004575 -0.2511975616216659 1.8082212805747988 -1.0000000180025095e-35 0.25846868753433233 -0.10845717415213584
decision_type=2 2 2 2 2 2 2 2 2 2 2 2 2 2 2 2 2 2 2 2 2 2 2 2 2 2 2 2 2 2 2 2 2 2 2 2 2 2 2 2 2 2 2 2 2 2 2 2 2 2 2 2 2 2 2 2 2 2 2 2 2 2
left_child=1 9 3 26 13 12 -5 24 23 14 39 27 29 25 35 57 19 -17 -19 -10 21 32 -15 -7 -8 -4 40 37 55 -3 -28 -11 -18 52 -20 47 53 -12 -32 -9 -2 -16 -27 44 -44 -46 -21 -1 -24 -31 51 -22 -26 -35 58 -14 -25 -6 61 -33 -43 -36
right_child=2 5 4 6 15 8 7 10 16 31 11 -13 28 22 41 17 20 18 34 46 50 -23 48 56 33 42 30 -29 -30 49 38 59 -34 36 54 -37 -38 -39 -40 -41 -42 60 43 -45 45 -47 -48 -49 -50 -51 -52 -53 -54 -55 -56 -57 -58 -59 -60 -61 -62 -63
leaf_value=-0.02296100712999069 -0.0061291657641117181 -0.0021064855950051783 0.00033486156868284863 -0.0040587620933755023 -0.0077961345735087688 0.010165893490794855 0.00089101205657176859 -0.010009996254246976 -0.0055477071959550289 0.0073281081016475106 -0.00066528617577755577 -0.0034776370482354014 -0.016601445854553809 0.003617480505494204 -0.010266944010570831 0.07171030268851554 -0.0029237235749351199 -0.0021458285443444252 -0.0076084822085191288 -0.0052296232510502432 -0.0047094759112218422 -0.0064744869222506836 -0.0060669645777737423 -0.0060589967807650373 -0.0041014437931484234 -0.0055819281511073357 -0.0070608218396177756 0.037803536867870531 0.002383239423004749 -0.0091798920231648748 0.00278032371270603 -0.022968708196907831 0.026341742276718538 0.043784062507218842 0.014598032033471865 -0.010544667885594427 -0.0090468583333619991 0.019844535712462037 0.047790318656428771 0.0035286498090232182 0.030769010407144012 0.026505496801353615 -0.0069813663498185276 0.022455531720232465 -0.0085328045515356398 0.052470403035485773 0.041346028148443716 -0.010727019614359467 0.023845463528503568 0.033511789512237315 -0.0078401933531956746 0.027092727221075856 0.021683925537024074 0.0019641799982707863 0.0082945721253331987 0.0067788713317061726 0.048885099640729714 0.032573946976116479 0.011213213220163002 -0.0066133172187331675 -0.011756789218772214 0.056961952397162299
leaf_weight=1067.2769718766212 14.691225696355106 46.306195430457592 12.520382724702356 209.71903701871634 3.9047436043620101 29.031388096511364 28.404543682932854 77.362996567040682 12.174575574696062 41.476890128105879 33.896905470639467 58.068861592561007 235.26906734704971 74.869765512645245 90.056045778095722 40.929662987589836 25.042498659342527 8.0092782601714116 2.6732706055045119 4.2466092184186008 10.574020229279993 180.63404180109501 10.116333454847334 2.27650232985616 15.375604748725889 4.3004445806145659 3.699785027652978 31.6429273635149 51.641003482043743 4.589915223419669 6.391772534698247 42.428312946110964 25.302771594375372 54.195545867085457 9.6252856701612455 106.16797906160355 3.1567373722791663 100.36217837035656 68.75601601973176 195.5974984318018 8.9143999442458135 11.50978170707822 2.463553510606288 45.941028408706188 1.7604848891496647 58.054799299687147 25.112485405057669 85.401855524629354 124.86598066240549 18.877655886113644 12.406090483069418 40.349013142287731 95.989043667912483 6.6130690313875666 8.2688440009951574 16.007136669009924 24.586403027176857 112.02261488884687 8.708183750510214 131.62926889955997 5.7850758619606486 69.438406497240067
leaf_count=19372 196 752 152 3010 46 411 376 1147 175 634 464 777 4026 1027 1444 360 387 88 32 59 151 2661 131 32 203 53 48 388 802 71 88 713 362 672 96 1854 40 1240 777 2849 118 171 28 541 23 646 322 1410 1409 287 162 531 1246 85 84 240 331 1159 85 2107 88 630
internal_value=0.000295134 -0.0122537 0.0185483 0.0105342 0.0319115 0.00035036 0.00755928 0.0110408 0.00851176 -0.018327 0.00620458 0.0141105 -0.00822722 0.0223321 -0.0200027 0.0434404 0.00477851 0.0519136 0.0414518 0.0236688 0.0017618 -0.00208278 0.0153312 0.0287089 0.0224058 0.0330403 0.0353876 0.0201883 -0.0120533 0.00807867 0.0416836 -0.00749249 0.0128356 0.02577 0.0449221 -0.0211755 0.0368423 0.0148284 0.0443742 -0.000419538 0.0107476 -0.00592014 0.0365104 0.0383557 0.0475442 0.0501552 0.0348285 -0.0221048 0.021467 0.0250161 0.0149104 0.0206584 0.0181006 0.0397308 0.0466884 -0.0150088 0.0440087 0.030948 0.0496634 -0.0111302 0.0139405 0.0529796
internal_weight=3957.47 2346.16 1611.31 1012.84 598.473 764.427 910.385 700.666 391.736 1581.73 496.931 223.971 372.691 334.893 1366.2 263.58 335.842 147.653 106.723 41.5337 294.308 230.979 209.852 55.8943 203.735 125.041 102.453 165.902 302.917 69.7738 78.8476 215.534 50.3453 175.33 98.714 1258.85 63.9654 134.259 75.1478 272.96 23.6056 107.351 112.52 108.22 62.2788 59.8153 29.3591 1152.68 134.982 23.4676 63.3291 50.923 111.365 60.8086 96.0407 251.276 26.8629 115.927 87.7719 174.058 17.2949 79.0637
internal_count=59869 39555 20314 13724 6590 11762 12497 9487 5584 27793 6865 2869 6178 4010 24339 2580 4810 1375 1015 556 4254 3410 2567 774 2622 1443 1227 2092 5068 1110 913 3454 749 2246 927 22636 797 1704 865 3996 314 1703 1291 1238 697 669 381 20782 1540 358 844 682 1449 757 895 4266 363 1205 811 2820 259 726
is_linear=0
shrinkage=0.03


Tree=11
num_leaves=63
num_cat=0
split_feature=15 15 23 32 21 21 21 32 6 11 17 6 11 17 14 15 25 17 7 18 23 6 11 5 7 5 15 32 6 7 16 8 21 9 10 25 11 6 8 21 23 25 12 25 6 16 21 11 10 11 23 6 7 29 11 10 10 12 1 15 9 8
split_gain=944.166 215.787 137.128 76.6454 72.3007 46.392 45.0431 41.2332 37.4055 34.5351 26.1082 23.834 23.1357 22.6646 22.6331 22.279 21.842 20.9268 19.8933 21.1028 19.6303 19.5769 17.5169 17.0911 16.6688 14.9378 15.91 14.828 14.686 19.2843 14.3205 13.629 13.5271 16.3633 12.6357 12.6336 12.5995 12.478 13.2199 12.7041 12.4711 12.1751 12.1559 11.9303 12.7195 11.8904 11.6762 11.6547 11.3947 11.089 10.736 10.6584 10.5704 10.401 10.4716 10.8604 10.3472 14.1823 10.0726 9.97464 9.89635 9.75397
threshold=0.087022006511688246 1.0171946287155154 0.33359599113464361 10.500000000000002 -0.14217275381088254 1.0396947860717776 1.4334087371826174 12.500000000000002 1.3716483712196352 -0.060633813962340348 1.0000000180025095e-35 -0.13939084112644193 -0.73539656400680531 1.906970262527466 0.5448465645313264 -0.35810057818889612 0.28868220746517187 -0.37790286540985102 1.1701396107673647 -0.30886955559253687 0.70548120141029369 -0.35569941997528071 1.117392957210541 -0.15857170522212979 -1.1742358803749082 0.84735122323036205 0.87479302287101757 14.500000000000002 0.78147754073143016 -0.92921462655067433 0.510881006717682 -0.78495243191719044 0.0095841446891427057 -0.49724538624286646 -0.92879524827003468 0.42606683075428015 0.22568751126527789 0.77047204971313488 1.1360383033752444 -1.1259989738464353 1.0308177471160891 2.3726763725280766 -0.66645434498786915 -0.25848062336444849 0.59149211645126354 0.15750233083963397 0.25812309980392462 -0.45576441287994379 0.083682075142860426 -0.32677510380744929 0.46940854191780096 -0.55644655227661122 -0.83758437633514393 0.41421568393707281 0.75509366393089306 -0.61524793505668629 -1.2157381176948545 -0.78990983963012684 0.70293352007865917 0.023382865823805336 1.6135858297348025 -2.1175422668457027
decision_type=2 2 2 2 2 2 2 2 2 2 2 2 2 2 2 2 2 2 2 2 2 2 2 2 2 2 2 2 2 2 2 2 2 2 2 2 2 2 2 2 2 2 2 2 2 2 2 2 2 2 2 2 2 2 2 2 2 2 2 2 2 2
left_child=2 3 11 14 37 15 8 17 10 -9 22 36 -8 23 20 -4 34 -6 19 50 51 -12 25 -11 -24 26 -5 -23 -25 -30 -26 48 -17 -34 -10 -29 59 38 -3 -39 58 60 -15 44 -13 -14 -33 -36 -19 -20 -7 -2 -48 -28 55 -55 -22 -58 -35 -1 61 -31
right_child=1 4 5 6 7 18 12 9 16 13 21 43 45 42 -16 32 -18 31 49 -21 56 27 24 28 30 -27 53 35 29 41 -32 46 33 40 47 -37 -38 39 -40 -41 -42 -43 -44 -45 -46 -47 52 -49 -50 -51 -52 -53 -54 54 -56 -57 57 -59 -60 -61 -62 -63
leaf_value=-0.02426359243175805 -0.00902876928053503 -0.011419453817632812 -0.014119763210147535 -0.01056797352416404 -0.00058543556373392785 -0.0085953021994174695 0.0041855522149510027 0.011071275748840721 -0.0057344501038168114 0.0074347219001751636 -0.0062184142529563436 -0.0090012413639514073 0.0011155897351313655 0.0004857669398257566 0.0044426703886628937 -0.0066268864852646438 0.0017274048293049863 0.032012091372883814 0.011677994698757332 -0.0060318683654159563 0.0017358143234893796 0.017822508603555647 -0.020212534345312366 0.012256578982134109 -0.00067126196341918854 0.010172620368462695 -0.0077272682492714384 0.007684845551693447 -0.0083554267179567245 -0.0075656528649190825 0.026008576236843824 0.022923198656632744 -0.010522410452383515 0.0004768661509776715 -0.0022282965248740078 -0.010361764650624238 -0.015515233042020994 -0.0075075897578441714 0.022127161516163733 0.019173853343976081 0.028652163746247981 0.0074094770933272117 0.05298134942098618 -0.016078794856546345 0.015892702435498063 0.039494403130686993 0.0020774010482096056 0.043025185122767172 -0.010093697228010319 0.058717777446509516 0.03443779116686458 0.02507034258099276 0.062060008284044621 -0.0073331729396406758 -0.011598449552745672 0.040533354142323522 0.00097306262599600906 0.059589298223799686 0.027108586617672153 0.0037132818537510691 -0.0098603735886783825 0.038960848150044948
leaf_weight=745.7318205870688 7.0635406076908103 39.683842536062002 153.94485434889793 330.44693233445287 7.4651623070240012 4.3405930772423771 37.791134599596262 98.424818255007267 5.4270927160978308 37.425906997174025 90.935590513050556 99.893050611019135 8.6981997564434987 4.3503215983510009 29.998050875961781 134.80873226746917 32.877518374472857 11.689708910882475 10.940541528165342 36.396987237036228 4.0574462041258803 113.68372513353825 10.809044040739535 42.582820955663919 32.234344325959682 38.879010714590549 15.889995336532591 201.19422014057636 7.7280463874340048 2.6224403530359259 35.60624822601676 17.626224420964718 33.980504926294088 67.681013096123934 5.2651853822171679 37.509859539568424 260.69282883778214 16.938444916158915 8.9479287005960924 80.186737213283777 25.573083344846964 16.015701629221439 55.101930778473616 342.99579713866115 17.680427100509405 50.585839278995991 3.0910971611738196 38.456605456769466 5.9111788421869269 9.9077619947493059 21.619218323379755 51.26113797724247 81.884076468646526 3.8273032531142261 4.1628161221742621 12.792033515870573 4.2809714600443831 34.927537176758051 10.8115740083158 10.390782088041304 2.0723221749067298 185.78606474399567
leaf_count=13805 104 562 2523 4991 89 66 528 1173 65 439 1390 1738 117 49 394 2111 446 120 165 541 49 1472 163 553 474 559 209 2725 92 29 482 192 509 1043 68 529 4623 225 125 963 356 182 527 5977 280 617 35 443 61 132 309 678 790 53 56 171 54 410 155 176 22 1865
internal_value=-2.18273e-05 0.0147099 -0.014582 0.00704993 0.0276496 -0.00115228 0.00441218 0.0323747 0.00247976 0.0275374 0.000712193 -0.0191986 0.0234113 0.0319015 0.0282678 -0.00519142 0.0212865 0.0478214 0.0186863 0.00871064 0.0347645 0.00593939 -0.00408112 0.0275831 0.00850662 -0.00659343 -0.00848184 0.00911988 0.0303213 0.0335508 0.0141558 0.050731 9.3864e-06 0.00649514 0.0330027 0.0046946 -0.0218049 0.00840436 -0.00375966 0.0143809 0.0122795 0.0352795 0.0494757 -0.0132721 -0.00476216 0.0343882 0.0550876 0.0379061 0.0187664 0.0410667 0.0270164 0.0205539 0.0601147 0.00932857 0.021339 0.0303635 0.0498075 0.0540232 0.00554886 -0.0238573 0.0373734 0.0381344
internal_weight=3951.59 1964.2 1987.39 1238.66 725.535 510.005 1107.07 579.778 1010 452.11 927.971 1477.38 97.0752 353.686 131.589 426.8 82.0264 127.667 83.2051 62.3568 101.591 443.323 484.648 294.233 78.6496 405.998 367.119 352.388 256.807 214.225 67.8406 120.202 272.855 138.046 49.1489 238.704 1016.82 145.757 48.6318 97.1252 104.066 206.497 59.4523 460.569 117.573 59.284 102.601 43.7218 17.6009 20.8483 25.9598 58.3247 84.9752 36.6721 20.7822 16.6193 43.266 39.2085 78.4926 756.123 190.481 188.409
internal_count=59849 25340 34509 17247 8093 7910 15558 6218 14296 4931 13274 26599 1262 3758 1689 6697 1022 1287 1213 916 1295 6116 7158 3182 1119 6039 5480 4726 2743 2190 956 1198 4174 2063 576 3254 18604 1875 687 1188 1554 2098 576 7995 2018 734 1017 511 181 297 375 782 825 489 280 224 513 464 1198 13981 1916 1894
is_linear=0
shrinkage=0.03


Tree=12
num_leaves=63
num_cat=0
split_feature=15 3 3 15 6 24 32 23 3 11 20 32 7 3 11 17 6 15 25 24 3 15 15 11 3 9 23 11 7 8 9 15 9 32 32 12 9 17 19 8 32 15 25 25 6 10 3 9 10 32 5 11 13 17 7 11 0 20 9 24 34 22
split_gain=878.45 174.781 167.488 69.5306 63.9427 49.4651 37.7979 33.1255 30.2401 26.7671 30.6903 26.1519 25.2948 24.2299 22.8321 22.249 20.6586 18.1462 17.4955 16.1839 15.8819 14.828 14.5798 14.5312 14.5072 13.9832 12.8316 12.7875 11.7593 12.2107 11.511 11.445 12.6732 10.8542 10.7435 10.6185 12.6943 11.5722 10.536 14.0526 15.9923 10.3178 9.96955 9.89415 12.5265 9.86713 9.70835 9.5596 10.3396 9.53048 9.45933 9.32469 9.21071 9.08206 8.90612 8.81485 8.71292 8.54552 8.54017 8.40419 8.33169 8.32399
threshold=0.31027793884277349 1.0756298303604128 0.11865829303860666 1.2087481617927553 0.34631314873695379 1.1362311244010928 13.500000000000002 -0.65947484970092762 1.2413458824157717 -0.45576441287994379 0.64915120601654064 14.500000000000002 -0.65814325213432301 -0.33376097679138178 1.4063847064971926 -0.17195967584848401 1.0693199038505556 0.89735013246536266 0.42606683075428015 -0.78484120965003956 0.17720785737037661 -0.34570795297622675 -0.13276244699954984 0.036560259759426124 0.64183306694030773 -0.70783951878547657 0.65309941768646251 1.0509038567543032 -1.2823532223701475 -0.6900343894958495 -0.32731302082538599 -0.6803370714187621 -0.37445831298828119 8.5000000000000018 9.5000000000000018 0.48915980756282812 -1.0826901197433469 0.60162565112113964 0.62635946273803722 0.54657480120658886 16.500000000000004 0.66707491874694835 1.8098782300949099 0.34611792862415319 0.77047204971313488 -1.3101353049278257 -0.44343279302120203 0.72313570976257335 -0.17231885343790052 15.500000000000002 1.8389619588851931 0.97270041704177868 1.2310909032821657 0.40815417468547827 -0.60572963953018177 -0.7931595742702483 -0.17838940769433972 -1.182455778121948 1.0525641441345217 -0.0522038135677576 2.5000000000000004 0.71140584349632274
decision_type=2 2 2 2 2 2 2 2 2 2 2 2 2 2 2 2 2 2 2 2 2 2 2 2 2 2 2 2 2 2 2 2 2 2 2 2 2 2 2 2 2 2 2 2 2 2 2 2 2 2 2 2 2 2 2 2 2 2 2 2 2 2
left_child=2 3 7 6 8 11 12 27 21 -7 41 19 51 60 16 47 -8 30 26 -3 -14 -4 49 -24 -17 -25 -18 53 -27 -30 -13 -10 -33 -22 -23 36 -19 -37 39 43 50 -11 -26 44 -15 -12 -31 48 -6 -9 52 -2 -41 -1 -16 -28 -21 -58 -47 -32 -5 -34
right_child=1 5 4 13 15 9 14 22 31 10 45 17 20 38 54 24 18 35 -20 56 33 34 23 25 42 28 55 -29 29 46 59 32 61 -35 -36 37 -38 -39 -40 40 -42 -43 -44 -45 -46 58 -48 -49 -50 -51 -52 -53 -54 -55 -56 -57 57 -59 -60 -61 -62 -63
leaf_value=-0.025061426266699056 -0.014725899876649634 -0.0086793087789855047 -0.019622288435232001 0.015798299127330745 0.0042305551365411564 -0.0014646397082177637 -0.0047774508204396137 -0.012973085967732787 -0.01324465318754788 0.00014620027719774886 0.0094715713549779236 -0.00944400030229362 0.0081031701031783615 0.0072798526073555156 0.0018682065050471374 0.0032525097794428421 -0.011002501668736149 -0.016462411567308387 -0.0058281517261380361 -0.0062576676091000505 0.048610469032612687 0.016087555501377325 -0.014655917456472182 -0.019108190510424273 0.021052101377954473 -0.016336938373016023 -0.0055242683277348876 -0.0060833547499303271 -0.012486191004156265 0.00055479321308445941 -0.009062610516621359 -0.0040348774080085767 0.011228881519850563 0.020408679478960294 -0.0086599970580123805 0.0052979094873220585 0.01692050370841074 0.037612283791932932 0.0047268772914640734 0.049094528783668462 -0.0018842641582485383 0.029824421060355457 -0.0096764360480174304 0.005888779325802041 0.033904997774369464 0.054026357370103494 0.019072740280174662 0.011317412189041561 -0.016706459365128386 -0.022959529374760517 -0.0058883731388063723 0.010537417772781986 -0.0015427265652256522 -0.0046475399875425599 0.029245382830883286 0.025505911484244789 -0.0029518355517778438 0.036217667594100764 0.015434898614434452 0.0154200091552678 -0.0065505375115774691 0.043820414122133437
leaf_weight=594.76430378481746 29.373805742710829 6.8105679638683787 139.74626797810197 21.772928364574909 34.708565432578325 14.231108009815214 413.24262562766671 198.52199353650212 11.438180349767206 11.676115229725836 7.755255661904811 32.952328313142061 84.277839194983244 26.060096841305494 17.223826371133327 78.48516632989049 9.43284874409437 8.5261392742395383 42.567409388720989 3.3888979330658904 14.25355404615402 12.619559098035095 250.4155640527606 35.225252389907837 144.15068062767386 24.279301043599844 7.6236352361738673 40.680397506803274 24.601654179394245 53.266615465283394 12.209622107446192 17.7181316614151 22.829935796558857 100.93377143144608 188.91354690492153 14.87756337970495 47.196857705712318 43.265467315912247 19.958222791552544 57.335047878324986 6.9903968945145598 108.55827586352825 7.3591648563742629 32.996610917150974 55.443093784153461 127.29065033048391 44.395457163453102 28.236433859914541 43.697183798998594 201.30674768611789 2.141037866473197 16.844215176999569 3.0939686372876158 22.91157940775156 26.717154391109943 59.415808156132698 4.4717204645276061 118.23415035381913 10.461926519870756 58.616738393902779 29.753128152340651 10.124397572129963
leaf_count=11276 412 92 2485 277 524 153 6050 3583 184 136 68 438 1133 344 251 1134 125 102 592 40 165 200 4383 595 1905 407 100 728 406 893 177 273 347 1256 3150 173 531 461 237 639 81 1059 103 389 620 1093 717 421 655 3650 23 230 38 421 364 742 54 1293 94 737 386 153
internal_value=-2.63327e-05 0.0161386 -0.0124134 0.00872942 -0.000735213 0.0286312 0.00441828 -0.0181902 -0.00874217 0.038136 0.0402445 0.0206106 0.0141426 0.0222444 0.000186134 0.00884699 -0.00160235 0.013689 0.00916819 0.0310379 0.0186894 -0.0122332 -0.014053 -0.0100312 0.0140083 -0.00343819 0.0173611 -0.0232734 0.000834658 0.0047525 0.0042893 0.00992203 0.0158712 0.0257755 -0.00675841 0.0217153 0.0108777 0.030418 0.0267935 0.028998 0.0400102 0.0270632 0.0192981 0.0209138 0.0263046 0.0498755 0.00949165 -0.00241323 -0.00774009 -0.0182226 0.0444838 -0.0053888 0.0465821 -0.0243476 0.0198014 0.0218387 0.0334323 0.0347305 0.0517387 0.0108802 0.00345531 0.0256955
internal_weight=3938.37 1707.97 2230.4 1077.45 740.027 630.523 821.906 1490.37 403.39 279.973 265.742 350.55 245.683 255.545 576.223 336.637 532.282 217.645 119.04 132.905 199.465 341.279 832.013 432.184 229.995 181.768 76.4723 658.356 146.543 122.264 103.779 62.1106 50.6725 115.187 201.533 113.866 55.723 58.143 204.018 184.06 69.5605 120.234 151.51 114.5 81.5032 145.508 97.6621 106.642 78.4057 399.829 62.5701 46.218 60.429 617.676 43.941 67.0394 126.095 122.706 137.753 70.8264 51.5261 32.9543
internal_count=59748 21155 38593 14454 11534 6701 11420 27059 6792 2603 2450 4098 3196 3034 8224 4742 7609 2619 1559 1479 2554 5835 14634 7401 3142 3018 967 12425 2423 2016 1352 957 773 1421 3350 1267 633 634 2371 2134 781 1195 2008 1353 964 1255 1610 1600 1179 7233 700 642 677 11697 615 842 1387 1347 1187 914 663 500
is_linear=0
shrinkage=0.03


Tree=13
num_leaves=63
num_cat=0
split_feature=15 3 3 15 14 23 32 4 32 4 14 20 4 3 3 23 11 7 20 14 20 11 14 7 11 32 4 6 15 4 23 11 32 7 6 20 32 24 22 23 11 7 23 13 30 22 12 15 31 7 11 14 8 4 26 8 1 17 26 32 24 0
split_gain=805.682 204.708 121.982 89.8053 54.5793 52.6227 36.6383 36.5906 33.9557 33.4109 31.0441 25.9812 26.1109 25.8911 25.5593 23.6573 23.4408 23.2948 22.6886 21.6366 20.759 18.2712 17.8386 17.9557 17.4198 16.9574 16.2552 15.6385 15.6353 16.3967 15.3217 14.5159 15.9135 14.3812 13.9767 13.108 12.5608 13.8381 11.9116 11.725 11.7191 11.2263 11.2212 10.8067 10.7813 12.5493 10.4422 10.4395 10.151 9.93703 9.5516 9.30113 9.28818 9.16846 9.12433 9.12344 9.25294 9.00952 8.80108 8.55667 8.45893 10.2738
threshold=0.087022006511688246 0.79972311854362499 0.034246072173118598 1.0171946287155154 -1.281393229961395 1.1489902138710024 11.500000000000002 -1.0000000180025095e-35 9.5000000000000018 1.0000000180025095e-35 0.25846868753433233 0.29615147411823278 0.5391409993171693 1.3169611096382143 -0.15107209235429761 -0.11360399425029753 0.049944764003157623 0.6346033811569215 -0.042859025299549096 -0.094809271395206438 0.19276645779609683 -0.66669955849647511 -0.29070536792278284 0.4386413991451264 0.6794613003730775 11.500000000000002 -0.15453774482011792 0.64867913722991954 0.73107045888900768 1.2038460373878481 0.73108285665512096 1.3354479670524599 12.500000000000002 0.24135378003120425 0.17742924392223361 -0.73122763633728016 12.500000000000002 0.40255735814571386 -0.44085322320461268 0.81128612160682689 1.3891112804412844 -0.63015946745872486 -0.39517264068126673 -1.0793811082839964 -1.0000000180025095e-35 -0.1519554406404495 -0.39716634154319758 -0.57781341671943653 1.0000000180025095e-35 -1.0039436221122739 1.2457470297813418 -0.76831158995628346 -0.28594145178794855 -0.037920959293842309 -0.50384798645973194 -2.1175422668457027 -0.0093692927621304972 0.21753456443548205 0.95531958341598522 15.500000000000002 1.3036496639251711 0.80037239193916332
decision_type=2 2 2 2 2 2 2 2 2 2 2 2 2 2 2 2 2 2 2 2 2 2 2 2 2 2 2 2 2 2 2 2 2 2 2 2 2 2 2 2 2 2 2 2 2 2 2 2 2 2 2 2 2 2 2 2 2 2 2 2 2 2
left_child=2 4 16 6 17 9 10 -6 18 13 35 40 24 15 48 -4 27 30 -9 50 51 -22 23 -18 -13 33 -7 -1 29 -16 -2 32 -32 -17 -23 -3 -30 -38 -15 -26 -8 -28 -25 -19 -39 -46 -35 -43 -10 -36 -11 -5 -44 -12 -55 -51 -57 -14 -41 -40 61 -53
right_child=1 3 5 20 7 26 11 8 14 19 53 12 57 38 28 25 22 43 -20 -21 21 34 -24 42 39 -27 41 -29 36 -31 31 -33 -34 46 49 -37 37 44 59 58 -42 47 52 -45 45 -47 -48 -49 -50 55 -52 60 -54 54 -56 56 -58 -59 -60 -61 -62 -63
leaf_value=-0.02266701491798475 -0.0016489809136332268 -0.0022898675754766855 -0.019535002778694806 0.033592126257073841 -0.010647098215138703 -0.0087386494162280792 -0.0031077112599904649 0.0011286506610536115 -3.7503029365553781e-05 0.037285975252838402 -0.013523448452081385 0.0046033337612209745 0.014318059857425257 -0.013925871701618835 -0.0016018931210390905 -0.0050513668617450554 -0.010355297735142752 -0.0061509829903817334 0.042135840836463968 0.0011178926969626184 0.007076504130766127 0.0052185200957752817 -0.017367469341661272 -0.0060978064912504707 0.0058768919378008617 -0.0083881392387869028 0.00048220285313617183 -0.0058359795902860117 0.027177104137584108 0.024040601220964901 0.033452062410297266 0.041812398017426984 0.0010330436492093896 -0.002915823815484578 -0.0010537655475293588 0.056804546262805435 -0.0063775686257996449 -0.0046726693806096739 0.026699787126604688 0.034763297391046374 0.016618604358356073 -0.0051782203360769084 -0.0059334321230073402 0.041799855642209297 -0.0022599935537032964 0.021082876121802853 0.042405591277280441 0.044651405952364179 -0.0126997362504804 -0.0016035001785209798 -0.0054341497501201068 0.01261837259491486 0.032543878489394926 0.034600647875905235 0.0030573516875016097 0.0055871994036480422 0.043139433892579786 0.044551961723512869 -0.0030147744234381127 0.0021526683961232227 0.0012855345993862935 0.041770307695378955
leaf_weight=840.36994790658355 44.640368953347206 3.2951571866869918 178.15189294144511 41.500165104866028 176.99322628974915 8.1836248189210874 125.97962167486548 19.290833301842213 129.88375186920166 22.225673206150535 6.6006549075245848 137.76179226115346 20.603936664760113 11.885267227888106 209.75840327516198 18.590376012027264 113.64182372763753 3.3588163442909709 29.117404501885176 78.709969166666269 19.072375245392323 11.905738085508345 266.33286171779037 16.323438569903374 29.445721745491028 206.09274804592133 8.0982536338269693 57.155651301145554 37.472177840769291 20.073132626712322 14.984756041318176 16.399450108408928 43.894165623933077 5.5832320600748089 4.7638542205095282 32.696794867515564 40.394883800297976 24.260746516287327 23.594175387173891 43.167640417814255 29.197536572813988 3.1612632013857356 5.7197282128036049 40.237360008060932 24.95806909352541 95.693566046655178 10.801298923790453 29.216728687286377 96.5585434474051 3.9804002717137328 4.2888486534357062 51.425045497715473 17.430771190673113 11.567517392337324 18.604636389762163 7.6764225810766211 265.97194503247738 30.989889603108168 5.4146812260150901 24.83723958581686 28.776497647166252 12.357861347496508
leaf_count=16083 600 40 3238 417 2708 121 1673 253 1938 310 85 1763 246 176 3105 293 2018 40 358 1192 207 150 4810 299 381 3317 115 955 432 264 168 194 547 84 51 352 588 312 339 479 368 48 95 447 328 1182 162 372 1471 41 57 580 287 130 220 80 2410 345 60 362 286 134
internal_value=4.97085e-05 0.0133587 -0.0136701 0.0235099 0.00432994 -0.0028211 0.0144803 0.00140133 0.00438542 -0.00538816 0.0335742 0.0108382 0.0164206 -0.0087423 0.00255414 -0.0113821 -0.0188577 0.0200068 0.0274299 0.00960075 0.0332356 0.037674 -0.0127332 -0.00437792 0.0113351 -0.00508248 0.0256555 -0.0216335 0.00664755 0.00110187 0.0122636 0.0201026 0.0112563 0.0130092 0.0395055 0.0517749 0.012219 0.00855968 0.00907189 0.0222275 0.00100681 0.0328057 0.0120599 0.0378528 0.0127973 0.0163564 0.029891 0.0397444 -0.00559459 0.0408351 0.03061 0.0218791 0.023672 0.011695 0.0183502 0.0415598 0.0422052 0.0348098 0.0306644 0.0154907 0.0151749 0.0208923
internal_weight=3961.12 2010.73 1950.39 942.756 1067.97 633.421 495.326 904.455 727.462 584.761 72.7648 422.561 267.384 479.536 679.053 419.22 1316.97 163.515 48.4082 105.224 447.43 313.371 419.449 153.116 215.79 241.068 48.6599 897.526 452.611 229.832 119.919 75.2784 58.8789 34.9749 294.298 35.992 222.779 185.307 60.3167 78.028 155.177 40.4762 39.4739 43.5962 144.912 120.652 16.3845 32.378 226.442 282.393 26.5145 134.06 23.1505 36.7728 30.1722 277.629 273.648 51.5938 48.5823 48.4314 92.5594 63.7829
internal_count=60166 25433 34733 10498 14935 10186 6142 12939 10231 9530 827 5315 3274 7971 9620 7094 24547 1996 611 1559 4356 2939 7509 2699 2683 3856 656 17038 6211 3369 1509 909 715 539 2732 392 2842 2410 877 920 2041 535 681 487 1822 1510 246 420 3409 2582 367 1417 382 435 350 2531 2490 591 539 701 1000 714
is_linear=0
shrinkage=0.03


Tree=14
num_leaves=63
num_cat=0
split_feature=3 15 15 6 32 14 23 23 32 3 21 7 11 11 11 6 14 7 8 8 15 7 11 14 14 16 8 21 3 5 0 8 21 14 14 3 21 30 3 29 16 26 0 21 21 8 17 0 5 9 6 11 25 17 24 7 16 16 23 5 1 6
split_gain=791.797 199.278 162.877 81.1088 54.5203 47.1129 41.5577 35.61 30.7953 35.356 25.1386 24.6963 20.1101 19.9719 19.7665 19.7607 18.7483 18.8462 18.2195 18.0479 16.6225 16.5167 16.0962 14.8434 14.1042 13.7238 13.8692 13.0979 12.9603 12.8843 16.5292 12.3302 12.2924 14.2643 12.1623 15.779 12.1302 11.8217 11.0201 10.8744 13.3519 13.7066 10.3244 10.2951 10.1926 10.1084 10.2758 10.084 10.0646 9.94254 9.86327 9.78058 9.6924 9.16784 10.4745 9.50569 10.1952 10.3945 10.376 9.08647 8.95711 8.67734
threshold=0.38644681870937353 0.94465690851211559 0.045292682945728309 -0.3289418071508407 11.500000000000002 0.14013809710741046 0.24323514103889468 0.79597467184066784 12.500000000000002 1.3762586712837221 0.62744286656379711 0.5417534112930299 0.43058872222900396 1.2010232806205752 -0.011559306178241966 0.55605751276016246 -0.077876452356576906 0.27986232936382299 -0.09699853882193564 -0.47009916603565211 0.7943515181541444 -0.85574060678482045 -0.86511835455894459 -1.5160347819328306 0.21859091520309451 0.71118491888046276 1.7417139410972597 0.20729739964008334 -0.12844875454902646 -0.17966429144144055 -0.17838940769433972 0.57213476300239574 -0.10891399532556532 0.50077518820762645 0.50697287917137157 1.590842664241791 1.0545833110809328 -8.5357141494750959 0.47575937211513525 0.56696429848670971 -0.075491067022085176 0.64081001281738292 1.1033436059951784 -0.5057750642299651 1.0691730380058291 -0.97748002409934986 -1.0000000180025095e-35 0.71323183178901683 0.57664474844932567 -1.0826901197433469 1.5720164775848391 0.097150135785341277 -0.24218232184648511 -0.22289099544286725 0.78768736124038707 -0.47647547721862787 -0.51931393146514881 0.38605833053588873 0.60902729630470287 0.65471684932708751 1.0000000180025095e-35 -0.68836036324501026
decision_type=2 2 2 2 2 2 2 2 2 2 2 2 2 2 2 2 2 2 2 2 2 2 2 2 2 2 2 2 2 2 2 2 2 2 2 2 2 2 2 2 2 2 2 2 2 2 2 2 2 2 2 2 2 2 2 2 2 2 2 2 2 2
left_child=2 3 6 18 11 10 14 42 22 15 13 34 36 25 -1 -10 17 -8 -2 -13 -12 -14 -3 50 27 52 -27 -20 -19 -21 -31 43 33 -11 -5 -36 47 -34 -32 44 -41 -42 53 -25 48 -24 -47 -9 -23 -22 51 -17 -4 54 -6 -55 -57 -58 -59 -16 -51 -26
right_child=1 8 5 4 7 -7 16 12 9 32 20 19 21 -15 59 23 -18 28 24 29 49 39 45 31 61 26 -28 -29 -30 30 38 -33 37 -35 35 -37 -38 -39 -40 40 41 -43 -44 -45 -46 46 -48 -49 -50 60 -52 -53 -54 55 -56 56 57 58 -60 -61 -62 -63
leaf_value=-0.023368358088624488 -0.01727085395141776 -0.0031095516953342944 0.0044213740669995288 0.024288162112210847 -0.011189450965144392 -0.008993872144398023 -0.0081307623088144303 -0.0062090788636187822 -0.0013228254545961709 0.025960266304564057 0.0048195292266321388 0.013902976629933858 -0.001459134083725582 0.015875473158095618 -0.016316200894743504 0.0022895717972614667 -0.013090528788285099 0.0021212270366762517 -0.0022159005785360956 0.0050073764365255666 -0.0025924055001598141 0.0042095952406548919 0.012986861979811186 -0.0033988943507270823 -0.014431430737443567 0.0023028991750168068 0.041348554717629486 0.027086681473563454 0.03336940410146421 -0.0083361009362143221 -0.00052522956366386623 0.0022315787624345427 -0.0051417682873614095 -0.012764389126177271 -0.012497094495319579 0.033050945652666169 0.017074238704086673 0.037042955910481623 0.072100567359336828 -0.01059364468984937 0.044588064201975142 0.012211075441826372 0.019433918314233214 0.022620303525085143 0.035293560544952148 0.006715564581161796 0.048535210552460212 0.017616807923626524 0.02888956287363852 0.033794167193055009 0.00021056506687430521 0.052004364127626899 -0.011373989391020302 -0.007285837748047465 0.0093474219100426748 0.026894419511419295 -0.0044258863827180781 0.015769125363128852 -0.0025554308314245334 -0.0018613788072904414 0.0025425438836948339 0.0058245352607182123
leaf_weight=741.04035178571939 105.13747375831008 6.3645542860031119 44.214095555245876 53.283741042017937 86.633128829300404 329.98836500570178 63.05745268240571 67.937571596354246 45.195614852011204 16.459822356700901 68.615637715905905 17.069480858743191 24.173160880804062 56.479517448693514 373.10916260629892 4.6574102118611398 203.43887418881059 27.691878151148558 28.368401955813169 4.871576488018035 9.1958275996148569 62.33707582950592 13.896063946187494 13.75573795288801 55.195876467972994 43.41277689114213 5.2917310036718836 20.405955832451582 17.038091614842415 1.6776907704770589 1.9257673993706728 44.851709574460983 4.9884167313575736 10.30718522518873 20.916573993861679 4.3031122982501975 49.769367128610611 193.19267405569553 25.850048411637545 3.7500863075256339 49.579798556864262 21.151981070637703 23.40740080177784 142.13057650625706 16.602235868573189 7.3735774010419837 110.719138905406 15.49015076830983 15.53805276378989 54.628782670944929 5.2095344439148894 21.714866630733013 129.25596415624022 51.406938135623932 25.366506863385439 15.408101372420786 72.224952589720488 77.735710274428129 40.016688086092472 45.19963563233614 10.572851873934267 24.531095325946808
leaf_count=14603 1763 65 658 649 1342 5040 1049 910 611 177 1007 214 318 778 6970 47 3505 447 450 62 105 777 135 170 935 595 67 301 244 20 24 479 47 113 284 52 610 1716 287 50 585 256 310 1541 180 81 997 200 181 618 50 210 1887 736 355 220 1016 1075 512 803 127 404
internal_value=-0.000124938 0.0151148 -0.0119477 0.00720498 0.011503 -0.000576919 -0.0177379 0.0081496 0.028312 0.0243856 0.00603823 0.0290624 0.015393 0.000717855 -0.0203517 0.0167169 -0.0078336 0.00222885 -0.00831656 0.0447076 0.0160303 0.0214852 0.0412241 0.0201803 -0.000617865 -0.0034 0.00999987 0.0114222 0.0161823 0.056311 0.0628384 0.0164075 0.0332771 0.0113865 0.0167562 -0.000542865 0.00610173 0.0358807 0.0677533 0.0247154 0.03347 0.0363513 0.00200486 0.02029 0.0164783 0.0433973 0.0463029 -0.00103931 0.0105797 0.0254151 0.0386408 0.0449888 -0.00733698 0.000653466 -0.00633742 0.00376534 0.0066388 0.00434842 0.00969132 -0.0147947 0.0292685 -0.00822297
internal_weight=3945.11 1722.88 2222.23 1082.07 848.427 751.656 1470.58 718.529 640.817 502.464 421.667 129.898 326.329 278.654 1159.35 277.515 311.226 107.787 233.639 51.3946 143.013 193.132 138.353 232.32 128.501 222.175 48.7045 48.7744 44.73 34.3251 29.4535 200.738 224.948 26.767 78.5034 25.2197 133.197 198.181 27.7758 168.959 74.4819 70.7318 392.199 155.886 94.4774 131.989 118.093 83.4277 77.8751 74.3975 31.5818 26.3723 173.47 368.792 112 256.792 205.385 189.977 117.752 418.309 65.2016 79.727
internal_count=60020 21517 38503 15078 11225 10882 27621 9633 6439 5161 5842 1592 4067 3985 22376 3108 5245 1740 3853 607 1857 2347 1278 2497 2090 3207 662 751 691 393 331 2190 2053 290 985 336 1720 1763 311 2029 891 841 5566 1711 1138 1213 1078 1110 958 850 307 257 2545 5256 1697 3559 2823 2603 1587 7773 745 1339
is_linear=0
shrinkage=0.03


Tree=15
num_leaves=63
num_cat=0
split_feature=15 3 23 15 4 3 5 24 14 21 23 4 21 13 11 11 11 6 8 15 21 4 3 14 11 21 4 32 10 0 15 6 8 24 9 14 21 20 16 14 17 11 16 22 17 10 22 11 15 5 13 24 16 20 32 12 24 11 32 16 3 11
split_gain=704.523 178.743 117.67 70.7915 53.402 40.0349 39.7333 34.5228 31.79 31.6548 30.9394 28.5831 23.5209 22.7779 21.8122 21.2308 21.1846 19.8932 19.7369 19.385 18.9866 22.5661 17.1485 15.645 15.0097 13.9997 13.6045 12.9605 12.1382 11.954 11.7458 11.4279 16.9104 12.524 11.27 12.8954 10.9676 10.775 10.6785 14.6189 10.5167 10.5068 10.3043 10.2901 10.1683 10.1536 10.259 10.0662 10.0416 9.99543 9.8608 9.10044 8.9995 8.98251 8.97201 8.9699 9.44503 8.89206 9.06689 8.86182 8.50014 8.47842
threshold=0.087022006511688246 0.75834068655967724 0.33359599113464361 1.2558429241180422 1.4110732674598696 1.2413458824157717 0.81595304608345043 0.20086015760898593 -1.0100318193435667 1.0396947860717776 0.39925952255725866 0.41867727041244512 0.2371373847126961 2.4615396261215214 1.2729757428169253 0.37184321880340582 -0.36548389494419092 -0.47205275297164911 0.54657480120658886 -0.35810057818889612 0.072545457631349577 -0.29658310115337366 0.012079695705324413 -0.54160332679748524 1.3891112804412844 -0.24183954298496244 -1.0000000180025095e-35 11.500000000000002 1.2908724546432497 1.2986017465591433 1.1209225654602053 1.0480196475982668 -0.22573514282703397 1.0380676388740542 -1.4138459563255308 0.44659504294395452 1.4086498618125918 0.11265872418880464 0.87123629450798046 0.10580239444971086 -0.35358749330043787 1.4805163741111758 0.71557229757308971 0.49016901850700384 0.29890263080596929 -0.91108465194702137 -1.015711188316345 0.28050771355628973 1.0000000180025095e-35 -0.46210604906082148 -0.5217594802379607 -0.20328259468078611 0.68423041701316845 0.68330061435699474 14.500000000000002 1.0430352091789248 -0.76956233382225026 -0.89264601469039906 17.500000000000004 0.24317814409732821 1.3553729653358462 0.6794613003730775
decision_type=2 2 2 2 2 2 2 2 2 2 2 2 2 2 2 2 2 2 2 2 2 2 2 2 2 2 2 2 2 2 2 2 2 2 2 2 2 2 2 2 2 2 2 2 2 2 2 2 2 2 2 2 2 2 2 2 2 2 2 2 2 2
left_child=2 4 5 6 7 11 8 36 49 19 -10 17 26 14 25 30 -11 61 59 60 24 -22 28 -18 53 -12 -9 -19 -21 45 -14 32 -17 50 -24 48 41 -8 39 -32 -16 -2 -29 -7 -15 -20 -47 -13 -36 -3 -34 -27 -28 -5 -37 56 -51 -23 -59 -6 -4 -1
right_child=1 3 9 20 18 43 37 12 10 16 13 47 15 44 40 31 23 27 29 22 21 57 34 -25 -26 51 52 42 -30 -31 38 -33 33 -35 35 54 -38 -39 -40 -41 -42 -43 -44 -45 -46 46 -48 -49 -50 55 -52 -53 -54 -55 -56 -57 -58 58 -60 -61 -62 -63
leaf_value=-0.024811885594829552 -0.010104643550343637 -0.0062578290083909367 -0.014803876600248744 0.013915488254551259 0.032082308483232971 -0.0020975598142198492 0.012902363520639174 -0.013929770460578467 -0.003982308088836508 -0.0011710710999902167 -0.0075610223643207504 -0.0099787534011895589 0.00067423712427400098 0.0011968928085501636 -0.0048390717978105775 -0.0065678554895682618 0.05303995310379802 -0.0017934823665761552 0.00017423260793250899 -0.013079108921633284 0.0049831133642393001 0.0023195902284476912 -0.012255992391785773 0.013987621899383464 -0.0042857783233042502 -0.0081122794006404948 -0.0017180979087577297 -0.017927496920317521 0.012533439600739877 -0.0094254128694570057 0.032613863833058587 0.028578949471765834 -0.0066305909709041145 -0.0063001740852353227 0.020663901120980363 0.012630549915537423 0.015161692268364292 0.039638682429659185 -0.0086795718793941587 -0.0017671614184577729 0.028116325420155533 0.012329630830303197 0.0028702277648358057 0.026044343822466853 0.046011237440369515 -0.0022446828847507956 0.058738199354403754 0.0083568014147988676 -0.0052227972604527405 -0.0020759278353482576 0.033689977589269914 0.011777775684151425 0.010996296661745701 0.050432352322329101 -0.0095716083588258342 0.0017955192255665275 0.04794287590132202 0.042126632064481521 0.013548438642943205 0.0019240703227700025 0.0093676380396159227 -0.013883633113340592
leaf_weight=605.05111117660999 259.62326945364475 3.4129410162568083 138.55891013517976 27.595620416104794 7.6974690817296496 25.229960724711418 24.566056068986654 55.941094260662794 105.37091745436192 38.703618220984936 40.630550019443035 75.865742601454258 184.79560320451856 5.8024282790720489 8.2207754105329496 29.976217828691006 11.544507279992102 58.182243980467319 3.5826068297028604 88.851885434240103 20.263371534645557 6.3265865594148627 20.917897153645754 33.85463472828269 21.080340430140495 18.842021279036999 171.63116537034512 446.06990154087543 16.078588083386421 1.9459354728460301 29.693918839097023 61.117188531905413 4.6820473894476882 10.105088569223879 73.022636014968157 21.205043226480484 14.156342081725596 68.396436434239149 10.152547247707842 15.662662908434866 79.343752082437277 16.063500888645649 21.167012874037027 15.757501289248465 22.157474912703037 2.3256456032395425 23.51679195463657 35.926053032279015 14.171788826584814 3.2774228230118743 31.682112544775009 290.78540214151144 65.165779378265142 6.2357084900140753 38.819926492869854 5.6101841479539862 34.15969330072403 205.76779742538929 16.767029203474522 30.656230382621288 11.062109526246784 96.066174775362015
leaf_count=12191 4050 42 2381 300 100 394 286 848 1449 593 529 1312 2592 60 96 408 141 1076 44 1497 210 65 312 467 219 267 2447 8483 268 21 319 699 60 121 1039 307 207 726 108 194 864 238 385 239 210 30 269 562 206 44 405 3241 853 61 570 57 364 1744 157 381 158 1817
internal_value=-7.44588e-05 0.0121092 -0.0132803 0.0210154 0.00327842 -0.0178082 0.0156421 0.00137051 0.0126922 -0.000903148 0.0105452 -0.0187068 0.00510199 0.0138391 0.0118619 0.00999755 0.0153735 -0.0200274 0.0277094 -0.0042836 0.0331173 0.0366985 0.000513246 0.028195 0.0151632 0.0082905 -0.00127898 -0.0153176 -0.00876292 0.0438429 0.00444932 0.0191937 0.0103964 0.0209146 0.00638816 0.00935281 -0.00720307 0.0335926 0.0159227 0.0217447 0.0249281 -0.00860111 -0.0169649 0.0103769 0.0383035 0.0482229 0.0537759 -0.00398083 0.0164014 0.0354963 0.0283246 0.0104577 0.0019359 0.0262733 -0.00136014 0.0391135 0.0438353 0.0393401 0.0403184 0.0109787 -0.0127716 -0.0234234
internal_weight=3930.89 2044.79 1886.11 1014.61 1030.17 1379.32 710.576 960.449 617.614 506.792 571.153 1338.33 670.605 465.782 437.823 377.867 84.1028 1226.54 69.7247 422.689 304.036 249.125 273.068 45.3991 54.9117 350.258 292.738 525.419 104.93 31.371 240.305 137.563 76.4455 46.4692 168.137 147.219 289.843 92.9625 55.5091 45.3566 87.5645 275.687 467.237 40.9875 27.9599 29.425 25.8424 111.792 87.1944 46.4602 36.3642 309.627 236.797 33.8313 60.025 43.0473 37.4371 228.861 222.535 38.3537 149.621 701.117
internal_count=59783 25385 34398 10991 14394 26459 8235 13549 7223 7939 6716 25826 9054 5267 4997 4906 1201 23952 845 6738 2756 2176 4199 608 580 4037 4148 9944 1765 364 3213 1693 994 586 2434 2122 4495 1012 621 513 960 4288 8868 633 270 343 299 1874 1245 507 465 3508 3300 361 877 465 408 1966 1901 481 2539 14008
is_linear=0
shrinkage=0.03


Tree=16
num_leaves=63
num_cat=0
split_feature=15 3 15 32 3 3 4 24 23 4 11 4 4 32 3 21 23 11 24 8 4 21 0 21 8 2 11 7 15 29 9 16 25 10 7 11 11 10 25 25 20 21 9 32 7 26 3 9 15 31 24 12 12 4 10 20 25 0 26 3 30 31
split_gain=696.487 139.129 132.275 63.6365 55.4756 46.7064 46.4086 42.8225 38.5594 32.5605 29.1547 24.904 23.999 23.8021 21.906 21.7641 17.5748 17.3893 17.4041 17.171 16.8961 15.8889 14.4411 13.7727 16.8362 13.6588 13.2712 15.0603 13.2121 17.4633 12.7765 12.7064 12.0179 15.6025 11.9891 11.8477 11.7405 11.504 11.3053 11.1383 17.5034 12.986 10.9329 10.3479 10.5201 10.6083 10.2783 10.1462 10.1171 15.5586 15.3186 10.0727 10.8258 9.98431 9.67428 9.6679 9.54072 9.43117 9.35084 9.19355 9.15719 9.10475
threshold=0.31027793884277349 0.45097060501575476 1.2087481617927553 10.500000000000002 1.4865180850028994 0.57800382375717174 0.84936901926994335 -0.091450687497854219 -0.74863648414611805 -0.013657241128385065 0.4772974848747254 -0.037920959293842309 -0.05152961611747741 13.500000000000002 0.012079695705324413 1.0838567614555361 0.95968887209892284 1.4063847064971926 -0.079476308077573762 1.4283491373062136 -0.23698300123214719 0.72498425841331493 -0.0619407370686531 1.265677869319916 -1.609866678714752 0.8367069959640504 -1.0661130547523496 -1.0434810519218443 -0.33441953361034388 0.44097222387790685 -1.1828377246856687 -0.43029090762138361 0.91537848114967357 1.0291125774383547 -0.58111324906349171 1.0509038567543032 0.1094019301235676 -1.1505157947540281 1.6240814924240115 -1.0000000180025095e-35 0.35320724546909338 0.36169257760047918 1.4405040144920351 17.500000000000004 -0.83758437633514393 0.81574785709381115 -0.28075972199439997 0.10710885375738145 0.7943515181541444 0.35714286565780645 1.0000000180025095e-35 -0.80967554450035084 1.3049329519271853 1.8828417062759402 0.75266388058662426 0.77865973114967357 -0.42638838291168207 0.6092263162136079 -0.083771169185638414 -0.75526314973831166 -3.0833333730697627 -1.0000000180025095e-35
decision_type=2 2 2 2 2 2 2 2 2 2 2 2 2 2 2 2 2 2 2 2 2 2 2 2 2 2 2 2 2 2 2 2 2 2 2 2 2 2 2 2 2 2 2 2 2 2 2 2 2 2 2 2 2 2 2 2 2 2 2 2 2 2
left_child=1 6 3 11 9 21 8 53 35 55 -6 -2 -10 28 -13 37 -17 18 19 31 -7 46 -8 24 -22 26 -20 -28 -14 -30 -31 -11 33 48 -19 -1 -35 -9 -23 54 41 -41 51 44 -12 -46 -4 -24 50 -50 -29 -16 -53 -3 -39 -5 -37 -18 -49 -32 -38 -36
right_child=2 7 5 4 10 20 22 15 12 17 43 14 13 -15 42 16 57 34 25 -21 23 38 47 -25 -26 -27 27 32 29 30 59 -33 -34 36 61 56 60 39 -40 40 -42 -43 -44 -45 45 -47 -48 58 49 -51 -52 52 -54 -55 -56 -57 -58 -59 -60 -61 -62 -63
leaf_value=-0.024224687139099102 -0.0024688746919076521 -0.010692626440763584 -0.0064158604914024775 -0.013070050242260595 0.0026002257210565711 0.010168584354575357 -0.0096148102845108226 0.02353279170543535 -0.020750985252529414 0.023199742545770695 0.0018057635447180104 0.0081798501832060482 -0.010451048720174614 -0.013305123937525445 0.0065148345851140828 0.010960306433186025 0.053568056551518257 0.0017440109155517046 -0.01150525361988132 0.019233669629234493 -0.0035373179960292221 0.032154069420343982 0.028996694978736096 0.045634646295212494 0.031038326174974214 0.020913767840327405 -0.013083279000841016 0.037593888084237789 -0.006890577267434801 -0.014042434475588209 -0.00023388875775032702 -0.013065249097563552 -0.0042715172532538474 0.0044974928928642856 0.010119384271775828 0.017329842442374392 -0.0043294050855854759 0.014512439793253137 0.0022453860319067106 -0.001640135679687383 -0.014411640005475611 0.021525957271880072 -0.0099549690110376458 0.0035191132716661578 0.038657415128393699 0.0058662679160746672 0.012049599683611061 0.018853135871879149 0.005229342215636262 0.02534332921563473 0.00026193209107581452 0.046576532056477771 -0.0032453215575158306 0.022531534868515453 -0.010954602254810817 0.0025895680448139581 -0.013318435306368167 0.0047991986464777214 -0.0084696373927059653 0.028195464108339216 0.039265794689190246 0.040032259945207808
leaf_weight=551.18207408487797 21.043462421745062 181.26515922322869 41.005035437643528 121.3503891043365 54.323290206491947 34.458910726010799 34.136416964232922 20.352383848279715 264.7921452447772 4.9392614103853694 9.9463718011975271 29.703963652253151 67.161001637578011 491.56367422640324 8.9132248833775503 48.939825944602489 14.529113031923773 23.24932799488306 36.780948117375374 16.14814331382513 12.341329008340834 39.966058269143105 19.159614574164152 87.418144695460796 241.95611055195332 48.31283712387085 29.648455783724785 5.4529336765408507 49.092933114618063 7.2548966109752646 13.285452723503111 101.38585666939616 63.565473850816488 20.316605415195227 20.395989187061787 7.395789995789527 3.9137897081673136 75.047363344579935 16.286447487771511 70.203627713024616 61.632440019398928 26.170829899609089 2.1237088218331328 14.053253740072249 85.062922153621912 12.0460909307003 63.087387248873711 14.575351163744925 99.880405195057392 51.02982235327363 185.86307617276907 75.327556595206261 3.4666649475693694 3.941033460199832 12.313530724495648 47.306980144232512 32.842415399849415 5.6625163555145255 21.964486587792635 38.456356093287468 28.406758550554514 22.642056632786989
leaf_count=11311 268 3126 541 1809 596 370 563 284 5020 76 111 382 1281 9015 98 670 167 313 506 239 119 432 294 697 2220 548 426 79 842 127 236 1523 815 269 254 139 51 1083 166 1002 858 343 24 151 832 122 763 225 1179 595 2539 764 35 54 179 655 620 65 345 642 354 265
internal_value=8.3816e-05 -0.0114722 0.0139002 0.00848023 0.00599507 0.0262989 -0.0158115 0.00200794 -0.0170454 0.00302564 0.0212262 0.0271551 -0.0131147 -0.0099504 0.03226 0.00836981 0.0227772 0.00566766 0.0041874 -0.00590409 0.0320653 0.0122102 0.00490254 0.0340949 0.0293245 0.00637612 0.00485321 0.00619014 -0.000432636 0.00597911 0.01639 -0.0104143 0.00756434 0.00949927 0.0198188 -0.0230752 0.0240646 0.00427004 0.0243849 0.00223421 -0.00253146 0.00540213 0.0393713 0.0291466 0.0322036 0.0350762 0.00481485 0.0138589 0.00694474 0.0126255 0.00225636 0.0410382 0.0443217 -0.00941194 0.0105241 -0.00872957 -0.00639249 0.0435584 0.00338656 0.0215184 0.034114 0.0283851
internal_weight=3916.04 2132.92 1783.12 1246.6 1106.02 536.519 1612.86 520.058 1523.03 930.589 175.432 140.579 931.606 666.814 119.535 334.852 69.1315 761.932 695.644 122.473 376.174 160.345 89.8359 341.716 254.297 573.171 524.858 488.077 175.251 108.09 58.9967 106.325 458.429 394.863 66.2874 591.42 52.6372 265.72 56.2525 245.368 158.007 96.3745 89.8312 121.109 107.055 97.109 104.092 55.6995 342.226 150.91 191.316 87.7074 78.7942 185.206 87.3609 168.657 40.2382 20.1916 36.5398 51.7418 32.3205 43.038
internal_count=59677 38491 21186 15878 14307 5308 30660 7831 29233 12495 1812 1571 17163 12143 1303 4651 902 10031 9199 1838 3406 1902 1427 3036 2339 7361 6813 6307 3128 1847 1005 1599 5881 5066 832 12070 674 3749 598 3465 2203 1345 921 1216 1065 954 1304 864 4392 1774 2618 897 799 3180 1262 2464 759 232 570 878 405 519
is_linear=0
shrinkage=0.03


Tree=17
num_leaves=63
num_cat=0
split_feature=15 3 3 15 14 6 23 32 21 11 14 24 11 11 5 25 9 6 32 14 21 32 3 14 13 21 21 23 11 21 14 32 24 34 3 21 5 14 11 23 32 11 5 21 11 3 24 18 32 24 9 5 30 6 15 3 29 9 23 24 0 3
split_gain=685.962 170.514 111.077 70.5621 44.5053 42.1651 33.3099 30.5157 26.7605 25.5361 25.4002 24.0645 20.4367 19.4639 17.4859 17.1077 16.9275 16.8895 16.5136 15.908 15.1191 14.9624 14.4123 13.7982 14.9137 13.019 12.3929 12.2641 11.8205 11.1362 10.8685 10.7936 10.6197 10.5322 10.255 10.0429 9.98093 9.88096 12.2694 9.57987 10.371 9.55461 9.34997 9.61111 11.1094 9.07145 9.87326 9.06765 9.22008 8.77093 8.55489 8.49557 8.46098 8.37439 8.21029 8.16163 8.1066 9.94883 8.37191 8.13732 7.9241 7.83146
threshold=0.087022006511688246 0.77253621816635143 0.45097060501575476 1.1777188777923586 -1.7817230820655821 0.23237492889165881 0.34409253299236303 10.500000000000002 1.4334087371826174 -0.72160318493843068 -0.50440591573715199 0.75775164365768444 1.3713554143905642 -0.024152327328920361 0.081030115485191359 0.42606683075428015 -0.92038124799728382 -0.71685877442359913 17.500000000000004 -0.74262171983718861 -0.63580965995788563 10.500000000000002 -0.22708977013826367 -1.0931290984153745 2.1797237396240239 -0.75422021746635426 1.2849771976470949 -0.099222555756568895 -0.7931595742702483 0.7472636103630067 0.55246189236640941 10.500000000000002 -0.65787944197654713 3.5000000000000004 -0.80169677734374989 0.13441967964172366 1.3598398566246035 -1.1186898946762083 0.66872319579124462 1.3059044480323794 13.500000000000002 0.27024970948696142 -0.99997201561927784 0.2874405980110169 0.049944764003157623 0.012079695705324413 0.10335340723395349 -0.49019223451614374 13.500000000000002 0.53726312518119823 -1.4138459563255308 -0.097621034830808626 -5.0714285373687735 -0.18335037678480146 -0.66536393761634816 1.2597366571426394 0.12132352963089944 -0.65126872062683094 -0.04272628761827945 0.5143815577030183 0.75739559531211864 0.48858162760734564
decision_type=2 2 2 2 2 2 2 2 2 2 2 2 2 2 2 2 2 2 2 2 2 2 2 2 2 2 2 2 2 2 2 2 2 2 2 2 2 2 2 2 2 2 2 2 2 2 2 2 2 2 2 2 2 2 2 2 2 2 2 2 2 2
left_child=2 4 6 7 20 14 13 27 12 33 -7 21 17 -1 55 16 -13 -9 28 22 -2 30 -8 51 36 -23 -12 -3 -5 -30 32 -17 -6 -10 -18 -16 47 38 -15 40 49 56 -36 -44 -45 -22 -47 -25 -49 -31 -24 -19 -34 54 -37 -4 57 -27 -59 -60 -56 -33
right_child=1 3 5 18 11 10 19 8 9 -11 26 15 -14 37 35 31 34 23 -20 -21 45 25 50 24 -26 41 -28 -29 29 39 -32 61 52 -35 42 53 -38 -39 -40 -41 -42 -43 43 44 -46 46 -48 48 -50 -51 -52 -53 -54 -55 60 -57 -58 58 59 -61 -62 -63
leaf_value=-0.022112808401026696 -0.0028408685071015217 -0.0057930563783181229 -0.016786753369901666 0.00095142477416655202 -0.009427490200471492 0.035441848629414553 -0.0052479902796100774 -0.014636130274730081 -0.017315035353978301 0.038523277795734681 0.0023126301421177026 -0.010661425769966171 0.023413033497274978 -0.0097725918170062081 -0.0062545999962439697 0.015680988384545094 -0.0088733255938544722 -0.006983352866224298 0.0092016088023714037 -0.010733694867034529 0.014499530472802519 -0.014968400351608393 -0.011068348793249277 0.012774321442903953 0.02877058507725833 -0.017309267813676633 0.023549088960550899 0.036246062093311819 0.026610915885025316 -0.0012028214488633091 -0.011119235917110648 -0.0089215808884282148 -0.012035266752089251 0.02089818011058537 -0.0093812242761181341 -0.0086063380386794501 0.023187417222435686 -0.015814229080468763 0.016880391131447958 0.0508977686440528 0.022388001473645239 0.0033966728697664671 0.0079115739522211351 0.011810786381163254 0.030477753586291647 0.0033870872614214869 0.042717132639687933 0.0112609588490311 -0.0019264229521892794 0.050903783674737163 0.031556256728553417 0.034085307736424 0.026661015317017381 -0.0053952146045624667 0.050586859284701878 -0.00030454975051727191 -0.008248709987801665 -0.0077052008997636721 0.033050523799068199 -0.002468837858054533 -0.002755013842280656 0.008572738596835881
leaf_weight=734.69772194325924 17.564355820417404 5.4630145803093901 118.73718360438943 10.201331049203871 8.5114397779107076 26.694942157715559 32.263770576566458 26.207071099430323 11.263153385370972 53.146421559154987 148.52138559147716 24.049366075545549 76.908208578824997 60.953173380345106 17.483476493507624 22.860967874526978 13.292275439947842 3.638622552156451 32.836565561592579 228.32296546176076 43.022204671055079 81.124693315476179 2.6048660688102272 71.420537829399109 21.100315146148205 7.7987449131906024 25.024734903126955 65.152065377682447 157.51508125662804 2.9429080858826664 12.391116753220556 94.107933152467012 2.8945941068232051 5.8510739170014849 9.7100666798651201 1.8508717902004725 20.694722928106785 360.57865445688367 15.490795757621525 67.090959906578064 72.220207534730434 165.51240964606404 77.030344355851412 65.601754575967789 65.80840652436018 7.7946347817778578 34.286155335605145 56.408975355327129 209.58251279219985 27.527299217879772 16.706415597349405 21.837039992213249 37.546489294618368 5.4487056545913211 7.814466618001461 34.8388891518116 201.43719516322017 8.9239882193505782 13.988496650010349 7.4172635599970809 2.5000963732600212 25.665678106248379
leaf_count=15229 239 67 2144 104 120 316 535 400 140 536 2097 315 849 1184 295 261 190 44 317 3956 506 1306 40 824 212 122 323 640 1463 30 176 1294 38 72 130 34 229 6944 281 492 611 2467 997 818 761 99 334 639 2609 209 236 235 481 82 125 549 3118 143 212 108 39 321
internal_value=0.000260987 0.0121067 -0.0130413 0.0208156 0.00358295 0.00118747 -0.0168445 0.0146614 0.01218 0.0290346 0.0106481 0.00149404 0.00958755 -0.0190672 -0.00886882 0.00706103 0.0116353 0.00687962 0.0312563 -0.00736817 0.0218611 -0.00258105 0.00716287 0.00843459 0.00677 -0.00436625 0.00594857 0.0328258 0.0332365 0.0342133 0.0108309 -0.00124919 0.0169026 -0.00247937 0.0141287 0.00926792 0.00509537 -0.0137549 -0.00366683 0.0403034 0.03134 -0.00208635 0.0156976 0.0170583 0.0219334 0.026834 0.0365654 0.00366333 0.00102641 0.046411 0.0247128 0.0280362 0.0228718 0.0226516 0.0331259 -0.0131752 -0.00586649 0.0062163 0.013859 0.0226058 0.0409793 -0.0049795
internal_weight=3907.88 2067.35 1840.53 1019.01 1048.34 388.915 1451.62 648.674 578.059 70.2606 200.241 945.673 507.798 1171.72 188.674 398.127 255.492 430.89 370.334 279.898 102.667 547.546 51.5751 404.683 379.207 486.203 173.546 70.6151 337.498 327.296 61.3436 142.635 48.9525 17.1142 231.443 35.0976 358.107 437.023 76.444 169.781 102.69 405.078 218.151 208.441 131.41 85.103 42.0808 337.412 265.991 30.4702 19.3113 25.4757 40.4411 17.6141 12.1654 153.576 239.566 38.1285 30.3297 21.4058 10.3146 119.774
internal_count=59687 25278 34409 10722 14556 6004 28405 7496 6789 748 2736 13378 6041 23638 3268 5087 3211 5192 3226 4767 1178 8291 811 4792 4513 7476 2420 707 2909 2805 815 1876 639 212 2896 575 4301 8409 1465 1342 850 6170 2706 2576 1579 939 433 4072 3248 239 276 279 519 280 198 2693 3703 585 463 320 164 1615
is_linear=0
shrinkage=0.03


Tree=18
num_leaves=63
num_cat=0
split_feature=15 3 24 15 32 17 4 21 3 3 4 15 32 4 23 5 32 11 5 21 32 11 7 11 21 8 21 27 11 21 23 11 15 8 11 15 26 3 29 11 11 22 4 22 24 20 18 4 31 8 23 25 7 22 20 25 24 23 4 4 32 26
split_gain=618.593 127.093 118.347 53.1989 47.38 40.2713 39.5081 36.9455 28.0191 27.3167 26.581 24.9882 23.3672 23.0436 21.0484 20.9741 19.0162 18.0778 17.8581 20.219 17.4866 16.4186 13.9918 14.4527 13.0821 13.0665 12.7469 12.5853 12.5631 12.3646 12.1992 11.5772 11.524 11.2736 11.1635 10.788 10.3273 10.1392 10.0106 11.752 10.1373 9.97752 9.83102 9.65747 9.60708 10.7871 9.57745 9.40392 9.65553 9.33707 9.33603 9.24629 9.21291 8.91892 8.8153 8.69021 8.5929 8.79323 8.50529 8.48535 8.79303 8.40053
threshold=0.087022006511688246 1.0596448183059695 0.45980474352836614 0.7943515181541444 13.500000000000002 -0.13806118071079251 0.49326249957084661 0.78259679675102245 0.64183306694030773 1.2413458824157717 1.2038460373878481 1.2558429241180422 12.500000000000002 -0.063147414475679384 -0.74863648414611805 -0.0099483844824135286 11.500000000000002 0.79166421294212352 1.0210197567939761 1.4086498618125918 9.5000000000000018 0.236484169960022 -0.60572963953018177 0.049944764003157623 -1.0687749981880186 0.3057944923639298 -0.58167120814323414 6.5000000000000009 -0.63997438549995411 1.2849771976470949 0.90495297312736522 0.012656308244913818 -0.14339940249919889 0.37247663736343389 2.104078054428101 0.99375811219215404 -0.99181425571441639 1.0000000180025095e-35 0.30384616553783422 1.8242302536964419 -0.6534120738506316 -0.30691333115100855 1.0742965340614321 0.72050413489341747 1.0612226724624636 -0.085398204624652849 -0.27230566740036005 -0.063147414475679384 -0.21428572386503217 0.061857214197516448 -0.055170282721519463 -1.2477877736091612 0.21313384920358661 -0.16238173097372052 1.6717879772186282 2.7535746097564702 0.50366070866584789 -0.11360399425029753 -0.73874974250793446 0.15862626582384112 11.500000000000002 0.55964544415473949
decision_type=2 2 2 2 2 2 2 2 2 2 2 2 2 2 2 2 2 2 2 2 2 2 2 2 2 2 2 2 2 2 2 2 2 2 2 2 2 2 2 2 2 2 2 2 2 2 2 2 2 2 2 2 2 2 2 2 2 2 2 2 2 2
left_child=2 3 6 10 17 -4 9 12 27 14 20 18 33 -10 -1 -16 41 30 19 21 -2 -6 -22 36 -19 54 -14 44 -21 -15 59 -18 51 37 -26 -35 -24 -5 -13 40 -40 -8 -28 58 -7 -46 -33 -23 -49 -11 -9 -27 -34 -44 -17 -52 57 -25 -37 60 -3 -43
right_child=1 4 5 7 11 8 16 50 13 49 -12 38 26 29 15 25 31 24 -20 28 22 47 23 56 34 32 42 -29 -30 -31 -32 46 52 35 -36 43 -38 -39 39 -41 -42 61 53 -45 45 -47 -48 48 -50 -51 55 -53 -54 -55 -56 -57 -58 -59 -60 -61 -62 -63
leaf_value=-0.023140576201427759 0.015815259288938788 0.014273647951667516 -0.0099758034173361137 -0.01053944195405457 -0.0065106922020034654 -0.011045608813885466 -0.006681525367176225 -0.0071997238927639434 -0.0071106236877903975 -0.0061402877849498641 0.019466619363941364 0.012777684958648691 -0.0088687557771104063 0.01993078956955736 -0.024736754326635465 -0.016445468743499763 -0.013938441626305283 -0.0037836404809268864 0.029579886922431593 -0.0023333602288845689 -0.011653055650119837 -0.0054405484021108844 0.0080616005580743787 0.01075830321690799 0.04532153292818996 0.020580559269736867 0.0030940077681580638 0.014406267523672729 0.034007486071325359 0.051453766099082296 0.032172430255242274 -0.0094305224311541092 -0.0069458329408792954 0.0039254642797267123 -0.0039650719944362622 -0.0052617241482742459 -0.0083960202683123469 0.01650526766403717 -0.0077709122315397219 -0.0025867287842904342 0.033711539225175391 0.045860458935540679 -0.0064618132874488055 -0.0053508312034787255 -0.011913059871313313 0.019608304666907092 0.015647025864032566 0.0022825975549298732 0.016918654321358449 0.018722618159521198 0.024415810619891617 -0.013722052045101079 0.01141735986481251 0.027791614809804147 0.011757981082759937 -0.0063862397711990744 0.0099597479032713168 -0.0063679125217578174 0.04696922172955454 0.027703867008953727 -0.010417041292922927 -0.0041076029211505405
leaf_weight=579.47167827188969 42.69975484162569 23.398902751505375 147.34429214149714 14.463469408452509 72.467804186046124 67.994596026837826 4.8506309241056469 7.2913062646985045 19.041465293616056 29.918777581304312 53.0961226336658 56.345945633947849 65.235606320202351 69.578697144985199 155.80893529579043 323.11754548922181 55.513548538088799 4.699332494288682 38.215448454022408 10.130273748189209 128.25383234769106 29.118049375712872 36.883167508989573 33.680303197354078 103.48281977698207 3.1952357925474635 209.84533059224486 37.641681309789419 34.741201385855675 13.543432019650934 53.700720142573118 19.195143356919289 44.867782443761826 12.373505685478447 3.4998683482408515 2.0456211641430917 205.01310887932777 33.093616038560867 3.7848300486803046 8.6823768317699415 114.5631719827652 9.3508164659142476 6.8383744135499027 3.0363699272274962 11.79855625331402 19.992389515042305 27.802109986543655 62.407325025647879 120.98932880908251 17.573265291750431 197.727683018893 110.66340468451381 43.785334542393684 23.666790198534727 6.9159537851810446 6.6686874181032172 121.31065984070301 84.49118509888649 26.053359501063824 14.23990975320339 19.174513094127178 2.8622519336640826
leaf_count=12287 547 241 2462 187 905 1114 80 98 262 468 668 475 927 871 3109 6294 982 54 385 122 2025 352 563 539 884 63 2642 590 323 144 452 304 852 144 29 27 3147 357 38 72 947 146 83 31 188 291 433 691 1303 270 2125 2204 826 262 132 73 1656 1293 272 140 220 45
internal_value=0.000215447 0.0113517 -0.0125403 0.00563422 0.0209623 0.00216314 -0.016499 0.0120962 0.0096797 -0.0179945 1.57096e-05 0.0159958 0.00655373 0.0211788 -0.0188295 -0.0150597 1.31715e-05 0.0326647 0.011231 0.00869525 -0.00170351 0.00550186 -0.00304924 -0.000660688 0.0415334 -0.0120246 0.00245352 0.000687887 0.0263917 0.027695 0.0222925 -0.00519373 -0.00582064 0.0194688 0.0436041 0.029823 -0.0057742 0.00806002 0.0250077 0.0297432 0.0321237 0.0253821 0.00564471 0.0381477 -0.00492753 0.00788064 0.00548265 0.00965366 0.012131 0.00396668 0.0220905 -0.0119341 0.00224901 0.0202843 -0.0156878 0.0232824 0.00451683 -0.00124816 0.0429463 0.0111068 0.0032272 0.0363584
internal_weight=3909.24 2087.41 1821.83 1313.77 773.642 386.935 1434.89 608.34 239.591 1315.32 705.428 551.446 396.652 102.164 1267.83 688.354 119.575 222.196 368.069 329.854 652.332 284.983 609.632 481.378 111.682 532.545 305.586 137.427 44.8715 83.1221 110.514 102.511 202.512 91.0659 106.983 43.5089 241.896 47.5571 183.376 127.03 118.348 17.0637 240.35 31.1354 99.7855 31.7909 46.9973 212.515 183.397 47.492 211.688 113.859 88.6531 30.5052 330.033 204.396 239.482 118.171 28.099 56.8133 42.5734 12.2131
internal_count=59716 25299 34417 17666 7633 5922 28495 7228 3460 26505 10438 5613 4932 1277 25767 13480 1990 2020 4081 3696 9770 3251 9223 7198 967 10371 3914 2183 445 1015 1053 1719 3945 1018 913 474 3710 544 1532 1057 985 271 2987 330 1593 479 737 2346 1994 738 2296 2267 1678 345 6426 2198 3488 1832 299 601 461 191
is_linear=0
shrinkage=0.03


Tree=19
num_leaves=63
num_cat=0
split_feature=15 3 3 15 14 6 6 3 8 7 3 24 14 3 14 14 21 11 21 11 9 3 14 24 0 17 7 3 7 3 14 5 11 11 16 26 8 16 25 21 14 7 21 6 30 7 14 7 11 5 26 25 16 14 29 11 9 15 8 24 6 18
split_gain=588.776 135.917 98.6151 56.8801 53.0828 38.0804 28.7715 25.8786 23.1063 22.3976 21.0257 19.3399 18.0477 16.0979 15.7041 15.4457 15.0691 14.8668 17.3488 14.678 14.5145 14.1369 17.6061 13.9694 13.8186 13.5816 13.5137 13.2753 12.9531 12.4545 12.4197 12.0547 11.8545 11.5952 11.3946 12.242 11.8431 10.7126 10.4364 10.3514 10.3502 10.3331 10.2924 10.2356 10.4135 10.0953 10.0218 9.9355 9.78153 9.55572 10.3139 9.49564 9.44241 9.3871 9.05333 8.9961 8.97586 8.95953 8.84374 8.82222 8.68316 8.61358
threshold=0.36215279996395117 -0.1161692328751087 1.4413411021232607 1.3057796359062197 -0.3753096312284469 0.13768934458494189 -0.41294224560260767 0.2499162703752518 0.050141893327236182 0.6346033811569215 0.057279193773865707 0.77891990542411815 0.9616278111934663 1.4865180850028994 0.21859091520309451 -0.69136381149291981 1.1108442544937136 1.4063847064971926 -0.86454546451568592 0.96078786253929149 -0.2661414891481399 1.8791651129722597 -0.75554636120796193 0.39023913443088537 0.93846508860588085 0.033197632059454925 0.38872157037258154 1.2974110245704653 -1.0231593847274778 0.72049182653427135 -0.56972739100456227 1.4106944203376772 1.773987412452698 -1.2713517546653745 0.53880387544631969 0.76058393716812145 -1.2203254103660581 -0.30697529017925257 1.5729056596755984 -0.020768465474247929 0.42680302262306219 0.6570396125316621 1.6013169884681704 0.78147754073143016 -4.0833332538604727 0.96833696961402904 0.2426237836480141 1.6130090951919558 -0.093796387314796434 0.13255570828914645 0.20493439584970477 0.25834591686725622 0.69457966089248668 -1.1684371829032896 0.83974358439445507 -1.1629440188407896 -1.0063593387603758 -0.13276244699954984 1.4283491373062136 1.1618874669075014 0.63741746544837963 -1.0000000180025095e-35
decision_type=2 2 2 2 2 2 2 2 2 2 2 2 2 2 2 2 2 2 2 2 2 2 2 2 2 2 2 2 2 2 2 2 2 2 2 2 2 2 2 2 2 2 2 2 2 2 2 2 2 2 2 2 2 2 2 2 2 2 2 2 2 2
left_child=1 6 3 7 9 14 19 8 -2 23 30 25 21 24 27 47 37 18 -9 -1 -17 22 -13 49 57 -4 40 48 -25 -19 41 42 -23 -11 -27 36 -36 -10 -31 -35 -24 60 -20 -44 -45 -8 -18 -12 -6 -3 -51 -26 -39 -21 -22 -46 -28 59 -54 -7 -5 -47
right_child=2 4 11 10 5 13 45 17 16 33 15 12 -14 -15 -16 20 46 29 31 53 54 32 26 28 51 34 56 -29 -30 38 -32 -33 -34 39 35 -37 -38 52 -40 -41 -42 -43 43 44 55 61 -48 -49 -50 50 -52 -53 58 -55 -56 -57 -58 -59 -60 -61 -62 -63
leaf_value=-0.023030036955262522 -0.0089093044238471239 -0.010020107528994453 -0.0040894566046865031 -0.017431077650954641 -0.016267262829546575 -0.012755627489556992 -0.013630659028014438 -0.013298538450100228 0.02400684519338107 -0.0072353490490049506 0.036871590422450355 0.04358380937229845 0.013919586142616373 0.015917526809079322 -0.015321098236010224 0.00054255202078793265 0.0327412602995652 0.0021995134271814995 0.0060301773496976782 0.019112409925309482 0.027515474941561029 0.047316823742683423 -0.0016228334063971036 -0.012971046977142773 0.023409941037808579 0.00029117259859552327 -0.0024230881671057232 0.027410656473613296 0.022689407969057288 0.034940756575027238 -0.010750905850705286 0.024821892091614183 0.011431449300827089 0.0032550329252629315 -0.0052051472646526915 -0.0062896803627625801 0.038982769991971311 -0.0040771585624151232 -0.0053923108311041256 0.041320229888440828 0.023046945977477581 0.032932358290805618 0.00089316446232435209 -0.00986104353762619 -0.0056924780174339431 -0.013387078789853471 -0.00057513092393514072 -0.0054241102582020286 0.0046212307168508361 0.030427553202129379 -0.011250249773948425 -0.010584211690120257 0.0020334947626692705 -0.011106123373596261 0.0033703975350099255 0.039728566468005676 0.032394885695902889 0.00066843287196159348 0.030063661381771675 0.0085132221847481499 0.011721595125406546 0.0063136951980941082
leaf_weight=589.80856705456972 166.30617262050509 48.796971630305052 28.616852384060621 7.6767871640622607 32.244924549013376 104.02502961829305 471.41930066794157 29.893462926149368 13.259028568863867 5.0824852585792533 85.478261560201645 36.260671734809875 66.985714480280876 51.64196539670229 293.30833764374256 34.829919319599867 22.080035541206598 21.006188441067934 504.62844091653824 6.3546793833374968 75.599138580262661 80.175409406423569 39.710082322359085 7.8608876578509799 25.744692210108042 19.516026303172112 6.7975124493241301 8.2285597547888738 43.263235695660114 40.301475401967764 22.940509852021933 34.75698184221983 13.389870643615721 8.8206725120544416 5.08755238354206 6.6998003460466853 33.618308313190937 133.46078545972705 5.210588574409484 33.161066368222237 19.31164862960577 12.771909061819313 17.489576034247875 3.3304914534091976 3.1900216639041963 28.111888606101274 11.366443086415527 4.0291027203202239 40.381921455264091 8.1100816205143911 5.575342394411563 6.5152307152748099 31.598595824092627 52.095831785351038 18.749677572399378 24.895971588790413 51.582075916230679 201.61497937515378 10.498342398554085 17.299597192555666 29.88332711160183 45.532013546675444
leaf_count=12594 2441 876 346 104 612 1729 9035 420 189 89 768 282 558 627 5480 368 263 263 6108 113 750 617 335 108 359 219 58 118 556 435 309 374 102 139 52 76 357 1903 57 439 173 128 209 36 36 542 163 37 719 132 94 94 425 1007 187 242 417 2916 141 259 334 847
internal_value=8.78474e-07 -0.0105995 0.0127596 0.00883389 -0.00205905 -0.0053018 -0.0173023 0.00558782 -0.000596647 0.0133879 0.0204718 0.0256375 0.0292372 0.00106041 -0.0121424 0.0250641 0.00568238 0.00907639 0.00750179 -0.0216079 0.0172857 0.0330293 0.0257808 0.00564156 -0.00129062 0.0126754 0.0187264 -0.000390763 0.0165391 0.0221623 0.00604047 0.00866191 0.0430218 0.029749 0.0198292 0.027365 0.0332436 0.00213694 0.0302464 0.03452 0.00761854 0.0139736 0.00743408 0.0200171 0.029079 -0.0120316 0.0228167 0.0347814 -0.00510329 -0.0038398 0.0149813 0.0160454 -0.000133844 -0.0065736 0.0231283 0.034489 0.0284695 -0.00324064 0.0114734 -0.00950599 0.00441536 -0.00157962
internal_weight=3907.98 2135 1772.98 1365.23 941.676 781.005 1193.32 1073.27 388.569 160.671 291.959 407.752 314.213 406.841 374.164 218.686 222.263 684.703 618.185 648.259 129.179 247.227 153.662 113.607 355.2 93.5385 117.401 80.8554 51.1241 66.5183 73.2725 588.291 93.5653 47.0642 64.9217 45.4057 38.7059 188.817 45.5121 41.9817 59.0217 50.332 553.535 48.9061 31.4165 545.063 33.4465 89.5074 72.6268 62.4824 13.6854 32.2599 175.558 58.4505 94.3488 28.086 58.3796 322.94 42.0969 121.325 37.5601 73.6439
internal_count=59766 39484 20282 16690 15346 12913 24138 13705 5525 2433 2985 3592 2542 5984 6929 2110 3084 8180 7425 13714 1305 1984 1265 1766 5357 1050 983 1449 664 755 875 7005 719 667 704 485 409 2658 492 578 508 566 6631 523 314 10424 426 805 1331 1102 226 453 2469 1120 937 278 475 4904 566 1988 438 1389
is_linear=0
shrinkage=0.03


Tree=20
num_leaves=63
num_cat=0
split_feature=23 3 15 15 15 4 21 32 3 4 32 4 14 24 3 32 14 4 32 9 18 7 32 21 14 4 4 5 24 2 7 24 1 15 5 4 24 16 5 23 22 9 2 29 15 9 24 10 21 8 12 14 15 13 21 14 5 21 22 22 9 21
split_gain=579.651 153.154 109.318 50.1971 49.8085 38.832 34.8619 34.5591 27.5896 21.7975 19.4214 19.0287 22.0302 17.8476 17.8304 18.8683 15.5994 15.3107 17.4846 15.4074 14.493 12.7093 12.6439 12.1214 12.2543 12.0614 11.8374 11.7618 11.4866 12.0477 11.3098 11.2069 11.0762 10.6979 11.1973 10.4513 10.2767 10.4561 9.92278 9.89739 9.51097 10.168 9.39646 10.278 9.32987 10.9709 9.20866 8.98445 8.9626 8.91182 8.87407 8.792 11.1109 8.77613 8.60917 11.1241 8.4371 8.30073 9.29908 8.25298 8.00246 7.92019
threshold=0.41017347574234014 0.64183306694030773 0.023382865823805336 0.7943515181541444 1.1639965176582339 0.37602879106998449 1.323370158672333 14.500000000000002 1.2413458824157717 1.5478326082229616 15.500000000000002 -0.027378956787288185 0.34361904859542852 0.49190737307071691 -0.44343279302120203 8.5000000000000018 1.0000000180025095e-35 -0.013657241128385065 12.500000000000002 0.39253468811511999 -0.59018647670745839 -1.132578372955322 12.500000000000002 0.25812309980392462 -0.93344339728355397 2.1601321697235112 0.4327028095722199 0.50562778115272533 0.22533416748046878 0.24561807513237002 0.84727653861045849 -0.012708995025604962 -0.13510543853044507 1.6116285324096682 -0.28780815005302424 -0.42972947657108301 0.089587453752756133 0.78678208589553844 0.22352172434329989 -0.93096941709518422 -1.300945460796356 0.64177957177162182 0.91293466091156017 0.88562092185020458 0.9193224608898164 0.47194749116897589 0.58023867011070263 1.3155029416084292 -0.84830385446548451 -0.78495243191719044 0.82499328255653392 0.3561625480651856 1.1930564641952517 0.63573259115219127 -0.43088333308696741 -0.49151310324668879 1.3860974311828616 -0.64970272779464711 0.93864980340003978 1.059057414531708 1.2399136424064638 -1.0165418386459348
decision_type=2 2 2 2 2 2 2 2 2 2 2 2 2 2 2 2 2 2 2 2 2 2 2 2 2 2 2 2 2 2 2 2 2 2 2 2 2 2 2 2 2 2 2 2 2 2 2 2 2 2 2 2 2 2 2 2 2 2 2 2 2 2
left_child=2 3 5 7 6 8 9 14 13 10 16 -4 32 39 -2 -16 42 -5 40 54 -9 -21 -15 -17 -25 -7 28 -11 -8 60 33 -12 -13 34 -6 -35 37 -18 61 -1 -19 -42 43 47 45 -23 -37 50 -14 -40 -3 52 -46 -47 -20 -56 -33 -29 -59 -54 -30 -34
right_child=1 4 11 17 30 25 26 20 -10 27 31 12 48 22 15 23 36 18 19 21 -22 44 -24 24 -26 -27 -28 57 29 -31 -32 56 38 35 -36 46 -38 -39 49 -41 41 -43 -44 -45 51 53 -48 -49 -50 -51 -52 -53 59 -55 55 -57 -58 58 -60 -61 -62 -63
leaf_value=-0.023664211523995428 -0.0077353616868878023 0.037951546693784546 -0.011361201127160148 -0.0042000269730949787 -0.001917062336504497 -0.0032929485965855656 -0.0078955499922266255 0.009840446901221548 0.0064039015467842958 0.0096417801144340603 -0.010138503727457875 -0.012343451481882112 -0.021723429793864629 0.016509107406892726 0.037749945437039321 -0.0020425769572073003 -0.01757140604901419 -0.010431306419390534 -0.013430077103177849 -0.015406625669335816 -0.011391246445145999 -0.0093384981857561316 -0.010808063170313676 0.040665279339063408 0.0085242113624951939 0.028156921775703819 0.045262202501609665 -0.0057326690086480607 0.032272224738403403 0.00094579605276635752 0.035803538020987381 0.0042986125529970685 -0.0088738584540179952 -0.0038624953653411398 0.020802479855698625 -0.0060476821771088211 0.011657143026587833 0.015685104544390687 -0.0071897782692208539 -0.017214692915111955 0.034278178531489158 0.0039899169765857997 -0.00027035738599872256 0.0026755108661700973 0.0033611493540646148 0.05355159514624197 0.037312584904891671 -0.0047419579926890661 -0.0027811607422409579 0.030298617866028246 0.009680199178540301 -0.0038237699620875822 0.034210256706292373 -0.0045090460550742595 0.01383001532374319 -0.0056241564309114297 0.025478690424181428 0.050110768717722638 -0.00044378363541895243 -0.0053178567223257141 -0.0066781277651373249 0.0090535111956903617
leaf_weight=463.08778334036469 61.891162198036909 59.713322170078754 109.17512341588736 49.17674208804965 20.718189097940922 113.45289286598563 8.8237440809607488 28.038492877036333 37.168144319206476 23.037035636603832 41.587692249566317 17.933896698057652 21.872871942818165 14.968311518430708 15.592821247875689 72.720430843532085 20.169596653431658 3.5953517556190482 22.275562472641468 6.2587298452854148 312.89536583051085 1.9996557533741022 62.252054758369923 9.0576441846787912 64.050440978258848 7.0965976640582076 28.344713553786278 2.1225995421409634 61.102724015712738 16.350116245448589 109.24347503483295 246.46356303989887 21.167339004576206 5.6410682573914519 197.39846003800631 3.3031991869211188 154.68076120689511 8.2967563904821855 4.9059576578438309 593.55273432657123 52.863352809101343 13.783858008682726 13.477175809442995 15.283055920153855 25.845491394400597 12.169485401362179 74.817545220255852 4.9344760403037062 151.02242978662252 26.968271218240261 16.79314760863781 17.178267184644938 30.165191855281591 1.8628720045089711 55.993213593959808 42.926127087324858 13.58188835531473 23.009762644767765 3.6093144267797461 4.0729064643383017 3.4459773674607268 179.86201278865337
leaf_count=10247 1034 650 1754 670 201 1984 118 438 575 240 649 259 354 254 207 1135 313 42 310 89 5072 27 1121 117 933 109 262 24 593 179 867 2946 336 57 1653 37 1738 115 64 12342 534 145 145 166 311 155 591 52 2230 340 176 220 321 25 598 556 148 223 34 41 37 2600
internal_value=0.00040016 0.011212 -0.011925 0.00191061 0.0183273 -0.0166264 0.0136463 -0.00357429 -0.0182887 0.0107526 0.00896506 -0.00048173 0.00242118 -0.0191226 0.00552514 0.0106891 0.014402 0.0109286 0.0135131 0.00899676 -0.00952815 0.0174392 -0.00483099 0.00664005 0.0148545 -0.000393919 0.0284168 0.028695 0.0209868 0.0244133 0.0267669 0.00352883 0.00803531 0.0229666 0.0186498 0.0325239 0.0086513 -0.00698326 0.00983095 -0.0201394 0.0261652 0.0287296 0.023169 0.0262877 0.0203143 0.0391376 0.0352257 0.0303077 -0.00572075 0.024336 0.0327205 0.014267 0.0193357 0.0466841 0.00164571 0.00552345 0.0058646 0.0402748 0.0442698 0.0294296 0.0298622 0.00699631
internal_weight=3904.85 2080.36 1824.49 904.413 1175.95 1291.58 764.827 564.246 1171.03 646.76 594.981 532.908 423.733 1133.86 223.312 161.421 293.348 340.167 290.99 220.748 340.934 99.5526 77.2204 145.829 73.1081 120.549 118.067 51.7787 89.7226 80.8988 411.122 301.633 250.837 301.878 218.117 83.7618 183.147 28.4664 232.904 1056.64 70.2426 66.6472 110.201 96.724 93.2939 16.032 78.1207 81.4409 172.895 31.8742 76.5065 77.2619 60.0836 14.0324 121.195 98.9193 260.045 28.7417 26.6191 34.2381 64.5487 201.029
internal_count=59763 25194 34569 12980 12214 26632 8808 8936 24539 7619 7098 7937 6183 23964 3426 2392 3355 4044 3374 2653 5510 1189 1375 2185 1050 2093 1189 521 927 809 3406 3743 3599 2539 1854 685 2166 428 3340 22589 721 679 1189 1044 1100 207 628 878 2584 404 826 893 673 180 1464 1154 3094 281 257 362 630 2936
is_linear=0
shrinkage=0.03


Tree=21
num_leaves=63
num_cat=0
split_feature=23 3 6 4 17 14 4 14 11 4 21 6 11 14 32 3 32 7 8 32 21 3 25 6 14 3 32 13 31 4 13 32 3 26 11 32 21 2 17 11 11 3 2 13 3 11 17 4 11 14 14 12 21 17 12 3 26 5 11 20 16 24
split_gain=534.439 131.36 80.6849 50.2188 42.5009 41.9188 40.1037 35.0624 32.313 31.7591 31.1249 26.3635 26.0677 22.914 20.7673 20.2794 19.8262 18.6809 17.2145 16.571 17.0462 16.2155 15.8405 20.2797 14.9906 14.9284 14.6591 13.0101 12.6004 14.7366 12.2547 11.9664 13.4238 11.713 11.5702 11.5634 11.4795 11.1156 11.7326 10.6948 10.5752 10.5374 10.314 10.1294 10.4976 11.0811 9.90283 16.2667 9.54403 10.8033 16.3547 11.191 9.682 9.52102 9.63625 10.2805 9.32562 9.3107 9.50243 9.24077 11.0445 12.1284
threshold=0.42008206248283392 0.64183306694030773 -0.47205275297164911 0.94409903883934032 0.015351164620369675 -0.74262171983718861 -0.063147414475679384 0.14013809710741046 0.24782812595367434 1.2038460373878481 -0.54266214370727528 -0.25670668482780451 0.049944764003157623 0.48057322204113012 10.500000000000002 1.7891547083854678 10.500000000000002 0.67947480082511913 0.1623354181647301 15.500000000000002 0.61593106389045726 0.16499041020870212 0.2028053477406502 1.3716483712196352 -0.8340325355529784 -0.53058227896690358 12.500000000000002 0.38817144930362707 1.0000000180025095e-35 -0.4039864689111709 0.59568554162979137 10.500000000000002 0.28649029135704046 -0.53588587045669545 -0.23932254314422605 8.5000000000000018 -0.66491189599037159 1.2062891721725466 -0.61178603768348683 1.6002532839775088 0.65716460347175609 1.2597366571426394 1.1341597437858584 -0.40757127106189722 1.1724450588226321 0.75509366393089306 0.65851092338562023 1.7498977184295657 0.56066706776618969 0.92852079868316661 -0.20280228555202481 -0.085751030594110475 0.64960786700248729 -0.79314801096916188 0.81636804342269909 -0.89754065871238697 -1.9868686795234678 0.12134637683629991 0.88720330595970165 0.53935581445693981 0.35869242250919348 -0.18849823623895642
decision_type=2 2 2 2 2 2 2 2 2 2 2 2 2 2 2 2 2 2 2 2 2 2 2 2 2 2 2 2 2 2 2 2 2 2 2 2 2 2 2 2 2 2 2 2 2 2 2 2 2 2 2 2 2 2 2 2 2 2 2 2 2 2
left_child=2 6 8 5 9 19 21 10 41 12 30 -7 16 25 -13 22 18 35 -4 34 -21 -2 23 27 53 -14 36 43 29 -27 -8 32 -9 -23 -3 -12 -10 38 -5 -28 -29 -1 56 44 45 -16 47 -40 -17 50 -50 -52 -51 -19 55 -55 -36 58 -37 -6 -61 -62
right_child=1 3 4 37 59 11 7 31 26 -11 17 14 13 -15 15 48 -18 24 -20 20 -22 33 -24 -25 -26 28 39 40 -30 -31 -32 -33 -34 -35 42 57 -38 -39 46 -41 -42 -43 -44 -45 -46 -47 -48 -49 49 52 51 -53 -54 54 -56 -57 -58 -59 -60 60 61 -63
leaf_value=-0.022506020329419438 -0.018247658268069147 0.0053295400995352306 -0.009315449501965032 -0.0077239794926408289 0.00070373066147470526 -0.0070268140168928102 -0.011099036660022413 -0.0027671872554187343 -0.0062924957912277495 0.016461121404494395 0.035013986879400924 0.027710717521895276 -0.0078899246031844464 -0.015822242543977322 0.038717394149059767 0.0056881678321200049 -0.016570686100052839 -0.0072546763892609775 0.027193834721345813 0.0011708167316791622 0.028248920251940507 0.020894970437205167 -0.0030145498970910222 0.022836358365721544 0.012662758882463269 -0.011773070064369451 -0.014133381031876781 0.0057246612137337475 -0.0014806620571894873 0.022680514932973902 0.015949289567489006 -0.0042653476685828619 0.034340318224178122 -0.0063574904325217826 -0.0044096106685374012 1.3606500001426106e-05 0.0212178713379121 0.04360114477373938 0.017296657107558091 0.011291868147788009 0.025338855665513523 0.0027770495600776307 0.003474214681341303 0.00098572662864665982 -0.0028513118885176098 -0.0011086206017681163 0.017695536536355291 0.051003129369153348 0.0011546788406656234 -0.0062619155171926505 0.0057593420280069099 0.044445547641172388 0.022592573089047368 -0.00017801034465497639 0.0084361774022688463 0.05233700907728734 0.045141373001068082 0.019503913263831649 0.014574495381473509 -0.00022900055608364637 -0.010938040523671585 0.025558541822397352
leaf_weight=580.00229217112064 100.03809153661132 11.416471760720013 25.828124694526196 7.2431782074272624 131.69477793574333 60.603915750980377 65.953003127127886 17.629164230078462 27.159485537558794 38.07996641099453 10.980619747191666 75.598854243755341 74.245662312954664 82.854678962379694 16.12479387968779 30.557947717607021 413.90151601284742 2.5501248203217974 13.881757106631992 38.334136359393597 42.291800908744335 14.343095164746044 87.522843722254038 94.582066901028156 51.362067684531212 10.332289237529038 172.4524447619915 51.43595340102911 59.962499294430017 57.43090221658349 14.468273486942051 284.86959740519524 11.22310735657811 48.399086855351925 2.6903326436877242 125.89919381961226 19.409316718578339 54.943887520581484 32.69087490811944 12.588754184544085 50.521560560911894 14.159001640975474 7.3345069587230673 221.05263940617442 15.057655189186333 8.5650150664150697 75.652554735541344 30.253702640533447 12.831531845033167 16.019571974873543 9.6098371371626836 46.768774293363094 18.050863161683083 3.6666416302323297 9.5888444222509843 30.606898255646232 72.682566691190004 45.302630580961704 54.359342575073242 36.068222481757402 6.7562609389424315 49.670206513255835
leaf_count=12687 1713 111 462 77 1947 934 998 261 535 545 119 696 1385 1472 202 289 8088 31 239 404 364 211 1029 878 686 183 3367 599 1012 922 215 4379 135 722 24 1688 346 454 328 233 530 221 64 2529 164 101 655 274 100 151 85 384 136 46 97 303 628 537 662 509 105 661
internal_value=0.000561308 0.0109407 -0.0112659 0.0174406 -0.00549523 0.0145306 0.00220996 0.00522546 -0.018184 -0.00880605 0.0108986 0.0115417 -0.010211 -0.00302261 0.0130701 0.0112485 -0.0146425 0.0148875 0.00506129 0.0277598 0.0161946 -0.0110383 0.00853595 0.0107551 0.0257264 0.00248357 -0.00842671 0.00733751 0.00858364 0.0169791 -0.00558415 -0.00232776 0.0146072 0.000954933 0.0363498 0.00996746 0.00611902 0.0310822 0.0250768 -0.0121521 0.016174 -0.0218854 0.0400837 0.00364369 0.0166639 0.0270416 0.0270003 0.0360584 0.0215865 0.0258105 0.0324164 0.0388577 0.00996036 0.0375457 0.0406261 0.0474115 0.0432084 0.00801528 0.00467948 0.00591429 0.0129166 0.020654
internal_weight=3908.16 2081.68 1826.48 1190.44 1000.71 989.654 891.24 728.46 825.771 776.517 414.738 814.904 738.437 284.826 754.3 678.701 453.611 334.316 39.7099 174.75 80.6259 162.78 544.863 457.34 97.7746 201.971 231.61 362.758 127.726 67.7632 80.4213 313.722 28.8523 62.7422 94.1239 236.542 46.5688 200.784 145.84 185.041 101.958 594.161 82.7074 260.8 39.7475 24.6898 138.597 62.9446 133.839 103.281 69.2101 56.3786 34.0704 46.4125 43.8624 34.2735 75.3729 225.561 180.259 224.189 92.4947 56.4265
internal_count=59912 24993 34919 12190 17530 10402 12803 10157 17389 14308 5382 8807 13763 4974 7873 7177 8789 4169 701 1595 768 2646 6032 5003 1163 3502 4481 4125 2117 1105 1213 4775 396 933 827 3006 881 1788 1334 3600 1129 12908 716 2996 467 303 1257 602 1145 856 569 469 287 477 446 349 652 2887 2350 3222 1275 766
is_linear=0
shrinkage=0.03


Tree=22
num_leaves=63
num_cat=0
split_feature=15 3 6 14 15 32 4 24 3 32 15 23 21 15 25 6 8 7 23 14 14 32 25 14 5 25 21 12 21 4 14 32 23 24 8 6 25 7 8 14 14 7 6 20 5 3 7 14 5 4 3 6 22 7 12 21 6 22 20 30 24 23
split_gain=506.805 105.818 102.202 45.4165 35.0989 37.3076 34.4999 34.4991 34.4306 30.4095 24.2385 22.2054 20.4873 19.4723 18.9265 17.1621 16.6515 17.5177 16.2605 16.7601 15.9841 15.5576 14.7216 18.0365 14.6869 15.9473 13.855 13.4424 12.6966 15.0074 13.5633 12.6354 11.8791 11.8586 11.5138 14.2539 11.4287 10.9781 10.1862 10.4761 10.177 9.99918 9.96033 9.80344 9.75736 10.1115 9.38754 9.29718 9.12814 10.5893 8.93293 8.85401 8.6438 8.5595 9.81591 10.668 9.68559 8.95497 8.90116 9.66975 9.02401 8.48042
threshold=0.045292682945728309 1.1403037309646609 0.52198198437690746 0.059922223910689361 1.4464946985244753 10.500000000000002 0.47716286778450018 -0.065289530903100954 0.64183306694030773 10.500000000000002 1.1367890834808352 -0.67780813574790943 -0.10891399532556532 -0.023791152983903881 0.54386845231056224 1.4985040426254275 0.17380572110414508 0.83461421728134166 1.20490437746048 -0.66242766380310047 -0.72725367546081532 11.500000000000002 0.25834591686725622 -0.98038837313652027 -0.065406117588281618 -0.52157127857208241 -1.2272981405258176 -0.61168742179870594 1.4334087371826174 -0.013657241128385065 -0.15035419166088101 15.500000000000002 0.092748105525970473 -0.60054090619087208 -0.24980201572179792 1.0693199038505556 0.25834591686725622 0.15473265200853351 -0.23700874298810956 -0.74262171983718861 -3.0694205760955806 0.67947480082511913 1.0584469437599184 -0.8919868767261504 -0.065406117588281618 -0.93478554487228382 0.42972676455974584 0.79677385091781627 -0.26552353799343104 0.051127215847373016 0.89577832818031322 0.44631823897361761 -1.3527000546455381 0.75122755765914928 0.19435914605855945 1.3425840735435488 -0.014521813020110129 0.61264479160308849 -0.36647388339042658 -5.0714285373687735 1.3036496639251711 1.089910686016083
decision_type=2 2 2 2 2 2 2 2 2 2 2 2 2 2 2 2 2 2 2 2 2 2 2 2 2 2 2 2 2 2 2 2 2 2 2 2 2 2 2 2 2 2 2 2 2 2 2 2 2 2 2 2 2 2 2 2 2 2 2 2 2 2
left_child=2 3 6 9 5 32 11 -5 20 16 28 -1 -7 -10 15 31 17 51 19 -14 44 -8 23 26 -13 37 -12 61 29 30 -11 -9 -3 -18 35 -31 53 -26 -27 46 -24 -36 48 -35 -4 -46 -40 -29 -33 -50 -37 -2 -28 54 55 -21 -55 58 -58 -60 -61 -15
right_child=1 4 8 7 -6 12 21 14 13 10 22 24 18 27 -16 -17 33 -19 -20 36 -22 -23 40 -25 25 38 52 47 -30 34 -32 42 -34 43 41 50 -38 -39 39 -41 -42 -43 -44 -45 45 -47 -48 -49 49 -51 -52 -53 -54 56 -56 -57 57 -59 59 60 -62 -63
leaf_value=-0.021719435021325968 0.017678683217244619 -0.0043972641040703146 -0.015406485191693613 -0.012455095827745451 0.031755178905496013 -0.00053847492459154324 0.022983084131235645 0.0092093242399232597 0.0038057020806369505 -0.018653624349449074 -0.012416918139494091 -0.022095781151582339 0.027676967386610626 -0.011291768777254133 -0.0093951176261133328 0.028142703803648066 -0.0048932248764339227 0.037389769019305706 0.024295034704102728 -0.011552029248979013 -0.0091687550202438819 -0.0050670057921508686 0.025014092071602958 0.010621898562617867 -0.0069537116056122656 -0.018056464666629406 -0.0066621256965285081 0.043336866561644934 0.01851263712394377 -0.0089034600139060276 0.010223757582219115 -0.018191809311140155 0.040048333364325867 0.0066395489443544214 0.0048105477383051636 0.023012416088988224 -0.010987958258990089 0.017548946506486269 -0.005367891751238466 -0.011747328044278957 0.00026179237289101272 0.021231866890466848 0.009654812770025183 0.04366818240141785 -0.010487987747682143 0.024465735377127106 0.018663899686019371 0.0051363336003704642 -0.0051757352157075567 0.013485139096661217 -0.011878768834203923 -0.01026462822789369 0.040304878666081081 -0.008812264467765377 0.01027095834315323 0.020676788149063725 -0.0084692039715183551 0.0078262270282039963 -0.0080044250722202271 0.043855653573102206 -0.0034210929075132969 0.021740967604966865
leaf_weight=583.63885891437531 10.125212553888558 4.9027385637164107 6.3342431075870982 161.6285439170897 150.996378287673 90.552753161638975 16.384721383452415 211.94470377266407 80.034000173211098 48.722487963736057 3.0867730677127829 137.66336220875382 42.398689568042755 10.84166541695595 87.148325260728598 23.428569965064526 5.1549288146197787 9.5680451951920968 122.81186180561781 40.657852955162525 173.95964580401778 101.06779251620173 14.022400885820387 69.060740079730749 34.084021292626858 189.57405108213425 2.3736676461994639 28.393036294728518 38.808679271489382 89.547549150884151 16.460020203143358 29.638426959514618 57.684282030910254 9.6626311093568784 158.4904976002872 19.897391811013225 22.063456758856773 23.742552775889635 40.943793535232544 207.38555224612355 70.331311691552401 39.016332503408194 56.297616697847843 45.662577580660582 6.5819080136716357 27.214268542826176 16.571224220097065 8.6998845823109132 117.62091224640608 30.256566341966391 5.475058637559413 26.471096333116293 50.265957828611135 8.1368914321064931 115.89865275099874 6.7925750613212577 2.873213402926921 31.220014423131943 2.6958442851901046 27.888992309570316 3.30836447328329 7.7360770627856246
leaf_count=13235 133 57 99 2656 1124 1055 261 2782 1087 766 44 2882 380 131 1207 249 68 99 997 451 3006 1740 129 731 671 3859 28 313 467 1293 261 446 468 113 2180 249 231 453 831 4153 744 504 677 444 108 376 315 102 1742 394 58 284 476 112 1184 63 31 313 27 270 26 77
internal_value=5.46497e-05 0.00961774 -0.0122006 0.00489606 0.0188893 0.0152963 -0.0159306 -0.000471227 0.00222766 0.0101265 0.00747941 -0.0174042 0.0124061 0.0137817 0.0030903 0.005484 0.0246233 0.00955842 0.0151273 0.0110897 -0.00524343 -0.000375323 0.0156914 0.0220716 -0.013393 -0.0108635 0.0342182 0.0266279 0.00321781 0.0014245 -0.0111526 0.00399412 0.036499 0.0345144 0.00418284 -0.00327954 0.00793187 0.00370261 -0.0127369 -0.00866608 0.00554593 0.00849862 -0.00082714 0.0382874 0.0109029 0.017184 0.00249511 0.0360516 -0.00432482 -0.00104145 0.0147673 -0.00133775 0.0377928 0.0098641 0.00569137 -0.00540717 0.0179155 0.0214989 0.0307822 0.0347707 0.0390621 0.00415707
internal_weight=3881.9 2181.05 1700.85 1450.17 730.883 579.886 1351.06 717.964 349.795 732.203 625.559 1233.6 517.299 135.705 556.335 469.187 106.644 46.1644 426.746 303.935 214.09 117.453 209.141 124.787 649.965 512.301 55.7264 55.6707 416.418 377.609 65.1825 445.758 62.587 60.4801 312.427 114.92 261.536 57.8266 454.475 264.901 84.3537 197.507 233.814 55.3252 40.1304 33.7962 57.515 37.0929 177.516 147.877 25.3725 36.5963 52.6396 239.472 163.349 47.4504 76.1233 67.9864 36.7664 33.8932 31.1974 18.5777
internal_count=59712 26013 33699 19224 6789 5665 28400 10153 5299 9071 7930 26399 5140 1710 7497 6290 1141 516 4085 3088 3589 2001 2152 1279 13164 10282 548 623 5778 5311 1027 6041 525 625 4284 1600 2708 1124 9158 5299 873 2684 3259 557 583 484 1146 415 2582 2136 307 417 504 2477 1698 514 779 667 354 323 296 208
is_linear=0
shrinkage=0.03


Tree=23
num_leaves=63
num_cat=0
split_feature=15 3 3 24 20 4 6 24 7 4 21 21 17 6 4 15 24 8 15 4 11 21 13 3 32 10 17 7 22 21 4 6 32 23 22 30 3 11 26 11 25 32 29 13 13 22 20 4 2 21 30 7 11 21 12 6 10 26 16 20 22 30
split_gain=500.59 100.6 90.5086 39.846 36.7198 35.6473 31.8059 25.4032 23.1831 21.6373 19.4464 17.8411 17.6358 17.4415 16.691 17.536 16.265 16.2259 13.3501 15.5554 13.3072 13.6833 12.9818 11.8901 11.7513 12.5722 11.6661 11.4103 11.3602 12.2437 10.9756 10.8923 10.7903 10.5466 10.4804 9.95837 9.62106 16.8182 10.586 11.8503 9.60793 11.0137 9.44038 9.41785 10.8569 9.24564 9.21594 8.80859 9.63421 8.76452 8.51134 8.46493 8.25108 9.84733 8.11154 9.69332 8.07736 8.03116 8.92768 8.64916 8.02052 8.88928
threshold=0.087022006511688246 0.82590156793594371 -0.056877726688981049 0.70738312602043163 0.64915120601654064 1.2038460373878481 1.0480196475982668 1.2883771657943728 -0.55664002895355214 1.0000000180025095e-35 -0.84830385446548451 0.55354994535446178 -0.035905038937926285 -1.0034729242324827 -0.56525394320487965 0.73107045888900768 1.1362311244010928 0.52249017357826244 -0.32174079120159144 1.0500876903533938 0.036560259759426124 0.84205868840217601 0.44476972520351415 1.2597366571426394 13.500000000000002 1.2681563496589663 -0.59563481807708729 1.1894072890281679 0.25842393934726721 1.5404807925224306 -0.23698300123214719 0.97222048044204723 11.500000000000002 0.86667206883430492 -0.61886605620384205 -1.0000000180025095e-35 0.14172088354825976 1.2282435297966006 0.81574785709381115 -0.11688621342182158 -0.051614318042993539 12.500000000000002 0.77350428700447094 0.53528937697410595 1.2310909032821657 0.42527237534523016 -0.10596444830298422 -0.32360298931598658 1.2841654419898989 -0.84830385446548451 -3.0833333730697627 0.31961327791213995 0.87587794661521923 -0.010693989694118498 0.54727965593338024 1.1154600381851199 -1.0964785218238828 -1.260078430175781 0.38605833053588873 1.0000000180025095e-35 -0.48128026723861689 -4.0833332538604727
decision_type=2 2 2 2 2 2 2 2 2 2 2 2 2 2 2 2 2 2 2 2 2 2 2 2 2 2 2 2 2 2 2 2 2 2 2 2 2 2 2 2 2 2 2 2 2 2 2 2 2 2 2 2 2 2 2 2 2 2 2 2 2 2
left_child=2 5 13 9 12 6 10 28 -8 23 -2 42 33 -1 -12 36 -13 22 -15 51 -14 24 -7 57 25 49 -19 32 54 43 -9 -23 -11 -3 -26 -28 37 -16 -38 -40 -10 -42 -5 -30 45 -45 -41 -36 -49 -22 -35 -20 -34 -54 55 -6 -37 58 -4 -60 -56 -62
right_child=1 4 3 11 7 17 8 30 40 27 14 16 20 18 15 -17 -18 26 19 -21 21 31 -24 -25 34 -27 35 -29 29 -31 -32 -33 52 50 47 56 38 -39 39 46 41 -43 -44 44 -46 -47 -48 48 -50 -51 -52 -53 53 -55 60 -57 -58 -59 59 -61 61 -63
leaf_value=-0.023094916691202453 -0.01399783925566069 -0.013446763710165758 -0.010000592316209162 -0.0050170685887517821 0.020781452464382739 -0.0034242863088577323 -0.0063423754986868504 0.0030963405583127475 0.029145307339267023 0.021829116581367353 -0.013309124543780138 0.006196125385846362 -0.00025371684674852055 -0.018893135479872428 -0.009715454824082783 0.0080213775913822848 0.034189741990123083 -0.0083566740196247546 -0.015280111852161644 0.013170986080586686 -0.0043295150861711647 0.0065898302854495066 0.025352422492504689 0.002388081939893347 0.019632569865298221 -0.011245578061845543 -0.0045467485477853143 0.027547572572058802 0.0019878694539495691 0.024818578447794115 0.033875392048415325 0.033334009444555696 -0.011290645054303404 -0.016729406166260116 -0.012400040422636293 -0.002221467050660203 -0.00055656835646762919 0.020161627549223494 -0.0048655717887969227 -0.0051705403341698267 0.023158760603254246 0.0067310014249808842 0.014080391203991793 -0.011667012435921782 -0.0016476848879664549 0.031022941335954592 0.044180638136972046 0.0040514731328576909 0.026703490815783066 0.026267567181320565 0.015914519613253648 -0.0052780058267469197 0.023733005592770043 -0.015664806729650923 0.0072603296919703198 -0.0028615986118350053 0.043736313095859888 -0.014642900737208118 -0.0078393179391816822 0.029558710794762803 -0.0030326124423192572 0.038362192142793926
leaf_weight=351.47198241949081 96.32636508718133 37.506129499524832 29.912933174520731 77.996290639042854 53.285746861249208 35.813128355890512 59.049474380910397 12.307574450969694 30.690415002405643 11.804326657205818 68.733355451375246 44.470479927957058 63.191672962158918 347.14276732876897 172.9781202301383 236.88542190566659 31.123358804732561 4.1094379723072043 230.10507168248296 19.706184379756451 7.9018179923295966 22.054169367998838 17.265586473047733 51.490656215697527 48.192099764943123 7.5027002319693556 3.9314079694449893 12.17856180667877 105.96110353991389 45.057851880788803 151.80577540397644 50.633163936436176 45.82758567109704 5.015749670565131 20.231233082711697 3.2434688881039611 129.67523905262351 14.070094678550957 9.5703336708247679 3.1587034352123746 47.742477398365736 145.10970267653465 27.389692798256874 2.6313471123576155 17.547143440693617 29.98011677339673 10.020528037101027 156.38294779881835 14.401676207780836 80.811621371656656 25.024604853242636 123.62679935991764 11.273048803210257 4.6074244081974021 14.293466992676256 19.803173527121544 36.201097674667835 293.38561944290996 6.6605534069240084 8.3381852172315103 4.3097086548805228 53.78362051397562
leaf_count=8080 1566 495 597 1090 542 427 791 110 345 177 1116 585 724 7634 2773 2953 351 50 4734 315 87 223 202 783 526 68 47 179 1143 441 1072 398 758 58 240 38 1882 211 142 48 481 1708 383 28 166 321 142 1612 128 715 276 2503 178 64 142 163 377 5745 131 157 42 475
internal_value=-9.99295e-05 0.00947081 -0.012131 -0.00332221 0.0161288 0.00321271 0.00149399 0.0218986 0.00996488 -0.00786453 -0.00177983 0.00850219 0.0105086 -0.0174845 0.000138221 0.00184255 0.0191277 0.0198142 -0.0146076 -0.0104269 0.0125475 0.0145087 0.00731302 -0.0108429 0.0116354 0.0203288 0.03176 0.00553401 0.0168608 0.0117469 0.0317269 0.0261659 0.000365003 -0.00360183 0.00779401 0.0360316 -0.0025229 -0.00700165 0.00302101 0.0198395 0.014317 0.0112803 0.000359298 0.00732112 0.0173862 0.0264853 0.0341836 0.00438262 0.00666686 0.0234567 0.00885464 -0.0119067 -0.00506935 0.0112885 0.0233074 0.0146024 0.0401325 -0.0128621 -0.000927664 0.0151434 0.0305855 0.0352943
internal_weight=3902.7 2174.19 1728.51 656.459 1049.62 1124.57 1024.01 510.767 282.592 475.479 741.418 180.98 538.85 1072.05 645.092 576.358 75.5938 100.564 720.581 373.438 471.303 408.111 53.0787 389.788 335.424 96.2161 47.4854 85.6909 346.653 201.178 164.113 72.6873 73.5124 67.5465 239.208 43.376 339.473 187.048 152.425 22.7496 223.543 192.852 105.386 156.12 50.1586 32.6115 13.1792 191.016 170.785 88.7134 30.0404 353.732 61.7081 15.8805 145.476 73.0889 39.4446 338.297 44.9117 14.9987 72.3868 58.0933
internal_count=59938 25494 34444 11178 10195 15299 14158 4645 3325 8769 10833 2409 5550 23266 9267 8151 936 1141 15186 7552 4721 3997 629 7413 3376 870 512 1356 3463 2099 1182 621 1177 829 2506 462 5198 2984 2214 332 2534 2189 1473 1658 515 349 190 1980 1740 802 334 7237 1000 242 1364 705 415 6630 885 288 659 517
is_linear=0
shrinkage=0.03


Tree=24
num_leaves=63
num_cat=0
split_feature=23 15 15 4 21 4 3 4 14 7 7 14 3 3 14 14 0 25 4 3 5 4 12 3 15 9 3 6 29 22 3 5 10 14 14 17 12 17 7 9 17 31 6 7 7 15 14 25 3 3 24 6 31 25 21 7 22 17 15 19 31 6
split_gain=469.309 112.526 82.668 49.2298 44.6485 42.8541 34.4227 32.6478 29.4368 24.6446 22.6021 26.5016 19.7207 19.0275 18.4445 14.9895 14.6234 16.2163 13.5736 12.7409 12.6136 12.5449 11.936 11.7287 11.3917 11.1574 12.8763 10.9479 10.672 10.5982 10.3075 10.1439 10.0545 9.9783 10.2988 9.8076 9.57281 13.4767 11.7601 9.50927 9.23859 9.61584 9.22962 9.20692 12.2481 9.0243 8.85575 10.3052 8.83546 8.7446 8.51887 8.32186 8.18692 7.96301 7.95239 7.64513 7.63712 14.6261 12.699 11.6016 12.7099 8.48188
threshold=0.24323514103889468 0.81746000051498424 0.011032769922167064 -0.037920959293842309 1.4086498618125918 2.0413861274719243 1.4413411021232607 0.47716286778450018 -0.3753096312284469 0.46057610213756567 -0.55664002895355214 -0.56972739100456227 1.2413458824157717 0.72049182653427135 0.25006461143493658 0.18064018338918689 -0.030506875365972515 -0.29798562824726099 -0.29658310115337366 0.45097060501575476 0.93634629249572765 0.70580422878265392 0.12244937196373941 0.057279193773865707 1.3416451811790469 -1.1543081998825071 1.8791651129722597 -0.45703840255737299 0.68990385532379161 -2.1659055948257442 -0.52025631070137013 -0.39321604371070856 -0.36375924944877619 1.0250630378723147 0.45944936573505407 1.871271073818207 0.22966294735670092 -0.55161306262016285 1.4053932428359988 1.0662485957145693 1.3569446206092837 -0.92857143282890309 1.4763169884681704 -0.13893931359052655 -0.87310016155242909 0.57750803232193004 0.34361904859542852 2.2106661796569829 -0.14050853252410886 -0.1161692328751087 0.50366070866584789 1.0382741689682009 -0.92857143282890309 1.7691885232925417 1.0244275927543642 -0.74332183599472035 -0.10675829276442526 0.91908085346221935 1.2392418384552004 1.3360446095466616 -0.35714286565780634 1.091432571411133
decision_type=2 2 2 2 2 2 2 2 2 2 2 2 2 2 2 2 2 2 2 2 2 2 2 2 2 2 2 2 2 2 2 2 2 2 2 2 2 2 2 2 2 2 2 2 2 2 2 2 2 2 2 2 2 2 2 2 2 2 2 2 2 2
left_child=2 3 7 19 5 8 10 12 9 20 24 52 27 42 16 40 -4 -18 -8 -2 28 36 54 -13 -3 -15 -27 -1 51 -29 -11 -9 -23 34 55 -25 -16 -38 39 -39 41 -6 -10 44 -30 -7 47 -44 -26 -17 -46 -5 -12 -50 -20 -24 57 61 -58 60 -60 -54
right_child=1 6 14 4 15 45 18 31 13 30 11 23 -14 25 21 49 17 -19 22 -21 -22 32 33 35 48 26 -28 29 43 -31 -32 -33 -34 -35 -36 -37 37 38 -40 -41 -42 -43 46 -45 50 -47 -48 -49 53 -51 -52 -53 56 -55 -56 -57 58 -59 59 -61 -62 -63
leaf_value=-0.021967068938782995 -0.015819265919684893 -0.0064210423214703894 -0.013621591770283131 -0.010466876115067069 -0.0050552323115846598 0.044532463012326946 0.002641938046152112 -0.013647588371273488 -0.0067728578742368784 -0.00036205334395296527 0.0028016173745422069 -0.00390251139032251 0.0046867670608684532 -0.0098893938448833523 -0.01600385421480505 -0.014741357106400751 0.023844765679590919 0.0028420861800091944 0.0048250354059171238 -0.0023760640890145282 0.02644434132520386 0.029638571954418741 -0.0012832067465913663 0.0089886437108229935 -0.0089072938242258353 0.0042046769888288088 0.025860825685273554 0.015994726756080574 -0.0022692697274065464 -0.015722368529483756 0.030650688025351785 0.0064355894090639583 -0.003703097133728617 0.013271930150441631 0.045869416939072052 0.02578619882806318 -0.019706069842362652 -0.0051309545261517854 0.033101518806386683 0.020582848840412612 -0.0042365201905065798 0.043322152416028305 0.046964558449223183 -0.0052849457658119842 0.003457844659019587 0.0070254934903127546 -0.0082116041874762662 -0.0062095017718152524 0.026401138287652129 0.015906315600807245 0.048654150166022765 0.0087853008226609249 0.0009168701659301498 -0.004714828479406131 0.024214488583478643 0.027851461871210601 0.015487721490795654 -0.0075043489778208738 0.016800108347750729 -0.012140177707665815 0.042537684316073639 0.036307888115280261
leaf_weight=590.61879609152675 128.08714982867241 81.138401132076979 24.540515843778849 64.978131618350744 2.9669455215334883 21.366066299378875 27.073686711490154 28.345221783965826 354.47117200866342 11.312416579574345 20.590333480387926 52.655038669705391 30.254490733146667 38.682781156152487 93.94103566929698 5.9919933378696433 44.082894444465637 106.5898516587913 45.819987133145332 125.23482610657811 14.912282485514877 9.6388426460325736 8.1470454633235914 294.18593946099281 10.692711144685743 242.35526103898883 23.003555797040462 5.877141047269105 11.350651193410156 412.09493143111467 56.194038555026054 65.47377360612154 16.174124483019114 41.817488290369511 43.939551070332527 32.605373255908489 27.41328015178442 72.739569261670113 5.2568137571215621 10.537555545568464 3.7363843768835059 38.955901928246021 4.2122121565043908 15.100976914167402 6.2232495732605484 10.143943913280962 6.6329617574810982 3.483954980969429 24.101686559617519 44.691137321293354 9.1364367790520173 24.067118387669325 9.4717388562858122 8.1182758249342424 32.025334045290947 135.25109979510307 80.546612869948149 20.353661444038153 35.885206662118435 2.6484771817922583 65.96847864612937 13.549453020095823
leaf_count=13950 2343 1019 390 971 34 243 247 510 5821 174 198 701 479 511 1534 102 623 1590 385 1751 187 128 67 3029 145 3016 245 121 176 8851 670 1137 223 314 324 301 467 1146 79 165 38 451 59 203 98 106 96 53 244 537 115 307 109 92 227 965 800 197 303 22 555 129
internal_value=2.97173e-05 0.00845367 -0.0128022 0.00236237 0.0053195 0.00321371 0.0155146 -0.0169681 0.00189035 0.0114648 0.0118197 0.0141129 -0.0184917 -0.00120671 -0.00125299 0.0242282 0.00602136 0.00955542 0.0235406 -0.00934797 0.0041968 -0.00667328 0.0253117 0.00893226 0.000105302 0.0043109 0.00652557 -0.0192067 0.000781552 -0.0150926 0.0257871 -1.56001e-05 0.0115362 0.0288506 0.0318926 0.0110279 -0.00912908 -0.00312776 0.0027845 -0.000895714 0.0360641 0.0397246 -0.00575229 0.01246 0.0217437 0.0350737 0.0147157 0.0299276 0.0118275 0.0112847 0.0356884 -0.00507297 0.0216759 0.0189809 0.0137818 0.0262087 0.0232807 0.0102635 0.0259816 0.0329935 0.0346802 0.0245086
internal_weight=3897.46 2353.88 1543.58 1267.29 1013.97 917.627 1086.59 1132.66 886.117 213.275 752.511 628.46 1038.85 672.842 410.914 96.3424 175.213 150.673 334.074 253.322 145.769 235.701 307.001 379.446 124.051 304.042 265.359 1008.59 130.857 417.972 67.5065 93.819 25.813 229.155 187.338 326.791 209.888 115.947 88.5339 83.2771 45.6592 41.9228 368.8 41.8113 26.7103 31.51 14.3291 7.69617 42.9127 50.6831 15.3597 89.0453 249.014 32.22 77.8453 143.398 228.424 43.3749 185.049 104.502 101.854 23.0212
internal_count=60073 28680 31393 18307 14213 13051 10373 25048 12702 2901 7844 6344 23401 9801 6345 1162 2603 2213 2529 4094 2057 3742 2282 4031 1500 3772 3261 22922 1870 8972 844 1647 351 1670 1356 3330 3391 1857 1390 1311 523 485 6029 592 389 349 208 112 481 639 213 1278 2313 336 612 1032 2115 435 1680 880 858 238
is_linear=0
shrinkage=0.03


Tree=25
num_leaves=63
num_cat=0
split_feature=15 3 15 32 4 21 6 32 17 14 14 32 16 11 24 3 9 14 21 24 20 14 7 14 4 6 32 11 3 15 24 25 20 30 0 15 26 11 4 7 11 4 3 11 3 18 26 20 14 13 6 12 9 11 25 6 29 9 16 22 12 31
split_gain=441.201 96.7512 72.6089 44.6096 42.8967 36.7152 30.5715 24.437 22.367 21.0726 19.7375 19.0862 20.8897 18.4627 17.4745 17.1112 15.9316 14.2388 13.7627 13.5114 14.2238 13.1819 12.611 12.133 11.8751 11.8561 11.5095 12.2649 10.9438 12.3466 10.5588 13.2932 10.3182 10.2575 10.0985 9.97618 10.3982 10.4414 9.91574 9.91505 9.83895 9.79229 9.64495 9.59676 9.53316 9.40796 9.17028 8.92353 8.53141 8.46497 8.46209 8.36973 8.35656 8.31154 8.29805 11.1044 8.99353 11.6782 11.7119 10.1081 8.28792 8.84757
threshold=0.087022006511688246 -0.1959760785102844 0.82950487732887279 11.500000000000002 1.2038460373878481 0.77142310142517101 0.5097789764404298 10.500000000000002 0.13502205908298495 -0.18275956064462659 -2.4485961198806758 12.500000000000002 0.75610783696174633 0.24782812595367434 1.1362311244010928 1.2230356931686404 -0.94600728154182423 0.37779803574085241 0.60565108060836803 0.18777696043252948 0.84993621706962597 0.48763976991176611 0.69212937355041515 -1.7817230820655821 -0.25772756338119501 -0.41294224560260767 13.500000000000002 -0.20396583527326581 0.15257247537374499 0.46613910794258123 0.28833755850791937 -0.059461718425154679 -0.50443041324615467 -4.0833332538604727 -0.28760144114494318 1.4464946985244753 0.38634522259235388 1.5750464200973513 0.44770708680152899 0.27986232936382299 1.0908902883529665 -0.46243043243885035 -0.30270126461982721 1.1448631882667544 0.41204597055912023 -0.76526281237602223 -0.91741299629211415 0.2029594033956528 0.36979033052921301 -0.65279909968376149 0.87721347808837902 0.28891630470752722 0.88198497891426098 1.4620768427848818 -0.57664090394973744 -0.81784233450889576 0.20714285969734195 -0.53116911649703968 0.41586035490036016 0.079560488462448134 0.37777791917324072 -1.0000000180025095e-35
decision_type=2 2 2 2 2 2 2 2 2 2 2 2 2 2 2 2 2 2 2 2 2 2 2 2 2 2 2 2 2 2 2 2 2 2 2 2 2 2 2 2 2 2 2 2 2 2 2 2 2 2 2 2 2 2 2 2 2 2 2 2 2 2
left_child=1 13 4 9 7 10 15 21 22 16 42 24 43 25 33 38 -3 18 49 -11 -21 46 -9 -10 -12 -1 44 -28 -24 -30 -14 -32 -25 -7 -6 36 37 -33 -5 -15 54 -29 -4 47 -16 -43 -2 -13 -35 -8 -44 -20 53 -36 55 -34 57 -56 -59 -60 -50 -62
right_child=2 3 5 6 34 14 17 8 23 19 11 12 30 39 26 -17 -18 -19 51 20 -22 -23 28 32 -26 -27 27 41 29 -31 31 35 40 48 52 -37 -38 -39 -40 -41 -42 45 50 -45 -46 -47 -48 -49 60 -51 -52 -53 -54 -55 56 -57 -58 58 59 -61 61 -63
leaf_value=-0.023462807169348652 0.038815004961155468 -0.0047660324156969342 -0.00013938028520632723 -0.015126298744941643 -0.0029473636987542252 -0.0063053142709565933 0.021356208423623631 -0.007522193390900757 0.026186060975208331 -0.0050736913441486531 -0.006542006029552707 -0.0095951627333503431 -0.0067104071807187289 -0.013627459827705961 0.0094924717250042499 0.0054259510805283054 0.044927004057633071 -0.0052383173436274929 0.03128557624268391 0.0051093830911221492 0.043520993469158741 -0.0021188241813457215 -0.0076061029216950493 -0.0074136211092751658 0.020214513433855975 -0.014933597086699266 0.0031536101526833085 -0.004603110689189384 0.023404447689632724 -0.0014169317115115226 0.041246003177563058 0.019163540275102264 -0.012068200053497145 0.019535720910733252 0.032861893230975853 0.022968543825015696 -0.0031931456860690389 -0.010569940020739736 0.00063145234194634733 1.6855416735331082e-05 0.017095367283309737 -0.00035559852513168672 0.0078031779757552809 0.0075377823421027617 0.039560638411698691 0.027649283783747869 0.013332962414755796 0.0033920440833438569 -0.006376247806877483 -0.0033808320297001797 0.040421148068891237 0.0047011171751514336 0.0025421137629382685 -0.0022170868542149657 -0.011549910052011135 0.030755659634933638 -0.0021535338367212175 -0.0047606849922640039 0.0036323996906781472 0.040978963348102249 -0.0037312223703646744 0.022899559851131564
leaf_weight=410.04166346788406 16.370759777724743 6.3000297658145454 9.9644765444099885 312.01061534136534 11.490918245166538 18.473950818181038 10.246939864009617 355.26682240515947 18.063349291682243 45.895910490304232 14.48577133566141 111.91439140960574 20.86707504093647 183.75927949696779 15.172364030033348 47.034903578460217 21.374315217137337 105.51729966700077 26.339228425174952 28.718280307948589 8.5394611805677396 29.408383030444384 40.691276516765356 58.898044403642416 125.38919714093208 294.75273356959224 33.106168545782566 8.8756567686796171 31.677321277558804 34.429190915077925 11.159368414431809 53.735700916498899 4.5122101828455952 149.00406412780285 61.519118972122669 44.477091480046511 53.591501086950302 9.6009889617562276 40.094078373163939 64.23125359788537 52.48524597287178 11.553148232400416 12.688635237514971 84.194881532341242 70.990277692675591 136.25032316893339 57.538187481462955 76.90414072573185 26.126348525285721 63.207325268536806 28.622583389282227 19.251888815313578 12.913384005427359 6.0204108208417884 11.213208969682453 14.120207272469996 166.11657381057739 11.618822563439606 11.023542005568745 15.87185527011752 15.44019643217325 26.796865228563547
leaf_count=9973 181 103 116 6550 146 190 147 5450 231 906 164 1423 279 3827 133 735 298 1562 317 408 115 372 669 864 1157 6324 311 85 453 438 109 523 75 1406 662 382 526 85 645 1276 630 79 128 940 464 987 663 899 272 906 236 253 142 61 153 194 2178 162 149 202 155 259
internal_value=0.000269484 -0.011242 0.00914151 -0.00302821 0.00327281 0.014231 -0.0061616 0.00128467 -0.000469495 0.0141103 0.00942525 0.00777028 0.00475527 -0.0175254 0.020255 -0.0110961 0.0346162 0.00265972 0.0095892 0.00570935 0.0180211 0.014683 -0.00482799 0.00505482 0.0173134 -0.0200261 0.0254623 0.0203089 0.00406995 0.0112865 0.0121629 0.0145698 0.00359375 0.01376 0.0222649 0.0115416 0.00643134 0.0142128 -0.0133482 -0.010163 0.00594125 0.0237242 0.0265657 -0.000617447 0.035077 0.0255203 0.021079 -0.00435454 0.0155687 0.00121114 0.0323267 0.0216338 0.0258277 0.0297977 0.00313971 0.0200259 0.00126165 0.0118247 0.0191752 0.0286408 0.00618017 0.0137999
internal_weight=3877.95 1687.32 2190.63 734.53 1021.25 1169.39 623.702 929.305 825.988 110.828 657.596 606.32 466.445 952.785 511.789 399.14 27.6743 224.563 119.045 83.1537 37.2577 103.317 462.065 363.923 139.875 704.794 275.948 189.785 106.798 66.1065 193.432 172.565 345.86 235.841 91.9438 161.405 116.928 63.3367 352.105 247.991 286.962 156.679 51.2757 273.013 86.1626 147.803 73.9089 188.819 217.367 73.4543 41.3112 45.5911 80.4529 67.5395 234.476 18.6324 215.844 49.7274 38.5142 26.8954 68.3634 42.2371
internal_count=59728 34345 25383 12945 14075 11308 11115 13064 11848 1830 6967 6487 5166 21400 4341 7930 401 3185 1623 1429 523 1216 7010 4838 1321 16297 2059 1462 1560 891 1904 1625 4607 2282 1011 1516 1134 608 7195 5103 3743 1151 480 3262 597 1066 844 2322 2092 1053 364 570 865 723 3113 269 2844 666 513 351 686 414
is_linear=0
shrinkage=0.03


Tree=26
num_leaves=63
num_cat=0
split_feature=15 6 3 15 11 11 14 3 14 5 20 21 7 21 25 11 29 11 8 29 14 8 14 21 25 7 22 7 23 14 1 6 9 6 14 21 20 11 5 7 11 10 8 11 22 9 26 11 25 21 26 10 14 9 21 5 25 15 7 9 2 24
split_gain=419 90.6121 80.1496 44.2969 30.3982 28.3221 26.2981 21.9233 22.2895 21.8313 20.8383 18.3855 16.8009 16.4225 15.9288 15.7866 15.8025 14.7645 14.3468 14.1164 17.9707 13.853 13.8851 13.6764 13.5036 12.8017 12.7476 12.333 11.8351 11.4747 11.0583 10.5299 10.4754 10.4477 10.444 10.9323 10.2379 10.1121 10.11 9.97251 9.96387 9.77455 9.64432 9.50756 9.41274 8.96411 10.5353 8.93825 8.92135 8.86481 9.18169 8.57234 8.48178 8.77094 8.40874 8.89246 8.40339 8.63371 11.5275 8.04856 8.0155 7.97072
threshold=0.087022006511688246 0.52198198437690746 0.2499162703752518 1.1639965176582339 0.024524024687707428 1.3354479670524599 0.4133910089731217 -0.056877726688981049 -0.3753096312284469 -0.19092956930398938 0.45125491917133337 0.91987240314483654 0.32943235337734228 0.41548287868499761 -0.66097223758697499 -0.049112197011709206 0.53589746356010448 0.08535808697342874 -0.68114569783210743 0.78174602985382091 -0.69136381149291981 -0.79547506570816029 0.52783089876174938 0.031016836874186996 -0.49999682605266565 0.67947480082511913 0.82130536437034618 0.9823996126651765 0.33359599113464361 -0.78310251235961903 0.15371906757354739 0.11091354116797449 -1.4825731515884397 -1.4442479014396665 1.0000000180025095e-35 0.19623119384050372 1.0620574355125429 0.17783386260271075 -0.76602783799171437 1.6130090951919558 -0.40353153645992274 -0.49425697326660151 0.54657480120658886 1.547984302043915 0.9855959713459016 -1.0000000180025095e-35 0.64081001281738292 0.64479640126228344 -0.54776281118392933 1.1924432516098025 0.068319011479616179 -1.1505157947540281 -0.077876452356576906 0.35634873807430273 -1.1639694571495054 -0.19092956930398938 -0.31848038733005518 -0.20083430409431455 0.32943235337734228 0.56281822919845592 0.73044675588607799 1.682334899902344
decision_type=2 2 2 2 2 2 2 2 2 2 2 2 2 2 2 2 2 2 2 2 2 2 2 2 2 2 2 2 2 2 2 2 2 2 2 2 2 2 2 2 2 2 2 2 2 2 2 2 2 2 2 2 2 2 2 2 2 2 2 2 2 2
left_child=1 4 6 5 13 9 18 -3 23 41 43 27 -6 -1 -15 26 21 19 49 20 -13 -17 51 -9 33 54 -5 30 -25 39 34 42 -30 -14 37 -36 -32 -11 -18 -27 -22 -4 -26 -7 47 -31 -47 -10 -40 -2 -51 -23 -29 -54 -20 -56 -49 -58 -59 -24 -19 -8
right_child=2 7 3 15 12 10 61 8 44 11 -12 17 24 14 -16 16 38 60 25 -21 40 22 59 28 31 29 -28 52 32 45 36 -33 -34 -35 35 -37 -38 -39 48 -41 -42 -43 -44 -45 -46 46 -48 56 -50 50 -52 -53 53 -55 55 -57 57 58 -60 -61 -62 -63
leaf_value=-0.020911528336309139 -0.010726836199687912 -0.0081083589158267803 0.007464090431084554 -0.0036423919372241043 -0.012013892883637781 0.00072490699313323254 -0.012748155046430312 0.0013102379185653795 -0.0066194506640940582 -0.005283179799739527 0.03589796037603242 0.040486311035146105 -0.012559008290471943 0.013396471776118704 -0.013422295932349162 0.0032269454179863852 -0.0022761141562346794 0.017487984498629813 -0.0107578292972945 -0.0071898335422691485 0.014860709377407459 -1.3612842709407709e-05 0.01430560923800678 -0.011347911560596698 -0.015379663540249423 0.033339158436860805 0.018399715676446174 0.034283068119109202 -0.0075035608366141506 -0.010380266346766915 0.016204272986473388 0.011198351464172447 0.04309988845763596 0.032404403764631932 -0.0096100243965003603 0.0036225032372174072 -0.010773960408773264 0.013279034892402428 -0.009364591179695729 -0.0048519482398175122 -0.0058904363205850192 -0.0091700609442289614 0.0032649621464497943 0.019654547730417887 0.015779733867420938 0.023470258548358221 -0.00926402930661787 0.02698858134689807 0.030303177142606656 0.032817647402616279 -0.006906827761121297 0.025758659912645625 -0.0047350794049882561 0.020138752040947932 -0.007818376470204674 0.0067079416479545548 -0.011708002672118495 0.021962690057854565 -0.0081979669132041088 -0.011554429431867184 0.038673676372731308 0.018473999741414671
leaf_weight=572.60276608169079 81.296158507466316 119.08031162247062 41.980964761227369 45.311135668307543 342.17655326426029 41.975378349423409 134.34666377305984 17.347125824540854 93.121778093278408 34.484044272452593 50.456691663712263 13.760801151394842 3.2833369337022331 17.789990067481995 233.52670314908028 59.931332942098379 8.7279444336891157 100.37362362071872 31.878917504101992 36.86019991338253 49.625054281204939 12.604404374957083 17.644319586455822 2.6365170292556277 57.977416902780533 30.880365043878555 41.388403698801994 15.060396604239939 2.6163084581494358 17.225661925971508 79.043547511100769 29.180367778986692 29.055104605853558 12.868809472769497 108.1350742764771 107.68693415075541 11.324426501989363 83.170911978930235 3.1110600009560576 6.0211918987333766 30.138345938175917 96.113870747387409 38.902457676827908 51.632080387324095 33.622403312474489 23.016667012125254 9.68948747217655 10.305080730468033 195.41990781202912 4.7973390184342852 8.2789462655782682 142.25590273365378 20.786491174250841 22.678946807980537 40.553440809249878 239.5286645591259 21.619058046489954 22.628802619874477 15.898524705320595 15.876890592277048 22.151557974517345 3.4829931743443003
leaf_count=13538 1232 2199 530 431 7099 482 2167 224 1396 436 465 137 67 364 5134 491 82 962 512 434 601 102 140 35 1172 321 354 157 31 250 890 497 288 239 1473 1307 118 956 31 65 331 1228 765 572 466 320 138 142 1537 61 112 1114 253 256 613 3251 321 298 183 125 190 50
internal_value=0.000404818 -0.0108665 0.00903431 0.0126741 -0.0145535 0.00890987 8.38617e-06 0.0022631 0.00728801 0.00679879 0.0210508 0.00884589 -0.00845628 -0.0180655 -0.0112996 0.0195909 0.0218235 0.0153395 0.00326202 0.00785448 0.0138478 0.0161268 0.0200412 0.0238857 0.000220972 0.00574774 0.00730953 0.00531882 0.0336818 0.0156099 0.00342592 -0.00337606 0.0384665 0.0224562 0.000836693 -0.00307497 0.0124359 0.00784496 0.0281079 0.0272722 0.007135 -0.00402915 -0.00810005 0.0116333 0.00245714 0.00529322 0.01383 -0.000668128 0.0294668 -0.00700269 0.0127134 0.0237262 0.0176786 0.00898204 0.00279969 0.00450442 0.00711562 0.00190066 0.0100047 0.00214739 0.0226843 -0.0113401
internal_weight=3866.95 1676.24 2190.71 1559.71 1308.31 1017.44 630.996 367.931 248.851 873.375 144.064 735.28 484.389 823.919 251.317 542.271 455.572 252.91 493.167 130.384 93.5242 248.313 188.382 51.6551 142.212 398.794 86.6995 482.371 34.3079 86.8334 423.845 126.06 31.6714 16.1521 333.477 215.822 90.368 117.655 207.259 36.9016 79.7634 138.095 96.8799 93.6075 197.196 49.9318 32.7062 163.573 198.531 94.3724 13.0763 154.86 58.5258 43.4654 311.961 280.082 70.4515 60.1464 38.5273 33.5212 122.525 137.83
internal_count=59735 34458 25277 16185 28875 11778 9092 5583 3384 10259 1519 8501 9839 19036 5498 4407 3622 2655 6875 1503 1069 1972 1481 578 2740 5470 785 5846 354 1094 5180 2434 319 306 4172 2780 1008 1392 1650 386 932 1758 1937 1054 2806 708 458 2340 1568 1405 173 1216 666 509 4376 3864 944 802 481 265 1152 2217
is_linear=0
shrinkage=0.03


Tree=27
num_leaves=63
num_cat=0
split_feature=3 23 23 14 17 4 4 4 14 4 21 11 23 32 3 5 8 14 21 32 3 25 1 3 8 21 17 7 22 10 11 21 14 13 11 16 7 32 23 5 10 3 3 26 35 5 32 23 5 0 20 14 32 3 8 14 21 32 32 14 23 17
split_gain=404.936 80.0181 77.856 47.8683 41.2985 36.729 35.9382 34.4195 30.3322 27.5817 23.7551 17.7127 16.8143 16.5943 16.162 16.5812 15.9745 15.9069 15.1217 15.0578 15.3516 14.6026 13.8287 13.5951 13.2266 14.2932 12.3888 12.3252 12.1371 11.4191 11.3031 10.6 10.4917 16.4735 10.4276 11.5921 10.1931 10.7373 10.6597 10.0902 10.0341 13.3924 9.87639 9.78689 9.504 9.41553 9.32601 9.1595 9.03706 8.99421 10.864 8.94381 8.85809 8.82799 8.73319 9.7563 8.70624 9.46208 8.55872 8.41854 8.28686 8.15779
threshold=0.27477781474590307 1.1380447745323183 0.24323514103889468 -1.7817230820655821 0.35610231757164007 -0.063147414475679384 0.86763000488281261 0.41867727041244512 -0.55504992604255665 -0.61973583698272694 1.0244275927543642 0.049944764003157623 0.42008206248283392 14.500000000000002 1.8791651129722597 -0.19092956930398938 0.86635097861289989 -1.6036509275436399 0.76015359163284313 11.500000000000002 1.0596448183059695 -0.38311110436916346 -0.059131985530257218 0.64183306694030773 -0.1437997221946716 -0.94698768854141224 0.29890263080596929 0.48178569972515112 -0.87507501244544972 1.6598093509674074 1.5750464200973513 -0.43088333308696741 0.37779803574085241 0.21694172173738482 -1.2713517546653745 1.0499411821365359 -0.64400380849838246 12.500000000000002 0.51515695452690136 0.26876352727413183 -0.13605757802724835 -0.89754065871238697 1.8791651129722597 0.84534144401550304 1.0000000180025095e-35 1.7566992640495303 17.500000000000004 -1.0784153342247007 -0.50907158851623524 -0.092905908823013292 -0.29592159390449518 0.49766954779624945 13.500000000000002 0.41204597055912023 0.27094881236553198 1.3972038030624392 -0.43088333308696741 10.500000000000002 8.5000000000000018 0.55723619461059581 0.9757615625858308 1.6455517411231997
decision_type=2 2 2 2 2 2 2 2 2 2 2 2 2 2 2 2 2 2 2 2 2 2 2 2 2 2 2 2 2 2 2 2 2 2 2 2 2 2 2 2 2 2 2 2 2 2 2 2 2 2 2 2 2 2 2 2 2 2 2 2 2 2
left_child=2 3 7 16 6 -4 12 11 10 -3 24 26 21 14 15 -6 43 -9 -11 -8 -21 32 -15 52 -7 -26 56 28 61 -17 53 -13 33 47 -29 -36 38 59 -10 -39 -12 -42 58 -2 -30 -23 54 -5 -19 -50 -51 -33 -20 -18 55 -25 -1 -58 -14 -38 -44 -24
right_child=1 9 5 4 13 8 19 17 36 18 40 31 42 22 -16 29 30 48 23 20 -22 45 27 46 25 -27 -28 34 44 -31 -32 51 -34 -35 35 -37 37 39 -40 -41 41 -43 60 -45 -46 -47 -48 -49 49 50 -52 -53 -54 -55 -56 -57 57 -59 -60 -61 -62 -63
leaf_value=-0.025345878414151216 0.022197250593604161 -0.0082435805574530372 -0.015977827044151977 -0.0075729120304007429 -0.0067388330952116117 -0.0087810479225071542 0.041177740936763324 0.033004640744108672 0.0041810292888191658 0.015362293593036492 0.0076842924918644612 -0.014773318073435718 0.019751994361452738 -0.012231650768809665 0.039880232022154072 0.018047387252389423 0.0025298358657526907 -0.015910812041815915 0.022033334265858733 -0.00028888834257056491 0.025221091981337658 -0.012415113538694492 0.026702295118103004 0.02810250584446447 -0.012748159970817619 0.013352775385709646 -0.0030509491420029665 -0.013987717196998284 -0.0078199438627392925 -0.011608046026030697 -0.003993693626999935 0.0012140390081148179 -0.0068709963705489083 -0.0042149741535583395 0.019582704698685019 -0.012091511707580768 0.015532383480844287 -0.006880203738837078 -0.019610991552868551 0.011224278579152383 -0.0075781077523149002 0.044153509591590333 0.030234821379982922 -0.0070303318586315668 0.0056289304404922259 0.020548626338453412 0.0072127531300088645 0.039659316239361524 -0.0081845243659479441 0.028798214203385054 -0.00075577266295434099 -0.016864231844230942 -0.011191244265190962 0.062863490265909927 0.041467704060590346 0.0048497359055005712 -0.0014068408432315678 -0.018611359787768934 -0.00045842956519887625 -0.0093955877583260568 -0.0067518821608121837 -0.0081615084837487542
leaf_weight=237.59068403765559 55.642115611582994 27.555828735232353 136.30112168565392 2.8097829855978516 29.263359591364861 47.038166590034962 14.317839745432137 7.5710218176245681 21.033788595348597 236.43846773356199 19.323486559092999 199.31082737445831 14.847117960453032 29.069457806646824 20.060611136257648 192.26544435694814 2.942853529006249 27.44456185400486 7.0610893703997162 50.168087285012007 31.667485181242228 219.15765812247992 23.297409620136026 122.4048900231719 18.562706459313631 107.29594399034977 41.146693825721741 6.812831748276948 71.685974650084972 9.1337856724858266 2.5563487187027922 94.285741206258535 40.776545774191618 21.153205431997776 115.87213072553277 8.0846198536455613 43.781384520232677 197.02599741518497 58.376165676862001 27.509831991046667 3.7365563772618797 25.100696954876184 13.550973799079658 9.9597605429589731 118.4159278459847 3.7124881297349921 20.24956288933754 14.319253109395502 32.024253066629171 14.374440897256134 25.928235873579979 28.06181800737977 13.14675961434841 14.551527597010134 60.801047638058662 21.303194843232632 32.069288570433855 372.42450289055705 374.96547288447618 12.518008030951021 5.5051796175539485 5.1770851202309123
leaf_count=5998 501 307 2460 57 340 673 138 118 384 2263 213 4350 153 393 169 1997 32 502 66 609 315 3775 294 873 287 1329 807 86 850 93 21 1849 737 360 1250 81 613 3258 993 401 42 250 145 97 1360 55 165 225 580 241 438 589 144 132 430 161 722 8781 4815 197 51 62
internal_value=0.000235014 0.00944706 -0.00998615 0.00596654 0.00461419 -0.00225823 0.000111431 -0.0149397 0.00106751 0.0196942 0.00969614 -0.0166566 -0.00225461 0.0103431 0.0162855 0.0134309 0.0271356 0.00115924 0.0213616 0.0168489 0.0104664 -0.00756407 0.00624491 0.026729 0.0041717 0.00916318 -0.0194208 0.00793327 0.00343312 0.0164538 0.048661 -0.0105779 0.00335813 0.0137888 0.0150516 0.0171281 -0.00428754 -0.0015113 -0.0134347 -0.00446588 0.0272711 0.0373211 0.00171018 0.0175762 0.000487026 -0.0114272 0.0288072 0.031951 -0.00271706 0.00299441 0.0118001 -0.00343175 0.00248578 0.0555326 0.0307222 0.0249345 -0.0204381 -0.0172812 0.000551737 0.00967545 0.0203672 0.0200913
internal_weight=3860.54 2030.7 1829.84 1521.74 1436.09 717.604 806.951 1112.23 581.303 508.961 221.058 1004.89 710.798 629.139 250.723 230.663 85.6526 107.343 481.405 96.1534 81.8356 301.929 378.415 244.967 172.897 125.859 683.231 349.346 218.576 201.399 20.0507 321.658 79.0588 38.2822 130.77 123.957 360.245 280.835 79.41 224.536 48.1607 28.8373 408.869 65.6019 190.102 222.87 224.759 17.129 99.7715 72.3269 40.3027 122.348 20.2078 17.4944 204.509 143.708 642.084 404.494 389.813 56.2994 19.0562 28.4745
internal_count=59677 23602 36075 19193 18410 11100 11435 24975 8640 4409 2794 23096 10373 6975 2599 2430 783 1879 4102 1062 924 5209 4376 1839 2289 1616 16308 3983 2566 2090 185 6788 1379 642 1417 1331 5846 4469 1377 3659 505 292 5164 598 2210 3830 1629 282 1761 1259 679 2438 210 164 1464 1034 15501 9503 4968 810 196 356
is_linear=0
shrinkage=0.03


Tree=28
num_leaves=63
num_cat=0
split_feature=15 3 3 14 6 14 4 6 4 7 6 14 11 3 16 2 4 17 3 17 4 31 12 9 11 17 13 31 25 16 15 7 4 15 26 5 11 5 22 7 8 7 5 29 9 16 25 24 8 17 14 24 8 14 14 12 26 3 31 4 24 25
split_gain=401.564 88.3363 69.7126 35.6298 31.0848 30.3122 30.3094 23.0107 19.9201 19.887 19.6487 16.8457 16.832 16.7006 16.2349 15.7181 15.4904 15.1178 14.1836 13.9074 12.8927 12.4195 12.0798 11.4251 11.2533 11.0867 11.8769 10.7584 10.6077 10.5399 10.5014 10.3275 10.1477 10.0316 9.85415 9.78247 9.70071 9.70463 9.62234 9.52509 9.68966 9.45 10.2373 9.32771 9.29544 9.25441 9.1653 12.1191 10.8539 11.183 8.93554 8.45617 8.44161 8.37912 8.2449 8.04824 7.90506 8.32055 7.8492 7.79097 7.7838 7.71593
threshold=0.087022006511688246 -0.1161692328751087 0.70705479383468639 -1.0323850512504575 0.47239089012146002 -1.7817230820655821 0.77264773845672619 1.3716483712196352 1.5083765387535097 -1.2267602682113645 -0.13939084112644193 -0.52455061674118031 0.049944764003157623 1.2597366571426394 0.49818708002567297 1.2062891721725466 -0.18725319206714627 0.78362503647804271 1.8322706222534182 0.4516394585371018 1.1713857650756838 0.5000000149011613 0.72935906052589428 -0.75471746921539296 -0.26295687258243555 0.9556616246700288 0.52837771177291881 0.35714286565780645 -0.59580814838409413 -0.26814696192741388 0.80649197101593029 -0.83758437633514393 -0.097492337226867662 0.86289587616920482 -0.99181425571441639 -0.11842333897948264 0.16483994573354724 1.1865982413291933 -0.53962713479995716 -0.56873401999473561 0.97022679448127758 0.26012976467609411 0.76925721764564525 0.28991597890853887 0.89147576689720165 0.67458313703536998 1.665272653102875 0.36757738888263708 0.38490168750286108 1.0000000180025095e-35 -0.65232509374618519 -0.93204161524772633 0.3980348408222199 0.23911408334970477 1.3972038030624392 0.28891630470752722 -1.0000000180025095e-35 -0.91010287404060353 -0.64285716414451588 0.025330053642392162 0.55828094482421886 0.34611792862415319
decision_type=2 2 2 2 2 2 2 2 2 2 2 2 2 2 2 2 2 2 2 2 2 2 2 2 2 2 2 2 2 2 2 2 2 2 2 2 2 2 2 2 2 2 2 2 2 2 2 2 2 2 2 2 2 2 2 2 2 2 2 2 2 2
left_child=1 10 5 16 8 45 7 18 13 -7 19 23 20 28 27 17 -4 44 41 36 29 -13 38 -6 -18 26 -9 -14 -3 56 -31 -25 -12 -32 -27 -36 -1 -38 -23 -17 58 -5 59 -34 -8 -2 47 48 -16 -50 -30 -15 -33 -35 61 -21 57 -11 -41 -43 -60 -37
right_child=2 4 3 6 11 9 15 25 -10 12 32 21 14 51 46 39 24 -19 -20 55 -22 22 -24 31 -26 34 -28 -29 50 30 33 52 43 53 35 54 37 -39 -40 40 -42 42 -44 -45 -46 -47 -48 -49 49 -51 -52 -53 -54 -55 -56 -57 -58 -59 60 -61 -62 -63
leaf_value=-0.023066735215668443 0.010087563615997233 0.0038487444764250273 -0.0024502012312112302 0.00036211322864947756 -0.0032942791871253575 -0.014676696973890839 0.029409261371543351 0.014711309462759115 0.023784778831666711 -0.010903691158265848 -0.019559656009198026 -0.0032871783618550845 0.0045484701208508525 -0.010467561896358942 -0.0070866751470048048 -0.00037900144800636574 0.0044610612906454744 0.0051523671594599484 0.017320239882391307 -0.009507167631135089 0.014970622148698402 -0.0064909206877885256 -0.0074285021382077231 -0.0069787176654169548 0.033256580208081983 -0.0021480577392075438 -0.0093113296733331342 -0.0094382966124014808 0.00028804013673181493 -0.010095907917636022 0.023313518520912516 0.015780757787438766 -0.014781427519517951 0.0051358546448630679 -0.00049461595446440791 0.036488653808256367 -0.015457579165912005 0.01197060279137455 0.023931973522721871 0.0083471154787991848 -0.0028568484585605358 0.0078410996733915186 0.025724592298729101 -0.002921187969443558 0.0024594353572570827 0.029177132094114083 -0.0035184766729919382 0.017663873148617119 0.028933250700616142 -0.0018061015289430136 -0.014811051567129464 0.014500272450753068 0.051813018557903337 -0.012194106014173913 0.0029143734721335415 0.020806660608472815 -0.0034425336735102439 0.032126054494946411 0.003882574331329281 -0.0085315286720190307 0.051665791636920359 0.0056715352216070661
leaf_weight=440.92334010079503 71.67111599072814 35.750435225665569 13.604276195168493 278.33302598074079 12.558517217636107 62.191324405372143 61.606213450431824 75.312368661165237 12.771448876708744 2.5694016329944125 81.214157182723284 148.88533430919051 137.99485174193978 13.499072339385746 41.750977147370577 6.0452107787132254 15.420664459466932 70.467292685061693 83.572673339396715 15.810129065066578 29.46012856438756 9.3187061548233014 19.382946562021971 4.7828760035336009 119.14338433742523 10.937177859246729 20.321403414011002 70.6993023827672 40.131135158240795 196.05005046352744 11.271573446691034 20.1017099916935 91.381104737520218 55.982010461390018 10.419164419174193 68.589966781437397 154.50161809846759 8.931169178336857 43.422020442783833 7.8465666547417632 3.9725191369652739 238.84706127271056 22.426025938242674 165.40095691010356 15.096081703901289 36.418618250638247 32.979981262236834 154.11181398108602 16.698596764355898 19.840376019477844 275.58430314064026 34.322904407978058 10.901583228260277 37.893223699182272 10.209948837757109 7.7559254243969908 16.223729413002729 12.376043219119312 4.2475046813487998 25.172625087201595 34.961909562349319 10.389691129326819
leaf_count=11265 771 733 134 3190 151 991 562 616 177 43 1835 2141 1953 221 638 50 136 569 737 359 339 138 283 60 921 85 181 1022 783 3139 149 210 1877 636 87 479 3468 181 607 61 30 2527 230 3411 145 365 408 1828 251 291 5809 522 103 504 71 172 263 187 43 261 244 94
internal_value=0.000399794 -0.0107967 0.00873942 0.013587 -0.0024968 0.00288618 0.0115556 0.00897874 -0.0076408 0.00103705 -0.0166089 0.00536838 0.00228648 -0.00892769 0.00597916 0.0218649 0.0272517 0.0157528 0.00611743 -0.0197768 -0.00256735 0.00167655 0.011472 0.0205066 0.0302347 0.0176185 0.00939768 -0.000299796 -0.0111817 -0.0043207 -0.00607545 0.028239 -0.0105212 0.00153884 0.024016 0.0268542 -0.0206525 -0.0136478 0.01846 0.035087 0.0389474 0.00432226 0.00809802 -0.0073436 0.0245803 0.017525 0.0108311 0.0128987 0.00302123 0.0140337 -0.0129172 0.00712871 0.0338867 -0.00212237 0.0299057 0.00236514 0.0111317 0.0238495 0.042412 0.00615052 0.047514 0.0330137
internal_weight=3860.46 1647.33 2213.13 1206.94 681.413 1006.18 1058.77 854.531 412.059 898.093 965.918 269.354 835.902 399.288 474.076 204.243 148.168 147.17 648.351 627.922 361.826 221.009 72.1237 48.3447 134.564 206.18 95.6338 208.694 351.466 332.366 301.197 35.7862 337.996 105.147 110.546 99.6088 604.356 163.433 52.7407 57.0737 51.0285 564.779 286.446 256.782 76.7023 108.09 265.382 232.402 78.2899 36.539 315.715 47.822 31.0033 93.8752 89.1896 23.5661 31.1692 14.9454 47.056 264.02 39.2094 78.9797
internal_count=59737 34506 25231 11453 11938 13778 10262 8558 8245 12642 22568 3693 11651 8068 6391 1704 1191 1276 6945 15445 5260 3169 1028 524 1057 1613 797 2975 7325 4921 4428 373 7123 1289 816 731 14914 3649 745 428 378 6208 3018 5288 707 1136 3416 3008 1180 542 6592 743 313 1140 644 531 493 230 348 2788 287 573
is_linear=0
shrinkage=0.03


Tree=29
num_leaves=63
num_cat=0
split_feature=23 3 15 21 14 11 3 32 3 11 15 32 11 21 11 9 3 14 20 14 14 32 8 29 23 9 26 14 14 8 16 8 32 3 25 31 25 8 16 6 24 21 18 9 9 13 16 11 21 5 21 24 3 15 3 6 3 15 9 12 14 8
split_gain=364.935 93.6574 57.5621 37.0994 36.5887 25.9298 24.5013 22.2793 22.4869 22.052 19.3501 16.8453 16.3247 15.7662 15.5786 15.5779 15.245 16.5184 14.779 14.6035 13.9726 14.0596 12.6787 12.5186 13.9364 12.1136 11.9686 11.9411 11.6304 11.5508 11.4717 11.1663 10.9663 11.5034 10.8649 10.2205 11.2459 9.81463 9.75477 9.67192 9.66682 9.64157 16.8474 9.57737 9.45409 9.92039 10.2486 10.4568 9.17156 9.1183 10.1224 9.03404 8.82377 8.59544 8.58596 8.56972 9.3653 9.86925 8.27724 8.27323 10.0739 7.96211
threshold=0.24323514103889468 0.64183306694030773 0.023382865823805336 1.0396947860717776 -0.91759115457534779 0.24782812595367434 1.1079815030097964 9.5000000000000018 0.27477781474590307 -0.024152327328920361 0.73107045888900768 14.500000000000002 0.012656308244913818 1.011862635612488 1.3713554143905642 -1.1338272690773008 1.6836318969726565 -0.23849282413721082 -0.19316029548645017 0.39207851886749273 -0.32496900856494898 11.500000000000002 -0.1930495351552963 0.17156863212585452 0.81128612160682689 -0.29455792903900141 0.33949564397335058 -0.094809271395206438 1.2089222073554995 -0.54912319779396046 0.47688224911689764 -0.5087064504623412 13.500000000000002 -0.82417598366737355 -0.49997358024120325 -0.21428572386503217 0.24256984889507296 0.24705933779478076 0.76730337738990795 -0.39866860210895533 1.0740335583686831 1.4334087371826174 -0.59018647670745839 0.44252236187458044 0.39253468811511999 0.3576225489377976 0.72557228803634655 1.214486360549927 1.7157173752784731 0.65471684932708751 -0.52868244051933277 -0.41886998713016504 -0.43272982537746424 1.3057796359062197 1.3360965847969057 -0.57035380601882923 -0.023729142732918259 1.4694843888282778 -1.2083337903022764 0.77065813541412365 0.62559637427330028 -0.1930495351552963
decision_type=2 2 2 2 2 2 2 2 2 2 2 2 2 2 2 2 2 2 2 2 2 2 2 2 2 2 2 2 2 2 2 2 2 2 2 2 2 2 2 2 2 2 2 2 2 2 2 2 2 2 2 2 2 2 2 2 2 2 2 2 2 2
left_child=2 4 6 5 13 18 9 8 -6 39 48 16 25 52 20 -13 17 29 -3 34 21 26 -16 24 -20 -5 -4 -25 53 -7 -23 41 33 -15 -11 40 37 61 -32 -1 -17 -14 -43 -8 -12 46 47 -46 -9 -36 -51 -41 -2 -19 -44 -22 -57 -58 -33 60 -27 -37
right_child=1 3 14 12 7 11 43 10 -10 19 44 15 31 32 22 35 -18 28 23 -21 55 30 -24 27 -26 59 -28 -29 -30 -31 38 58 -34 -35 49 36 -38 -39 -40 51 -42 42 54 -45 45 -47 -48 -49 -50 50 -52 -53 -54 -55 -56 56 57 -59 -60 -61 -62 -63
leaf_value=-0.022389744799402755 -0.0019705290459263261 -0.015559232840945989 0.041736947817051374 -0.0023648913719487639 -0.00047271346790757975 0.0024420995150183362 -0.0046962877427187549 -0.007616227154780812 0.03688633818297498 0.012465139490408114 -0.0024963168473589137 -0.0050196549848063382 0.0066211798462644193 -0.0062668615055573003 -0.0055792510439266812 -0.0037541146265806118 0.030690878650119924 0.0069147552532064713 -0.0057311489954926676 -0.018879154855317704 -0.015396912845910793 -0.0095676354830778482 0.031828142479242531 0.014737630040447617 0.03733807448841537 0.028170373134300652 -0.0035971265727131048 -0.0041078735314219236 0.02739041902471822 0.031021440372294224 0.022367004715883338 0.0044067221796073594 0.010882665402757124 0.044993730807703046 -0.010139020946654389 0.014931826736222974 -0.0018210997003803417 0.026707232127687809 -0.0099843049845067325 0.01533370008253546 0.012337839109440391 -0.0077239548277003274 0.0089009916784575076 0.021474298855073338 0.027019292900867905 -0.0037452363013281867 0.00073495571194376471 -0.0093214704728053245 0.012636405951040198 -0.010717714636183094 0.019329351087283255 -0.014857425957378999 0.011130095304718384 -0.012738074111701896 0.042266552113651976 -0.011931387797517885 -0.00074745662478520423 0.032719411053817871 0.031555491117618566 0.0036169668937269723 0.0016313681864886904 -0.0023345341661659977
leaf_weight=405.4041553363204 72.271566178649664 38.173722729086876 10.803800396621229 39.947071634232998 33.620520625263453 17.306119598448277 27.098510205745697 498.12613797932863 20.332400180399418 21.071392979472876 116.7519102320075 64.097794521600008 58.009307019412518 3.3350970670580891 11.026481349021198 71.275474596768618 63.213401332497597 104.39921560883522 8.7303390987217444 119.14980414137244 69.519696392118931 41.66015736758709 16.56538438424468 35.290738679468632 13.764536980539559 53.298260234296322 6.7369084171950808 116.62751697748899 16.784489743411541 54.955998063087463 21.917692452669147 12.686665311455725 36.756623558700085 20.353117853403091 225.53923871740699 131.57875156402588 33.721260070800781 60.243495967239141 8.7475940957665426 5.4226891361176959 55.783278446644545 9.3890697285532934 13.213251259177921 16.441459815949202 45.297040935605764 34.485847696661949 30.604164052754641 5.7793696150183669 16.578084539622068 13.987013980746271 17.442345973104239 206.83975979313254 117.40612778440118 19.736353404819965 25.22830755263567 70.116276063024998 134.05091764032841 3.4170977324247351 153.32038680836558 33.312560275197029 17.343101024627686 27.666618391871452
leaf_count=10651 1016 473 128 411 490 153 454 8570 224 461 1517 710 480 39 161 831 484 1132 110 2671 1207 660 225 361 147 525 88 1424 180 459 302 99 379 171 5031 1298 353 620 118 130 492 64 110 267 586 437 347 74 254 285 331 4776 1352 156 169 1211 1945 38 1123 322 179 293
internal_value=0.000436274 0.00761312 -0.0114078 0.0128298 0.000892231 0.00942309 -0.0150393 -0.00224434 0.0155406 -0.015985 -0.00362252 0.0121221 0.020275 0.0107911 -0.00160028 0.0083491 0.017932 0.0135321 0.000203829 -0.0102588 -0.00332388 0.00670169 0.0183165 0.00399135 0.0226203 0.011491 0.0273897 0.000600055 0.00711391 0.0247779 0.000237704 0.0246332 0.0235759 0.0379423 -0.0062965 0.0106384 0.0140779 0.0165068 0.0130325 -0.0195553 0.00351046 0.0157508 0.0251487 0.00638024 0.00350063 0.00938209 0.0148208 0.0224428 -0.00684861 -0.0080435 0.00632179 -0.013751 0.00621605 0.00341792 0.0331425 -0.00663637 -0.00340935 0.00120355 0.0296702 0.0166796 0.0221933 0.0119523
internal_weight=3853.75 2400.8 1452.96 1349.1 1051.7 933.349 1058.4 801.575 53.9529 1014.86 747.623 720.762 415.748 250.123 394.562 444.367 276.396 213.182 212.587 397.19 366.97 89.8662 27.5919 174.413 22.4949 143.901 17.5407 151.918 140.92 72.2621 72.3254 271.847 60.4448 23.6882 278.04 380.269 253.21 219.489 30.6653 617.667 127.059 105.84 47.8306 43.54 232.918 116.166 81.6806 51.0764 514.704 256.969 31.4294 212.262 189.678 124.136 38.4416 277.104 207.584 137.468 166.007 103.954 70.6414 159.245
internal_count=59754 28614 31140 13158 15456 9676 25057 12499 714 24336 11785 7161 3482 2957 6083 4597 2564 2080 2515 8779 5697 1296 386 2042 257 1437 216 1785 1468 612 1080 2045 589 210 6108 3887 2564 2211 420 15557 1323 823 343 721 2961 1444 1007 660 8824 5647 616 4906 2368 1288 279 4401 3194 1983 1222 1026 704 1591
is_linear=0
shrinkage=0.03


Tree=30
num_leaves=63
num_cat=0
split_feature=15 6 24 21 32 32 6 25 32 7 25 23 32 15 13 26 29 23 2 15 5 7 7 10 12 25 25 9 26 21 26 9 7 15 15 10 15 32 23 26 10 31 6 5 0 13 15 5 15 23 12 22 29 31 5 27 2 10 22 20 21 7
split_gain=361.258 67.488 62.5574 29.9416 29.254 25.0303 24.3313 27.7442 18.498 18.2581 16.5335 20.0659 14.7925 13.2004 13.0913 13.0506 12.4581 11.732 11.5511 11.0439 10.6434 11.3305 10.077 9.7468 10.4866 9.74622 9.64619 9.44476 9.36569 15.3676 9.34536 9.14003 9.09007 9.0396 8.69732 12.574 8.55277 9.8968 8.55015 10.0942 8.89312 8.71202 8.52131 8.17287 8.16463 8.3764 9.09045 8.13039 7.97969 7.90098 7.8965 7.82792 8.16371 7.66894 7.63948 7.18577 7.05302 7.2238 6.99495 8.97556 8.89696 6.94989
threshold=0.087022006511688246 -0.3289418071508407 0.65453645586967479 0.7952142357826234 11.500000000000002 12.500000000000002 1.201640844345093 0.66088703274726879 13.500000000000002 -0.27136985957622523 -0.25776226818561548 0.59892481565475475 9.5000000000000018 -0.33441953361034388 -1.4129933714866636 -0.91741299629211415 0.41421568393707281 -1.0407505631446836 1.182564437389374 1.1930564641952517 0.53456407785415661 1.2309058904647829 -0.030810480937361714 -0.30627489089965815 0.36986303329467779 -0.26715756952762598 -0.74200224876403797 -1.6554731130599973 -1.2863872051239011 -0.49208679795265192 1.3566895723342898 -0.44791252911090845 -0.92921462655067433 0.55761152505874645 0.76187613606452953 1.6598093509674074 1.3416451811790469 14.500000000000002 -0.28900152444839472 -0.65925106406211842 -0.80048024654388417 1.0000000180025095e-35 -1.0034729242324827 0.81595304608345043 -0.040654078125953667 0.40757127106189733 -1.0622653365135191 1.3170785903930666 0.011032769922167064 0.7217925786972047 -1.2489152550697324 -1.0000000180025095e-35 0.39230769872665411 0.6428571641445161 -0.24527881294488904 2.5000000000000004 0.95958691835403453 0.97548171877861034 1.0977837443351748 0.15260765701532367 0.38286970555782324 0.20366187393665316
decision_type=2 2 2 2 2 2 2 2 2 2 2 2 2 2 2 2 2 2 2 2 2 2 2 2 2 2 2 2 2 2 2 2 2 2 2 2 2 2 2 2 2 2 2 2 2 2 2 2 2 2 2 2 2 2 2 2 2 2 2 2 2 2
left_child=1 17 5 10 9 15 13 16 34 -3 58 -12 30 -6 -10 54 -8 48 32 43 21 25 -20 24 50 -15 42 -11 29 -7 55 53 -14 61 -5 -36 37 56 -17 -40 -41 -42 -19 -16 -29 46 -46 -39 -1 -25 -23 -44 -53 -30 -2 -13 57 -34 59 60 -4 -31
right_child=2 4 3 8 6 28 7 -9 14 27 11 12 18 20 19 38 -18 26 22 -21 -22 23 -24 49 -26 -27 -28 44 31 33 -32 -33 36 -35 35 -37 -38 47 39 40 41 -43 51 -45 45 -47 -48 -49 -50 -51 -52 52 -54 -55 -56 -57 -58 -59 -60 -61 -62 -63
leaf_value=-0.02132907931879683 -0.003644491612911032 -0.0061217794509855613 0.017115814555248163 0.010618630339946762 -0.014354041510043221 -0.014751241548577002 0.0026163192988087544 -0.015390225554063813 -0.014314092226349972 -0.01459227948269516 -0.0066491212986666704 0.0034315352158778823 -0.0056679432840850809 0.0019150048187140342 0.0069287391831142613 -0.0083755132970331596 0.03126502028914345 -0.0094111929931912554 0.0029496187009735498 0.019784347529860045 0.0060925726075048026 -0.0033462919784366277 0.030214337142240508 -0.014834646906796246 -0.0072676297307422031 -0.011834379352898102 -0.014404796056422076 -0.0055992064739970072 -0.012307011069861037 0.0066340797710606834 -0.0080125573480753446 -0.00043502215910490045 0.016398517493911885 0.0034598227844586395 0.030841733989490014 -0.0054271805771935518 0.013396412215269243 -0.0017347054186571647 -0.011927053839760881 -0.0032867536081375632 0.023100864699350004 0.0033797377321570185 -0.008914528813257782 0.022835100601401172 -0.005577408672070786 0.0039794992563558437 0.033828761196263053 0.017860550734875996 0.010452764804156342 0.015692703033807209 0.04835547653939453 -0.0036528769429536772 0.043446855596311909 0.0043006683102591306 0.028148591779746011 0.036040781656600587 -0.013368912012759967 -0.0040195511313820403 -0.007345356997617466 0.028599072910674195 -0.0055557472857064721 0.038395976254231669
leaf_weight=366.38155183568597 6.7494665049016467 42.790942791849375 51.973594352602959 38.42148581892252 236.56886975094676 16.23577081412077 23.818032499402761 25.688755709677935 11.163407847285269 4.1478043794631949 92.122030816972256 8.8864612579345685 57.444010000675917 55.379426252096891 199.71144514903426 26.57420864328742 30.490270625799894 21.008073359727859 21.135740634053946 180.41251707077026 58.498362403362989 2.6761029884219161 28.27670980244875 16.601940285414461 5.090511016547679 245.62930213660002 376.50200911611319 7.8227548152208319 118.8630114980042 13.005189236253502 4.8525510132312766 408.90722990036011 86.593221087008715 33.221181340515614 131.16813594847918 7.7164994999766341 118.54391928762197 194.82241919264197 13.952880438417194 24.606230184435844 56.258770983666182 32.958696834743023 4.6139376275241366 31.291434809565544 4.480695351958274 16.682862766087055 41.575832463800907 16.066233191639185 4.461133897304534 7.0301060862839213 6.3028466813266268 3.8628868609666807 5.0748311318457127 28.648966588079929 40.41033773124218 27.302143048495054 5.934262339025735 16.711086425930262 6.9585646986961356 51.967937391251326 18.653028383851051 13.799483604729174
leaf_count=9500 88 770 576 396 5021 262 294 403 117 71 1186 76 712 1001 2063 394 368 445 201 1285 971 50 238 311 89 4798 8678 141 1764 203 46 5985 878 418 908 58 1002 2198 165 304 660 394 101 286 87 253 635 153 94 95 109 81 95 415 456 231 55 178 73 518 186 206
internal_value=0.0002816 -0.0105268 0.00806354 0.0119096 -0.00453358 0.00153905 -0.00682061 0.00838493 0.0169879 0.00907064 0.00805916 0.00609769 0.00813888 -0.0087905 0.0132935 0.0106098 0.0199804 -0.0168291 0.00668778 0.0142055 -0.00533973 -0.0073741 0.0198948 0.00739697 0.0234686 -0.00931482 -0.0130283 0.0176104 -0.00141054 0.00812508 0.0246063 -0.00277819 0.005187 0.0149711 0.0251869 0.028708 0.00665631 0.0039928 0.0059969 0.00918882 0.0121702 0.0163815 0.00189268 0.00952154 0.0203437 0.023753 0.0298243 0.000137207 -0.0208128 -0.00459877 0.0372609 0.0172298 0.0290826 -0.00904631 0.0236852 0.0294219 0.0111043 0.0130625 0.0177263 0.0193815 0.0111566 0.0264512
internal_weight=3855.5 1613.18 2242.32 1408.13 831.275 834.191 713.775 79.9971 599.885 117.501 808.244 678.691 586.569 633.777 422.579 201.511 54.3083 781.904 545.528 411.415 397.209 338.71 49.4125 37.7015 14.0695 301.009 411.062 74.7099 632.681 76.2616 41.0412 556.419 496.115 60.0259 177.306 138.885 438.671 320.127 154.351 127.777 113.824 89.2175 34.5597 231.003 70.5621 62.7394 46.0565 210.889 370.843 23.632 8.97895 13.5517 8.93772 147.512 47.1598 36.1886 109.239 103.304 129.553 122.595 70.6266 26.8047
internal_count=59795 34461 25334 13620 15467 11714 13510 1065 5113 1957 8507 7154 5968 12445 3751 2461 662 18994 5615 3634 7424 6453 439 654 248 5799 9400 1187 9253 1089 353 8164 5176 827 1362 966 4464 3462 1917 1523 1358 1054 722 2349 1116 975 722 2351 9594 406 159 277 176 2179 544 307 1111 1056 1353 1280 762 409
is_linear=0
shrinkage=0.03


Tree=31
num_leaves=63
num_cat=0
split_feature=23 15 15 4 4 21 4 18 7 17 32 4 6 32 14 25 6 6 32 9 14 16 14 5 32 17 15 14 21 32 25 32 9 23 15 7 16 26 20 5 12 7 26 25 15 20 2 7 31 18 18 18 12 13 20 26 16 2 12 25 17 15
split_gain=329.855 69.828 63.795 37.894 31.843 31.1169 25.4412 21.5362 20.2709 22.6017 19.0215 17.2519 16.3067 16.2315 15.8893 19.5716 19.2283 15.333 14.7205 14.5808 13.9908 13.0396 13.5758 13.3027 12.6135 12.1773 12.0898 11.9505 11.5479 11.0949 11.0337 10.6365 10.2388 10.1339 10.0457 11.2909 10.0168 9.68989 10.0315 9.61102 9.3823 9.38224 8.98611 8.9953 8.98368 10.3466 8.85223 8.50191 8.74415 8.40479 8.39969 9.22019 8.23151 8.2225 8.12421 7.99604 9.09037 7.69438 7.69136 7.63459 7.53058 7.4856
threshold=0.24323514103889468 0.7943515181541444 0.011032769922167064 1.8828417062759402 0.84936901926994335 1.4086498618125918 -0.46991141140460962 -0.30886955559253687 0.85989499092102062 1.8419355750083926 8.5000000000000018 -0.18725319206714627 -0.3289418071508407 13.500000000000002 -1.3718235492706297 1.010866701602936 1.4368966221809389 -0.45703840255737299 9.5000000000000018 0.85113501548767101 0.25846868753433233 1.2753466963768008 -1.8591957092285154 0.23311400413513186 11.500000000000002 0.78362503647804271 1.64486300945282 -1.6036509275436399 1.1924432516098025 14.500000000000002 1.7691885232925417 13.500000000000002 -0.89870312809944142 0.04106931388378144 0.64805662631988536 -0.87310016155242909 0.49358618259429937 0.6665778160095216 -0.042859025299549096 0.9883096218109132 1.3049329519271853 0.6570396125316621 -1.5628060102462766 0.2028053477406502 -0.12157407775521277 0.73438477516174328 0.57331660389900219 0.67947480082511913 0.5000000149011613 -0.30886955559253687 -0.25409944355487818 -0.66066017746925343 -0.057639995589852326 -0.81380185484886158 -0.82721382379531849 -1.3405264019966123 0.71557229757308971 -0.3659535944461822 -0.57974591851234425 2.5383567810058598 0.28423300385475164 0.17189102619886401
decision_type=2 2 2 2 2 2 2 2 2 2 2 2 2 2 2 2 2 2 2 2 2 2 2 2 2 2 2 2 2 2 2 2 2 2 2 2 2 2 2 2 2 2 2 2 2 2 2 2 2 2 2 2 2 2 2 2 2 2 2 2 2 2
left_child=2 3 4 5 17 6 -2 19 9 18 -8 -4 55 -9 34 16 47 -1 37 32 24 22 29 28 -13 39 30 -6 -24 -20 -11 44 -7 -26 35 -14 46 40 -39 -22 -3 -5 -25 -44 -19 -46 -10 48 -16 -38 51 -30 -45 -37 -31 -12 -57 -29 -59 -51 61 -50
right_child=1 8 11 41 27 7 10 13 36 26 12 20 14 -15 15 -17 -18 31 21 -21 25 -23 23 42 33 -27 -28 57 50 54 -32 -33 -34 -35 -36 53 49 38 -40 -41 -42 -43 43 52 45 -47 -48 -49 60 59 -52 -53 -54 -55 -56 56 -58 58 -60 -61 -62 -63
leaf_value=-0.019431429740887438 -0.011726151411213382 0.035879866985736607 -0.013497831682424796 0.013417180688609297 0.041085075752773995 0.0020900782650177053 0.021206937670332639 0.022964437084663912 0.0021539267366649287 0.017698741109240589 0.0075785213722912277 0.024012661977621728 -0.00696307553441298 -0.0074357948155399888 -0.0031919268632616305 -0.011135206122385909 0.022489902322222012 -0.0091078589115626534 0.030154479517685413 -0.0030812289966926699 -0.01006362447183144 0.020621515320029149 -0.0009678300107553038 -0.012916727261551585 0.009261249994079214 0.011666076342387524 0.034394973950286185 -0.013799533597159533 -0.010726492400869342 -0.010827328423441253 -0.010641316079754014 -0.014298297767052328 0.042317700456862332 -0.0074459908808106844 -0.0072735994483807947 0.00077073429083426045 0.015125411395502624 -0.013395499605917034 0.020345576171436324 0.018492298655763781 -0.0089751602461549482 0.042765586566991295 0.017807512173630007 0.018584944792066231 -0.00023194152852246239 0.034832667638777813 0.028906504691985441 0.0080501984156215872 0.0085736135055434759 0.030203025150400353 -0.0052257866654635728 0.020172756304632836 -0.010940460016563744 0.039985594240184386 0.013896236027736562 -0.014657464718227091 0.0032731814886416241 0.025675901341329157 -0.00083273282029944923 -0.0036037834005664708 0.015141278580382382 -0.0079621162461429845
leaf_weight=553.2673066444695 148.04952737689018 30.912930533289909 73.154087722301483 30.289980381727219 2.9260940067470065 7.2867485880851737 36.945330366492271 19.13578224927187 52.614328481256962 87.53223042562604 21.790628530085087 30.806332070380449 6.0520289763808242 41.24573926627636 297.76244589313865 93.808788500726223 38.492710534483194 71.549204088747501 29.503168914467096 9.4599726013839227 126.77412214502692 52.373346909880638 364.76600502431393 8.4251901358365995 93.924154117703438 31.113351862877607 41.297988884150982 15.468411002308128 6.9333321079611769 12.867752969264982 10.890337772667406 308.23129406198859 34.323700416833162 44.358055356889963 8.1392546556889993 6.1073674522340289 102.11247498169541 10.204000830650331 12.028489097952841 6.9812874458730212 2.7622429579496375 17.449917174875736 102.79265131428838 7.8533843755722073 30.620097111910582 5.0341228507459155 9.4558349736034852 140.33660268038511 45.871855061501265 107.32018264010549 19.042136609554291 55.717241872102022 20.133158449083567 21.818642873317007 34.539463594555855 106.8791653290391 30.860458377748728 10.235195498913521 27.027242626994852 5.2912616878747931 45.504444856196642 42.803731504827738
leaf_count=14486 2523 245 1272 321 47 88 435 219 501 697 394 361 89 548 4290 1396 412 1592 234 115 2058 373 3859 80 1442 436 300 295 57 143 101 7110 393 638 86 80 781 96 93 97 21 170 941 80 654 97 84 1893 728 862 173 466 200 262 290 1986 513 174 468 45 542 592
internal_value=0.000545422 0.00725307 -0.0108631 0.00228984 -0.0148392 0.0011933 -0.000378105 0.0159345 0.0124483 0.0101855 0.00145564 -0.00080009 0.000538463 0.00321789 0.00240804 0.00127078 0.00325117 -0.0161061 0.00807439 0.0293419 0.00213946 0.00681006 0.00557206 0.00393345 0.00809041 -0.0040223 0.0211513 0.00672136 0.00135853 0.0170481 0.0142001 -0.0114991 0.036253 0.0038291 0.0192794 0.0257572 0.0195796 0.0223563 0.00524334 -0.00796051 0.0315159 0.027182 0.0118583 0.0138713 -0.00317233 0.00839405 0.00808056 0.00177355 -0.000334499 0.0226441 0.0112027 0.0162132 -0.00109405 0.0328288 0.00679276 -0.00801952 -0.0106662 0.0014213 0.00862485 0.0285289 0.00589336 0.000592863
internal_weight=3869.25 2437.78 1431.47 1250.41 1024.36 1202.67 1091.22 111.452 1187.37 910.575 943.173 407.111 906.228 60.3815 746.698 704.581 610.772 968.702 770.854 51.0704 333.957 714.947 662.573 585.663 169.089 164.869 139.721 55.6569 446.459 76.9104 98.4226 415.435 41.6104 138.282 42.1173 33.978 276.794 55.9077 22.2325 133.755 33.6752 47.7399 139.204 130.779 107.203 35.6542 62.0702 572.279 431.942 214.724 81.6927 62.6506 27.9865 27.926 47.4072 159.53 137.74 52.7308 37.2624 112.611 134.18 88.6756
internal_count=60024 28797 31227 18075 24923 17584 16221 1363 10722 8449 13698 6304 13263 767 10370 9853 8457 23939 7351 596 5032 6896 6523 5856 2441 2591 1098 984 4555 667 798 9453 481 2080 517 431 2273 455 189 2155 266 491 1301 1221 2343 751 585 8045 6152 1688 696 523 280 342 433 2893 2499 937 642 907 1862 1320
is_linear=0
shrinkage=0.03


Tree=32
num_leaves=63
num_cat=0
split_feature=24 3 15 4 32 3 14 14 4 3 5 14 11 8 32 4 17 8 7 2 7 20 0 15 8 30 26 15 31 23 8 14 23 11 7 32 24 0 7 7 21 31 5 21 8 11 13 15 12 13 23 7 32 4 18 16 22 19 21 21 14 21
split_gain=311.316 75.8193 72.5889 36.6864 34.342 29.5409 31.1727 28.1222 23.3015 21.2957 20.0668 16.8918 16.5113 16.0809 15.2496 13.6579 13.4315 12.6799 12.2425 12.3024 11.2801 10.7537 10.576 10.5318 10.4556 10.3431 10.2946 10.0837 11.9444 9.9099 9.75572 10.6727 11.7446 9.70471 10.6144 9.64932 9.54598 9.24773 9.14684 9.00076 8.87367 11.3652 8.84451 8.80374 8.78781 8.73097 13.9932 11.2913 8.90392 8.7535 8.68297 8.66432 8.57119 8.43157 8.734 8.88509 8.37653 8.16993 8.0086 8.81876 7.81861 7.73943
threshold=0.29989509284496313 0.38644681870937353 0.034697191789746291 0.41867727041244512 10.500000000000002 1.5103702545166018 -0.91759115457534779 0.45624482631683355 -0.25772756338119501 1.2413458824157717 0.22352172434329989 0.040406191721558578 -0.036590769886970513 -0.41784365475177759 8.5000000000000018 2.1601321697235112 0.53844395279884349 -1.5722793936729429 -0.72948807477951039 0.37649437785148626 -0.72948807477951039 -1.1384819149971006 -0.65881773829460133 0.045292682945728309 0.67165273427963268 -6.1714284420013419 -1.3144912123680113 -0.067129451781511293 -1.0000000180025095e-35 1.0069981813430788 0.23467507213354113 -0.23849282413721082 -0.76764157414436329 1.117392957210541 -1.132578372955322 17.500000000000004 1.351335942745209 0.73848736286163341 -0.87310016155242909 -0.24461583048105237 0.56307387351989757 -0.35714286565780634 1.7157556414604189 -0.086916554719209657 0.79562261700630199 1.0120458006858828 -0.28792919218540186 1.3793569803237917 0.85379028320312511 -0.27392549812793726 0.45983290672302252 -0.77594074606895436 14.500000000000002 -0.085485760122537599 -0.35935087502002711 0.75610783696174633 0.64609375596046459 0.92702537775039684 -0.19741194695234296 1.8604154586791994 0.39253468811511999 0.22697945684194568
decision_type=2 2 2 2 2 2 2 2 2 2 2 2 2 2 2 2 2 2 2 2 2 2 2 2 2 2 2 2 2 2 2 2 2 2 2 2 2 2 2 2 2 2 2 2 2 2 2 2 2 2 2 2 2 2 2 2 2 2 2 2 2 2
left_child=2 7 3 9 13 6 38 8 16 12 14 25 29 37 -10 21 -2 -7 -13 -20 -8 -5 -12 -9 27 -4 39 -22 -29 -1 -14 32 -32 34 -16 50 43 51 -6 -27 -35 -42 -23 -30 -40 46 -45 48 49 -47 -19 -3 -33 -28 -55 -56 -57 -38 -46 -60 -48 -62
right_child=1 4 11 15 5 17 20 23 10 -11 22 18 30 -15 33 -17 -18 35 19 -21 24 42 -24 -25 -26 26 53 28 36 -31 31 52 -34 40 -36 -37 57 -39 44 -41 41 -43 -44 45 58 47 60 -49 -50 -51 -52 -53 -54 54 55 56 -58 -59 59 -61 61 -63
leaf_value=-0.020902170510924533 -0.017476288650208803 0.025466152178851988 -0.01491237704743547 0.018561327818560968 -0.0038811237781656827 -0.0028537670722779541 -0.0063003393026783566 -0.019706331350445645 0.025294528572636071 0.0050858168238523621 -0.0089557130488029969 -0.017863070293028582 -0.0160680202625978 0.030354842242422034 -0.018219689029786903 0.031104456479314271 0.010923986338639273 0.00037745135572411472 -0.0054286295332325379 0.011489738315979232 -0.0043207844959776698 -0.0086651224598729825 0.020865163402576659 -0.0041294933051724773 -0.0028928256379721195 -0.0027081219607615003 -0.009132207497147599 0.0028975589956484007 -0.0028291691560111561 0.008684692205641123 -0.011982201863342128 -0.00029300572938739661 0.012164470810956078 0.0035960689594062146 0.00020628479395390774 0.0023759349408661954 0.028900430531493673 0.027474005495741565 0.015350550985110614 0.031523336698642962 -0.0059046811754855343 0.04018973473569043 0.020916463954981118 0.025118538165037931 -0.00017299057819522882 -0.0014287543375340326 -0.0026106724038333843 -0.0098987829040813567 -0.0016933917782034577 0.040556404495152167 0.020738247197445759 -0.0052874188954369879 -0.018499300210342969 -0.0038908298234637258 0.0065934137016347349 0.034637149936113658 -0.007013573115826479 -0.0071656973680156973 0.043699553683835143 -0.0050546315869731623 -0.011417572536037536 0.014887486309347669
leaf_weight=547.15171550959349 66.150831647217274 5.4000500589609137 16.165477465838194 14.825632091611622 12.66739161685109 27.037246085703373 79.340769566595554 70.712004609405994 19.095272161066532 38.756672382354736 9.3968508802354318 52.530782911926508 224.06366324797273 112.3739894144237 26.108826037496328 7.9257253669202319 15.318569511175154 20.256585765630007 213.9554925262928 42.138554614037275 60.50601826235652 81.919390987604856 80.953313086181879 87.800257347524166 112.70249132812023 8.4922928735613841 30.433399297297001 218.49562309682369 41.010895177721977 7.8387293964624396 24.785575818270445 35.65268424898386 41.785086680203676 53.143738891929388 293.43988982215524 34.111437723040581 38.52876678109169 12.46449003741145 96.989727653563023 20.27954563871026 5.3032855466008177 10.625260725617407 5.3881597183644763 31.574507962912321 5.2853304110467425 4.8209819793701199 74.015568561851978 5.4550581499934188 6.6810983568429938 26.479207016527653 308.26910183206201 34.94316602870822 62.91361815854907 43.177654266357422 86.463495697826147 16.895843561738733 3.5670175850391379 4.489359773695468 27.287650242447857 2.6420074999332419 8.1419822685420495 58.99892420694232
leaf_count=14615 1221 54 243 282 134 223 996 1424 206 624 131 889 5250 869 457 118 227 226 3384 597 901 1527 983 1341 1166 126 483 2328 499 160 608 817 887 745 4224 296 344 100 806 256 55 112 93 352 50 50 775 44 64 252 2267 308 1482 591 1158 210 39 40 207 18 100 655
internal_value=4.62514e-05 0.00737433 -0.00989473 -0.0143074 0.0113001 0.00959904 0.00659487 -0.000473382 0.0026063 -0.0161383 0.00505892 -0.000815473 -0.0170317 0.0240704 0.00213337 0.00203508 -0.0118133 0.0164887 -0.0053398 -0.00247811 0.0041315 -0.00156715 0.0174567 -0.0114684 0.00536435 0.00535883 0.00723581 0.00698207 0.00832922 -0.0204105 -0.0120158 -0.00620704 0.00296517 0.000688471 -0.00155671 0.0179501 0.0121704 0.0092284 0.0191335 0.0225145 0.0104793 0.0270988 -0.00580541 0.00962839 0.0213998 0.0120023 0.00852495 0.0235232 0.0289166 0.0347836 0.0195073 0.00118326 -0.0122459 0.00425976 0.00718182 0.0116271 0.0274252 0.0247824 0.0340806 0.0392883 0.0040809 0.0111273
internal_weight=3836.12 2209.02 1627.11 1093.01 1470.97 1305.79 916.113 738.048 579.536 982.948 498.066 534.1 944.191 165.182 407.716 110.059 81.4694 389.674 308.625 256.094 771.241 102.133 90.3502 158.512 691.9 225.475 209.309 579.198 518.692 554.99 389.201 165.137 66.5707 388.621 319.549 362.637 300.196 52.8077 144.872 28.7718 69.0723 15.9285 87.3076 257.178 132.205 216.167 172.731 43.4363 37.9813 31.3002 328.526 40.3432 98.5663 180.537 150.104 106.926 20.4629 43.0181 35.215 29.9297 141.156 67.1409
internal_count=59689 25250 34439 26463 14124 12793 9781 11126 8361 24443 6913 7976 23819 1331 5799 2020 1448 3012 4870 3981 8566 1902 1114 2765 7570 3106 2863 6404 5503 14775 9044 3794 1495 5593 4681 2789 3175 462 1215 382 912 167 1620 2791 1081 2292 1882 410 366 302 2493 362 2299 2481 1998 1407 249 384 275 225 1530 755
is_linear=0
shrinkage=0.03


Tree=33
num_leaves=63
num_cat=0
split_feature=23 15 15 4 4 14 20 21 17 26 6 14 4 11 6 11 7 32 32 32 7 12 17 9 11 26 11 21 9 7 11 0 4 15 9 11 21 32 5 11 21 21 11 16 19 17 6 20 10 9 7 26 31 6 22 7 29 12 5 16 21 7
split_gain=264.383 60.5738 59.0131 38.8218 36.943 28.7508 25.2683 23.8006 23.6316 18.8272 17.8014 16.1537 14.5431 14.4881 13.3241 12.8793 14.0181 12.2905 12.1026 11.6368 13.7036 13.2155 11.4459 11.3451 12.814 11.1651 14.3308 10.9147 10.7576 11.9097 10.6056 10.1708 9.8198 9.76898 9.39483 9.00657 9.00306 9.04191 8.99742 9.85276 9.18194 9.46026 8.83975 10.1201 9.55011 8.80704 8.75469 14.309 8.66099 8.61873 8.34587 9.81369 9.33477 8.23222 8.19672 8.09768 7.99829 7.96382 7.92933 9.06857 7.88228 7.81469
threshold=0.24323514103889468 0.7943515181541444 0.011032769922167064 -0.063147414475679384 0.37602879106998449 -0.74262171983718861 0.64915120601654064 0.89152303338050853 0.15071965754032138 -0.93347719311714161 1.3273013234138491 0.25846868753433233 -0.29658310115337366 -0.072313152253627763 -0.94201943278312672 0.061053849756717689 -0.61790248751640309 8.5000000000000018 12.500000000000002 14.500000000000002 -0.18307397514581678 1.104895353317261 0.32451866567134863 1.0783375501632693 1.2010232806205752 1.1235290169715884 0.236484169960022 0.32011167705059057 1.0000000180025095e-35 0.48178569972515112 1.103959918022156 -0.092905908823013292 1.7498977184295657 1.400928318500519 -0.37445831298828119 -0.92343434691429127 0.26795932650566107 10.500000000000002 -0.58431702852249134 0.56066706776618969 -0.63580965995788563 -1.408510625362396 0.097150135785341277 0.88203388452529918 1.0510510206222536 0.84788736701011669 1.3410488963127138 -0.21523845940828321 -0.028835852630436417 0.87124556303024303 0.021541267633438114 0.72944998741149913 0.92857143282890331 1.4368966221809389 -0.33462138473987574 -0.92921462655067433 0.91287881135940563 0.99326458573341381 -0.033235326409339898 0.80083379149436962 0.80632928013801586 -0.33789350092411036
decision_type=2 2 2 2 2 2 2 2 2 2 2 2 2 2 2 2 2 2 2 2 2 2 2 2 2 2 2 2 2 2 2 2 2 2 2 2 2 2 2 2 2 2 2 2 2 2 2 2 2 2 2 2 2 2 2 2 2 2 2 2 2 2
left_child=2 3 4 27 13 7 12 -5 14 11 19 31 -3 36 -7 22 -17 -16 25 20 -8 -21 -11 24 28 26 33 -2 -20 60 32 -4 50 -14 -26 -12 -1 -38 39 -6 41 -40 43 49 -44 -24 47 54 56 -22 51 52 -19 -29 -10 -33 -32 58 -57 -60 -30 -48
right_child=1 6 9 5 38 8 10 -9 46 15 35 -13 18 -15 17 16 -18 30 23 21 42 -23 45 -25 34 -27 -28 53 29 -31 48 55 -34 -35 -36 -37 37 -39 40 -41 -42 -43 44 -45 -46 -47 61 -49 -50 -51 -52 -53 -54 -55 -56 57 -58 -59 59 -61 -62 -63
leaf_value=-0.022393818189687335 -0.015483271957986957 -0.0056891409650810989 -0.0096130269916321152 0.0077031116227582602 -0.020886604845400693 -0.017515025519892358 -0.002726979249881363 0.033010314621547417 0.0051984055480027904 -0.014796572697322478 -0.0044697603531606567 -0.0019255774734999592 -0.011870498281414361 -0.011215898486228068 0.020355802014752192 -0.011964455222286365 0.0074023402393693129 -0.01698872734080616 -0.0052981394382147764 0.0031424757828574933 0.024852201419033954 0.028457281988985964 0.013650991896103505 0.021365626874102712 0.022791142474261276 -0.0024449951397793007 0.024420260613496395 -0.0051463635819522478 -0.0044901980946267205 0.016768092740693886 0.021427055002967651 -0.0050851259913962084 0.015473343999377751 0.020341825155785066 0.006099291547436706 0.024582278269210771 0.0060491818752607647 -0.015486267373512299 0.013478521765384166 0.016664104769117217 0.014903107891738465 -0.019076981327706855 0.032354308113723092 -0.010666725940693473 -0.0083442205916136672 -0.0094181426879387138 0.034782192083050577 0.0096087018140748239 -0.0017580548684414288 -0.0094660179593514387 -0.0012412418406448549 0.0043778652825244204 0.0086523829368627247 0.019907754681080445 -0.014867535576205378 -0.0024352327118662338 -0.012046810515492909 -0.0052420580676556441 0.047700881733206128 -0.0037308698967447327 0.013271790963543126 0.0091503172919326064
leaf_weight=340.59445982798934 122.33542852476239 69.097527548670769 4.7566968388855448 120.55673796311021 18.075382441282276 41.864583913236856 22.460695296525955 43.924626544117928 29.439862288534641 113.21037723124027 8.634714335203169 39.749660596251488 18.360802255570892 360.48874831199646 18.663270782679319 41.459629993885756 117.66038961708546 105.78088509663939 132.18568204715848 165.8687891960144 25.853458985686306 16.177372269332409 24.518643260002136 35.145729318261147 43.27076255902648 24.022234812378883 98.112239461392164 105.47344046086073 82.574858602136374 54.818369027227163 35.483252845704556 4.2446331307291976 17.392068136483431 8.2961707115173322 97.176358364522457 182.46600146219134 16.795284509658813 177.37590218707919 9.1137542128562945 4.4524708874523631 50.879774753004313 14.550749152898787 58.240371711552143 11.569491803646086 3.6798356771469107 25.226279191672802 14.587013300508259 200.78862810507417 43.408980153501034 5.5153202340006819 214.5882061496377 29.640744362026453 11.368668913841246 8.2780913747847062 36.197128567844629 3.3839639984071281 4.3050809130072585 3.0974757373332968 23.069448899477724 2.689167257398366 25.254177838563919 35.813981544226408
leaf_count=9498 2193 820 75 1615 380 820 195 454 430 1923 76 630 167 8509 216 679 1728 1735 1354 1522 221 142 368 345 402 204 792 1655 908 510 473 69 196 64 881 1185 405 4556 177 78 926 280 416 90 28 361 170 2459 575 52 3184 474 178 101 519 49 59 40 307 35 220 374
internal_value=5.69938e-05 0.00603281 -0.0103283 0.00138271 -0.0142434 0.0039622 0.0108567 0.0152359 0.00167577 -0.000632985 0.0159779 0.0118665 0.00704482 -0.0161409 -0.00224408 -0.00390954 0.00214544 -0.000747292 0.00849997 0.0112254 0.018057 0.00609262 -0.00970988 0.00602743 0.00456041 0.0158672 0.0193512 -0.00943962 0.000948894 0.00603253 -0.00180867 0.0239306 -0.00394722 -0.000215939 0.0118486 0.0231891 -0.0193263 -0.0135184 0.00318986 -0.0117862 0.00817212 -0.00637502 0.0224304 0.0102318 0.0294929 0.00216063 0.00807464 0.00568809 0.00759926 0.0183465 -0.00508029 -0.0104667 -0.0142481 -0.00256165 -0.00613655 0.0289354 0.0168647 0.0334958 0.0377779 0.0425978 7.35508e-05 0.0190383
internal_weight=3824.06 2428.67 1395.39 1239.89 992.327 1003.8 1188.78 164.481 839.322 403.066 500.466 80.991 688.315 895.254 522.496 322.075 159.12 480.631 619.217 309.365 127.319 182.046 162.955 470.426 435.28 148.791 124.769 236.087 294.833 162.647 461.968 41.2414 378.771 26.657 140.447 191.101 534.766 194.171 97.0721 22.5279 74.5443 23.6645 104.858 42.9383 61.9202 49.7449 316.827 266.426 83.1973 31.3688 361.379 146.79 117.15 113.752 65.637 36.4847 39.7883 32.2401 29.1426 25.7586 107.829 50.401
internal_count=59547 28474 31073 17880 24809 13931 10594 2069 11862 6264 3927 1205 6667 22968 7910 5059 2407 7090 5847 2666 1002 1664 2652 4620 4275 1227 1023 3949 2992 1638 6874 575 5767 231 1283 1261 14459 4961 1841 458 1383 457 807 363 444 729 3952 3408 1107 273 5571 2387 1913 1756 949 500 532 431 391 342 1128 544
is_linear=0
shrinkage=0.03


Tree=34
num_leaves=63
num_cat=0
split_feature=6 15 15 14 17 11 4 21 4 22 20 11 8 9 31 21 1 8 1 11 4 17 25 10 5 4 12 9 11 17 15 31 21 4 7 25 7 29 25 7 14 21 18 21 0 25 21 0 25 9 11 21 16 11 29 0 10 15 4 25 13 14
split_gain=285.189 65.702 55.147 27.1661 26.5059 24.3461 19.4415 17.0772 16.1661 15.3892 14.487 13.9847 14.741 15.4179 14.3281 13.793 12.9915 11.9289 12.0989 11.7828 11.0481 14.3894 14.9687 12.4232 16.2821 11.0027 10.5914 11.6214 10.5617 11.3989 10.5408 10.5105 11.8816 10.2746 10.2348 10.23 10.0475 9.99536 9.80402 9.65733 12.6412 13.6958 9.54916 9.20527 9.1005 9.14185 8.99237 8.72407 8.67342 11.7876 8.63263 9.60416 9.36694 8.13034 9.68219 8.08976 7.9866 7.96128 13.3758 7.93897 9.31333 7.92458
threshold=0.18883521854877475 0.045292682945728309 0.87479302287101757 0.040406191721558578 0.26739828288555151 -0.31456629931926722 1.2038460373878481 -0.51700475811958302 0.10340107604861261 -1.0000000180025095e-35 -0.51800337433814991 0.22568751126527789 0.12662190943956378 -0.89870312809944142 0.5000000149011613 0.81812775135040294 1.1305500864982607 -0.21593847870826718 -0.17501153051853177 1.3891112804412844 0.96338364481925975 1.5877075195312502 1.7691885232925417 0.72511258721351635 0.092244256287813201 -0.30689410865306849 0.63226857781410228 -0.4779557585716247 0.27024970948696142 -0.65499338507652272 -0.23545891791582105 0.21428572386503222 0.57403382658958446 -0.013657241128385065 1.012822210788727 -0.49997358024120325 0.087217409163713469 0.45804196596145635 -0.13044020533561704 0.81077107787132274 -0.56972739100456227 0.50001421570777904 -0.49019223451614374 0.2874405980110169 1.0196340680122378 -0.28460356593132013 0.19623119384050372 0.27386207878589636 -0.0082805575802922231 -1.1338272690773008 -1.14650422334671 0.53318053483963024 0.72081202268600475 0.7664504647254945 0.25833334028720861 0.16673655062913897 -0.11755844205617903 0.45527216792106634 -0.45278035104274744 0.17063122987747195 -0.98096919059753407 -2.8263701200485225
decision_type=2 2 2 2 2 2 2 2 2 2 2 2 2 2 2 2 2 2 2 2 2 2 2 2 2 2 2 2 2 2 2 2 2 2 2 2 2 2 2 2 2 2 2 2 2 2 2 2 2 2 2 2 2 2 2 2 2 2 2 2 2 2
left_child=1 5 4 26 6 15 9 -4 35 -2 19 14 34 -14 44 -1 25 -8 -19 -6 21 28 23 24 -23 -12 -3 -28 29 -9 -10 32 42 -5 -13 36 -7 -20 47 61 41 -41 -29 -15 45 -11 -26 -32 49 -27 -16 -52 -53 54 -42 -18 -40 58 -45 60 -22 -30
right_child=2 3 7 33 10 8 17 20 30 11 16 12 13 43 50 -17 55 18 37 -21 59 22 -24 -25 46 48 27 31 39 -31 38 -33 -34 -35 -36 -37 -38 -39 56 40 53 -43 -44 57 -46 -47 -48 -49 -50 -51 51 52 -54 -55 -56 -57 -58 -59 -60 -61 -62 -63
leaf_value=-0.021850239860842717 -0.0087156950658304113 0.0029565217347114498 -0.0012833178698978803 -0.017684032311869685 -0.011110093830882335 -0.0090418270891557389 -2.7493294980778155e-05 0.024682685027716478 -0.0087611425129832457 0.0025464244631959779 -0.0068559092011633484 -0.0032880256201577801 -0.011956579635833174 0.0075455266476331714 -0.010597253168308699 -0.0085880122285946891 -0.0087627401989114253 -0.011206147044817519 0.0068923594489184023 0.015507408896558026 -0.0072913038218890905 0.029502245001243328 -0.0040594258299547058 0.0040728816694129344 0.026486076770049983 -0.010027538489543018 -0.0020256237321975797 -0.0046051352160829109 0.027573066084668252 0.0004365515899756093 0.039257431565296326 0.0015264940259335385 0.0046152663533608161 -0.0037686618804679568 0.018536985464995943 -0.013898687433785587 0.014967832311981323 0.040905509258138475 0.015700515154784725 -0.0023091647786185453 -0.0057496515510645965 0.044238889724592938 0.055534479301018097 -0.011462930215735643 0.013621935091349202 -0.012747648652524602 -0.0077049957678014085 -0.0076897408568404211 0.0063291217526610846 0.020628580272472816 -0.0032350904842332003 0.024420395054714612 -0.0078666227234663044 0.00051053640827806155 0.030792316085335211 0.031308384721674111 -0.011093510587146006 0.008106180376852198 0.042080797056903388 0.0065812439512186313 0.024636232738780652 0.0072299417371245473
leaf_weight=399.51919680088758 224.43125930801034 140.36586762219667 85.545967541635036 58.57382720336318 51.002922538667917 38.185591392219067 33.908039875328541 14.318620957434176 37.060893170535564 42.722193967550993 33.699180033057928 141.05439885705709 14.454371284693478 46.243532720953226 17.770942851901054 96.515284955501556 3.009889092296361 5.1832324117422095 14.621621727943419 15.646247826516626 6.6258502155542365 113.58616285026073 22.72925016283989 34.123420909047127 4.6301190555095699 9.7669611163437349 16.835412207990885 1.8887953720986832 14.260719932615755 182.54981621727347 9.8485232591629011 11.168923214077948 8.9150434434413892 209.2470954246819 17.291545797139406 384.50787859782577 19.637234058231115 20.5140167362988 13.430942468345167 6.5721312612295177 7.0231853239238289 22.454572454094887 13.836088664829733 2.7154397740960148 12.11375258117914 161.34113091230392 19.843879669904709 2.8010944686830035 185.55678744986653 92.283802296966314 26.584066390991211 36.297406814992428 7.5072810947895041 34.605797663331032 19.303344931453466 31.771812293678522 16.968091253191233 17.647228077054024 25.762706261128187 39.48055537417531 129.99619862437248 297.94012868776917
leaf_count=11006 3729 1927 981 1038 711 900 384 158 726 725 465 2024 213 708 310 2368 36 62 163 193 56 810 199 256 37 111 227 26 106 1732 168 158 114 3256 218 9256 423 217 235 51 60 145 192 41 174 2693 140 47 2059 1067 474 549 97 255 159 305 303 190 313 318 917 2613
internal_value=-7.1743e-05 -0.0103677 0.0064274 -0.000950747 0.00225334 -0.0146031 -0.000754071 0.0114972 -0.00992579 -0.00215555 0.0083662 0.000483035 0.00546583 0.0138049 -0.00387666 -0.0193812 0.0107469 0.0134262 0.0234955 -0.00421537 0.0126251 0.0109849 0.0180528 0.0210039 0.0249 0.00857932 0.0075187 0.0183713 0.00855475 0.0027677 0.00235105 0.0270341 0.0363884 -0.00708035 -0.000410249 -0.0121507 -0.000345586 0.029373 0.0118338 0.0113189 0.0198747 0.034909 0.0489425 0.0182432 -0.00798372 -0.0095614 0.00215926 0.0296282 0.0104741 0.0173633 0.00608227 0.0107169 0.018648 0.0106086 0.0216822 0.0271752 0.00129021 0.0271814 0.0360258 0.0195125 0.0228851 0.00857916
internal_weight=3825.8 1479.31 2346.49 460.831 1290.9 1018.47 868.164 1055.59 522.44 793.937 422.738 569.506 265.169 106.823 304.337 496.034 356.088 74.2269 40.3189 66.6492 970.044 793.941 194.913 172.184 138.06 321.307 193.01 52.6443 599.028 196.868 80.1095 35.8089 24.6399 267.821 158.346 442.331 57.8228 35.1356 43.0487 402.16 89.959 29.0267 15.7249 92.3689 216.177 204.063 24.474 12.6496 287.608 102.051 88.1597 70.3888 43.8047 60.9323 26.3265 34.7817 30.399 46.1254 28.4781 176.103 136.622 312.201
internal_count=59594 32370 27224 6938 18231 25432 13284 8993 12058 12458 4947 8729 3707 1465 5022 13374 4043 826 442 904 8012 6721 1442 1243 987 3702 2644 717 5279 1890 1479 490 332 4294 2242 10579 1323 380 753 3389 670 196 218 1252 3592 3418 177 215 3237 1178 1430 1120 646 474 219 341 538 544 354 1291 973 2719
is_linear=0
shrinkage=0.03


Tree=35
num_leaves=63
num_cat=0
split_feature=3 15 15 4 6 6 32 4 21 8 4 8 11 32 7 21 11 11 9 17 11 7 8 29 11 7 21 5 0 1 7 15 32 20 32 12 0 15 17 18 20 7 9 11 9 16 20 9 8 20 7 20 5 12 32 10 13 5 10 16 7 30
split_gain=274.682 73.9689 52.064 41.2153 31.4673 28.6982 26.3796 24.1585 17.4744 17.325 16.697 18.9872 16.0438 14.4172 14.9442 14.3081 13.7037 13.3876 13.3679 13.2728 12.5894 12.4099 12.1701 11.6495 11.4807 11.464 11.8237 11.3949 10.6261 12.6259 10.4623 10.0617 9.848 9.20288 9.13606 14.2673 9.45002 10.4768 14.2207 8.97515 8.46104 8.7405 9.18481 9.17288 8.69235 8.17763 8.14788 9.13275 8.24226 8.13091 8.57148 11.0182 8.11315 10.3445 8.60755 8.37157 8.0258 7.89234 8.41307 7.86618 7.83688 7.75475
threshold=0.14172088354825976 -0.33441953361034388 0.7943515181541444 -0.085485760122537599 -0.34253501892089838 -1.0034729242324827 11.500000000000002 0.98312342166900646 1.0838567614555361 -0.21593847870826718 1.2038460373878481 0.54657480120658886 0.69159477949142467 11.500000000000002 -0.77594074606895436 0.25812309980392462 0.08535808697342874 -0.67995125055313099 -1.2750047445297239 -0.35358749330043787 1.3891112804412844 0.50035893917083751 -0.083661079406738267 0.40588235855102545 0.036560259759426124 0.73943787813186657 0.020264307036995891 -0.54334789514541615 0.29294462502002722 1.0999195575714114 -1.2823532223701475 1.1930564641952517 10.500000000000002 1.1342390775680544 12.500000000000002 1.1550969481468203 1.5940902233123782 1.6116285324096682 1.4656333923339846 -0.35935087502002711 -0.07447385415434836 0.67947480082511913 -0.46155804395675654 -0.11688621342182158 -1.0000000180025095e-35 0.78051510453224193 0.98227065801620495 -1.0826901197433469 -0.1437997221946716 -0.53271195292472828 -0.59333956241607655 0.01980583090335131 -0.11842333897948264 -0.37465462088584894 15.500000000000002 -0.75061416625976551 0.62334638833999645 -0.77739426493644703 -0.86692464351654042 1.0000000180025095e-35 0.87420776486396801 -6.1714284420013419
decision_type=2 2 2 2 2 2 2 2 2 2 2 2 2 2 2 2 2 2 2 2 2 2 2 2 2 2 2 2 2 2 2 2 2 2 2 2 2 2 2 2 2 2 2 2 2 2 2 2 2 2 2 2 2 2 2 2 2 2 2 2 2 2
left_child=1 59 4 -3 22 20 21 9 19 31 12 -12 15 14 -11 -8 46 -15 -16 60 -5 49 -2 28 -21 -19 -27 -23 -18 -30 -14 45 39 -28 35 -26 37 52 -39 -24 -17 43 -43 -42 -44 -7 -10 -48 -49 -6 51 -51 55 54 -54 -36 -57 -9 -59 -1 -4 -20
right_child=2 3 8 5 6 7 10 57 16 13 11 -13 30 17 18 40 23 25 61 24 -22 27 32 -25 34 26 33 -29 29 -31 -32 -33 -34 -35 36 -37 -38 38 -40 -41 41 42 44 -45 -46 -47 47 48 -50 50 -52 -53 53 -55 -56 56 -58 58 -60 -61 -62 -63
leaf_value=-0.02107320202974057 -0.013572323137754772 -0.016009438471032027 -0.0095180161454310724 -0.017694273956998016 0.024465442840760573 -0.011044266945865328 -0.0098061443992934084 -0.0071521597274593349 -0.0018353898392811736 -0.011266250245609403 0.0057612852890592623 0.037472109229258387 -0.011927300576459863 -0.011758957697799857 -0.012741613203085325 -0.012533328044845894 0.02001596908871579 -0.00035608088416305179 -0.010378515569320889 0.00096404038011409601 0.017268211049948946 -0.0056512934462313574 -0.012513308273444976 0.028051941099136151 0.021916082402417318 -0.0060684798871461134 0.027402774866960345 0.030220989555512914 -0.019247631978123621 0.013824028851285275 0.0091502610667813702 0.011169880892362117 -0.0033871939551324438 -0.0083728760462252888 0.016067839018846869 -0.010055410654466513 0.027162489195095219 0.0031934357718774475 0.02990083110565565 0.029611287157490795 -0.0073797768567733712 -0.005741331582160899 0.033686580593701214 0.0066624347082820121 0.0088926879139865217 0.0082885477310438455 -0.0098966925598892915 0.0073648503209059321 0.028997793379559531 -0.0098638715299129778 -0.0028308250657517815 0.031240021500662091 0.011227752894749737 0.010425890075048364 -0.012418668267115506 -0.018305307013064341 0.0096917079875415008 -0.0039228232977128316 0.022811259249407689 -0.012274344006190726 0.013600516847813535 0.029615890695271332
leaf_weight=353.2028736025095 112.40781582146883 220.40660079941154 47.725417997688055 108.48037676140666 17.149712324142456 207.17631656304002 138.04819139093161 9.5723180994391424 40.952267006039619 12.531988222151993 58.782645527273417 20.358945101499557 18.957792494446039 65.108230527490377 6.0045613609254351 28.672637466341257 55.906667336821556 213.17614503204823 2.3646462745964518 99.632286861538887 6.1742945201694956 7.4898074828088275 3.1282509788870803 126.03974983096123 121.69465263187885 16.164101462811232 35.038788489997387 58.034252163022757 13.86111133545637 18.15754833817482 236.74991457164288 19.539172757416964 133.08771375194192 5.3383017368614665 8.5806035958230478 11.07205445319414 22.562081575393677 32.630153708159924 38.829423435032368 11.125496771186588 88.507186703383923 24.363924186676741 12.340810231864451 70.913586042821407 74.841231968253851 18.103505238890648 9.0305261723697168 38.3659115023911 29.173733428120613 5.9411547109484699 54.921247098594904 12.411505319178103 17.072542633861303 255.05447386205196 33.224166706204414 28.523008640855551 9.1088769100606424 11.012460786849259 61.587239176034927 160.62876688316464 12.844810653477905 44.282657705247402
leaf_count=9600 2272 4903 521 2608 220 4045 2207 133 366 193 599 197 286 1279 81 428 375 3621 39 1013 118 90 51 819 895 294 532 587 99 113 2965 222 2545 73 91 82 180 262 286 175 1320 342 168 908 988 277 78 322 235 74 627 150 165 2266 342 293 91 147 767 4078 121 577
internal_value=0.000420257 -0.00917548 0.00712193 -0.00461453 0.00278048 -0.00155359 0.00535971 0.00068256 0.0119076 -0.00131153 0.00303592 0.0156608 0.00149316 0.00253197 0.0148949 -0.00199578 0.0176508 -5.85871e-05 0.0215587 0.00922845 -0.0151686 0.0164194 -0.00636618 0.0221594 0.0104263 0.00292843 0.0143348 0.0260106 0.0126575 -0.00115891 0.00738882 -0.00751639 -0.000603542 0.0222714 0.0120341 0.0189816 0.00977638 0.00854262 0.0187119 0.0195175 0.00170446 0.00341083 0.00965772 -0.00112086 0.0140391 -0.00934445 0.00887307 0.0143618 0.0180639 0.00847054 0.00340327 0.0186708 0.00624217 0.00800523 -0.00410274 -0.00505148 -0.0111867 0.0155084 0.0187646 -0.0184674 -0.00395214 0.02678
internal_weight=3834.17 1575.89 2258.28 1062.06 1188.23 841.655 928.485 727 1070.04 644.828 772.537 79.1416 693.395 400.009 65.1839 437.688 331.488 334.826 52.6519 738.555 114.655 155.948 259.749 213.965 677.984 269.717 56.5412 65.5241 87.9253 32.0187 255.708 244.819 147.341 40.3771 578.352 132.767 445.585 423.023 71.4596 14.2537 299.639 270.967 111.546 159.421 87.182 225.28 117.522 76.5702 67.5396 90.4236 73.2739 18.3527 351.564 305.351 50.2967 46.2125 37.6319 82.172 72.5997 513.832 60.5702 46.6473
internal_count=59801 33587 26214 19909 17199 15006 12156 12280 9015 11233 10408 796 9612 6689 890 6361 2407 5799 697 6608 2726 1748 5043 1406 5966 4520 899 677 587 212 3251 4544 2771 605 4953 977 3976 3796 548 226 4154 3726 1498 2228 1156 4322 1001 635 557 1071 851 224 3248 2773 507 475 384 1047 914 13678 642 616
is_linear=0
shrinkage=0.03


Tree=36
num_leaves=63
num_cat=0
split_feature=3 15 6 3 14 11 15 14 25 6 5 23 25 14 7 9 3 17 8 2 18 9 8 12 14 9 8 31 7 8 10 9 20 15 6 5 20 5 13 20 11 31 13 23 22 11 7 14 23 7 11 1 18 1 24 15 14 25 24 26 20 15
split_gain=254.305 73.0898 58.1812 28.7506 25.5855 22.7929 18.0409 14.5121 14.2274 18.0413 13.6665 13.6346 13.1337 11.9504 11.7288 11.3559 10.8997 10.8068 10.393 10.0845 9.34717 9.17086 10.3557 14.7342 9.35555 9.16231 9.06159 9.01696 8.96452 9.00092 11.2453 8.1517 8.12973 8.44072 8.10153 10.5674 8.84148 8.581 9.34536 8.77815 8.38693 8.09676 9.39695 7.38712 7.27599 7.24792 9.30593 8.3271 9.94476 7.33707 7.35034 7.21664 8.86526 7.16073 7.11396 9.42926 7.01235 6.98252 6.94767 6.91218 6.84765 6.79517
threshold=0.14172088354825976 0.045292682945728309 0.17742924392223361 1.4413411021232607 -0.91759115457534779 -0.072313152253627763 -0.77059680223464955 -1.4402555823326109 1.665272653102875 1.2137548923492434 0.60079380869865429 0.39925952255725866 -0.49997358024120325 0.44252236187458044 0.087217409163713469 -1.3309161663055418 -0.48579664528369898 1.8419355750083926 0.7804735302925111 0.85775652527809154 2.1014931201934819 1.2573761940002444 0.67165273427963268 -0.26688106358051294 1.7479221224784853 -1.5803926587104795 0.13906139135360721 0.5000000149011613 -0.79137632250785817 0.52249017357826244 -0.75061416625976551 -2.1104872226715083 0.64915120601654064 1.786438584327698 1.1352806091308596 -0.76602783799171437 1.7586777806282046 -0.22352393716573712 -0.53743609786033619 -0.60318332910537709 0.7664504647254945 1.0000000180025095e-35 -0.26381953060626978 1.244126617908478 1.838243365287781 -0.49575868248939509 -0.77594074606895436 0.55723619461059581 1.0227034687995913 0.82355144619941723 0.5488194227218629 1.1455280184745791 -0.24626781046390531 -0.17501153051853177 0.9824642837047578 0.15181130915880206 0.60471880435943615 -0.54436880350112904 0.91510096192359935 0.6665778160095216 0.48881913721561437 1.2558429241180422
decision_type=2 2 2 2 2 2 2 2 2 2 2 2 2 2 2 2 2 2 2 2 2 2 2 2 2 2 2 2 2 2 2 2 2 2 2 2 2 2 2 2 2 2 2 2 2 2 2 2 2 2 2 2 2 2 2 2 2 2 2 2 2 2
left_child=1 5 6 4 28 11 -2 -3 9 17 18 -1 14 16 57 -11 26 31 61 41 53 22 24 -24 32 -18 -14 -28 -4 30 -30 -6 33 51 36 -36 37 38 -33 40 -39 42 -9 -41 54 -20 -47 48 49 50 -48 -5 58 -16 55 -34 -55 -7 -53 60 -26 -8
right_child=2 7 3 21 8 12 10 19 -10 15 -12 -13 13 -15 20 -17 25 -19 45 -21 -22 -23 23 -25 59 -27 27 -29 29 -31 -32 34 44 -35 35 -37 -38 39 -40 43 -42 -43 -44 -45 -46 46 47 -49 -50 -51 -52 52 -54 56 -56 -57 -58 -59 -60 -61 -62 -63
leaf_value=-0.019195464536381972 -0.016215793963987812 0.01025852173217778 -0.0015817318545001905 0.0093290144137120404 -0.015248874621165321 -0.010903976224500771 -0.0055567520230721734 -0.0092903611510826885 -0.0061747322108323234 -0.010305025438287888 0.013098475872172666 -0.0045900305734155556 -0.017627036146082166 -0.01910340234706407 -0.004973256773543544 0.015119735821825447 -0.020195661127003973 0.020520161947421602 -0.0085196000463583395 0.019071478259007631 -0.010623033362282713 -0.0034346056733588113 0.051123694410139447 0.01755324550683008 0.026235274997353897 0.0036613753673677141 -0.0098966871528083783 0.0093818987964316269 0.027566442206349764 0.026809992314716116 0.0060953733802610252 0.017752607406661659 0.033141760147076038 -0.0099378598842822085 0.025911894549805126 -0.010439036176684272 -0.013156570572885945 -0.015775630651044804 -0.0067049679454280415 0.0074148931003530771 0.005825814196327439 -0.0075862939356603765 0.0035644233740510993 0.026249585139784277 -0.010187543211186079 -0.0098775469069964442 0.0119900836440681 -0.0065849928046503199 -0.0032559007335870986 0.0024329429220413669 0.04753147312229284 -0.00091176539711345273 -0.0014850225821955584 0.053690153498434152 0.024455107423385049 0.0046676400729706077 -0.0033486176875635498 0.019705906827485617 0.043405923263796047 -0.018977007281131018 -0.0019826386383239693 0.011819990610535848
leaf_weight=486.95968992263079 62.287018213421106 98.045296248048544 20.71485573798418 147.18048082664609 16.439875900745392 23.13704215362668 278.05579843372107 62.909271236509085 85.636782821267843 13.597290135920046 60.703241255134344 69.344777222722769 91.182096183300018 90.607507430016994 2.0603599287569514 221.09407885745168 11.700236655771731 28.648885078728199 16.949624139815569 14.432818397879599 2.5374935753643504 20.059588208794594 14.452959109097717 57.608173780143261 6.2074231654405621 104.51491610333323 67.574536371976137 26.70419842377305 27.246018171310425 75.702856708317995 82.358364935964346 11.883385688066481 8.7897125706076604 12.925859704613684 3.3480364605784407 56.372463174164295 19.495806008577347 23.997895181179047 81.468794550746679 416.07496127858758 32.368039775639772 194.26718643680215 202.83507566526532 15.691924553364514 4.266265168786048 11.602171204984186 13.486708659678699 9.4845993779599649 10.646672662347553 8.9725932739675027 13.840749666094778 3.6029968634247842 7.1541566699743262 6.3403410464525205 143.39658831804991 53.150213465094566 1.6649189479649065 3.9387142732739475 13.442883186042307 7.6616834029555312 23.024328127503395 17.175288282334805
leaf_count=13880 1446 1087 222 1263 237 551 4826 972 1007 145 881 1401 2171 2165 45 2020 282 275 294 218 56 168 106 398 56 2192 1557 600 226 577 709 164 102 88 36 572 236 335 1103 5006 414 3105 3026 157 33 198 216 161 143 127 200 32 57 134 888 440 39 93 100 66 180 189
internal_value=0.00080401 -0.00849235 0.00723357 0.00980584 0.00725384 -0.0134132 -0.00174614 4.48771e-05 0.0052658 0.00633468 0.000456851 -0.017432 -0.00809734 -0.00976364 0.00762558 0.0134625 -0.00669275 0.0038865 -0.00170527 -0.00215077 0.0267772 0.0156933 0.0164827 0.0271665 0.0144044 0.000525536 -0.011111 -0.00423859 0.0167962 0.0188381 0.0124026 0.0030375 0.0157411 0.0106504 0.00360362 -0.00655675 0.00465905 0.00536343 -0.00284738 0.00694665 -0.00390707 -0.00301453 0.000405957 0.00839207 0.019865 0.00726652 0.0115134 0.0163574 0.0211801 0.0278736 0.0345584 0.0124409 0.0265286 0.0366021 0.0207168 0.010882 0.0451007 -0.00407349 0.0359562 -4.32799e-05 0.00696627 -0.00436583
internal_weight=3819.02 1560.76 2258.27 1755.06 1232.14 988.267 503.204 572.49 1026.12 940.481 440.917 556.304 431.962 392.283 39.6789 234.691 301.676 705.79 380.214 474.444 12.6031 522.923 502.864 72.0611 430.803 116.215 185.461 94.2787 206.022 185.307 109.604 677.141 393.909 184.306 660.701 59.7205 600.981 581.485 93.3522 488.133 56.3659 460.012 265.744 431.767 209.603 84.9831 68.0335 56.4313 46.9467 36.3001 27.3275 171.381 24.2 10.0656 205.337 61.9399 8.00526 27.0758 17.0459 36.8934 29.2318 295.231
internal_count=59673 33574 26099 17418 13441 25166 8681 8408 11707 10700 7235 15281 9885 8967 918 2165 6802 8535 6354 7321 274 3977 3809 504 3305 2474 4328 2157 1734 1512 935 8260 3003 1540 8023 608 7415 7179 1267 5912 749 7103 3998 5163 1463 1339 1045 847 686 543 416 1452 189 218 1430 542 173 644 132 302 236 5015
is_linear=0
shrinkage=0.03


Tree=37
num_leaves=63
num_cat=0
split_feature=3 6 15 14 23 32 14 4 4 32 3 7 4 25 17 14 4 23 24 14 9 32 14 29 14 4 18 17 22 3 20 7 9 22 20 20 31 17 25 10 25 25 3 3 1 22 22 20 17 6 2 10 7 4 15 9 7 13 14 32 15 31
split_gain=267.629 88.97 48.0147 38.2609 34.7537 27.4611 21.7761 19.8246 19.2713 18.5928 19.1193 15.3888 15.2613 15.21 17.7725 14.2505 13.2026 12.9749 11.8373 10.405 10.2153 10.3649 9.96747 9.36062 9.28868 12.5703 9.09234 9.46127 10.8585 9.11485 8.75178 8.7464 8.63695 8.56809 8.46152 8.41766 9.91954 8.34861 8.288 8.34628 8.25772 8.10211 7.87917 7.80575 9.95577 9.51314 7.78021 7.66183 8.30279 7.59158 7.49457 7.49167 7.38827 7.34821 7.28324 7.23594 8.44063 9.56898 7.22315 7.16653 7.06668 6.99882
threshold=-0.12844875454902646 0.5097789764404298 0.045292682945728309 0.21859091520309451 1.1380447745323183 13.500000000000002 -1.8591957092285154 0.41867727041244512 0.15862626582384112 8.5000000000000018 1.8791651129722597 -0.92921462655067433 0.37602879106998449 -0.25256711244583124 1.1254220604896548 -0.76831158995628346 -0.085485760122537599 -0.74863648414611805 -0.091450687497854219 -0.25796048343181605 -2.0721325874328609 17.500000000000004 -0.23849282413721082 0.44097222387790685 0.5448465645313264 0.96338364481925975 -0.37155641615390772 -0.052188064903020852 0.010055993217974903 1.6522202491760256 -0.74669077992439259 -0.58111324906349171 -0.77249959111213673 -1.771652817726135 0.98227065801620495 0.94490996003150951 0.35714286565780645 0.050320535898208625 -0.30147556960582728 0.36677497625350958 1.665272653102875 0.25834591686725622 -1.1322949528694151 0.64183306694030773 0.69299569725990307 -0.33462138473987574 1.838243365287781 -1.0000000180025095e-35 -0.8576013147830962 1.4763169884681704 0.020034571178257469 0.73949497938156139 0.09639254212379457 1.6629860401153567 -0.28398902714252466 -0.25270046293735499 0.22266384959220889 0.63573259115219127 -0.62010607123374928 9.5000000000000018 -0.1766928285360336 0.6428571641445161
decision_type=2 2 2 2 2 2 2 2 2 2 2 2 2 2 2 2 2 2 2 2 2 2 2 2 2 2 2 2 2 2 2 2 2 2 2 2 2 2 2 2 2 2 2 2 2 2 2 2 2 2 2 2 2 2 2 2 2 2 2 2 2 2
left_child=2 3 7 5 6 43 40 17 18 30 13 -6 34 26 24 20 -4 -1 59 42 -13 33 38 60 25 47 -11 -28 -29 -30 -8 -20 -16 -22 -7 36 -34 -33 39 -19 -3 46 -18 45 -45 -2 53 -15 -49 -27 52 -37 -36 58 -9 -50 -57 -58 -17 -5 -10 -42
right_child=1 4 16 8 11 12 9 54 23 10 -12 15 -14 14 32 41 19 22 31 -21 21 -23 -24 -25 -26 49 27 28 29 -31 -32 37 35 -35 50 51 -38 -39 -40 -41 61 -43 -44 44 -46 -47 -48 48 55 -51 -52 -53 -54 -55 -56 56 57 -59 -60 -61 -62 -63
leaf_value=-0.021146765196697677 -0.010145184990021318 0.02806700582969179 -0.01426264584753543 0.0061469432758627712 -0.0044216191964967849 -0.006926269498539521 -0.0092052851434828147 -0.010098671370658884 -0.006534780410189958 0.018829789307656025 0.019993688533423395 -0.0098299534311679388 0.015692142253698523 -0.0070841738103786687 -0.0043436072772424592 -0.0036571370720382967 -0.0077082533391558648 -0.0064894030748345079 -0.017048867806322324 -0.0054052917728602138 -0.005672123974638411 -0.00070309688438655081 -0.016531714315336621 -0.0028935338604689385 -0.0069162387718436479 0.016749825790548973 -0.0059364404781582407 0.017332869132433801 -0.0024571768245305135 0.027541160828349454 0.027306279148196173 -0.0063334051260848538 0.00095101530632516374 0.033597198676021324 0.03399898420984649 0.030239486953918569 0.020512370999039742 0.0072827104381550257 -0.0091035707573602926 0.02869050255884616 -0.0047758141615884316 0.0029795135245634296 0.007817660499892954 0.028081302739353921 -0.012921566426284286 0.014936139702750307 -0.009714224136864234 0.020938360788851917 -0.0080416794050996304 -0.014940208301456939 -0.015720608084845489 -0.0024694302055892829 0.0032901602360369602 0.02946651425754563 0.0068489664546026079 -0.0044207227653939038 0.013530917497715875 -0.010807287701319272 0.015849289437813593 -0.015119114884889951 0.020871623853809522 0.023046134713901621
leaf_weight=330.87839223071933 14.420172002166508 53.184140980243683 66.792087372392416 12.576539494097231 28.850473769009113 154.50874487310648 4.3032666929066172 37.224945064634085 8.3864774405956251 70.455031707882881 65.547343693673611 4.1492640525102606 38.37526898086071 111.95987064763904 28.537179592996836 16.383248992264271 32.299942869693041 9.6848704218864459 31.585618637502193 167.52378713712096 3.8703287690877906 9.4443874098360521 261.01962124928832 57.926462791860104 165.00718647614121 54.840516068041325 41.466413926333189 75.19613716006279 68.962533991783857 5.4092195853590956 42.452510852366686 93.255959205329418 67.258479420095682 91.634029269218445 6.9146485961973729 30.08392783626914 31.152300074696541 64.020615138113499 153.78235401958227 6.5841677673161021 17.907246068120006 51.395882457494736 145.6004860252142 53.436048410832882 3.0181040950119487 47.553789496421814 7.2220842540264121 14.764488711953161 57.815540872514248 3.7950988560914984 4.7080918923020354 6.808244001120328 20.338213037699461 36.953227266669273 44.74015735834837 61.298540059477091 78.317881528288126 13.695352662354706 279.4101153947413 232.12303960323334 32.054393492639065 8.1489588767290098
leaf_count=9972 243 406 1212 245 294 2730 47 794 159 788 515 32 498 1449 283 110 421 220 557 2701 32 72 6578 853 2055 512 591 786 743 45 346 1676 638 608 109 253 290 855 3678 147 135 510 1825 607 31 752 52 203 682 35 74 61 295 228 817 710 826 138 2124 4887 420 63
internal_value=0.000341226 0.0058631 -0.0109912 -0.00190823 0.00983992 0.00584877 0.00692184 -0.0150718 -0.00692196 0.00576418 0.00487462 0.0162107 -0.000384233 0.00377464 0.00151143 0.017432 -0.00255661 -0.0165708 -0.00962334 -0.000121896 0.0271366 0.0289786 -0.0128561 0.00487415 -0.00104596 0.0014528 0.00990632 0.00621895 0.00967194 0.00132217 0.0233812 -0.00383458 0.0100472 0.0318028 -0.00401612 0.0131291 0.00783563 -0.000737245 -0.00690327 0.0111458 0.0216842 0.0144186 0.00486508 0.0172188 0.0250163 0.00877848 0.0160797 -0.000838954 0.00234277 0.013686 0.00908623 0.024629 0.0151445 0.016775 -0.000985995 0.00058804 0.0039936 0.00953809 0.014726 -0.0139249 0.0150945 0.00623489
internal_weight=3839.01 2582.88 1256.13 875.202 1707.68 343.273 1178.37 843.915 531.929 1099.13 1052.37 529.313 224.845 986.824 725.335 500.463 412.216 761.949 433.562 345.424 109.098 104.949 431.071 98.3673 561.494 396.487 261.489 191.034 149.568 74.3718 46.7558 188.862 163.84 95.5044 186.47 135.303 98.4108 157.277 170.051 16.269 79.2403 391.365 177.9 118.428 56.4542 61.974 339.969 337.852 225.892 58.6356 31.961 36.8922 27.2529 332.747 81.9651 211.127 153.312 92.0132 295.793 244.7 40.4409 26.0562
internal_count=60018 31653 28365 14991 16662 5339 12600 22206 9652 11996 11603 4062 3706 11088 8135 3768 6159 20595 8220 4947 744 712 10623 1432 6610 4555 2953 2165 1574 788 393 3088 1525 640 3208 1242 928 2531 4045 367 604 3024 2246 1633 638 995 2514 4008 2559 547 478 314 404 2462 1611 2356 1674 964 2234 5132 579 198
is_linear=0
shrinkage=0.03


Tree=38
num_leaves=63
num_cat=0
split_feature=3 15 24 4 4 32 14 32 32 11 11 8 21 7 4 21 26 15 14 21 3 22 4 30 25 22 21 16 25 14 14 11 5 29 30 12 8 14 16 3 16 12 10 5 21 25 27 26 7 4 23 5 8 10 10 16 11 14 3 32 32 11
split_gain=231.819 66.3541 53.7974 38.6516 29.1244 27.9611 33.8405 19.7762 19.6151 18.9099 17.6376 17.2405 16.707 16.3221 14.3697 14.1225 13.1598 12.6627 12.2789 11.4366 11.4137 12.3938 10.9689 10.7929 10.6749 12.9464 10.2129 10.1103 10.0464 9.8326 9.78768 9.6586 9.41471 9.23771 8.85884 8.44068 8.40794 10.4002 9.54325 11.8057 8.34868 9.17379 8.14982 8.09888 8.68022 11.16 8.00536 9.46195 8.0704 7.99023 7.96884 10.4649 7.89356 7.76111 10.9418 9.94372 7.74571 9.6934 7.67488 7.55674 10.5494 7.49787
threshold=0.14172088354825976 -0.29607845842838282 0.72805076837539684 -0.085485760122537599 1.3776036500930788 13.500000000000002 0.27779406309127813 11.500000000000002 11.500000000000002 0.92381134629249584 -0.73539656400680531 -0.30845902860164637 0.2874405980110169 -0.61790248751640309 2.4110674858093266 0.99842476844787609 -0.91741299629211415 -0.48016989231109614 -0.8340325355529784 -0.11923277378082274 1.1887134909629824 0.99583795666694652 -0.62792059779167164 -5.7083332538604727 1.1109222173690798 -1.5897994041442869 -0.11923277378082274 0.49818708002567297 -0.40717601776123041 0.4133910089731217 0.80453974008560192 1.130693316459656 1.2088112831115725 0.48529411852359777 -6.1714284420013419 0.90915051102638256 -0.22573514282703397 0.30128532648086553 -0.1084107495844364 -1.0457182526588438 0.52235946059227001 1.1342283487319949 0.44019000232219702 1.4602301716804507 1.265677869319916 -0.25776226818561548 5.5000000000000009 0.78309369087219249 0.28965519368648535 -0.13205799460411069 1.3431990146636965 0.36174772679805761 -0.1437997221946716 -0.57000297307968129 0.56021824479103099 0.5888040065765382 1.4427454471588137 -1.9338154196739195 -0.17191413044929502 16.500000000000004 15.500000000000002 0.62087619304656994
decision_type=2 2 2 2 2 2 2 2 2 2 2 2 2 2 2 2 2 2 2 2 2 2 2 2 2 2 2 2 2 2 2 2 2 2 2 2 2 2 2 2 2 2 2 2 2 2 2 2 2 2 2 2 2 2 2 2 2 2 2 2 2 2
left_child=1 61 5 -3 7 6 16 11 9 46 58 28 29 -13 17 32 -2 -10 53 23 22 31 -21 33 25 27 -16 -20 -5 36 34 -22 -8 -7 -15 -26 -12 38 39 -38 -11 49 -29 44 45 -27 47 -4 -48 -42 -47 -52 -17 -19 55 -55 57 -25 -9 60 -6 -1
right_child=2 3 8 4 59 19 15 10 14 40 12 13 -14 30 26 52 -18 18 24 20 21 -23 -24 56 35 43 -28 42 -30 -31 -32 -33 -34 -35 -36 -37 37 -39 -40 -41 41 -43 -44 -45 -46 50 48 -49 -50 -51 51 -53 -54 54 -56 -57 -58 -59 -60 -61 -62 -63
leaf_value=-0.019092026591059592 0.033508914534773671 -0.01561280068031316 0.023734352286239629 0.018276098028596786 0.022626613027637493 0.025877521680211915 -0.0076878558887509916 -0.017980610160637182 -0.011126108470919467 0.0091497447260999228 -0.010473246813065992 -0.0074553475338448826 0.0050844978394201396 -0.0098308223460184755 -0.0099421493083899602 0.0010658868656984763 0.012388727938200608 0.025011861535914705 1.1096843984229053e-05 -0.017786405622071604 -0.0025860498182664572 0.024451767842259043 -0.00075337179165571653 0.015170438982231842 -0.0063189183012541707 0.013387875067077257 0.029346716519231823 0.049212888517641371 -0.014074250501709401 -0.015986590195653867 -0.013015941085971667 0.017087995001589546 0.019608476092128655 -0.0062180067919958447 0.02879387061588522 0.013363266397371541 -0.009634346451379781 0.020824964532180395 -0.0056411305437203824 0.024009320805547494 0.0025343310797602109 -0.0036437564681195151 -0.00038224694815108893 0.019620819169722283 0.012359221576433642 0.00013402057694903962 -0.0095426837724049869 -0.0030649039132431043 0.011201214733450666 0.04117753399229445 0.014570559736430868 -0.011539791605995754 0.028451268038178625 0.015531765199266974 0.021935785671533158 -0.0027514089695997463 0.0029203477767546114 -0.014647337981327743 -0.00042684385428239086 0.040986261802380498 -0.0040649439523993093 -0.0086184410022967211
leaf_weight=425.1716365236789 37.373965453356504 208.01008774340153 46.73649837449193 6.5368444044142953 27.349890623241663 10.188860990107061 122.91926693543792 105.29405678994954 26.482483796775341 19.021693993359804 93.866518840193748 18.300307504832745 176.26465575024486 3.4819184858351937 4.4017604440450659 19.033430989831686 103.19192922487855 51.012044094502926 7.9919689185917404 33.862320262938738 82.566082462668419 25.314597990363836 277.6673016063869 6.5128973312675944 84.608916841447353 95.472051117569208 39.441133376210928 10.994943149387835 33.387432700023055 68.013020385056734 3.4286068249493828 25.354446142911911 7.7105723842978469 13.989049255847929 54.494708716869354 20.191869646310806 11.733607396483423 15.085274262353776 129.98740857839584 19.374978614971042 5.9996905215084544 4.3160341829061499 3.5712196640670291 40.62073303386569 160.56568474322557 340.80060410872102 25.019102226942778 14.014788430184124 33.869746368378401 52.487584732472897 71.982702236622572 12.917469359934328 14.694986544549463 40.871772535145283 49.499603267759085 61.3517706990242 30.914584014564753 154.48647102341056 28.445150855928659 7.3195769041776648 20.425140868872404 86.170872785151005
leaf_count=12104 407 4790 364 128 326 184 1924 2458 391 158 1916 299 2695 56 39 247 1232 383 87 639 1018 294 4329 86 979 963 265 105 581 1404 65 264 92 260 718 228 259 282 2316 408 51 34 35 324 1245 3395 223 109 251 342 512 92 186 322 376 456 477 2848 524 87 272 2079
internal_value=0.000332739 -0.00864274 0.00638264 -0.00422181 -0.00126514 0.00098871 0.008428 -0.00282235 0.010298 0.018887 -0.00489641 0.008159 -0.00231115 0.0158937 0.0086799 -0.00087522 0.0189623 0.00791401 0.00844345 -0.00248135 0.000287522 0.00747633 -0.00285652 -0.00805791 0.00678842 0.00804325 0.0247882 0.0284499 -0.00733291 -0.00618514 0.0228896 0.00258807 -0.00541319 0.00942412 0.0258778 -0.00209093 -0.00347085 0.000445978 -0.00203179 0.0117426 0.0297255 0.0348232 0.0400631 0.0072148 0.00633812 0.00438329 0.0105791 0.0177891 0.00233101 0.0377253 0.00223185 0.010177 0.0151301 0.0150498 0.0110092 0.00494209 -0.0104437 -0.0130205 -0.014397 0.0188628 0.0119113 -0.0174276
internal_weight=3832.17 1542.14 2290.02 1030.8 822.789 965.781 304.924 767.694 1324.24 201.465 648.065 119.63 514.325 79.7055 1122.78 164.358 140.566 1078.94 1052.45 660.857 444.765 133.235 311.53 216.092 849.718 744.917 43.8429 22.5581 39.9243 338.061 61.4052 107.921 130.63 24.1779 57.9766 104.801 270.048 176.181 161.096 31.1086 81.825 62.8033 14.5662 722.359 681.739 521.173 119.64 60.7513 58.8888 58.4873 425.701 84.9002 33.7284 202.735 151.723 102.224 191.914 160.999 133.739 55.0946 47.775 511.343
internal_count=59983 33767 26216 19584 14794 14487 4088 14109 11729 1532 12262 1847 9280 1138 10197 2449 1639 9893 9502 10399 6544 1576 4968 3855 7965 6758 304 227 709 6585 839 1282 2016 444 774 1207 5181 3265 2983 667 585 427 140 6531 6207 4962 947 473 474 393 3999 604 433 1537 1154 778 3411 2934 2982 685 598 14183
is_linear=0
shrinkage=0.03


Tree=39
num_leaves=63
num_cat=0
split_feature=15 3 3 14 32 3 3 32 14 23 4 14 8 24 15 7 9 8 7 32 11 4 5 20 7 11 14 29 8 7 14 22 32 11 6 4 26 29 19 9 9 9 8 14 12 11 15 12 12 8 23 20 11 10 11 29 4 26 10 0 10 16
split_gain=226.823 66.5392 41.4291 31.2346 25.9257 24.0396 20.5101 18.6527 18.3636 18.064 15.0045 13.6833 13.332 13.6045 12.8238 12.2561 11.8511 11.7855 11.5909 11.5665 12.136 11.5009 12.6313 11.4307 11.4096 10.9735 10.7582 10.3427 10.2844 9.98725 9.71906 9.52778 12.3893 9.70531 8.99546 12.701 8.78643 10.2982 8.17132 8.16729 8.16613 8.10794 8.09176 8.04529 8.88939 10.9288 13.9284 9.61895 9.35131 8.03451 8.02902 9.29109 10.0738 7.88579 7.85007 7.77925 10.6613 7.65401 8.96458 7.63199 7.58221 9.36963
threshold=0.087022006511688246 -0.1959760785102844 0.2499162703752518 -0.47419816255569452 8.5000000000000018 1.5103702545166018 1.2597366571426394 17.500000000000004 -1.40824419260025 -1.0023599863052366 -0.027378956787288185 -1.7817230820655821 0.37247663736343389 1.2289209961891177 -0.35810057818889612 -1.2267602682113645 -1.4825731515884397 -0.27428470551967615 0.23267050832509997 11.500000000000002 -0.22824385762214658 -0.085485760122537599 0.017763786949217323 1.5328327417373659 0.56197017431259166 0.14258944243192676 0.2426237836480141 0.63961037993431102 -1.609866678714752 0.76338607072830211 -1.3096969127655027 0.32395619153976446 15.500000000000002 -0.57354065775871266 0.78147754073143016 -0.05152961611747741 0.53571754693984996 0.25833334028720861 -1.5238690376281736 -0.34573428332805628 -0.68782153725624073 0.96473160386085521 -0.59160220623016346 -0.74262171983718861 0.12244937196373941 0.46498152613639837 1.1930564641952517 1.0430352091789248 -0.15582627803087232 0.95482221245765697 1.2748765349388125 -0.9661736488342284 0.50191807746887218 0.42868047952651983 0.22568751126527789 0.51470589637756359 -0.013657241128385065 0.76722934842109691 -0.0464369598776102 1.8553283810615542 0.10263026505708696 0.55950063467025768
decision_type=2 2 2 2 2 2 2 2 2 2 2 2 2 2 2 2 2 2 2 2 2 2 2 2 2 2 2 2 2 2 2 2 2 2 2 2 2 2 2 2 2 2 2 2 2 2 2 2 2 2 2 2 2 2 2 2 2 2 2 2 2 2
left_child=1 9 8 10 17 11 14 28 29 -1 -3 25 13 -11 38 -10 -12 -4 -14 -20 30 -17 26 50 34 -6 27 39 -7 -2 -21 -8 33 -33 35 -13 54 53 -5 -23 -22 42 -41 59 48 46 47 -46 -45 -31 51 52 -16 -38 -36 -27 -57 60 -59 -30 61 -47
right_child=2 3 4 6 5 7 31 -9 15 12 16 24 18 -15 23 21 -18 -19 19 20 40 22 -24 -25 -26 55 -28 -29 43 49 -32 32 -34 -35 36 -37 37 -39 -40 41 -42 -43 -44 44 45 57 -48 -49 -50 -51 -52 -53 -54 -55 -56 56 -58 58 -60 -61 -62 -63
leaf_value=-0.021266546214704911 0.0047214560215419407 -0.0092486865455594664 0.0065595589914946798 0.018721891973235365 -0.0023279509328052546 -0.0033079156103672054 -0.0007475730065561383 -0.0056395433374387873 -0.017661391888334248 -0.016155621752983355 -0.0071455055013680659 -0.015302491256696655 -0.010970950260846915 0.021504096678158773 -0.010247928326680037 -0.011722934314557835 0.01991323307961949 0.034470048027649823 0.027259533289824819 0.021685669684992168 -0.014191148145409433 -0.0048910126454023047 0.011748067651198157 0.018989379458595832 0.0085794728296704256 0.0093738908314734779 -0.0078592428981025999 -0.0068892875584385151 0.029189409240887441 0.039430882257466444 -0.016859659162460853 4.8492352800240562e-05 -0.00022421201054004998 0.042943937210039015 -0.0002575005734699321 0.00091844757677113299 0.018344212116887668 -0.0056374430147257534 -0.014079528000736084 -0.00098367669873333677 0.016713015956522765 -0.0090955469792897529 0.020564939230856102 0.011315741956861117 -0.011693167061679867 0.004132061679860047 0.022889660843540657 0.019871490996691877 -0.009345398710925391 0.0058447140293382809 0.017637778294056772 -0.0079172889626009709 0.024175658380240241 -0.0064892388806260925 0.011083571546763983 -0.0085982955739017635 0.034198555618699368 -0.010731548936047299 0.019203535327467196 -0.0048558245265219336 0.014126025331537237 0.033375785000354971
leaf_weight=264.85818976722658 89.777029059827328 23.082415463402867 22.616260446608067 2.9127877801656714 22.931424144655466 23.481507025659084 57.777293909341097 39.393084481358528 41.565108802169561 315.75894611701369 14.637669224292038 48.382708266377449 127.6139009911567 4.7300732880830756 9.3782864827662724 77.210961010307074 88.170076295733452 44.512284673750401 9.8845195528119785 2.4699893835932007 5.7902281768620005 30.950142201036215 69.601570218801498 14.553779976442454 364.73739458620548 39.517365530133247 145.53367663547397 60.164200458675623 59.770506709814072 11.455062642693521 37.114463221281767 6.428316522389653 19.314935006201267 13.274276193231342 75.280349984765053 230.76998569071293 30.442205272614956 113.3599244505167 204.7112918831408 20.073066085577011 29.260425055399537 10.768093083053826 60.159649334847927 62.600416854023933 33.60802224650979 13.059376452118157 20.554350309073925 6.4008704945445052 23.500280547887087 13.884806770831345 8.8566361628472787 221.85739639773965 13.334714986383913 13.948341470211743 195.9884923286736 3.9860057383775702 35.930442441254854 13.386427462100984 13.066179543733595 5.0823444798588744 68.531098756939173 72.443772751837969
leaf_count=8140 1013 447 186 69 196 187 774 340 723 8087 279 748 3173 89 200 1419 1252 320 206 56 127 432 891 251 3670 299 2348 815 377 106 998 93 262 156 790 3028 286 1111 4681 289 618 148 781 519 318 108 129 57 177 122 111 4167 247 134 1864 39 258 98 92 30 466 484
internal_value=0.000176423 -0.00892226 0.00602797 -0.00213391 0.00846205 0.00765491 -0.00511955 0.0134892 -0.000532839 -0.0148159 0.0111183 0.00534921 -0.0114403 -0.015278 -0.00767568 -0.00296657 0.0159079 0.0261733 -0.00542399 0.0030962 -0.00161455 -0.00150848 0.000597879 -0.00324006 0.00430347 0.0155989 -0.00191171 0.00292415 0.0153484 0.010046 -0.0122923 0.00720018 0.0177173 0.0317911 0.00205645 -0.00211276 0.00476235 -0.000860509 -0.0131899 0.00784625 0.0104735 0.0122074 0.0154323 0.0164935 0.0141692 0.0171011 0.00549138 -0.00499674 0.00547309 0.0250236 -0.00485936 -0.00601109 0.0106775 0.0106741 0.00798859 0.0206055 0.0294435 0.0207437 0.00475699 0.0263648 0.0232533 0.0293843
internal_weight=3824.2 1495.77 2328.42 698.29 1697.28 1630.15 572.4 454.878 631.143 797.481 125.89 1175.27 532.623 320.489 475.605 516.026 102.808 67.1285 212.134 84.5196 74.6351 474.461 397.25 267.981 1072.91 102.365 327.649 182.115 415.485 115.117 39.5845 96.7948 39.0175 19.7026 708.172 279.153 429.019 157.75 207.624 121.951 35.0507 91.0008 80.2327 392.004 327.151 241.05 60.5632 40.0089 86.1007 25.3399 253.427 244.57 22.713 44.3905 271.269 79.4338 39.9164 180.487 26.4526 64.8529 154.034 85.5031
internal_count=59881 34483 25398 12989 16311 15805 11011 3382 9087 21494 1978 12423 13354 8176 9726 7846 1531 506 5178 2005 1799 7123 5704 4976 11631 792 4813 2465 3042 1241 1054 1285 511 249 7961 3776 4185 1531 4750 1650 745 1218 1070 2855 2448 1752 504 375 696 228 4725 4614 447 420 2654 596 297 1248 190 407 1058 592
is_linear=0
shrinkage=0.03


Tree=40
num_leaves=63
num_cat=0
split_feature=3 15 6 32 6 4 15 11 14 4 14 6 4 25 5 10 20 15 18 21 8 21 18 17 17 25 10 20 11 4 17 10 11 9 16 32 18 5 10 15 4 15 0 10 27 3 11 8 25 10 8 14 12 26 12 12 12 22 31 18 12 26
split_gain=203.788 56.0097 46.1069 35.9041 31.783 26.2576 24.0319 23.161 18.0017 16.5074 15.1367 14.1508 14.2778 13.8507 13.0134 12.3982 17.7398 11.6688 10.7624 10.51 10.3797 10.3977 9.69262 9.67822 9.50893 9.33122 15.8938 9.21463 9.20373 9.11238 10.4079 10.8283 9.00114 12.3451 8.86045 9.93814 9.7738 8.59994 8.58358 8.51028 8.27445 7.89729 7.8383 7.67815 10.4019 9.28286 7.60161 7.55322 8.58787 7.80138 7.52603 7.47951 7.47681 7.45988 7.39588 7.22287 7.17178 7.13946 7.73487 7.34093 7.00135 10.267
threshold=0.057279193773865707 -0.29607845842838282 -0.36978991329669947 13.500000000000002 -1.0034729242324827 -0.085485760122537599 1.2558429241180422 1.117392957210541 0.21859091520309451 1.0255577564239504 -1.0100318193435667 1.4189823865890505 0.5391409993171693 -0.26728245615959162 -0.15857170522212979 0.24620061367750171 -0.94799533486366261 -1.0072365403175352 -0.37155641615390772 1.4334087371826174 -0.30845902860164637 0.7952142357826234 -0.25409944355487818 -0.22289099544286725 -1.0000000180025095e-35 0.66088703274726879 -0.96095046401023854 0.94490996003150951 0.1094019301235676 0.36160311102867132 1.4444938302040102 -0.57000297307968129 -0.31456629931926722 0.37818798422813421 1.0000000180025095e-35 13.500000000000002 1.3069350123405459 -0.033235326409339898 -0.89583823084831227 0.93266960978508007 -0.037920959293842309 0.087022006511688246 0.69482785463333141 1.1749159693717959 7.5000000000000009 -1.0167173147201536 1.117392957210541 0.54657480120658886 0.96852681040763866 1.4805033802986147 -0.65156301856040943 -0.94694581627845753 3.4766189387366945e-16 -0.16008712351322171 -1.130471885204315 1.104895353317261 -0.724065601825714 -0.64850777387619007 -0.21428572386503217 -0.262730062007904 0.4380651861429215 1.0649988651275637
decision_type=2 2 2 2 2 2 2 2 2 2 2 2 2 2 2 2 2 2 2 2 2 2 2 2 2 2 2 2 2 2 2 2 2 2 2 2 2 2 2 2 2 2 2 2 2 2 2 2 2 2 2 2 2 2 2 2 2 2 2 2 2 2
left_child=1 28 8 10 -3 -6 11 9 18 20 15 12 13 23 -11 16 -4 -12 -2 46 41 34 52 -5 55 26 -13 29 -1 37 31 -31 -10 -34 35 36 56 -19 -8 -35 -25 -7 57 -9 45 -45 -15 60 49 -49 -24 -30 -16 -47 -23 -20 -22 -14 -59 -60 61 -39
right_child=2 4 3 6 5 7 38 43 32 14 17 25 42 19 22 -17 -18 27 24 -21 21 54 50 40 -26 -27 -28 -29 51 30 -32 -33 33 39 -36 -37 -38 47 -40 -41 -42 -43 -44 44 -46 53 -48 48 -50 -51 -52 -53 -54 -55 -56 -57 -58 58 59 -61 -62 -63
leaf_value=-0.020023856283751813 -0.0091826490266056424 -0.017222420698897942 -0.01184738563286772 -0.0054681276856678659 -0.013420037170151026 -0.015817655852603578 0.022007827089177995 0.0078018706099484848 -0.019906302896236315 -0.0079170761720037744 -0.016698419814919954 -0.015342809858093522 0.019767945538973333 -0.0064899065194726404 0.020827140869353489 0.009679490967904221 0.037051880196265582 -0.0071006405904925924 -0.013474900926795045 0.0075531785665684022 -0.00018715992711510271 0.026389208839188431 -0.0045458696737645556 -0.0043801190454314702 0.01461069769607677 -0.0034255323218275835 0.019281550164764773 0.017500060090290554 0.0072352592930784495 0.00057288546215455462 -0.0054181240680575031 0.028207018319960017 -0.014206434619797497 -0.0010689893067790828 -0.008341923503085661 -0.0026643006357723554 -0.013621913713829628 0.015611064556377213 0.0089475505838430818 0.027200662346062315 0.014341215863601996 -0.0031912394359223852 0.01454976247222428 0.00010994097884227112 -0.0084695079843992022 0.0043417697983947007 0.0019372001371794835 0.024054872002122023 -0.0074196391635753881 -0.0074626221145316935 0.039832134401769644 -0.012702850920823796 -0.0089494639799159153 0.05545505776164586 0.003797911743582049 0.021813196837226406 0.036161806905013562 -0.011558157501093621 -0.003347591514353486 0.017003489447965439 -0.00023448471696372035 -0.014154630641391067
leaf_weight=328.80272341705859 37.050054160878062 145.76216553896666 5.1900693066418162 41.41834419220686 147.2861046474427 85.754472335800529 53.200152158737183 77.460849713534117 62.331076428294182 17.218986067920923 9.3496394641697389 9.8422195985913259 12.736144050955771 403.47510854527354 8.628411892801525 42.911830119788647 53.609108995646238 35.79377519339323 19.78644811920822 69.391259215772152 6.673382924869661 11.494939446449278 2.9480057731270817 24.11300765350461 65.62102603726089 28.478710383176804 92.076370537281036 159.31293244287372 16.097281437367201 16.836623791605234 13.177125640213488 50.598779655992985 67.183669419959188 50.869681304320693 143.42899820022285 67.025269651785493 3.7889576479792586 63.907639626413584 301.331957064569 6.7131989896297446 100.5083854906261 93.908419173210859 86.954280514270067 5.3756312951445624 4.1394044272601596 4.2371669299900576 123.51559090986848 50.539397049695253 9.1945437379181367 5.7693643234670153 16.965808741748333 129.23198487982154 12.686693470925091 9.3540645390748924 74.256933476775885 1.8738502599298943 12.723547069355845 33.29461757093668 33.905417557805777 23.059884641319513 111.79100164398551 8.2747520767152292
leaf_count=9928 641 3804 49 710 3319 2071 397 1135 1408 241 169 85 142 5581 107 305 386 480 375 742 141 200 42 352 992 336 764 1360 371 159 95 450 1362 1006 2291 1570 86 701 2215 86 1259 1465 794 70 54 57 1434 483 95 58 212 3317 144 115 1083 34 235 357 362 251 1125 101
internal_value=0.000139767 -0.00881731 0.0054997 0.00711525 -0.00457523 -0.00219406 0.00446204 0.000400739 -0.00519948 -0.00202217 0.0130273 0.00221906 0.000923826 -0.000923007 0.0124269 0.0235647 0.0321454 0.0108225 0.00356941 -0.00305981 -0.00382089 -0.00053877 0.0208607 0.00661705 0.00918678 0.0112955 0.0153768 0.0114653 -0.0171905 0.00863718 0.0173141 0.0218234 -0.0109679 -0.00590745 -0.00381777 0.00343564 0.0184138 0.00592923 0.0111861 0.00413664 0.0106896 -0.00948303 0.00817019 0.013292 0.0270347 0.0349337 -0.00451513 0.00790148 0.0163156 0.0204804 0.0336686 -0.0103272 0.00477119 0.0449734 0.00811332 -0.00690368 0.0261808 0.00235998 -0.00100503 0.00559792 0.00455322 0.0115029
internal_weight=3810.24 1425.25 2384.99 2073.56 951.118 805.356 1437.3 658.07 311.429 557.503 636.257 1082.77 952.372 762.422 58.4479 101.711 58.7992 534.546 124.331 596.382 499.055 319.392 41.2289 166.04 87.2813 130.397 101.919 525.196 474.132 365.883 80.6125 67.4354 187.098 124.767 233.64 90.2112 23.1859 285.27 354.532 57.5829 124.621 179.663 189.95 100.567 23.1063 18.9669 526.991 249.477 65.5033 56.3088 19.9138 145.329 21.3151 13.5912 85.7519 21.6603 19.3969 102.996 90.2599 56.9653 183.973 72.1824
internal_count=59759 32058 27701 21797 18442 14638 15781 11319 5904 9888 6016 13169 11984 10078 746 740 435 5276 2042 7757 9142 5606 505 2321 1401 1185 849 5107 13616 3747 704 609 3862 2454 4323 2032 462 3043 2612 1092 1611 3536 1906 1431 296 242 7015 2563 636 541 254 3688 251 172 1283 409 376 1112 970 613 1927 802
is_linear=0
shrinkage=0.03


Tree=41
num_leaves=63
num_cat=0
split_feature=6 15 3 11 14 5 6 25 8 25 17 5 10 26 2 0 10 11 3 14 9 9 0 26 8 9 3 10 25 24 12 13 3 9 25 14 20 18 20 17 11 25 15 15 10 11 10 14 13 5 3 11 10 19 29 25 6 26 26 8 0 9
split_gain=198.424 54.3844 46.0401 28.8314 25.9738 17.3549 17.0126 18.9415 17.9694 16.9116 16.6116 13.31 18.0713 13.3021 12.9976 12.7779 12.0813 11.432 10.853 15.7064 13.6204 10.5546 11.6262 15.5441 12.257 10.239 11.0611 9.85497 10.9478 13.3715 9.76933 10.4633 9.6389 10.8047 10.212 12.3562 10.522 9.36654 9.30035 9.10535 10.4453 9.70596 8.76885 8.72986 8.9998 8.51406 10.6916 8.48348 8.14546 8.03408 7.87882 7.79734 8.8803 7.581 7.47612 7.40949 9.16922 8.54445 10.1157 7.67855 7.37078 7.27938
threshold=0.18883521854877475 -0.33441953361034388 0.38644681870937353 1.3713554143905642 0.45624482631683355 -0.46210604906082148 -1.0034729242324827 -0.65099784731864918 0.050141893327236182 -0.28040887415409083 1.8419355750083926 -0.1692342013120651 -0.53750944137573231 -1.2863872051239011 1.0435005426406863 -0.16715545952320096 -1.5395009517669676 -0.31456629931926722 1.8791651129722597 -0.70650210976600636 -2.2353019714355464 -1.4138459563255308 0.56247642636299144 0.13238073885440829 -0.6900343894958495 -0.4381690621376037 -0.092467091977596269 0.26533120870590216 0.75996875762939464 1.3036496639251711 0.19435914605855945 0.48272785544395452 -1.4509995579719541 0.52242934703826915 2.4501293897628789 -0.29070536792278284 -1.5227289795875547 1.9574270844459536 -0.8919868767261504 -0.47329583764076227 1.2867087721824648 -0.67411595582962025 0.045292682945728309 0.94465690851211559 0.71075737476348888 -0.20396583527326581 0.73949497938156139 1.0000000180025095e-35 -1.2767394781112669 0.62958914041519176 1.8322706222534182 0.66872319579124462 -0.77696058154106129 0.027138154022395614 0.63068181276321422 -0.28919187188148493 1.2357884645462038 0.79067030549049389 1.0783019661903384 -1.2203254103660581 -0.22050561010837552 -0.61529108881950367
decision_type=2 2 2 2 2 2 2 2 2 2 2 2 2 2 2 2 2 2 2 2 2 2 2 2 2 2 2 2 2 2 2 2 2 2 2 2 2 2 2 2 2 2 2 2 2 2 2 2 2 2 2 2 2 2 2 2 2 2 2 2 2 2
left_child=1 39 4 6 5 -2 17 47 49 30 11 12 14 -10 16 -13 -4 -3 19 -17 -21 -11 24 -24 -23 -5 -27 28 29 -26 38 48 -29 34 35 36 -34 50 -7 -1 41 -41 -6 -19 -45 -14 -47 -8 -32 -9 55 52 -50 -38 -25 -22 59 -58 -59 -57 -51 -12
right_child=2 3 10 25 42 9 7 8 13 21 61 15 45 -15 -16 18 -18 43 -20 20 37 22 23 54 27 26 -28 32 -30 -31 31 -33 33 -35 -36 -37 53 -39 -40 40 -42 -43 -44 44 -46 46 -48 -49 51 60 -52 -53 -54 -55 -56 56 57 58 -60 -61 -62 -63
leaf_value=-0.020424878261807965 -0.011486602915311691 -0.020469842337173399 -0.013068927111189524 -0.0042059442346058726 -0.017786249266425282 -0.0032940001092364862 0.027528793510797924 -0.011789290904887624 0.015256496320409676 -0.012773393294405615 0.0040064687816764198 -0.0082771784035381886 -0.016930096905151532 -0.0021049904599733352 -0.0085232748072664854 0.014904250211720687 0.027633585607006957 -0.0094527639452368969 0.017026714393823184 -0.018931029104896014 0.013435720137512656 -0.0078002963508206052 0.036047145850163574 -0.011167863379030295 0.00017612583052750729 -0.001603352528744099 0.027797334958883171 -0.013226226785275522 -0.011754339000010629 0.028658243428669326 -0.011041700894487213 -0.012466927110208028 -0.010220377228470729 0.00089188758903517053 -0.0066667196771029291 0.0031646592351825139 0.034855102982186338 -0.018729394204325692 0.03580641853804812 0.0056556763889383426 0.010208339825716322 -0.015277798448776374 -0.0040726623907496049 0.023830645672626757 -0.01482438877249705 -0.0059559836509435592 0.014794239928410863 0.001162470511056684 -0.0046906819902852934 -0.01605100284309233 -0.011749972061826602 -0.0016249353292596392 0.038783939069271411 -0.0042889433671086333 0.017555631478579078 -0.0075513920224692544 0.013426594260599176 -0.014137240381342103 0.012211587438798912 0.0046423314041424205 0.012413915449978581 0.019415051222063742
leaf_weight=261.51409398391843 66.002095054835081 94.780840434134007 4.7445776946842662 19.771816439926624 76.18170914426446 5.7463280446827438 19.588796822354198 245.07239057309926 41.817701591178775 34.680322177708149 36.879747163504362 35.916779413819313 36.34463907033205 257.12692743167281 14.170990154147146 224.85504880547523 36.244226016104221 108.40587009303272 134.42534565925598 14.685791771858929 143.85788580775261 89.146226063370705 16.815062578767538 14.808772023767235 97.078331336379051 15.110940534621475 37.263378079980612 11.095142673701046 49.915272351354361 12.523885473608969 5.4575482718646517 13.366034105420111 3.5711204111576071 53.461541544646025 11.236491318792103 25.686974879354239 48.825935617089272 8.3874041475355607 24.528429951518774 19.458553865551949 14.607377205044029 208.21015311032534 95.054714772850275 11.04227379336953 4.1384548544883719 86.799492917954922 24.556467205286026 20.681209353730083 4.1078467294573811 6.9285234566777971 15.646344613283871 8.918288763612507 14.89034863561392 3.7360000461339942 8.8717704527080041 48.664046566933393 182.2427270449698 21.728226512670517 20.788096182048321 360.99140836298466 22.125631431117654 157.5470005273819
leaf_count=7692 1131 2594 59 312 1702 100 295 5113 730 534 277 367 455 4848 135 1705 402 2316 936 179 1543 1443 209 197 1541 292 529 169 653 131 97 196 48 707 132 416 556 101 378 491 339 5899 1486 142 59 931 242 398 70 138 120 127 235 41 112 561 1548 196 183 3888 395 1080
internal_value=0.000344622 -0.00858344 0.00557678 -0.00414032 -0.000327338 0.00252483 -0.00573835 -0.00312716 -0.00456761 0.004268 0.00848769 0.00730927 0.000190106 0.000534635 0.014112 0.00849499 0.0220135 -0.0128384 0.00903998 0.00793308 0.00593547 0.00209952 0.00338261 0.0177748 0.00174942 0.0134599 0.0199142 0.00451327 -0.000761684 0.00453903 0.0168696 0.00698976 0.00971122 0.0118273 0.0177439 0.0212872 0.0286431 0.00650506 0.02897 -0.0164359 -0.0118042 -0.0134056 -0.0105052 -0.00641726 0.0122308 -0.00530096 -0.000940999 0.015612 0.0153911 -0.0100417 0.0068872 0.0214509 0.030365 0.0319419 0.000777741 0.0073345 0.00585676 0.0106681 -0.0013248 0.00312022 0.00426587 0.016666
internal_weight=3812.83 1407.64 2405.18 903.855 795.706 624.47 831.709 613.341 573.071 558.468 1609.48 1415.05 202.86 298.945 55.1598 1212.19 40.9888 218.367 1176.27 1041.85 816.992 481.453 446.773 40.4956 406.277 72.1461 52.3743 317.131 159.517 109.602 77.0148 46.7401 157.613 146.518 93.0565 81.82 56.1331 802.306 30.2748 503.79 242.276 227.669 171.236 123.587 15.1807 147.701 111.356 40.27 33.374 274.127 793.919 27.9165 18.9982 52.5619 23.6805 778.272 634.415 224.759 42.5163 409.655 29.0542 194.427
internal_count=59901 32582 27319 18161 12411 9223 17028 11917 11224 8092 14908 13551 2224 5578 596 11327 461 5111 10960 10024 8319 6889 6355 518 5837 1133 821 4394 2325 1672 1203 725 2069 1900 1193 1061 645 8140 478 14421 6729 6390 3188 2517 201 1628 1173 693 529 5646 8039 432 305 597 309 7919 6376 1927 379 4449 533 1357
is_linear=0
shrinkage=0.03


Tree=42
num_leaves=63
num_cat=0
split_feature=23 3 4 15 32 7 3 23 32 21 12 32 5 4 8 3 0 16 7 16 9 15 21 16 17 5 20 5 0 26 32 8 25 26 4 23 10 0 20 5 34 21 26 29 30 29 21 9 7 8 35 3 7 10 4 21 12 12 25 21 34 13
split_gain=195.838 44.9685 44.5427 33.0426 29.286 21.0185 18.4167 17.9936 18.163 14.9909 14.8385 14.4436 12.7046 12.3445 12.1268 11.9819 11.8914 11.7661 11.6145 11.228 10.8947 10.4596 9.37295 10.1806 11.3618 9.06853 8.90396 8.70334 8.59479 8.50284 12.0369 9.75355 9.34952 8.3284 7.99453 8.21603 7.9366 7.93474 7.82544 7.55304 7.42114 7.35523 8.59025 7.18051 7.08517 9.26214 7.16695 7.0521 8.16016 7.00989 6.87609 9.27126 6.84546 6.61367 6.60945 6.76959 6.52785 6.50146 6.49796 11.9873 12.3651 8.76305
threshold=0.24323514103889468 0.64183306694030773 1.2038460373878481 0.045292682945728309 9.5000000000000018 -0.75932401418685902 1.2413458824157717 1.1808839440345766 11.500000000000002 0.78259679675102245 -1.0198027491569517 12.500000000000002 -0.033235326409339898 -0.49911274015903467 0.43511506915092474 0.99762001633644115 1.0344198346138003 0.60563465952873241 -1.3664271235466001 0.57209491729736339 1.0098257064819338 -0.82019871473312367 -0.8020324409008025 -0.38803222775459284 0.31026449799537664 0.29435439407825476 0.5174618959426881 1.5400419831275942 0.53447517752647411 0.080452114343643202 12.500000000000002 -0.64100593328475941 -0.37692765891551966 0.65221968293190014 1.3448793292045595 0.8266209363937379 0.71075737476348888 -0.16715545952320096 0.030055848881602291 0.66897583007812511 3.5000000000000004 0.97198200225830089 0.17415101826190951 0.65686276555061351 -1.0000000180025095e-35 0.89444443583488475 1.0691730380058291 -1.0000000180025095e-35 -0.20062796771526334 0.95482221245765697 1.0000000180025095e-35 0.057279193773865707 -0.17414200305938718 -0.30627489089965815 -0.60414433479309071 2.0115945339202885 1.2274254560470583 -1.4138873219490049 -0.062662757933139787 1.4608243107795718 3.5000000000000004 0.77618724107742321
decision_type=2 2 2 2 2 2 2 2 2 2 2 2 2 2 2 2 2 2 2 2 2 2 2 2 2 2 2 2 2 2 2 2 2 2 2 2 2 2 2 2 2 2 2 2 2 2 2 2 2 2 2 2 2 2 2 2 2 2 2 2 2 2
left_child=2 4 3 6 10 34 11 8 15 25 -2 41 -7 -12 54 47 19 39 -15 44 -16 -10 -5 36 29 28 -18 37 43 30 31 -25 -32 -21 35 40 -24 -23 -35 -13 -6 49 -43 -9 46 57 -14 48 -3 -1 -20 -52 -29 -51 -11 -56 -27 -46 61 -60 -61 -39
right_child=1 7 -4 22 5 12 -8 9 21 14 13 17 16 18 20 -17 26 -19 50 33 -22 27 23 24 -26 56 -28 52 -30 -31 32 -33 -34 38 -36 -37 -38 58 -40 -41 -42 42 -44 -45 45 -47 -48 -49 -50 53 51 -53 -54 -55 55 -57 -58 -59 59 60 -62 -63
leaf_value=-0.011449839351687571 -0.012223369127646872 -0.0093697514327141813 0.014724951982357123 -0.012986558417756734 -0.012168252560380009 -0.0068408375584695343 0.0079158884131456542 0.0015767508581478781 -0.016873694874908668 -0.0082172793478685717 -0.010764451377893915 -0.018531563387205355 -0.01510284171616849 -0.011733111503990175 0.034664796402416147 0.021056586514465341 0.03258265267528325 -0.0030768819002058856 0.034395487842644172 0.0024884521435172579 -0.0045474632804626139 -0.011550888242452307 0.022660213529050652 -0.0094989419312829192 0.0058456042411632429 0.021095990422093123 -0.0029431823034909246 -0.0017755120061838953 -0.010066932529144493 -0.012794659873540228 0.01201961314050491 0.028398562949482297 -0.013430592765227329 0.0030376759806377846 0.011857359624853916 -0.019536151299613221 -0.0086764591683213925 0.0055529341256499816 0.020731887391161288 -0.005988414444904536 0.005582900627433965 0.024490602068632395 -0.0099880895493706916 0.015636455662583506 0.012043940403400693 0.013050784190768066 0.0070163402570032367 -0.0047004824409899977 0.026075618275507379 0.020178637838368138 -0.013704942684839131 0.024277828061075916 0.023429509030011578 -0.0055161472828180701 0.012906644042507584 0.034034966570081288 -0.0087257094304125839 -0.0028981746039138177 0.00092673213576514694 0.023823490521818813 -0.0030003429149747635 0.019171312652271334
leaf_weight=127.15704480931163 10.107869856059549 5.4805104881525066 62.808413967490196 58.499457087367773 48.565115995705128 146.00193388387561 31.920952152460814 85.728216387331486 15.301276866346596 8.2306520082056505 6.620986931025981 563.74082134850323 49.443002916872501 4.2363402284681788 52.799321386963129 107.30369614437222 15.159235384315254 57.993387205526233 46.581708326935768 160.55939328297973 5.9541354998946181 23.108955774456263 22.455300465226177 5.9340238869190243 95.340258572250605 48.571629777550697 8.1422130167484266 12.096094749867914 27.807432565838099 91.250400125980377 13.570196170359848 14.710075747221707 42.056281436234713 39.911741945892572 9.3475876301527006 71.339046437293291 6.8760114423930636 200.87092021480203 53.154018267989159 53.285438943654299 31.24404427036643 9.5749080423265713 7.9431565366685382 49.16152711212635 24.152337498962879 41.076090756803751 14.107613723725079 34.354851484298706 13.505560871213673 9.1088279150426406 6.6108051910996419 7.1007852703332901 33.249046072363853 20.834640361368656 151.67001277208328 13.165203765034674 4.7752032130956641 258.98543202131987 436.12061746418476 39.193545483052731 22.228792626410723 51.787112228572369
leaf_count=3532 142 57 904 1040 910 2347 524 724 259 73 109 16428 820 63 328 829 174 1565 476 2006 38 278 357 85 1313 370 89 113 239 1510 226 189 711 501 117 1208 107 2101 626 1407 587 222 202 419 381 612 194 315 122 246 87 69 268 560 968 78 34 3918 4476 304 180 533
internal_value=0.000338434 0.00524932 -0.00910611 -0.0103754 0.000528091 -0.000955012 -0.0134605 0.00868029 0.00637702 0.0136684 0.0172818 -0.0143053 0.00102786 0.0220007 0.0189402 0.0154795 0.00279443 -0.0162973 0.0258949 0.00193883 0.030646 0.00454181 -0.00253981 -0.000264985 -0.00223195 0.00771127 0.021842 0.00504209 0.00393376 -0.00686526 0.00057941 0.017777 -0.00674272 0.00678223 -0.0106993 -0.0124293 0.0151203 0.00422343 0.0136854 -0.0175052 -0.00529951 -0.00636525 0.0101106 0.00707665 -0.00127511 0.00056912 -0.010039 0.00341711 0.0160236 -0.00845764 0.0292348 0.00719636 0.0171973 0.00406912 0.0142173 0.0155465 0.0179076 -0.0014367 0.0047826 0.00274593 0.0146208 0.00866214
internal_weight=3789.97 2494.91 1295.06 1232.25 1052.45 971.189 881.559 1442.46 994.601 447.863 81.2585 849.638 810.693 71.1506 231.819 160.645 664.691 675.02 64.5296 641.39 58.7535 833.956 350.692 292.193 262.861 216.044 23.3014 818.655 162.697 167.521 76.2706 20.6441 55.6265 253.625 160.496 151.148 29.3313 773.31 93.0658 617.026 79.8092 174.619 17.5181 134.89 387.764 324.214 63.5506 53.3409 18.9861 157.101 60.2933 13.7116 45.3451 29.9435 173.066 164.835 53.3468 283.138 750.201 497.543 61.4223 252.658
internal_count=59670 28542 31128 30224 15436 14490 24686 13106 9835 3271 946 24162 11668 804 1485 1323 9321 19400 695 9058 366 8512 5538 4498 4034 1786 263 8253 1382 2721 1211 274 937 3133 2822 2705 464 7872 1127 17835 1497 4762 424 1143 5925 4911 1014 494 179 4338 632 156 381 806 1119 1046 404 4299 7594 4960 484 2634
is_linear=0
shrinkage=0.03


Tree=43
num_leaves=63
num_cat=0
split_feature=23 4 4 14 3 3 21 3 25 7 3 6 24 32 9 25 6 1 14 1 9 14 14 8 25 10 15 32 1 23 15 21 7 19 21 17 24 17 9 3 16 32 26 4 15 32 26 6 26 0 13 8 25 12 12 18 18 29 9 13 14 7
split_gain=174.806 43.0466 40.5563 37.3468 36.5674 34.2935 23.566 18.1541 14.8063 14.6368 14.3425 13.2159 13.2115 12.238 12.1315 11.4737 11.3403 11.7481 10.6441 10.1277 10.0516 9.32087 8.87506 8.71217 8.5691 8.55329 10.3639 8.46164 8.11473 7.86448 9.60954 7.75847 9.60529 7.74886 8.95055 7.70272 7.76585 7.67903 7.58025 7.36934 7.2543 7.21613 7.18514 8.81901 7.79037 7.02157 6.99254 7.85899 6.86301 6.82541 6.64611 6.6275 10.4652 6.60059 7.58655 6.57384 7.38875 7.09561 6.55411 6.4983 6.48025 6.45232
threshold=0.24323514103889468 -0.037920959293842309 1.2643251419067385 -0.74262171983718861 -0.20680647343397138 0.96761018037796032 0.51071250438690197 0.16499041020870212 1.4481509327888491 -0.68454545736312855 0.86608561873435985 -0.18335037678480146 0.62272861599922191 14.500000000000002 -1.4138459563255308 -0.52220156788825978 1.2619948983192446 1.1162403225898745 0.90458649396896373 0.16230814158916476 -0.56224769353866566 -0.65232509374618519 -1.8591957092285154 0.63392513990402233 0.037765258923172958 0.97548171877861034 0.44531120359897619 8.5000000000000018 0.83833602070808422 0.053618172183632858 -0.35810057818889612 1.0396947860717776 -0.3100960105657577 0.16484405100345614 -0.86454546451568592 -0.2715818434953689 -1.2803805470466612 0.13502205908298495 -0.4381690621376037 0.48858162760734564 0.61795890331268322 12.500000000000002 -0.45185631513595576 0.55493766069412243 1.1075673103332522 16.500000000000004 -1.936114430427551 -0.45703840255737299 1.3795962333679201 -0.092905908823013292 -0.29855506122112269 0.12662190943956378 2.2106661796569829 0.77065813541412365 -0.28695987164974207 -0.41732487082481379 -0.35935087502002711 0.26969698071479803 0.85605168342590343 0.30384878814220434 -1.4402555823326109 -0.56873401999473561
decision_type=2 2 2 2 2 2 2 2 2 2 2 2 2 2 2 2 2 2 2 2 2 2 2 2 2 2 2 2 2 2 2 2 2 2 2 2 2 2 2 2 2 2 2 2 2 2 2 2 2 2 2 2 2 2 2 2 2 2 2 2 2 2
left_child=2 7 4 6 11 9 22 -2 13 28 18 37 -9 19 -15 35 27 20 25 31 -18 -17 46 -8 -13 38 -27 53 -5 30 -4 32 -7 34 -29 -12 -37 -1 -6 -28 49 -33 44 48 -22 50 -3 -48 -44 -32 60 -24 58 54 -11 57 -57 -14 59 -53 -25 -38
right_child=1 3 29 5 10 8 23 12 -10 16 15 24 55 14 -16 21 17 -19 -20 -21 42 -23 51 45 -26 26 39 33 -30 -31 40 41 -34 -35 -36 36 61 -39 -40 -41 -42 -43 43 -45 -46 -47 47 -49 -50 -51 -52 52 -54 -55 -56 56 -58 -59 -60 -61 -62 -63
leaf_value=-0.018790889479573077 -0.014468936367363704 -0.010180079145761125 -0.0044555687765375001 -0.010942082117556278 -0.013927896375673944 0.017571309698995414 0.014190599500920928 -0.00980587662808282 -0.0078206856264753568 -0.0013046516367088074 -0.0053098756643276037 -0.010569583755278377 -0.0035179396857127551 -0.010511355146108761 0.0077778463040452757 0.020304887158728468 -0.0057849743456893764 -0.017330492000636365 -0.020773915189846937 0.024313483642913088 0.012914419025233395 -0.0035277211193245426 -0.0052329976636209278 0.020969394336992193 0.0069969355689233972 -0.0034139497674544207 0.035607576203379239 -0.014201793168990111 0.014652400078402622 -0.0047515153908471259 0.0058744417142580722 0.026054709730202897 0.0010820015563798736 -0.010941313823179607 0.0013684717711585209 -0.0097431592730926608 -0.0054715907608306287 -0.0035799610818093141 -0.003624091916119696 -0.0049844672404822966 0.0027512230655349031 0.005680769167298789 0.028478866788534122 -0.00038836545133638065 -0.01794921408535978 0.00051801907124080643 -0.0063330181830405369 0.019062032332493858 -0.0056744801362733927 0.042881185672910466 0.031807483325072133 0.0054207263772612629 -0.015821573927657935 -0.0056847819094803876 0.036364310250726568 -0.013250754631914692 0.0035824987747018473 0.017129849351152356 -0.010741534195649242 0.024252417785783725 -0.0085615112687762555 0.038756106940033286
leaf_weight=412.79510054923594 109.95278332382441 6.992670375853776 9.5927799716591817 127.70299246162176 91.982656586915255 42.045546390116215 170.51039214059711 85.685428507626057 43.072380058467388 6.6498231105506465 6.6377448551356819 223.60819500312209 18.972366821020842 31.063159950077534 421.39190012589097 12.026088159531353 19.539917659014463 8.7845185659825784 40.640596004202962 69.45477856695652 13.491047576069834 106.48884652554989 65.731536105275154 10.116463333368303 24.593820435926318 30.429967951029539 8.80829995498061 30.729376040399075 7.8839984424412242 12.32302839681506 7.8484359979629472 41.777349337935448 100.31426543742418 57.221721556037664 469.89696688205004 2.1908588930964532 2.1418340317905029 35.031796569004655 206.69828207604587 4.124932035803794 9.6216518022119981 28.703279074281454 52.899480238556862 14.145299404859541 7.2346279695630065 9.1558841504156572 10.257008876651524 74.630959175527096 4.1756172813475123 17.32287500798703 81.671163849532604 42.001934330910444 11.008718296885489 7.1980927325785151 9.7221715748310089 24.859946589916945 104.63260394334793 46.814163345843554 7.4069589264690867 27.053655959665775 8.2068702131509763 15.690865498036136
leaf_count=12828 2258 69 192 2152 2110 387 1319 1348 387 76 127 5432 197 329 3645 146 236 91 994 479 160 1719 771 78 527 703 124 539 100 147 123 266 845 800 6721 40 35 857 4289 55 117 211 561 137 68 82 143 648 46 225 586 492 122 70 100 274 1143 498 82 290 68 213
internal_value=0.000116717 0.00468523 -0.00889482 0.00635607 -0.0100585 0.00407349 0.0132768 -0.00442559 0.00858747 -0.000146055 -0.00404889 -0.0145547 -0.000310957 0.00959571 0.00642104 0.0038846 0.00161351 0.00980082 -0.00706985 0.0144837 0.0125907 -0.000385287 0.00629666 0.0191759 -0.00872516 -0.00516573 0.00672497 -0.000149222 -0.00898565 0.0149996 0.0204091 0.0107915 0.00638303 -0.000956431 0.000281753 0.0199285 0.0276843 -0.0176537 -0.00697435 0.024881 0.026963 0.0186833 0.0165928 0.0208528 0.000746304 0.0260011 0.0134105 0.015812 0.0257244 0.0342282 0.0281987 0.00174126 0.00698174 0.0157794 0.0243385 0.00399606 -2.16232e-05 0.0113473 0.0110344 0.0139377 0.00874285 0.0334091
internal_weight=3811.36 2530.76 1280.6 2139.84 1223.89 1615.1 524.744 390.917 777.823 837.276 527.861 696.029 280.965 734.75 452.455 145.176 701.689 120.271 382.685 282.295 111.486 118.515 245.083 279.661 248.202 342.044 43.3632 581.418 135.587 56.7088 44.3857 212.84 142.36 557.848 500.626 26.6613 20.0236 447.827 298.681 12.9332 34.793 70.4806 91.9461 71.2204 20.7257 109.15 91.8806 84.888 57.0751 25.1713 99.9945 153.203 87.4713 23.5701 16.372 195.279 129.493 65.7865 76.4625 69.0556 18.3233 17.8327
internal_count=59877 28874 31003 23156 30199 18406 4750 5718 6549 11857 10555 19644 3460 6162 3974 2280 9605 1299 8275 2188 1208 1865 2617 2133 5959 7281 882 8306 2252 804 657 1709 1232 8060 7260 415 288 13685 6399 179 465 477 972 744 228 814 860 791 607 348 732 1757 986 246 176 2112 1417 695 864 782 146 248
is_linear=0
shrinkage=0.03


Tree=44
num_leaves=63
num_cat=0
split_feature=3 6 6 32 14 32 3 11 8 8 14 8 6 17 5 3 6 25 14 25 0 21 11 25 10 0 21 11 11 16 5 3 26 13 2 26 26 5 10 34 8 21 5 21 8 12 20 12 16 12 23 3 21 0 26 35 11 5 8 0 11 21
split_gain=195.07 52.7806 46.6876 36.2245 29.3175 22.7184 20.2146 20.0332 17.9285 14.9428 14.5309 14.4125 13.2474 12.879 12.852 11.4599 11.249 11.2025 12.1334 11.0446 11.9404 10.6552 10.4103 10.1132 9.94698 9.87022 12.0599 10.9047 10.5484 9.29403 9.06914 9.05622 8.84042 8.68006 8.66345 8.57067 12.6315 10.6538 9.52154 8.50147 8.69298 11.0189 8.45619 8.24971 11.2803 8.17885 8.03239 8.0007 10.3267 7.64486 7.60535 7.53833 7.45429 7.49434 7.43211 7.25227 7.21991 7.41263 7.17463 7.10531 7.08397 8.13113
threshold=0.14172088354825976 -1.0034729242324827 -0.25670668482780451 11.500000000000002 0.45624482631683355 11.500000000000002 1.4207482337951662 0.049944764003157623 0.061857214197516448 -0.30845902860164637 -0.91759115457534779 -0.42741020023822779 1.3863200545310976 0.13502205908298495 -0.99997201561927784 0.90905573964118969 1.2743144631385805 0.59866327047348034 -1.2124422788619993 -0.26715756952762598 0.7038404941558839 -0.43088333308696741 -0.23932254314422605 -0.47913448512554163 0.80936542153358471 1.3916527032852175 1.4086498618125918 0.79166421294212352 -0.6534120738506316 -0.24718429148197171 0.76925721764564525 -1.1322949528694151 0.8826442062854768 0.49129492044448858 -0.22797339409589765 -0.87938424944877613 0.22642578929662707 -0.17966429144144055 0.53491640090942394 2.5000000000000004 0.34872379899024969 0.46923436224460607 -0.19092956930398938 -0.66491189599037159 1.3754691481590273 1.0210787653923037 1.0082484483718874 0.89577630162239086 0.26113942265510565 -0.89878153800964344 1.1271724700927737 -1.0457182526588438 0.062305234372615821 1.277509391307831 1.1085847616195681 1.0000000180025095e-35 1.4253736734390261 1.5095761418342593 -0.6900343894958495 -0.13559698313474652 -1.2331668138504026 0.90575578808784496
decision_type=2 2 2 2 2 2 2 2 2 2 2 2 2 2 2 2 2 2 2 2 2 2 2 2 2 2 2 2 2 2 2 2 2 2 2 2 2 2 2 2 2 2 2 2 2 2 2 2 2 2 2 2 2 2 2 2 2 2 2 2 2 2
left_child=1 56 8 11 5 9 10 13 -2 -3 22 47 19 16 -9 -10 30 18 50 35 60 -17 -5 -20 -15 26 27 45 -28 -11 -7 -26 -30 54 -31 38 37 -37 -12 40 41 -29 -13 44 -25 -8 -45 48 -4 -38 51 -16 -22 -54 -14 -36 57 -1 -35 -24 -21 -62
right_child=2 4 3 6 -6 7 25 14 15 29 12 42 33 24 17 21 -18 -19 23 20 52 -23 59 43 31 -27 28 39 32 34 -32 -33 -34 58 55 36 49 -39 -40 -41 -42 -43 -44 46 -46 -47 -48 -49 -50 -51 -52 -53 53 -55 -56 -57 -58 -59 -60 -61 61 -63
leaf_value=-0.02009409613420441 -0.011553437317499417 -0.0054162444865499598 -0.0064162523367094276 -0.0039907828415412265 -0.013519211930560274 -0.013345231360609699 -0.0025168717557205035 -0.021542972800473761 -0.0035458663144073196 0.032326263933150606 0.026697949843583316 0.0044156654909637688 0.017462119267351865 -0.0045822141464322676 -0.00053856843083186791 -0.0055414754237411877 0.016136090361465825 -0.0074791386972665724 0.01991841999713757 -0.017886359615706435 -0.0058194853085963656 0.019144876928639417 -0.011997441690321358 -0.013407673110319929 -0.013180304508521151 0.022869064487933778 -0.008251528468654977 0.0097492096686683186 0.027098926744508645 -0.012176510721436698 0.0027372874006875345 0.026670997112581869 -0.0026223338148757052 0.013998825138833847 0.019902027619668038 0.015983252001290648 -0.009850947998038366 -0.01289530173548393 -0.0051279616510397537 0.015299379216341152 0.017639712719101933 -0.013339003819261485 0.023567605620737765 0.0062519888041948218 0.016475222588714349 0.016136553114101025 -0.018148788747111497 -0.0083313534811833827 0.016597457807632165 0.012160341700613404 -0.0064789874013859092 0.030777778524285107 0.016638063997683708 -0.0028360445110594706 -0.0070605642484788339 -0.0012664800470802862 0.0035103090100812051 0.0073060084597158619 -0.0099305811017088956 0.015746470197754211 -0.0045972527719565113 0.003891703805740037
leaf_weight=293.89226959273219 151.3291054200381 41.381245208904147 20.044363457709551 30.706287585198879 255.4519573636353 306.30455455370247 124.46432008594275 16.331007696688175 110.97981991246343 18.829405670985579 27.876246221363544 26.082116588950157 95.806855749338865 43.630974968895316 8.5979423411190492 20.066944770514965 9.3314906284213048 75.078083358705044 21.208804523572326 22.405994158238173 25.337066240608692 45.931703511625528 5.2546254582703105 56.522839948534966 3.375204166397455 54.867136973887682 8.3412583470344526 30.698729146271944 63.002844668924809 10.107385871931909 33.404282283037901 16.828063646331429 9.4194961637258512 12.752062711864708 43.296491099521518 10.056874506175516 12.563205692917107 49.120753981173038 9.4740973934531194 146.94920335710049 21.959801152348518 34.085795067250729 193.92553386092186 132.50235849991441 9.4862998425960523 20.293309647589922 8.4911373220384103 19.328583188354969 68.836862809956074 101.74962870031595 6.6896052360534659 27.153012402355671 63.563237372785807 22.248391795903444 9.8004239536821824 20.038061892613769 11.472327735275028 6.7910807207226744 26.023342080414295 153.4173309057951 346.33951104804873 138.46992616727948
leaf_count=8916 3005 810 253 292 6164 7780 1136 343 2105 371 372 257 872 703 153 331 132 1011 409 346 340 646 49 1282 54 360 76 258 369 155 726 237 58 127 537 147 177 634 126 1090 163 240 1501 2361 199 169 144 177 599 1322 81 384 705 225 88 296 264 172 252 1272 4622 1500
internal_value=0.000898416 -0.00762144 0.00629277 0.00800755 -0.00464213 -0.00208599 0.00618873 -0.00406492 -0.00414396 0.0091209 0.00396969 0.0170686 0.00246015 -0.00854109 0.00108628 0.00233503 -0.0107842 0.00244708 0.0052863 0.000972478 -0.00105895 0.0117773 0.0114673 0.00236112 0.00361667 0.0111221 0.00948735 0.00706547 0.0197625 0.0155837 -0.011747 0.0187193 0.0233136 0.0106855 0.00950426 0.00681687 0.00374167 -0.00712469 0.0189728 0.0110056 0.00329429 -0.00248381 0.0214457 0.000134915 -0.00825546 0.000549566 0.00421125 0.00761527 0.0113421 0.00942981 0.0191089 0.0241043 0.00763621 0.0117109 0.0149701 0.013602 -0.018483 -0.0193659 -0.00136085 0.0144893 -0.00302031 -0.00215768
internal_weight=3809.77 1476.2 2333.57 2005.27 1164.04 908.588 1677.05 774.936 328.308 133.653 1162.97 328.217 973.588 412.875 362.061 176.978 349.04 345.73 270.652 829.205 618.364 65.9986 189.378 228.211 63.8342 514.082 459.215 378.451 80.7636 92.2713 339.709 20.2033 72.4223 144.383 73.4419 210.841 173.49 59.1776 37.3503 233.694 86.7443 64.7845 220.008 207.003 66.0091 144.758 140.993 108.21 88.8812 114.313 42.4406 35.751 111.149 85.8116 105.607 63.3346 312.156 300.683 38.7754 158.672 507.215 484.809
internal_count=59945 33684 26261 20174 24332 18168 17387 15999 6087 2169 13468 2787 11855 9632 6367 3082 8638 6024 5013 10516 7738 977 1613 4395 994 3919 3559 3056 503 1359 8506 291 427 1339 988 2778 2280 781 498 1751 661 498 1758 3986 1481 1305 2505 1029 852 1499 618 537 1270 930 960 833 9352 9088 379 1321 6468 6122
is_linear=0
shrinkage=0.03


Tree=45
num_leaves=63
num_cat=0
split_feature=3 15 6 32 32 6 10 14 3 31 14 26 15 17 22 7 1 14 25 14 17 14 9 9 22 23 7 7 33 16 25 26 12 22 6 26 20 23 1 31 7 14 25 23 15 29 23 0 10 13 10 14 12 22 7 20 20 10 1 20 17 22
split_gain=177.451 46.6533 39.6924 33.9666 21.9935 19.191 17.4237 17.3186 13.677 13.4586 13.8482 15.3434 12.7425 12.0819 11.692 11.3721 11.8413 10.9923 10.7111 27.2649 10.4655 10.1091 9.86205 9.06352 9.07528 9.00276 8.82365 8.42083 9.09079 8.47519 8.50198 8.70744 8.65264 8.21957 8.20566 9.25648 8.15417 8.12577 7.90016 7.78851 7.56981 7.34724 8.21871 11.465 7.41117 7.08946 7.06208 6.9999 7.96294 7.15897 6.99931 7.83145 6.95756 9.24744 6.87232 11.9731 8.19319 8.96339 6.85326 6.84678 6.83604 6.72164
threshold=0.057279193773865707 -0.35810057818889612 -0.41294224560260767 14.500000000000002 13.500000000000002 0.52198198437690746 0.28506852686405187 -1.0323850512504575 1.5103702545166018 0.5000000149011613 1.4247081875801089 0.6665778160095216 -0.25977593660354609 0.33934748172760015 -0.52501311898231495 0.73943787813186657 0.59360414743423473 0.77601534128189098 -0.051614318042993539 0.040406191721558578 0.78362503647804271 0.69857758283615123 -1.4491441845893858 -2.0721325874328609 -0.30691333115100855 0.76419970393180858 -0.43469665944576258 0.99609312415122997 1.0000000180025095e-35 0.73160982131958019 -0.25256711244583124 1.3379955291748049 0.86354124546051036 -0.26833707094192499 0.73624765872955333 0.85491618514060985 1.5328327417373659 0.71306049823760997 0.70293352007865917 -0.92857143282890309 0.91336971521377575 0.39253468811511999 -0.0082805575802922231 -0.069158215075731264 1.400928318500519 0.82085561752319347 1.2297234535217287 0.27386207878589636 1.6598093509674074 -0.55491814017295826 -0.92879524827003468 1.0000000180025095e-35 0.088083058595657363 -0.11838522925972937 0.11592171341180803 0.99405428767204296 0.74497026205062877 0.1771279722452164 1.0000000180025095e-35 -1.0000000180025095e-35 -0.13806118071079251 -0.91153529286384571
decision_type=2 2 2 2 2 2 2 2 2 2 2 2 2 2 2 2 2 2 2 2 2 2 2 2 2 2 2 2 2 2 2 2 2 2 2 2 2 2 2 2 2 2 2 2 2 2 2 2 2 2 2 2 2 2 2 2 2 2 2 2 2 2
left_child=2 8 18 7 6 36 -4 58 20 27 11 23 -6 15 -8 17 25 -9 19 -1 -2 22 -16 -11 61 -17 -24 29 45 30 32 -32 34 -10 -7 -36 46 -19 47 -28 -31 42 43 -14 52 -29 -5 48 49 -15 -27 -52 -45 -54 -44 56 -56 -58 -3 -48 -41 -25
right_child=1 3 4 5 12 9 14 13 33 10 -12 -13 41 38 21 16 -18 37 -20 -21 -22 -23 26 24 -26 50 39 28 -30 40 31 -33 -34 -35 35 -37 -38 -39 -40 60 -42 -43 54 44 -46 -47 59 -49 -50 -51 51 -53 53 -55 55 -57 57 -59 -60 -61 -62 -63
leaf_value=0.0042013271473153226 -0.013274357193027253 0.024264304022637503 -0.004083373148181209 -0.0050356218583826546 -0.015636042217569073 -0.0068543812771192855 -0.0086566903432258157 -0.0015795138162445896 -0.011018993291221151 -0.0092406741012859665 -0.0086675297768811915 -0.0015098637315138349 -0.011404193255906556 -0.0033907259469516081 -0.013211810331951488 -0.00078085120319086891 0.031092248773080502 0.00053678369223190254 -0.018723248462783081 -0.016714251496359304 0.010368568754634476 -0.010952700745245071 0.0028922690651655265 0.013708068117861233 0.020569091992507907 -0.0094336820776788725 -0.0049294390536960397 0.017697337474796251 -0.0052770983078771119 0.0066666648992388363 -0.0066016977232051331 0.019800743424457253 -0.010556642101650035 0.024436242559137893 0.021185811911987536 -0.0080731674689216073 0.013572701546084628 0.0244147074099293 0.003461510626134669 0.0076438813925299182 -0.013630232554418366 -0.012386559078276139 -0.0090797117348800881 0.0015474858148171186 -0.013814419120762839 -0.0053565638982036807 -0.0076078477555628528 0.027119633685107301 -0.0093266906979333937 0.015014756080800822 0.033123457458847309 0.0059245349046265746 -0.00093607944810073906 0.032931045276965151 0.00085568711841370803 -0.019879897267689059 -0.0045493672125971 0.039781107414148788 0.0080599605742896728 0.021351753670632138 0.034920803989806924 -0.0099258437427281309
leaf_weight=81.525914005935192 167.95664401166141 104.08025600016117 135.19794686324894 316.44970464520156 128.19854064844549 15.932793714106081 18.258138475939631 213.62411108799279 5.3243096843361881 8.8635928221046907 26.33523228764534 52.507178917527199 21.907071221619844 18.765950188040733 4.8916047234088174 55.905155969783664 20.132122572511435 23.529720550402999 288.14515449665487 163.51763113029301 14.998625140637158 8.3982835002243501 19.928519051522017 18.447286535054445 167.36387784406543 5.1289032846689215 5.1243057176470748 77.814935799688101 23.837933041155338 246.83358396217227 199.95069777220488 7.1108660921454421 18.725317273288965 12.592399295419453 43.806733123958111 9.3233832679688913 21.190183859318495 23.817092448472977 73.474412187933922 14.022602230310438 13.099097661674021 91.467134669423103 171.88004809990525 20.925142742693424 4.9352446235716334 11.702431593090294 8.6877472437918204 35.05135291069746 10.885752726346253 249.3682526871562 18.07560907676816 20.793477576225996 9.6505702361464518 21.277749665081501 90.569122832268476 17.066501658409834 5.1061425656080228 5.8837727569043636 38.480152990669012 13.92711443081498 43.2391696292907 15.386463381350039
leaf_count=1984 3685 788 2459 5117 3533 189 320 2602 78 90 245 492 447 191 81 718 190 378 8910 4862 272 179 333 186 1500 45 71 664 215 2060 2206 80 195 185 436 88 306 239 543 255 96 1859 3381 331 54 101 123 308 101 2187 136 186 152 321 1503 259 83 83 272 165 551 158
internal_value=0.000220075 0.00508742 -0.0083908 0.00633856 -0.00427673 0.00323833 0.00315239 0.0107788 -0.00860925 0.00545222 0.0108127 0.012892 -0.00741895 0.00889063 0.0115543 0.00499737 0.0124402 0.0014045 -0.0147564 -0.00981078 -0.0111119 0.0156525 0.0186697 0.0164433 0.0177715 0.00737869 0.0212124 0.00307124 0.0103414 0.00150668 -0.0019636 -0.00524951 0.00565195 0.0137947 0.0104626 0.0157986 -0.00263716 0.0137329 0.0126058 0.0264157 0.00540588 -0.00498889 -0.00301515 0.0053486 0.0122111 0.0145596 -0.00383273 0.0146573 0.0126418 0.0136881 0.0167681 0.0209067 0.0156852 0.0237039 -0.005333 0.000243392 0.00439915 0.0242023 0.0203117 0.0108635 0.0293913 0.003066
internal_weight=3800.4 2429.28 1371.12 2228.41 837.928 1317.3 249.061 911.112 200.872 957.041 288.904 262.568 588.867 768.552 113.863 381.006 120.035 260.971 533.189 245.044 182.955 95.6045 87.2062 210.061 201.198 99.9031 82.3146 668.138 113.355 554.782 294.85 207.062 87.7882 17.9167 69.0629 53.1301 360.255 47.3468 387.546 62.3861 259.933 460.669 369.201 78.6958 56.7887 89.5174 339.065 314.071 279.02 268.134 43.998 38.8691 51.8535 30.9283 290.506 118.626 101.559 10.9899 142.56 22.6149 57.2618 33.8337
internal_count=59827 27816 32011 23596 16255 14712 4249 8884 4220 9001 2671 2426 12006 7824 1790 4494 1275 3219 15756 6846 3957 1470 1291 1934 1844 1085 1210 6330 980 5350 3194 2286 908 263 713 524 5711 617 3330 877 2156 8473 6614 1305 858 765 5405 2787 2479 2378 367 322 804 473 5309 1928 1669 166 1060 288 806 344
is_linear=0
shrinkage=0.03


Tree=46
num_leaves=63
num_cat=0
split_feature=3 6 15 4 32 24 14 25 4 14 25 4 25 32 2 4 21 8 9 15 3 14 25 25 9 7 24 5 3 32 21 29 9 6 9 6 20 5 17 14 21 21 4 9 33 21 14 0 14 24 3 26 25 3 17 15 32 4 32 8 18 35
split_gain=165.157 42.9073 41.3378 28.0885 26.3939 22.6761 19.5661 13.046 12.9746 12.5303 12.396 12.0998 11.9403 11.8794 11.82 13.9048 12.5149 10.4721 10.3647 10.2264 11.0994 12.3362 9.86156 9.33067 9.22675 11.3284 9.12953 9.60675 8.96468 10.3714 8.87465 11.0239 8.38983 8.21506 8.00657 7.98581 7.86511 7.84094 8.82598 7.7644 7.66885 7.4131 7.36911 7.27098 8.00179 7.42249 7.21526 8.59291 8.02018 10.8851 8.01689 7.17948 6.83885 6.74759 6.73283 7.70212 7.22254 6.64322 7.16608 6.53052 6.43538 6.35013
threshold=0.057279193773865707 -0.41294224560260767 -0.067129451781511293 -0.097492337226867662 13.500000000000002 0.58023867011070263 0.42620393633842474 -0.83276501297950734 -0.18725319206714627 -1.7817230820655821 -0.5772295594215392 1.120096027851105 1.7691885232925417 13.500000000000002 1.2262662053108218 -0.037920959293842309 1.4334087371826174 -0.42741020023822779 -0.61529108881950367 -0.73911282420158375 1.0920122265815737 -0.70650210976600636 -0.093381434679031358 -0.49983428418636316 -0.37445831298828119 -0.48710039258003229 1.5480529069900515 0.90726622939109813 1.590842664241791 8.5000000000000018 0.81812775135040294 0.51470589637756359 0.56841701269149791 1.0052202939987185 0.58528757095336925 -0.38354104757308954 1.0928139090538027 -0.50907158851623524 -0.69786801934242237 -3.0694205760955806 0.40454058349132543 0.87905642390251171 0.84936901926994335 -0.37445831298828119 1.0000000180025095e-35 -0.75422021746635426 1.1820206046104433 1.2986017465591433 0.35399699211120611 0.53726312518119823 1.1887134909629824 0.63271719217300426 -0.30643494427204127 1.4865180850028994 0.13502205908298495 1.0424850583076479 14.500000000000002 1.5478326082229616 15.500000000000002 -1.1088464260101316 -0.40024028718471522 1.0000000180025095e-35
decision_type=2 2 2 2 2 2 2 2 2 2 2 2 2 2 2 2 2 2 2 2 2 2 2 2 2 2 2 2 2 2 2 2 2 2 2 2 2 2 2 2 2 2 2 2 2 2 2 2 2 2 2 2 2 2 2 2 2 2 2 2 2 2
left_child=1 7 19 -3 9 8 11 40 -6 41 24 13 14 17 16 -16 22 23 -17 -2 21 -21 33 -5 -10 -26 27 57 29 53 -15 -32 -18 -7 51 -31 -33 -13 -39 -14 -1 -4 54 44 -22 -45 47 48 49 59 -50 -12 -23 -11 55 -9 -56 58 -24 -37 -35 -42
right_child=2 3 4 6 5 12 -8 42 10 28 34 37 39 30 15 18 32 -19 -20 20 43 52 26 -25 25 -27 -28 -29 -30 35 31 36 -34 60 -36 46 -38 38 -40 -41 61 -43 -44 45 -46 -47 -48 -49 50 -51 -52 -53 -54 -55 56 -57 -58 -59 -60 -61 -62 -63
leaf_value=-0.0048790392082585943 -0.012265526202059273 -0.014859280647366323 0.012882211268900936 0.026106624555363379 -0.012784042976653471 0.0039088060920027352 -0.010793942169541038 -0.018566375172402904 -0.0059616503048055443 0.021444219863237191 -0.0074937134051066973 -0.0081230564621679723 0.014425945373764161 -0.0056681578950269866 -0.0017318793141385502 -0.0052153046599385617 0.020678018619780011 0.011782499756119155 0.029002797377078698 0.016160503723667646 -0.015265454025320693 0.0014051338266361315 0.0068131706385881844 -0.01083269698611746 -0.0099300736127463686 0.037583349717230874 0.012857356410823827 0.012323277852699302 0.0177258306927431 -0.0055203949232385755 -0.0035484954257059584 0.025077487820523645 0.005519493258207663 0.00051251857322479597 0.0056564072014974485 -0.0030398832780512237 -0.00736203840895265 -0.0094982804158929412 0.023449009636958732 -0.0065981186379500028 0.034422048880977767 0.037578791708087499 -0.00045686725995291002 -0.0095152181335450055 0.017374397189107205 0.020354805181244023 0.022004429702783934 -0.010580063463175356 0.0057516032903239802 0.0065204585129880633 -0.011817203165879919 0.0045401948278956236 -0.012475337533879697 -0.0099945837803660526 0.0073505416005094481 0.0084757187391506072 -0.013908835065555621 -0.013795615814880795 -0.0018735109080043957 0.025111085797761917 0.021276455556742652 -0.0089237488497563109
leaf_weight=30.398898104205728 103.71235448122025 156.23254591412842 32.691015601158142 2.3931899685412636 70.012500381097198 78.384503621608019 137.65820060111582 403.77946542389691 7.8550749607384232 62.138619078323245 153.77238029800355 8.9205216616392118 14.346632584929464 257.90259003452957 22.908603601157665 7.5616855770349494 82.299054510891438 107.20408618822694 56.527530018240213 16.73546021617949 14.912204235792162 45.043151257559657 118.66562303155661 36.033414045348763 3.5270520225167337 15.163945753127331 67.938972324132919 58.293046850711107 116.08004894480109 41.879131652414799 46.91065171174705 24.201643334701661 60.395977340638638 16.712129287421703 109.13544022291899 7.395342878997325 6.2547365054488173 5.8725679777562609 41.453373309224844 84.452482994645834 4.660461399704217 21.942922905087471 26.771710585802794 6.015884291380643 5.4451740719377986 36.954600252211094 25.507058136165142 20.678973831236362 76.727543137967587 163.65682011470199 27.75736466050148 58.196000700816512 97.539048232138157 3.893632359802722 19.818582501262426 7.013190656900405 31.146793503314257 25.135050728917122 272.1891403272748 50.553655192255974 69.152891270816326 1.9672662578523157
leaf_count=838 2338 3823 233 45 1227 823 3022 12944 114 516 2242 130 101 5208 220 57 601 1524 371 260 234 957 1143 646 54 200 475 509 754 649 776 380 452 143 1541 89 108 82 474 880 110 126 524 97 78 507 258 165 882 1349 240 846 1958 26 455 109 735 207 2711 543 610 47
internal_value=0.000478839 -0.0078893 0.00515734 -0.00360879 0.00669752 0.00442223 -0.000913917 -0.0145601 -0.00146623 0.0117029 0.000961976 0.0016943 0.00679416 9.38902e-05 0.00783796 0.0181594 0.00668041 0.00710714 0.0248803 -0.00472112 -0.00101459 -0.00521938 0.00497569 -0.00579118 0.0189094 0.0284139 0.00297007 0.0014344 0.0102748 0.00830951 -0.00301212 0.00564839 0.0146662 0.0113133 -0.000788939 0.00639578 0.0183168 0.0142529 0.0188437 -0.00299737 0.00232343 0.0251204 -0.0158503 0.0091715 -0.00483056 0.0156171 0.00779168 0.00644834 0.00767166 0.0108428 0.000757766 -0.00416131 -0.00819131 0.0190174 -0.0167283 -0.0180083 -0.00572371 -0.000219705 0.000816557 0.0215624 0.0174857 0.0232512
internal_weight=3786.48 1356.59 2429.89 831.038 2103.53 1452.63 674.805 525.556 417.662 650.902 347.65 537.147 1034.96 480.9 936.164 86.9978 849.166 145.631 64.0892 326.358 222.646 159.318 706.471 38.4266 26.5461 18.691 542.222 474.283 596.268 480.188 335.27 77.367 142.695 164.25 321.104 414.156 30.4564 56.2465 47.3259 98.7991 37.0266 54.6339 488.53 63.3279 20.3574 42.9705 372.277 346.77 326.091 221.606 104.485 211.968 142.582 66.0323 461.758 410.793 50.9654 415.99 390.855 57.949 85.865 6.62773
internal_count=59766 31980 27786 16218 21357 15527 12395 15762 6224 5830 4997 9373 9303 8687 8322 648 7674 2215 428 6429 4091 3175 6621 691 368 254 5045 4570 5471 4717 6472 1264 1053 1576 4629 4175 488 686 556 981 995 359 14767 916 312 604 3526 3268 3103 1981 1122 3088 2915 542 14243 13053 1190 4061 3854 632 753 157
is_linear=0
shrinkage=0.03


Tree=47
num_leaves=63
num_cat=0
split_feature=15 3 32 4 3 11 32 6 14 16 7 11 4 25 2 15 25 12 12 24 7 11 5 8 16 5 4 8 23 7 22 14 14 6 16 11 22 4 7 7 19 16 22 7 16 4 8 7 11 11 31 22 15 11 12 18 16 14 13 3 4 8
split_gain=143.72 61.0952 29.1891 26.4634 20.2756 19.4092 18.0054 17.9697 16.0868 15.6952 15.3403 19.1931 14.2631 12.2829 11.8593 12.8857 12.6841 12.3246 11.1191 10.9014 11.6068 10.8812 12.8522 9.97357 15.2241 9.94599 9.92322 9.85497 9.72463 9.53634 9.42101 11.442 8.91258 8.89093 8.48057 8.45194 8.363 9.01886 8.19271 8.13189 8.06129 7.9519 7.64884 7.41438 7.31502 7.84033 7.309 7.20869 7.13791 8.21436 7.10559 7.0739 9.3237 7.40006 7.07012 6.95154 6.88469 6.87931 6.83619 6.81481 6.77444 6.74563
threshold=-0.33441953361034388 1.0000000180025095e-35 14.500000000000002 -0.085485760122537599 1.1724450588226321 1.117392957210541 13.500000000000002 0.78147754073143016 -0.90419462323188771 0.069720093160867705 0.78535380959510814 0.92381134629249584 -0.20811595767736432 0.27829262614250189 0.68075463175773632 1.7307633161544802 -0.062662757933139787 1.0005776882171633 1.0005776882171633 -0.091450687497854219 0.57335102558135997 -0.72160318493843068 0.8910522758960725 -0.5087064504623412 0.80083379149436962 1.4602301716804507 0.62006649374961864 -0.47009916603565211 1.2181038260459902 1.2520874142646792 -0.0112712443806231 -0.66242766380310047 1.2651422023773196 0.56772726774215709 0.82979086041450512 0.86423179507255565 -1.0367500782012937 0.49326249957084661 0.21313384920358661 -0.98499676585197438 -0.30225415527820582 -0.7170794904232024 0.76973041892051708 0.83461421728134166 -0.40841107070446009 0.089077860116958632 0.48557311296463018 -0.52266526222228993 -1.2331668138504026 -1.0170989036560056 -0.92857143282890309 0.86338084936141979 0.20571060478687289 0.22568751126527789 -0.81874620914459217 -0.37155641615390772 0.30077716708183294 0.53735119104385387 -2.0591615438461299 1.8322706222534182 0.56957736611366283 -1.4846445918083189
decision_type=2 2 2 2 2 2 2 2 2 2 2 2 2 2 2 2 2 2 2 2 2 2 2 2 2 2 2 2 2 2 2 2 2 2 2 2 2 2 2 2 2 2 2 2 2 2 2 2 2 2 2 2 2 2 2 2 2 2 2 2 2 2
left_child=4 3 8 -2 9 6 25 12 27 58 11 41 -4 18 15 16 35 36 19 -13 61 -8 29 24 -12 39 55 38 43 -23 50 -32 34 -24 -30 -9 -16 -38 -3 -5 -6 -10 -26 -18 -42 -46 -15 -35 -41 -50 -11 52 -25 60 -53 -17 -37 -14 -1 -56 -54 -21
right_child=1 2 7 5 40 -7 21 14 10 30 23 13 57 46 17 26 28 -19 -20 20 -22 22 33 51 42 -27 -28 -29 32 -31 31 -33 -34 47 -36 56 37 -39 -40 48 44 -43 -44 -45 45 -47 -48 -49 49 -51 -52 54 53 -55 59 -57 -58 -59 -60 -61 -62 -63
leaf_value=0.0021631584384951942 -0.014652249988753818 -0.0098976891289034863 -0.013092721861518662 -0.012892100645816295 0.035515099448458085 0.010053567499756432 -0.015319110762997435 0.0040352570236494717 0.020305433169383463 0.0095544593688086012 -0.006996956356005524 -0.0030775430363683188 0.0024299905491058237 -0.011518002589168798 -0.0068565089187295203 0.005735548812109862 -0.0060967741568634165 -0.00589324853219589 -0.0053177528983988547 -0.0056982738640045235 -0.004702680931975481 -0.0079154387706165986 -0.0011764209479837953 0.027315587052449929 0.033003956946739521 0.030680363662406174 -0.0089811634879728257 0.021045120196371045 -0.0037151366859847204 0.0096763858342224056 0.020325550993290965 -0.0055303071546416857 -0.0094073293675013218 -0.0068102121250818992 0.014370547308534513 -0.002153120148765755 0.0067470163936176686 0.021898962074391723 0.015290812907071764 -0.010948755389151261 0.01830859760910053 -0.00097917857595530562 -0.0022949186597280048 0.0045314493830498391 -0.013275321865493387 0.019165581064658203 0.012700549537840642 0.037910219808896875 0.028427582034808725 0.0045317850085767287 -0.017020763131647763 -0.0013280303066180194 -0.013587859049970589 0.012447478321567626 0.034601798676625849 0.03266476147575572 0.026357221185019257 -0.0058798201498916477 -0.019069967712208962 -0.0035699102844582655 0.017220180966217163 0.024973007228953254
leaf_weight=13.170429436489938 170.99976889975369 18.240978725254536 84.04022204875946 22.471448330208659 2.2271765433251849 103.73082506656647 103.5212516207248 85.209526930004358 11.583654729649423 6.8769640047103158 41.264908026903868 18.694345325231552 313.25922692380846 26.837639410048723 12.899525817483662 16.420807473361492 245.99750521406531 29.534786600619555 19.344542652368546 5.0598785020411006 13.036991428583859 263.80681599490345 17.547166891396049 23.277987841516733 12.463630583137276 6.9205204341560593 7.9622789919376364 134.05539827793837 29.837660785764456 26.676145173609257 12.995812559500335 103.23234907537699 23.733644112944603 2.4684814102947703 79.299126025289297 8.7801320962607843 64.619998935610056 93.811167862266302 18.518099136650562 17.945383168756962 10.007509417831896 328.13973463140428 7.1829280853271475 73.240152508020401 25.487504415214065 3.9128760956227771 12.508422069251536 9.0559619925916177 9.9524514377117139 123.54780449718237 85.731965281069279 6.3785397075116625 20.104963582009081 52.06150771304965 39.178756337612867 21.950765874236822 30.736361771821976 119.82970367372036 363.30739024281502 3.6767435371875754 3.9704848155379286 112.95106032118201
leaf_count=389 4417 165 1515 486 32 1556 2490 854 166 174 481 282 4462 257 119 109 2565 242 163 50 105 5363 300 291 91 84 55 966 265 502 284 2721 173 34 531 91 614 649 142 374 154 3750 54 662 410 53 118 100 186 1957 2338 64 196 366 359 148 258 1802 11111 21 31 932
internal_value=-0.000156005 0.0024611 0.00505851 -0.00423914 -0.0132137 -0.00163771 -0.00371191 0.00221366 0.00913371 -0.0146497 0.00717251 0.00446034 -0.0021573 0.0115105 0.00495317 0.00286389 0.00156783 0.011208 0.0149412 0.0176456 0.0206063 -0.00707394 -0.00420803 0.0139976 0.00340907 0.00413238 0.0172748 0.0173821 -0.000796404 -0.00616351 -0.00777991 -0.00192021 0.00588735 0.0133682 0.00947984 0.00983812 0.0142395 0.0161144 0.00310301 0.00224811 0.00637995 3.05607e-05 0.022251 -0.00362615 0.000920005 -0.00679966 -0.00325484 0.0291691 0.00483484 0.00727517 -0.014659 0.0180843 0.0124125 0.00645356 0.0273367 0.0231304 0.0204922 8.99149e-05 -0.0183085 0.0312961 -0.00641948 0.0234798
internal_weight=3775.29 3148.34 2269.69 878.644 626.95 707.644 603.913 1341.16 928.531 585.315 757.717 548.156 517.129 208.433 824.033 623.168 576.834 200.865 169.087 149.742 131.048 423.076 319.555 209.56 60.9115 180.838 46.3339 170.814 452.108 290.483 208.837 116.228 132.87 29.0716 109.137 124.726 171.331 158.431 36.7591 173.917 41.6351 339.723 19.6466 319.238 39.4079 29.4004 39.3461 11.5244 151.446 133.5 92.6089 148.649 99.4149 76.137 49.234 38.3716 39.5165 433.089 376.478 42.8555 24.0754 118.011
internal_count=59679 42013 24164 17849 17666 13432 11876 15114 9050 17017 7777 5823 7779 1907 7335 5711 5399 1624 1532 1369 1087 8789 6299 1954 626 3087 312 1273 4196 5865 5517 3005 969 434 796 1203 1382 1263 307 3003 649 3916 145 3227 617 463 375 134 2517 2143 2512 1328 884 593 444 257 349 6264 11500 380 227 982
is_linear=0
shrinkage=0.03


Tree=48
num_leaves=63
num_cat=0
split_feature=23 11 4 4 21 21 1 23 11 23 25 22 14 23 17 15 21 17 11 7 22 12 4 23 23 1 30 20 13 21 5 15 6 25 12 16 21 14 25 7 12 21 22 13 20 23 24 11 5 14 10 12 6 15 5 10 21 14 24 23 7 29
split_gain=141.291 39.6605 37.0359 27.5933 26.1586 22.9063 21.4494 19.0126 13.6467 13.2835 12.5191 17.265 12.1682 12.3176 12.0927 11.78 11.0223 10.7248 10.2552 13.8643 12.6777 11.925 10.2341 10.2275 10.221 11.0812 10.0687 10.0626 13.0234 8.83303 8.51796 8.45185 8.38445 8.37307 11.1863 8.67315 8.10633 7.93133 7.81221 7.8527 7.78694 9.20515 8.23955 10.5016 9.80975 7.63876 7.34309 7.22945 7.21056 9.02907 9.66305 7.89416 7.12751 6.93414 10.4245 6.8658 7.18581 8.89963 6.86426 6.85155 6.82849 6.72578
threshold=0.24323514103889468 0.024524024687707428 -0.51461172103881825 0.44770708680152899 0.77142310142517101 -0.45553719997406 0.83833602070808422 1.1927740573883059 0.38465130329132086 0.65309941768646251 -0.65099784731864918 0.88314017653465282 -0.18275956064462659 0.41017347574234014 0.37150834500789648 -0.33441953361034388 -0.84830385446548451 1.1254220604896548 0.27024970948696142 0.99609312415122997 0.75092762708663952 -0.1092720404267311 1.1460446119308474 0.75636926293373119 0.080329410731792464 0.69299569725990307 -2.1249999999999996 0.7042379379272462 0.093881733715534224 0.95894458889961254 0.29435439407825476 1.1075673103332522 -1.0304466485977171 0.24256984889507296 0.40207087993621832 -0.14012216031551358 0.81812775135040294 -2.6278655529022212 1.2899801135063174 0.96833696961402904 0.94375747442245495 -0.21982344985008237 0.67407795786857616 -0.26381953060626978 0.68330061435699474 1.2586392164230349 1.5198199748992922 0.69159477949142467 -0.4868269264698028 0.87822708487510692 -1.5068955421447752 0.89262923598289501 1.091432571411133 1.0549679398536684 0.90726622939109813 -0.073571242392063127 0.54333114624023449 1.0441294908523562 1.1362311244010928 0.53466880321502697 1.654106140136719 0.91287881135940563
decision_type=2 2 2 2 2 2 2 2 2 2 2 2 2 2 2 2 2 2 2 2 2 2 2 2 2 2 2 2 2 2 2 2 2 2 2 2 2 2 2 2 2 2 2 2 2 2 2 2 2 2 2 2 2 2 2 2 2 2 2 2 2 2
left_child=1 5 27 15 6 -1 8 9 45 12 11 -7 -6 -14 22 47 -17 29 19 21 -21 -11 30 -22 25 48 -20 31 -29 -16 36 -2 -13 35 -35 -8 -12 -10 39 40 42 -42 43 -39 -44 -4 -47 -3 -5 50 -50 -52 -15 -37 -55 -43 57 59 -25 -57 -38 -45
right_child=2 3 4 24 7 10 33 -9 37 18 14 32 13 52 17 16 -18 -19 26 20 23 -23 -24 58 -26 -27 -28 28 -30 -31 -32 -33 -34 34 -36 53 60 38 -40 -41 41 55 44 61 -46 46 -48 -49 49 -51 51 -53 -54 54 -56 56 -58 -59 -60 -61 -62 -63
leaf_value=-0.020994343642395333 -0.01535535249121172 -0.017858619520389217 -0.0043714453297125167 0.0027505535226285895 0.02158793823460118 -0.0074919772190689448 -0.013216672117333208 0.015843300295524994 0.015571407123791368 0.0072097107436173953 -0.017661394627590678 -0.0047212344191944582 -0.0067694730673476568 0.0080789396281472775 0.019701931654013818 -0.010210556240636656 0.0024433993606056662 -0.013472579010193032 -0.0071733875151218122 -0.0075854362381737811 -0.0066081444690551253 -0.010907737916550869 0.007293256954672556 0.011311696866315047 -0.006737313520768535 -0.010869667401832586 0.010083071025023559 -0.00945182957638558 0.015416917589581754 -0.0078544379743332154 -0.0015710795126802305 0.0019286270997747469 0.043698054373028816 0.017280202486058886 -0.0099619332492604292 0.024986360526157877 -0.0096840689429595495 -0.0054788617731475701 -0.0045748659440986812 0.013614247411200125 -0.016504655520097944 -0.0078762763554732999 0.033799064853837664 0.0037129473883957638 0.0038940640302911065 0.018708015464260486 -0.0076418834649598878 -0.0037222659116712079 -0.010117348738663446 -0.010512990238026036 0.04193211395051348 0.0010971325883925166 0.031838112594719956 -0.0030168096633977149 0.024115167329025571 -0.0078314627000684364 -0.010734500618990376 -0.010864061204311767 0.03990675443417474 0.031721717670452031 0.013471487837897488 0.015577321018088335
leaf_weight=212.55402817390859 120.24984975345433 74.504058403894305 391.72907296568155 12.454312469810246 77.668440464884043 22.656609442085028 4.7417528182268134 260.19095627218485 40.862097721546888 40.887091841548681 256.27372387424111 3.1386555545032024 40.167351130396128 71.764571916311979 26.36890372633934 82.435707587748766 208.1423539146781 20.585981233045459 31.893441196531057 22.989583618938923 9.8669012822210771 115.69316270947456 20.18284860253334 24.127421401441097 13.779055431485174 6.5196616165339938 205.79313661158085 37.017944639548659 29.615649564191699 12.382657090201972 51.499873664230108 30.660033985972404 7.3768750987946969 18.419862248003483 27.333885844796896 63.392442006617785 98.205787632614374 98.409390944987535 110.13595446571708 62.764725770801306 33.311653859913349 28.022723574191332 13.027269016951321 336.19301349669695 25.202799871563911 21.499098777770996 11.390219569206236 60.672226846218109 2.2762047462165276 2.4227526858448973 30.517511799931533 5.1520912088453761 10.240140266716478 28.45789659768343 16.759562931954861 2.7138176225125887 6.9173859469592562 4.7656917683780184 12.33006316423416 16.949547629803419 8.5020761359482986 45.503232084214687
leaf_count=6948 2179 2194 5862 209 772 565 60 1710 350 438 7499 86 574 891 472 1907 3770 319 259 221 109 1204 322 239 181 88 1576 504 382 185 1344 339 137 180 271 642 2465 1291 1304 647 431 274 154 3847 270 249 116 1667 37 40 441 74 103 200 105 34 59 46 97 161 216 532
internal_value=-4.06539e-05 -0.00833359 0.00399642 -0.00176863 0.00510349 -0.0127194 0.00251575 0.00901498 0.00117148 0.00623846 -0.00921712 0.00773386 0.012616 0.00628782 -0.0104215 -0.00472719 -0.00125847 0.0021261 0.00338393 -0.00119165 0.00956094 -0.00610011 -0.0121391 0.0179802 0.0146577 0.0197631 0.00766747 -0.00771966 0.00190581 0.0110053 -0.013161 -0.0118946 0.0323818 0.0127145 0.00162731 0.0169319 -0.0147617 0.00341451 0.00268615 0.00389799 0.00279751 -0.0050222 0.00423034 0.00306525 0.0168151 -0.00317441 0.00977831 -0.0118728 0.0241569 0.0297301 0.0332244 0.036894 0.012705 0.0187719 0.00843928 0.00220212 0.011056 0.0180017 0.0246293 0.0257818 -0.00731872 0.00531046
internal_weight=3788.26 1238.6 2549.66 498.876 2332.12 739.728 1408.5 923.612 1249.4 663.421 527.174 33.1721 199.841 122.172 494.002 425.754 290.578 59.3375 463.581 225.894 69.314 156.58 434.664 46.3244 73.1216 59.3425 237.687 217.543 66.6336 38.7516 414.481 150.91 10.5155 159.105 45.7537 113.352 362.982 824.779 783.917 673.781 611.017 92.6808 518.336 480.106 38.2301 424.618 32.8893 135.176 52.8229 40.3686 37.9458 35.6696 82.0047 108.61 45.2175 59.3692 31.3464 24.4291 36.4575 19.6634 106.708 381.696
internal_count=59848 31166 28682 10608 25278 20558 17085 8193 15627 6483 13610 788 2340 1568 12822 9538 5677 976 4143 2308 666 1642 11846 445 1070 889 1835 3404 886 657 11524 2518 223 1458 451 1007 10180 9400 9050 7746 7099 1005 6094 5670 424 6227 365 3861 801 592 552 515 994 947 305 574 300 241 336 195 2681 4379
is_linear=0
shrinkage=0.03


Tree=49
num_leaves=63
num_cat=0
split_feature=15 6 32 4 14 4 32 17 20 21 3 3 16 23 14 5 25 29 12 8 3 16 5 4 10 21 12 16 14 8 31 3 9 21 26 10 26 9 9 9 29 14 7 10 26 12 29 26 6 26 6 17 29 29 24 13 8 17 2 23 8 16
split_gain=132.057 50.2129 26.9252 20.1362 19.0872 17.9781 17.3666 17.2711 21.7168 16.1165 15.214 14.4212 14.0013 12.7089 12.7776 12.0062 11.3379 13.8229 14.6797 11.3127 11.2914 9.66983 9.42576 9.41559 11.7489 9.34183 9.18134 9.09364 8.94443 8.92574 8.99559 8.46833 8.44096 8.39155 8.24277 8.20382 12.535 13.6745 16.7681 8.04041 7.99884 8.75315 9.1867 8.57045 7.90238 7.8544 9.24644 11.7605 9.26667 7.7479 8.12576 7.74404 7.78554 9.97445 7.72902 7.63756 7.5135 7.49591 7.31302 7.15045 7.0975 9.79418
threshold=0.045292682945728309 0.47239089012146002 14.500000000000002 1.2038460373878481 -0.93344339728355397 1.6629860401153567 9.5000000000000018 1.1998448967933657 0.01980583090335131 1.011862635612488 1.8791651129722597 -0.44343279302120203 1.0184576511383059 -0.91296622157096852 1.0000000180025095e-35 -0.31853295862674708 -0.30147556960582728 0.76696833968162548 -0.42628189921379084 -0.22573514282703397 0.022109915502369407 0.15750233083963397 -1.0000000180025095e-35 0.2793459445238114 -1.0759878158569334 1.8604154586791994 -1.0000000180025095e-35 1.3169785141944887 0.43654190003871923 0.80968388915061962 -0.64285716414451588 -0.56408274173736561 1.3334359526634219 -0.17438446730375287 -0.51851791143417347 1.2429103255271914 0.78309369087219249 0.56281822919845592 -0.4031390100717544 -1.4491441845893858 0.93541666865348827 -3.0694205760955806 1.4981490373611452 0.53491640090942394 0.49053196609020239 0.35080668330192571 0.24264705926179889 -1.260078430175781 1.156781852245331 0.47817616164684301 0.95199352502822887 0.61753284931182872 0.53589746356010448 0.60769233107566845 1.6081447005271914 0.49129492044448858 -0.048087324947118752 0.32451866567134863 -0.019509222358465191 0.30156698822975164 -1.4068744778633115 0.15750233083963397
decision_type=2 2 2 2 2 2 2 2 2 2 2 2 2 2 2 2 2 2 2 2 2 2 2 2 2 2 2 2 2 2 2 2 2 2 2 2 2 2 2 2 2 2 2 2 2 2 2 2 2 2 2 2 2 2 2 2 2 2 2 2 2 2
left_child=1 3 4 6 31 7 29 8 -4 16 23 -11 13 21 19 -10 -3 54 -19 20 -15 -8 -21 25 -25 51 -20 -12 -28 59 -31 34 -26 -17 -2 60 37 38 -37 -13 41 -9 45 -42 -22 -43 48 -48 -47 50 -49 52 -6 -54 57 -53 -40 -18 -33 -1 -35 -62
right_child=2 9 5 -5 10 -7 12 40 15 11 27 39 -14 14 -16 33 17 18 26 22 44 -23 -24 24 32 -27 28 -29 -30 30 -32 58 -34 35 -36 36 -38 -39 56 -41 43 42 -44 -45 -46 46 47 49 -50 -51 -52 55 53 -55 -56 -57 -58 -59 -60 -61 61 -63
leaf_value=-0.0088634723401523376 0.021489618410978871 0.01180282346545543 -0.0072872242062900251 0.0090302516009981119 -0.0054203271560784297 0.012666623638434833 -0.021228445409358917 0.023795324667114745 -0.0081615030962514361 -0.014143327844538898 0.026475748906472606 -0.011899013825351882 0.016527457083555533 -0.018152628345263815 -0.014155290370551188 -0.0064117172110170718 -0.012922740309147973 -0.011136983309040475 0.039106178267788214 -0.013949071508294079 0.017115696291745239 -0.008646194792421999 0.0035311566155824653 -0.0081354909576760309 0.015626858604110328 0.021033539988462413 0.019127094180228576 0.0028154512832589437 -0.0085741395205322472 -0.0095029284574548092 0.034374297846663911 -0.00086491874258572121 -0.012488774062005071 -0.0065258913541417747 -0.0068169347654393102 0.0017547197475693665 -0.010229024271484689 0.00025663933300162797 0.0043222381546718031 0.020905228506693321 0.029597469027343545 -0.005608822907889663 0.02518845746518366 -0.0051652185254252945 -0.014117719768345079 0.02861883851913857 -0.019150259128509556 -0.0065231869912321695 0.0048299529912725616 -0.0039094023196679442 0.014947845158579744 0.0015912836329180567 0.019771321166853317 0.00023742482218247664 0.01240338455409111 0.013008711400980384 0.061598927118817995 0.0033556436265530405 0.020379093494641204 0.016292908155820157 0.017190228741770591 0.0031743667935521906
leaf_weight=34.090583270415664 8.3388267792761308 46.078366383910179 330.78470764681697 41.689452283084393 165.0401623994112 124.67919505760074 220.83817984163761 16.338003423064947 83.279335472732782 10.765909485518931 44.940100651234388 4.2226242199540129 10.695901203900574 73.94051512889564 310.51177747920156 60.44187443703413 129.92365487106144 20.707644218578935 8.1258884295821172 29.908793641254306 13.583008136600258 86.120895003899932 130.62644362077117 21.90638281032443 139.11720211058855 19.385754350572824 19.589006580412388 22.508866623044014 14.39238755404949 3.4800122529268256 8.7836909927427751 15.474116448312996 6.6803735978901377 49.703120891004801 25.510405477136374 9.0810879841446859 9.6452476009726507 14.73639891669154 3.3084375150501701 68.710667327046394 19.624356009066108 75.605092342942953 12.069757122546433 6.8312267996370784 7.3582128304988137 21.469237916171551 17.010198470205069 17.537764675915241 39.06989136710763 56.36513477191329 62.895638521760702 129.99648297950625 23.90066109970212 127.1885136552155 11.02623353525996 85.634759858250618 10.203807961195711 29.167797222733498 170.16214329004288 8.8282571826130134 47.325639091432095 344.71786231175065
leaf_count=974 94 752 4749 688 2114 996 7750 127 1156 217 294 60 223 2158 8470 895 2272 328 123 810 279 2691 3221 222 1212 164 312 118 240 80 228 134 61 533 288 117 109 163 37 787 172 817 101 66 148 220 161 192 294 484 465 1192 296 1584 147 818 110 399 1254 158 663 3751
internal_value=0.000505903 -0.00703219 0.00466389 -0.0105459 0.00841472 0.00201067 -0.0114585 0.000950607 -0.00111748 0.00248015 0.00616059 0.0136215 -0.0124763 -0.0129238 -0.0100951 0.00214131 -0.00104305 -0.00377883 0.00783074 -0.00498206 -0.0129091 -0.0178935 -4.84915e-05 0.00480102 0.0109281 0.00285517 0.0173507 0.0193191 0.0077997 0.00452031 0.0227773 0.016173 0.0139672 0.00376325 0.00202472 0.00507381 0.0164005 0.0236766 0.0361376 0.0183644 0.0066611 0.00514117 0.00376099 0.021227 0.00553526 0.00245717 0.00536521 0.00130014 0.014806 0.00442864 0.0101585 0.00200271 -0.000993009 0.00386183 -0.00816679 0.0063176 0.0525301 -0.00992695 0.018632 -0.00252877 0.00369927 0.00506147
internal_weight=3781.67 1343.17 2438.51 980.456 1005.78 1432.72 938.766 1308.04 963.228 362.71 786.299 83.6992 883.584 872.888 565.929 632.443 279.011 232.933 62.8149 255.417 94.8817 306.959 160.535 718.85 167.704 551.146 42.1073 67.449 33.9814 55.1825 12.2637 219.485 145.798 549.163 33.8492 488.722 46.975 37.3297 22.5933 72.9333 344.816 318.361 302.023 26.4556 20.9412 289.953 214.348 153.809 60.5391 136.799 80.4334 531.761 316.129 151.089 170.118 215.631 13.5122 159.091 185.636 42.9188 441.747 392.044
internal_count=59738 33515 26223 27878 9845 16378 27190 15382 12283 5637 8075 1064 25750 25527 15086 7534 4573 3821 1003 6616 2585 10441 4031 7663 1495 6168 675 412 552 1440 308 1770 1273 6378 382 5483 536 427 264 847 3099 2861 2734 238 427 2633 1816 1302 514 1141 657 6004 3994 1880 2818 2010 147 2671 1388 1132 4947 4414
is_linear=0
shrinkage=0.03


Tree=50
num_leaves=63
num_cat=0
split_feature=24 15 32 4 14 4 14 25 6 25 30 10 21 11 11 21 25 1 0 25 30 21 8 32 2 23 22 26 10 32 0 5 8 26 4 21 24 26 26 21 11 24 10 9 11 26 22 15 26 24 1 1 29 23 14 27 17 2 26 6 15 14
split_gain=121.595 55.2068 26.2622 23.2287 20.8559 20.5199 20.0694 26.0815 19.9205 16.4652 14.6618 13.3859 13.7494 12.9054 12.0837 11.482 11.3803 12.8615 11.3533 11.2955 11.1216 10.0903 9.74814 9.03521 8.7285 8.72051 15.0461 8.5678 8.64412 11.0241 8.42079 9.45269 8.22513 8.17049 8.15704 9.94643 10.2576 8.1421 8.07807 10.1721 8.01476 7.90869 11.4111 9.2083 8.71562 7.74718 7.73195 7.72396 11.0854 7.95999 7.52161 8.41821 10.7427 9.63634 7.49435 7.46714 8.14441 7.81831 7.43462 7.30054 7.17941 7.12609
threshold=0.48140758275985723 -0.6803370714187621 13.500000000000002 1.0970341563224795 0.27779406309127813 1.0026745796203616 -2.2773716449737544 0.7058299481868745 1.2137548923492434 -0.51871934533119191 -3.7749999761581416 0.80936542153358471 0.93221724033355724 0.40735466778278356 0.37184321880340582 1.6731751561164858 -0.20853777974843976 1.0423846244812014 1.3400373458862307 -1.0000000180025095e-35 -18.708333015441891 -0.54266214370727528 -0.34270763397216791 14.500000000000002 -0.49894812703132624 0.11899527534842493 -0.085836593061685548 1.3795962333679201 -0.63797533512115467 15.500000000000002 0.20274794101715091 -0.17966429144144055 0.71311047673225414 0.59988006949424755 0.4327028095722199 0.51071250438690197 1.1224507689476015 0.46508356928825384 -0.32507719099521631 0.73642733693122875 1.078123986721039 -0.75608906149864186 0.71075737476348888 -0.88454407453536976 -1.0492325425148008 -1.0718821883201597 0.5473570227622987 0.36215279996395117 1.2264904379844668 -0.5334700047969817 0.51160380244255077 -0.13510543853044507 0.087121214717626586 -1.3677543401718137 0.33252294361591345 2.5000000000000004 -0.57760921120643605 0.0089727467857301253 -1.2863872051239011 -1.0304466485977171 1.6832895874977114 -2.0186604261398311
decision_type=2 2 2 2 2 2 2 2 2 2 2 2 2 2 2 2 2 2 2 2 2 2 2 2 2 2 2 2 2 2 2 2 2 2 2 2 2 2 2 2 2 2 2 2 2 2 2 2 2 2 2 2 2 2 2 2 2 2 2 2 2 2
left_child=1 40 4 9 19 6 23 8 10 59 20 12 18 21 16 30 32 -18 -7 41 -8 -11 -21 -2 -14 26 -24 28 -16 -30 58 -32 -12 46 35 36 -10 -20 60 -40 61 43 44 -3 -43 -5 -13 48 -15 -49 51 -28 -53 -54 -42 57 -57 -26 -6 -4 -9 -1
right_child=5 2 3 45 15 11 7 38 34 13 14 33 24 47 27 -17 17 -19 37 22 -22 -23 25 -25 55 -27 50 -29 29 -31 31 -33 -34 -35 -36 -37 -38 -39 39 -41 54 42 -44 -45 -46 -47 -48 49 -50 -51 -52 52 53 -55 -56 56 -58 -59 -60 -61 -62 -63
leaf_value=0.011493237097568871 0.026620258582426448 0.022884723084381119 -0.0080547962069612913 0.027515190177083058 0.0073295533694529118 -0.00074803259002503917 0.019161251684236665 -0.013753466954228934 -0.011828070700841535 -0.020636826392971708 0.010120767818144373 0.036364937680030782 -0.013801160739075873 -0.010234435838968018 0.013572463682253351 0.02431031756610165 -0.0064914100078718078 0.018041458418550666 0.030414804655982279 -0.0084343044655690348 -0.010604705483420141 -0.0094061772710936301 -0.0072728074245507427 0.0071983493596279695 0.025570587866922873 -0.0028264915768585401 -0.0043480734499628162 0.02623794496194613 0.0088059864269384065 -0.0025258862342286718 -0.0089302755135785786 0.019948105834241558 -0.0088409335205516838 0.0058869503129976384 -0.00267356124188499 0.01426368862201525 0.0078478782221168206 -0.0021829176348336179 -0.0059288605947426191 0.0074511419487129551 0.010419415637820279 -0.0038880464908509463 -0.0019048402097880733 -0.0069628142316856944 0.031968532955216941 0.0043690921825349878 0.0035792500397622616 0.013683517031539106 0.01666379202237268 -0.0026713267887541288 -0.0098973671390802376 -0.0075555705782232663 -0.0079028322662514118 0.048359170641674963 -0.015699259743717425 -0.009463428050728348 0.024653681173368903 -0.007438961332753468 -0.011409310269909734 0.0091251120592292252 0.01212319917810661 -0.018204365178488915
leaf_weight=4.2656868044286957 41.053357221186161 9.2246146537363547 27.223588386550546 13.03270675614476 18.751450261101127 140.11273027211428 7.9680983666330567 96.46003912948072 23.934844210743904 92.321344511583447 101.74285242706537 33.857265785336494 4.600925523787736 145.18432568386197 93.511278685182333 7.2470719330012789 219.32759699970484 16.229962579905987 15.243808895349504 39.532769428566098 107.79723788425326 375.05045488290489 13.782510453835128 50.339814960956573 4.0316254347562817 31.424102794378996 4.0250472333282294 15.042192451655863 151.76789084821939 148.93051794171333 14.715077513828872 17.381646919995546 21.412189330905676 20.078625656664371 43.122843321412802 267.72901146113873 140.11854875460267 9.5017319321632367 149.00443748757243 71.699891362339258 17.405286561697725 5.7560612931847563 13.433906132355331 22.446502536535263 47.529542887583375 56.370540019124746 9.1756050027906877 32.321583088487387 10.695946432650087 90.752169884741306 2.168508816510438 2.7843859475106028 1.6427155323326683 19.684684621170156 12.730091031640766 4.2807347178459159 76.955529399216175 17.901938505470753 127.08831773884594 70.011753072962165 6.8408817313611499 325.22380910255015
leaf_count=125 289 146 653 166 362 1232 130 1307 251 2787 1284 264 40 3204 1018 95 3032 198 101 810 1397 8700 360 419 27 386 82 160 1502 1700 269 259 293 166 310 1892 1244 64 1919 683 438 89 166 398 560 748 72 498 237 1232 36 60 39 378 337 41 490 123 2546 1277 60 10771
internal_value=4.79919e-05 -0.005987 -0.00310313 -0.00589846 0.00329282 0.00483132 0.00352409 0.00275246 0.00457499 -0.0072816 0.00189093 0.0115856 0.00841503 -0.00878955 0.00340018 -0.00402142 -0.000622392 -0.00446123 0.00279943 0.00958568 -0.00784742 -0.0118196 0.00297449 0.0168509 0.0165003 0.00910019 0.0170231 0.00689096 0.00583334 0.003244 -0.00580824 0.00728933 0.00660771 0.0236585 0.0094979 0.0107302 0.00471229 0.0196351 -0.00484323 -0.00151335 -0.0163179 0.0167982 0.022342 0.0036656 0.0280939 0.0102725 0.0304745 -0.00359422 -0.00792824 0.0019903 0.0275377 0.0314809 0.0371815 0.0433478 -0.00127789 0.0184271 0.0224114 0.00224914 -0.00883685 0.00415645 -0.0115593 -0.0176538
internal_weight=3780.98 1671.21 1311.58 912.964 398.619 2109.77 1774.03 1682.64 1358.64 843.561 883.73 335.741 272.629 746.326 767.964 185.184 358.713 235.558 164.858 213.435 115.765 467.372 115.045 91.3932 107.771 75.512 44.0879 409.252 394.21 300.698 177.936 32.0967 123.155 63.1115 474.905 431.782 164.053 24.7455 324.005 220.704 359.625 98.3906 66.7195 31.6711 53.2856 69.4032 43.0329 278.954 155.88 123.074 30.3053 28.1368 24.1118 21.3274 30.1354 103.17 81.2363 21.9336 145.84 97.2353 103.301 329.489
internal_count=59922 38214 26543 19502 7041 21708 19088 18380 14411 18588 10714 2620 2118 16658 9187 3531 4807 3230 1397 3510 1527 11487 2151 708 721 1341 955 4380 4220 3202 3436 528 1577 502 3697 3387 1495 165 3969 2602 11671 1359 815 544 649 914 336 5171 3441 1730 595 559 477 417 775 681 531 150 2908 1930 1367 10896
is_linear=0
shrinkage=0.03


Tree=51
num_leaves=63
num_cat=0
split_feature=6 3 11 4 4 32 32 4 11 20 4 21 7 21 25 26 3 5 25 29 6 20 16 23 25 24 11 7 4 17 32 16 11 32 13 11 20 3 11 6 26 21 8 17 8 20 6 11 10 8 16 21 31 2 11 5 26 25 17 23 7 3
split_gain=129.306 39.6231 38.5369 30.6155 23.5612 20.7325 19.3993 16.783 13.6298 16.1819 14.9004 15.0289 13.4639 11.7372 14.9735 10.8774 11.3073 10.3658 10.1002 10.3685 10.2247 10.7555 9.9319 9.14002 13.3468 11.3207 13.4006 11.5202 12.037 9.02474 8.9075 8.9047 12.1467 8.73888 8.69136 8.61394 8.60099 8.44438 8.40725 8.97653 8.35795 9.20933 12.1525 8.26409 8.10258 9.40948 8.07488 8.02949 7.99503 7.985 7.75346 7.74378 7.71971 7.60795 7.93854 7.57036 7.46981 7.35791 8.39543 7.76767 9.27826 8.52309
threshold=-0.36978991329669947 0.38644681870937353 -0.31456629931926722 0.011831153184175493 -0.13205799460411069 10.500000000000002 8.5000000000000018 1.3776036500930788 0.27024970948696142 -1.0000000180025095e-35 -0.037920959293842309 1.265677869319916 1.2520874142646792 0.2874405980110169 -0.88176724314689625 1.2864878177642824 1.2784881591796877 0.069892220199108138 -1.0000000180025095e-35 0.45804196596145635 1.4368966221809389 0.44115605950355535 -0.014298725407570599 0.24323514103889468 0.46502372622489935 1.0979564785957339 -0.37812007963657374 -0.89266744256019581 0.49326249957084661 0.38953115046024328 9.5000000000000018 0.39109729230403906 -0.17728971689939496 15.500000000000002 -0.34998176991939539 1.4427454471588137 -0.57488921284675587 0.33757752180099493 1.0244308710098269 0.54522067308425914 0.90322747826576244 1.4086498618125918 0.050141893327236182 1.7323476672172549 0.012099164072424175 1.2140451073646548 0.49781689047813421 0.53677165508270275 -1.2632439136505125 0.21007464081048968 0.36485773324966436 -0.32103933393955225 -0.50000001490116108 -0.49894812703132624 0.48943337798118597 -0.8608281910419463 1.2464466691017153 -0.55705916881561268 -0.11205464601516722 1.1808839440345766 0.22266384959220889 0.6160244643688203
decision_type=2 2 2 2 2 2 2 2 2 2 2 2 2 2 2 2 2 2 2 2 2 2 2 2 2 2 2 2 2 2 2 2 2 2 2 2 2 2 2 2 2 2 2 2 2 2 2 2 2 2 2 2 2 2 2 2 2 2 2 2 2 2
left_child=2 4 13 15 -2 22 51 12 9 -8 17 18 23 -1 -15 16 30 55 20 29 21 38 34 -7 25 40 -27 -28 37 -20 -4 32 -24 -5 -6 -32 -19 56 47 -40 41 43 -43 -25 45 -23 -9 -12 -11 -46 -22 -3 -41 -48 -55 -10 -29 58 -50 60 61 -59
right_child=1 6 3 33 5 7 8 46 10 48 11 -13 -14 14 -16 -17 -18 36 19 -21 50 44 31 24 -26 26 27 28 -30 -31 35 -33 -34 -35 -36 -37 -38 -39 39 52 -42 42 -44 -45 49 -47 53 -49 57 -51 -52 -53 -54 54 -56 -57 -58 59 -60 -61 -62 -63
leaf_value=-0.021861595853869282 -0.010560817861313122 -0.0019012378837100993 0.0074981242485966278 0.019074086592059211 0.0023820785025168299 -0.0079822639416674279 -0.0095995630517525937 -0.0019326075813692017 0.0045510527121864928 0.016849419558505489 0.010993189121626485 0.01645974015875289 0.010265260481853925 0.018580061503369532 -0.013103169793068189 0.010405465388039294 0.0065694791196326853 -0.013444877087316835 0.0064393284882596586 0.0081003441986626026 -0.0047717988019583884 0.033158164022341327 0.016279649004127424 -0.0065550574279603941 -0.0088105532974791859 -0.0096302274244054933 -0.011415862578768627 0.041505108735129727 -0.0087499264016651038 -0.0042646984214270598 -0.01422830802427817 0.013135599066208868 -0.019283597766989954 0.00063754606300611119 0.039289520175868523 0.0030113521453396614 0.010455162666329417 -0.0059840157404620004 -0.0045698645155090511 -0.00250729705373202 0.01179544288975715 -0.0057175164740473263 0.037522356328044633 0.019861887226471212 -0.016763398372548449 0.00040621358038487893 -0.0073363936661949691 -0.009609779204402747 -0.0088608307233123979 0.013109454121553414 0.042735076667190376 0.024156854565721125 0.023572679629208164 0.035295895021796135 0.0070297080166719945 -0.014958254164317382 -0.0024505083451699773 0.0074224081314728596 0.026202023351625334 0.0093335584759096177 0.0029370442913730483 -0.011316135905575061
leaf_weight=221.74711926095188 196.43215083144605 11.240558840334414 18.052923677489161 47.493064805865288 9.0576414130628127 255.08014523237944 93.966875927522779 21.609096642583609 23.069723650813103 33.445198219269514 20.719693951308727 170.34001942723989 64.950480196624994 10.581953216344116 124.69317458197474 22.292273687198758 32.026674769818783 12.319484584033487 119.29868024215102 344.32407329231501 2.7073479667305937 33.898415006697178 9.3072742652148026 168.83264056220651 124.05431579053402 13.484487175941466 5.5530836768448344 27.378586404025558 5.3084936179220668 160.00794190168381 265.72586279548705 60.947392322123051 17.759010337293148 42.016627017408609 14.746656620874999 27.121880458667874 64.141608618199825 3.1899149417877188 20.436119265854359 12.131077188998459 37.216972943395376 9.8665735051035899 6.2378316596150389 6.5556065775454035 6.1666061282157889 10.061882089823483 5.8764032162725917 46.179652359336615 5.6511689648032215 26.267006911337376 10.382621638476847 63.942517288029194 39.043608263134956 20.185384497046471 18.651189099997282 53.179484866559505 3.2957525327801696 24.463769003748894 17.2610207721591 87.924527712166309 242.33198284357786 91.219200536608696
leaf_count=7748 4648 113 400 797 154 6176 1218 293 295 358 227 1035 1081 222 3491 535 470 156 1183 2976 23 307 140 2793 1727 174 84 298 56 1244 6975 661 250 774 250 581 629 32 244 104 575 136 80 76 57 91 65 472 87 228 70 442 332 199 183 623 39 368 194 671 2660 1105
internal_value=0.000293188 0.00321159 -0.0102734 -0.00440242 -0.00127696 0.000775728 0.00589582 -0.000947863 0.00522502 0.00151389 0.00709439 0.00839518 -0.00228868 -0.0175871 -0.0100508 -0.00825227 -0.00959724 -0.00160096 0.00669547 0.0046551 0.0120568 0.00995239 0.0125805 -0.00358024 -0.000784929 0.00277655 0.0140145 0.0213947 0.0268116 0.000340094 -0.0113402 0.00709896 -0.00642289 0.0109114 0.0280973 -0.0126079 0.00601549 0.0327946 0.00466831 0.011474 -0.000322318 -0.00291765 0.0159526 -0.00504449 0.0186577 0.0264688 0.0129551 -0.00290801 0.00366706 0.00594928 0.0343063 0.0203853 0.0177175 0.0196208 0.0240713 -0.00913876 0.0371008 0.00255884 0.0175158 0.00160466 -0.000395886 -0.00721011
internal_weight=3763.45 2951.7 811.752 454.729 1105.58 909.145 1846.12 797.327 1770.94 596.264 1174.68 1021.96 731.005 357.022 135.275 365.22 342.927 152.71 851.625 623.631 227.994 214.904 111.818 666.054 410.974 286.92 58.2103 44.7258 39.1727 279.307 310.901 88.0137 27.0663 89.5097 23.8043 292.848 76.4611 33.8643 138.51 71.6108 228.71 191.493 16.1044 175.388 76.3939 43.9603 66.3221 66.8993 502.297 32.4336 13.09 75.1831 51.1747 44.713 38.8366 76.2492 30.6743 468.852 22.9122 445.939 358.015 115.683
internal_count=59675 37682 21993 10532 20170 15522 17512 14067 16957 6661 10296 8593 13327 11461 3713 8961 8426 1703 7558 5403 2155 2062 1455 12246 6070 4343 683 509 425 2427 7956 1051 390 1571 404 7556 785 369 1379 680 3660 3085 216 2869 683 398 740 699 5443 285 93 555 436 447 382 918 337 5085 281 4804 4133 1473
is_linear=0
shrinkage=0.03


Tree=52
num_leaves=63
num_cat=0
split_feature=6 11 4 21 11 4 11 3 21 4 8 11 2 3 9 14 25 20 24 19 23 5 14 31 25 13 27 24 13 23 6 23 8 25 12 9 25 3 8 8 31 21 24 29 12 11 29 2 24 8 18 26 9 22 5 21 23 9 24 11 11 26
split_gain=108.786 32.6088 32.0572 22.2663 20.7368 18.5795 17.068 16.2771 14.2649 13.479 14.5857 13.6008 13.3674 12.9827 10.9351 10.2256 15.59 10.8464 10.8176 12.3115 10.2194 9.75868 9.39544 9.28911 8.94123 8.93312 8.56845 10.0183 9.6775 8.38925 10.1259 8.10553 9.97005 8.07152 8.0535 7.89914 7.85759 7.81406 8.76479 7.77782 7.59523 7.53441 7.50881 7.47492 7.37677 8.20503 7.21664 7.09739 6.87088 7.92049 7.41135 11.6511 7.49674 6.81865 9.40324 8.59376 6.96866 6.8065 11.1151 10.2787 8.48161 7.24949
threshold=-0.34253501892089838 -0.31456629931926722 -0.063147414475679384 1.4334087371826174 0.049944764003157623 -0.23698300123214719 1.4427454471588137 0.33757752180099493 0.27806262671947485 1.2038460373878481 -0.36271837353706354 -1.4638844132423399 1.182564437389374 -0.10524026304483412 -1.1828377246856687 0.42680302262306219 0.51139450073242199 0.24373264610767367 0.10335340723395349 0.077008340507745757 1.1927740573883059 0.028301054611802105 -1.7817230820655821 -0.64285716414451588 -0.36514005064964289 0.28009641170501715 4.5000000000000009 0.49190737307071691 0.62899938225746166 0.39925952255725866 -0.85970526933670033 0.41017347574234014 -0.6311071217060088 -0.93773373961448658 -0.38345919549465174 -0.20833356678485868 0.66088703274726879 -0.20680647343397138 0.36044721305370336 -0.21593847870826718 1.0000000180025095e-35 -0.83398863673210133 0.52507355809211742 0.32291667163372045 0.60550022125244152 0.96078786253929149 0.90454545617103588 0.85775652527809154 -0.76956233382225026 -0.083661079406738267 -0.35935087502002711 -0.60855847597122181 -1.4491441845893858 0.19979809224605563 0.21316597610712054 0.73642733693122875 0.30156698822975164 0.79091298580169689 0.68660536408424389 0.30287615954875952 1.5750464200973513 0.16488995403051379
decision_type=2 2 2 2 2 2 2 2 2 2 2 2 2 2 2 2 2 2 2 2 2 2 2 2 2 2 2 2 2 2 2 2 2 2 2 2 2 2 2 2 2 2 2 2 2 2 2 2 2 2 2 2 2 2 2 2 2 2 2 2 2 2
left_child=1 8 7 4 9 -3 13 -2 -1 11 -11 -4 15 -7 -13 18 17 44 19 37 22 -9 34 -14 31 -12 27 -20 53 33 -31 -24 -33 -10 -16 -8 42 38 -6 -19 -39 -15 -25 -21 45 -17 -30 -29 50 -50 -43 52 -52 55 -55 -28 -57 58 61 -60 -61 -5
right_child=2 5 3 57 12 6 35 21 29 10 25 14 23 41 20 16 -18 39 26 43 -22 -23 24 36 -26 -27 28 47 46 30 -32 32 -34 -35 -36 -37 -38 40 -40 -41 -42 48 -44 -45 -46 -47 -48 -49 49 -51 51 -53 -54 54 -56 56 -58 -59 59 60 -62 -63
leaf_value=-0.020262951220951571 -0.010407325148238748 -0.014975729787219233 -0.018364878729207151 0.034230550255997708 -0.015733769433702253 -0.0088540863211178551 -0.0011308529745231979 -0.0046120455145796354 0.01336525439292407 -0.0056977481594302198 0.030180894111094522 -0.012294527698085709 -0.0036759998260577935 -0.0074629033632526518 0.038386693089989606 -0.0060330083572181746 -0.017543316602752948 0.010774279607317375 -0.0092533054549163024 0.0025928603515301628 0.01424919664820791 0.0066577453143371341 -0.0013638956530469548 -0.0014169835850228367 -0.0039737988530421193 0.0025864877025632057 0.0047146199727638666 0.0051404822615593367 0.021123708640226561 -0.01123504427758725 0.020072899799517832 0.033698724581982829 0.0020006447857978523 -0.013484538984204481 0.0027340601217956803 0.026031378508716851 0.0019016758408135774 0.025565601567292543 0.012189924480811097 -0.00048970283343048062 0.002700629217564642 -0.0014697902744519407 0.027987192617034251 0.055073856872401371 -0.011097556501010479 0.010556209260474549 0.0016548148631405695 -0.011574180189241586 -0.011522232826604643 0.0084841867808004325 -0.0054048873066761234 0.0067768297192414917 0.043869306280945583 -0.0080677498622195587 0.01693469955670119 -0.010555802004169269 0.018499103202987491 0.0034139592342590586 0.0028618581701955956 0.020269994484641118 -0.0045263580432667741 0.01167159916361832
leaf_weight=221.74073665775359 190.81466742232442 96.176195839419961 39.150536887347698 32.96033127233386 14.3794072996825 157.80752546153963 13.708215666934846 135.22653530724347 7.1383747793734065 27.171156939119101 27.166013475507498 62.968047212809324 16.593902233988047 43.518833259120584 4.7401486858725574 52.584763798862696 32.739848736673594 147.20984503254294 55.230232544243336 3.8327385783195478 39.573992505669594 131.57212738320231 44.964105712249875 8.4076048694550973 340.72172679007053 17.22390566021204 246.45468158647418 322.46289405226707 69.597388844937086 12.828794287517669 15.190941402688621 12.753131862729786 19.335093591362238 103.63080107234418 15.827062193304299 24.520763160660863 18.586051743477583 31.836764130741358 16.207908350974321 85.88167829811573 22.288887221366167 23.580247327685356 57.04373861849308 5.7130638100206852 61.080506594851613 45.443396244198084 23.413490414619446 19.908997781574726 28.94567490182817 32.52819536626339 2.1028813254088154 34.347710080444813 12.385638944804667 55.622375726699829 12.516582176089285 5.0245563685894004 72.331798877567053 68.61139196716249 93.139404334127903 82.042420797049999 12.584798641502855 31.115159086883068
leaf_count=7855 4554 2637 804 398 326 4268 255 1768 160 294 279 1097 128 957 50 829 468 1424 814 52 369 1455 860 87 6035 167 2724 3093 625 250 249 171 252 3184 204 442 151 418 297 844 319 418 361 81 784 557 206 146 541 520 37 594 205 552 108 68 535 640 751 479 66 417
internal_value=0.000709521 -0.00884548 0.00342528 0.0047735 0.00365808 -0.00357182 -0.00047583 -0.00383771 -0.0155721 -0.000808001 0.0110366 -0.00235116 0.0055913 -0.00272587 -0.00103445 0.00479497 0.000895738 0.00263644 0.00647803 0.0159379 0.000561066 0.000965903 -0.00082148 0.0159319 -0.00188051 0.0208197 0.00538361 0.00208068 0.0080427 -0.00763355 0.00620791 0.00705401 0.0174434 -0.0112517 0.0168511 0.0172872 0.0197926 0.0108018 -0.00130351 0.00670098 0.0171745 0.00281853 0.0243776 0.0421367 -0.00334078 0.00179642 0.0165573 0.00401591 0.0063087 -0.00109417 0.0122577 0.0184069 0.0371658 0.00583907 -0.00263127 0.00763437 0.0160856 0.0120996 0.0143533 0.0101969 0.0169106 0.0249137
internal_weight=3762.21 830.152 2932.05 2474.44 2153.99 469.622 373.446 457.613 360.53 651.595 71.5611 580.034 1502.39 335.217 540.883 1401.76 424.94 392.2 976.822 94.2588 477.915 266.799 438.341 100.631 417.774 44.3899 882.563 397.602 484.961 138.789 28.0197 77.0523 32.0882 110.769 20.5672 38.229 84.0374 84.713 30.5873 233.092 54.1257 177.409 65.4513 9.5458 159.109 98.0282 93.0109 342.372 133.89 61.4739 72.4165 48.8362 14.4885 391.95 68.139 323.811 77.3564 320.454 251.842 187.767 94.6272 64.0755
internal_count=59679 22572 37107 29330 26579 10874 8237 7777 11698 10582 740 9842 15997 7540 9038 15270 4906 4438 10364 1493 7941 3223 7572 727 7318 446 8871 4053 4818 3843 499 1283 423 3344 254 697 599 1360 623 2268 737 3272 448 133 2170 1386 831 3239 2315 1061 1254 836 242 3987 660 3327 603 2751 2111 1296 545 815
is_linear=0
shrinkage=0.03


Tree=53
num_leaves=63
num_cat=0
split_feature=3 4 5 4 32 24 23 32 5 10 3 14 8 9 7 4 13 16 14 11 7 11 31 32 21 22 11 21 22 3 24 23 20 9 14 11 22 27 8 14 17 22 8 14 4 20 9 14 11 3 11 8 22 12 13 11 16 7 10 16 20 24
split_gain=110.361 41.0886 27.1264 26.4801 24.4971 25.1288 22.5325 21.8611 18.0484 21.7268 17.7225 15.8606 14.901 12.0633 11.9953 11.9444 10.5723 10.5398 10.4863 10.4336 10.0534 13.2535 9.98095 9.56827 12.7751 9.43009 9.36212 10.4508 9.31833 9.49185 8.97502 9.01599 8.70547 8.66437 8.58745 9.85934 9.76369 8.3961 8.08614 7.46422 7.35784 7.30471 7.24885 8.60101 7.24707 7.23685 7.10426 6.97454 6.92907 6.88948 6.73868 7.21841 8.0008 6.71158 7.8683 6.57954 7.27087 6.76287 6.506 6.49784 6.4825 6.57642
threshold=0.14172088354825976 0.089077860116958632 -0.10845717415213584 1.5478326082229616 9.5000000000000018 -0.091450687497854219 -0.60587051510810841 11.500000000000002 -0.1692342013120651 0.51118308305740368 1.5103702545166018 0.50077518820762645 -0.13281947374343869 0.68495076894760143 -0.80568778514862049 0.44770708680152899 0.24626781046390536 0.49818708002567297 -1.8591957092285154 -0.093796387314796434 0.23267050832509997 1.130693316459656 0.35714286565780645 10.500000000000002 -0.054068444296717637 -0.52501311898231495 0.5488194227218629 -0.10891399532556532 1.0329538583755495 0.90905573964118969 -1.4117928147315977 1.1808839440345766 1.181358337402344 -1.1543081998825071 -1.1852604150772093 -1.2713517546653745 -1.0000000180025095e-35 1.5000000000000002 1.4283491373062136 -0.15035419166088101 0.31026449799537664 0.059291800484061248 0.18539299070835116 0.32196933031082159 -0.67067033052444447 0.61775311827659618 -1.3309161663055418 0.4133910089731217 1.4063847064971926 -1.0739350318908689 1.6002532839775088 -1.0279243588447569 -0.37350033223628992 -0.085751030594110475 1.0971648097038271 0.3243370801210404 0.12092900648713113 0.73943787813186657 0.33510236442089086 0.80083379149436962 -1.1593247056007383 0.16246993839740756
decision_type=2 2 2 2 2 2 2 2 2 2 2 2 2 2 2 2 2 2 2 2 2 2 2 2 2 2 2 2 2 2 2 2 2 2 2 2 2 2 2 2 2 2 2 2 2 2 2 2 2 2 2 2 2 2 2 2 2 2 2 2 2 2
left_child=1 2 45 4 19 12 23 13 59 49 14 20 39 25 -7 -11 37 -18 41 -2 21 42 50 24 -4 -3 28 38 -14 -30 -17 32 -32 -20 36 -36 -22 58 48 -6 -25 -16 43 -8 -21 -1 -38 -45 -28 -10 51 -5 -53 -19 -55 56 -39 -57 -12 -9 61 -51
right_child=3 7 6 22 5 10 11 8 9 15 16 -13 26 -15 18 30 17 53 33 44 34 -23 -24 40 -26 -27 27 -29 29 -31 31 -33 -34 -35 35 -37 46 55 -40 -41 -42 -43 -44 47 -46 -47 -48 -49 -50 60 -52 52 -54 54 -56 57 -58 -59 -60 -61 -62 -63
leaf_value=-0.021453504182706987 0.0013873166628554209 -0.0021861506004025965 -0.01089266563049689 -0.0065220767304780391 0.0022839812707675746 -0.0069290803399730096 -0.015135941985317463 -0.013925299314008561 -0.019468263488840527 -0.0046010317945887631 0.030333468589761183 -0.013307718738529805 -0.0093281589109478324 -0.0067718344209852458 0.019222545808610353 -0.010928706597980977 0.0015557671732266247 0.0024020240087598965 -0.0054206046354621255 -0.0048414682117021313 -0.006268071510483769 0.0076771456970743902 0.021589781268264073 -0.017354163991807451 0.025847416474837379 0.03626789741583978 -0.014160496998465553 0.01958921118610096 -0.006425917539042628 0.027987950498911209 0.038728773137543852 -0.0069616616308237475 -0.009060803461392361 0.0031577192247464665 -0.016627408012106236 0.0032120037341585206 -0.0093244507820857067 0.017957271104883734 0.021640504668172765 -0.016090576875545593 0.0022806810703197228 -0.00033791628078248467 -0.0022115042311734575 0.015031546449977673 0.021004181919000654 -0.0053994205022317747 0.027151259667490761 -0.011938862207383305 0.0086678465382077144 0.033845775878456934 -0.0094688358047071326 -0.0048912366136543211 0.016613458440117412 0.029729177756433366 0.012326822464392609 0.0017479187191519984 -0.011249688661809778 0.014424053441871932 -0.00098047573804041954 0.014209998213701117 -0.002490002512632896 -0.0055001837186438177
leaf_weight=159.90418846532702 41.875429747626185 6.2782665137201539 19.082456076517705 16.213757112622261 22.829605178907514 116.4695752914995 120.48958318680525 67.065186249092221 12.766420781612394 11.607557253912089 14.087728224694731 119.11829117871821 94.642959333956242 8.1291420292109233 52.285763937979937 2.6183678880333892 43.390417948365211 20.917432583868504 115.15217757038772 8.8541438207030279 12.18854767270386 60.167765064164996 90.391939204186201 216.38282040134072 8.2257351931184512 28.192215286195278 29.158094830811024 32.261212576180696 11.769016079604627 9.0532573256641609 33.492138618603349 3.4384686164557925 1.9175463616847981 916.1966785416007 21.22999719530344 155.55065789073706 3.1106646098196533 4.5867655687034121 6.3294753395020953 106.3675853703171 17.442724015563726 24.300965618342161 133.69739774614573 14.467638775706293 107.81453919038177 34.644949175417423 27.92006441950798 10.731011116877196 14.311797339469193 4.7272541783750039 13.160966157913206 16.210636980831623 92.110388863831758 53.463919810950756 59.573787305504084 129.9039767794311 40.408296920359135 49.482919838279486 8.2465309798717481 4.2067052684724322 67.168600283563137 4.3109727613627911
leaf_count=5072 459 111 645 127 366 1544 2790 1394 282 230 102 2920 1904 131 374 55 385 155 1471 94 168 987 651 7831 240 367 553 451 233 136 455 35 29 10050 477 2990 39 49 107 2294 446 170 2676 337 847 1007 314 264 238 96 91 138 674 365 378 910 334 319 58 59 1110 61
internal_value=0.000424377 -0.0062684 -0.00871175 0.00436896 0.00331121 0.00238071 -0.00653461 0.00452109 0.000409443 0.00654273 0.00388747 -0.00360222 -0.00516557 0.0229045 0.00203935 0.0208296 0.00913764 0.0146514 0.00300903 0.0144764 -0.00143654 -0.00464663 0.0139808 -0.0139449 0.00246157 0.0298744 7.34209e-05 0.00756702 -0.00534528 0.0110589 0.0276773 0.0312289 0.0353399 0.0021784 0.00351114 0.000437629 0.0147338 0.00496193 -0.00129798 -0.0128796 -0.0158724 0.0133757 -0.00738896 -0.0119093 0.0189244 -0.0188015 0.0227082 0.00347096 -0.00652578 -0.00263444 0.0084044 0.0105858 0.0133214 0.0186847 0.0214683 0.00297752 -0.00677421 0.00554088 0.0207069 -0.011442 0.00121067 0.0198041
internal_weight=3752.1 1390.27 1134.35 2361.82 2133.73 1975.19 939.805 255.919 213.319 142.047 1648.47 678.672 326.723 42.5996 1224.41 53.0741 424.062 177.346 1107.94 158.544 559.553 339.553 228.088 261.134 27.3082 34.4705 197.526 82.0606 115.465 20.8223 41.4665 38.8482 35.4097 1031.35 220 176.781 43.2193 246.716 49.7994 129.197 233.826 76.5867 279.386 145.688 116.669 194.549 31.0307 25.1986 43.4699 88.9732 137.696 124.535 108.321 133.955 113.038 224.382 44.9951 179.387 22.3343 71.2719 76.2068 9.03823
internal_count=59645 33618 29203 26027 24346 22946 23124 4415 3806 2353 16664 13962 6282 609 13609 804 3055 1283 12065 1400 11042 7054 1681 9162 885 478 3622 1349 2273 369 574 519 484 11521 3988 3467 521 1772 898 2660 8277 544 6067 3391 941 6079 353 601 791 1549 1030 939 812 898 743 1612 383 1229 160 1453 1267 157
is_linear=0
shrinkage=0.03


Tree=54
num_leaves=63
num_cat=0
split_feature=3 32 15 15 35 4 5 14 4 21 11 11 14 14 1 11 32 21 4 4 3 3 3 12 10 14 3 12 1 15 12 16 18 12 14 11 25 15 14 33 0 16 13 16 14 4 11 20 22 4 21 11 13 26 5 11 32 23 5 26 16 22
split_gain=107.98 38.1874 34.4364 30.4164 19.3984 17.5935 16.24 17.1852 15.6476 15.207 14.5778 13.383 14.0195 12.2366 15.3874 11.7562 11.6344 11.4782 11.1118 10.0377 9.70278 9.57568 9.04931 8.75543 8.43887 8.37169 8.17675 9.07095 8.10773 8.62076 9.93654 8.78095 8.35974 8.64976 11.7371 8.02596 7.97596 9.28847 7.79611 7.74541 7.72726 7.653 7.47122 9.53004 7.79615 9.22221 7.44542 7.22109 7.20834 7.10244 7.05229 7.03675 6.95075 6.76907 8.62485 8.63076 6.74934 6.65234 6.55576 6.54994 6.67605 6.52346
threshold=-0.1161692328751087 9.5000000000000018 0.31027793884277349 -0.011619723867624996 1.0000000180025095e-35 0.86763000488281261 -0.30975657701492304 -2.6278655529022212 -0.24644867330789563 -0.11923277378082274 0.1094019301235676 -1.0813010931015012 0.42620393633842474 0.39253468811511999 1.2142866849899294 1.2457470297813418 11.500000000000002 1.4334087371826174 0.82904285192489635 0.011831153184175493 1.7891547083854678 1.1724450588226321 1.1887134909629824 -0.057639995589852326 -0.67641824483871449 0.46302035450935369 -1.2942615151405332 0.87617370486259472 -0.027302877046167847 0.22739341109991076 -0.551875740289688 1.2068328857421877 1.4487265944480898 -1.4138873219490049 0.33340992033481603 -0.54803919792175282 -0.49999682605266565 -0.70932689309120167 -1.2571579217910764 1.0000000180025095e-35 0.052413897588849075 0.71557229757308971 0.31711356341838842 0.38605833053588873 1.1820206046104433 -0.38817828893661493 1.1595193743705752 -0.46486671268939966 -1.8941215276718137 -0.62792059779167164 2.0115945339202885 1.3026249408721926 -0.40757127106189722 -0.99181425571441639 -0.3408242911100387 -0.26295687258243555 15.500000000000002 1.1927740573883059 1.4602301716804507 0.13238073885440829 -0.075491067022085176 0.86338084936141979
decision_type=2 2 2 2 2 2 2 2 2 2 2 2 2 2 2 2 2 2 2 2 2 2 2 2 2 2 2 2 2 2 2 2 2 2 2 2 2 2 2 2 2 2 2 2 2 2 2 2 2 2 2 2 2 2 2 2 2 2 2 2 2 2
left_child=2 13 8 18 5 39 17 10 58 15 -8 50 16 14 49 59 -13 22 21 -15 28 25 38 -23 57 36 -18 -28 -11 30 -30 32 33 34 47 -19 37 -3 -5 -4 -33 -7 -22 -44 45 -45 -42 -31 -27 -2 -10 -6 -17 -20 55 -55 -40 -24 -1 60 -9 -56
right_child=1 3 4 6 51 41 7 9 11 20 -12 12 -14 19 -16 52 26 35 53 -21 42 23 24 -25 -26 48 27 -29 29 31 -32 40 -34 -35 -36 -37 -38 -39 56 -41 46 -43 43 44 -46 -47 -48 -49 -50 -51 -52 -53 -54 54 61 -57 -58 -59 -60 -61 -62 -63
leaf_value=-0.019622735231396963 -0.0026484691567483436 -0.010716971684933761 0.0062985009663150612 0.0098349230098376331 -0.0095088688633939468 0.012178953413519182 -0.0050094111232422862 0.010240654162864236 -0.018067380493908831 -0.0056768824352531107 0.024914614467260777 0.0099655116008913313 -0.014815629813879556 -0.0034329723830949827 -0.011171896082795852 0.02154200189026214 -0.015559167659755048 -0.0060148802523412844 0.027361606539541294 0.02234528213286583 0.0068448960661833926 0.017096287090355235 0.027927956487659437 -0.0044143641165160959 -0.002872431499089589 0.014901609917356767 -0.0048554763677830159 0.011906822643835914 0.00019333818811963755 -0.0054762256947462227 0.015978135182375421 0.0060090518248833887 -0.018118040492546676 0.0028616010297339086 -0.0056039189754457496 0.021779786160446773 -0.0076186413902695057 0.023054236752347388 -0.0046394586299111275 -0.010890407597241615 0.035376265284561968 0.048752004584934512 -0.011313093892830264 -0.01048024404222426 0.0026017751999055727 0.029474529598621041 -0.001020622272746269 0.036514053217899363 -0.017395995374261942 0.02493999843096318 0.015652015830929733 0.0093338617353983817 0.0028085004997244517 -0.011102750563986651 -0.016895294348097355 0.035692996636870554 -0.018630705932921692 -0.0082672266730922338 0.0048920735414456186 -0.00031156282641951711 -0.012448765489364287 0.014182590664046346
leaf_weight=180.72223391570151 8.0071119759231788 8.417386809363963 120.26811609789729 12.29720516130328 128.74984822794795 18.065138883888725 17.018512800335884 9.321330424398182 125.33114922977984 62.000425890088081 59.718930833041668 49.083308374509215 116.33623265847564 44.704845897853374 9.8688565306365472 17.030428137630224 50.916232511401176 11.885125190019606 8.1219122745096666 13.92105522379279 139.14489318430424 20.655128067359328 11.608236748725174 46.432376051321626 60.729464117437601 2.912938740104436 228.08271767385304 28.373156821355224 51.023041222244501 3.0357286110520407 117.02914571017027 50.011824399232864 11.521650467067955 829.06250041350722 10.655116971582173 20.774557664990425 142.43207244388759 13.218242257833479 62.322139624506235 24.313727673143148 15.915803067386152 6.716152522712945 5.7601838484406462 3.259918510913848 16.802089713513851 53.26086239144206 6.3099235296249381 15.869292117655277 104.13819036260247 124.80950211919844 2.1700049471110097 16.509613338857889 104.76128429546952 2.6177136786282063 16.425043683499101 4.8385350704193142 66.863422982394695 3.7021445818245402 8.4841670114546996 124.70631525292993 102.75306073017418 4.1929864026606074
leaf_count=6300 99 222 1676 120 1959 189 136 157 4388 711 410 1098 3457 548 68 206 1506 135 107 126 875 325 111 694 559 68 6057 726 743 31 1593 334 135 7847 132 173 3262 282 887 351 96 59 47 26 103 311 36 149 2614 999 63 214 1169 44 224 69 1056 31 258 1784 1425 54
internal_value=0.000259147 0.00354095 -0.00760348 0.00249181 0.000784726 0.00758106 0.00391171 0.00489307 -0.0109302 0.00425081 0.0183777 -0.00843491 -0.00599231 0.0159422 0.0205632 -0.00124404 -0.00294753 -0.00320633 -0.00532964 0.00396318 0.005667 -0.0070398 -0.00574324 0.00293485 0.00250603 -0.00951645 -0.00513608 -0.00280873 0.00454966 0.00514354 0.0113297 0.00398641 0.00310543 0.00349347 0.0182374 0.0122094 -0.00500993 0.0103701 -0.010111 0.00314051 0.0137103 0.0286118 0.0114336 0.0186201 0.0215438 0.0265056 0.0267534 0.0300362 -0.0158914 0.023241 -0.0169245 -0.00712795 0.00617425 0.00956457 0.00105784 0.021402 -0.0123054 0.0192951 -0.0184258 -0.00510853 -0.0102049 -0.00904059
internal_weight=3755.99 2651.87 1104.12 2450.56 314.623 169.363 2076.15 1825.97 789.499 1749.23 76.7374 600.293 472.792 201.311 142.685 358.572 356.455 250.182 374.403 58.6259 1390.66 338.206 217.523 67.0875 76.0398 271.119 307.372 256.456 1172.43 1110.43 168.052 942.382 870.144 858.623 29.5601 32.6597 164.068 21.6356 141.483 144.582 72.2376 24.7813 218.228 79.0831 73.3229 56.5208 22.2257 18.905 107.051 132.817 127.501 145.259 121.792 36.1962 28.0743 7.45625 129.186 15.3104 189.206 236.781 112.074 20.618
internal_count=59634 31333 28301 29493 4448 2275 21528 18456 23853 17910 546 17295 12844 1840 1166 4741 9387 3072 7965 674 13169 7467 2764 1019 701 6448 8289 6783 11807 11096 2336 8760 8294 8159 312 308 3766 504 2063 2027 466 248 1362 487 440 337 132 180 2682 1098 4451 2173 1375 498 391 113 1943 142 6558 3366 1582 278
is_linear=0
shrinkage=0.03


Tree=55
num_leaves=63
num_cat=0
split_feature=6 3 11 4 21 32 32 3 8 7 11 15 26 5 0 25 6 25 21 4 10 5 1 7 10 10 8 21 3 11 12 10 26 12 15 32 29 27 3 11 20 10 7 25 8 16 22 19 13 4 8 13 7 24 16 8 15 22 16 11 0 7
split_gain=99.8585 40.3768 31.9287 21.6992 18.2984 17.6654 17.0149 16.5817 14.2969 13.9591 13.7536 12.4666 12.0685 11.1884 14.0374 11.3441 10.5562 9.80409 9.60436 9.46765 11.1902 10.3144 9.45263 9.34415 8.9231 8.79893 8.70566 8.56566 8.43455 8.34788 8.01218 7.92626 11.4122 8.82725 7.59423 7.57217 8.49354 11.0194 8.63604 8.11051 7.1593 7.03929 6.97493 7.74025 6.95133 21.053 10.0776 6.89615 6.80565 6.71838 6.69241 6.66665 6.75168 6.64813 7.72345 6.40829 10.1823 6.25651 6.08613 6.08553 8.05973 7.98292
threshold=-0.36978991329669947 0.38644681870937353 0.22568751126527789 -0.11035111173987387 0.41548287868499761 7.5000000000000009 13.500000000000002 1.5103702545166018 0.02514576725661755 -1.1543855071067808 -1.1311007738113401 0.36215279996395117 -1.1399847865104673 0.57664474844932567 -0.17838940769433972 -0.26715756952762598 1.4368966221809389 2.9170048236846928 1.0545833110809328 1.0500876903533938 0.51118308305740368 -0.020853055641055104 -0.90127521753311146 1.2520874142646792 -0.86692464351654042 -0.91108465194702137 1.5104305148124697 0.99842476844787609 -0.87155097723007191 1.6002532839775088 0.32185603678226476 -0.43229433894157404 -0.78741386532783497 0.81636804342269909 0.011032769922167064 17.500000000000004 0.65686276555061351 4.5000000000000009 2.056401371955872 0.96078786253929149 0.99405428767204296 0.66876164078712474 0.69212937355041515 -0.37796300649642939 -0.17989873141050336 0.50697392225265514 -1.3527000546455381 0.25142745673656469 0.26273006200790411 0.15862626582384112 -0.30845902860164637 -0.35479393601417536 0.13478203117847445 0.62272861599922191 1.1261874437332156 -0.50004145503044117 0.80649197101593029 1.5722891688346865 1.0499411821365359 0.3243370801210404 0.7492576837539674 0.6570396125316621
decision_type=2 2 2 2 2 2 2 2 2 2 2 2 2 2 2 2 2 2 2 2 2 2 2 2 2 2 2 2 2 2 2 2 2 2 2 2 2 2 2 2 2 2 2 2 2 2 2 2 2 2 2 2 2 2 2 2 2 2 2 2 2 2
left_child=2 3 4 42 34 -3 18 13 -4 -8 -6 12 28 15 -15 31 22 -18 24 23 -21 -22 -17 -11 -5 47 -25 41 -10 -14 -13 32 33 55 -1 36 37 53 39 -38 -40 59 -2 -44 45 -26 -46 -24 -30 -36 -34 -43 -53 -9 -55 -7 -57 -12 -41 60 -27 -61
right_child=1 5 8 6 10 7 9 35 11 19 57 30 29 14 -16 16 17 -19 -20 20 21 -23 25 26 44 27 -28 -29 48 -31 -32 -33 50 -35 49 -37 38 -39 40 58 -42 51 43 -45 46 -47 -48 -49 -50 -51 -52 52 -54 54 -56 56 -58 -59 -60 61 -62 -63
leaf_value=-0.019923138630811296 -0.013588614314638741 0.026946164956688289 -0.0094516522199728208 -0.0081372681621029955 -0.015587494197467047 0.0086314844624789111 -0.016741098402521901 -0.0026280834461808707 -0.0093119064439854821 -0.0039041125042315822 -0.00011403771316308201 0.0039744252370927042 -0.0085973111635471548 -0.011659887789744784 0.011519165535758952 0.025824479694531128 0.010296600041202558 -0.012757573712687029 0.016918825497045348 -0.00051017507178500033 -0.0047692586754462338 0.033946872289212407 0.0095256244731760208 0.014572779307733074 -0.013862843430198042 -0.016032000462363888 -0.014618388598961966 0.0024315278577672285 0.033056383270701331 0.01583816469985444 0.026471518079624029 0.0035300165381077801 0.015863681814921309 -0.0026717303617429999 -0.011821608472312718 -0.0021345264931918553 -0.0047497379116417607 0.022121562369721633 0.0041357265205394225 0.015901124805504013 0.027301767478795352 -0.016856728837101258 0.023263375256152123 -0.0057682778119509644 -0.015606337973572264 0.01856709789161836 0.012964736284711375 -0.011170676011688493 -0.0036138087619317478 0.011000903236077655 -0.0024393644704561639 -0.0040531149710032605 0.012385248738980854 0.01631782401029545 0.0028280217522711378 0.068183030394928373 -0.0016538785865919373 0.024795077152246759 -0.0026853876287839555 -0.0073496796204068167 0.0078621586349784806 0.0070461958836405061
leaf_weight=271.28468031436205 151.14840567484498 29.443205695599318 119.69849390350282 44.023555843159556 58.406359940767288 5.9875145368278035 51.492383779957891 32.539869595319033 6.2297316044569042 451.3583298381418 84.176471443846822 32.72029846906662 100.05746352858841 22.295201353728771 214.5055320635438 6.365354247391223 126.7862581089139 14.676465827971695 55.778184408321977 43.12138332426548 7.1051438003778484 16.720420800149441 84.192033886909485 41.724562825635076 41.835847239941359 97.551457453519106 7.1808701269328585 167.87254023551941 13.180812269449236 9.6505158916115743 23.523836903274059 166.1269998382777 35.272693926468492 4.1808922216296187 50.846387948840857 43.74170870706439 78.745538033545017 95.337181389331818 26.669258754700422 38.585905775427818 20.572968725115061 10.068954177200792 5.5352052450180045 33.392686821520329 8.0855658091604692 24.304645402356982 110.69989295117557 12.945125408470629 4.862666565924882 10.44186222180724 30.373812533915043 38.863382359966636 42.862637646496296 111.10175056010485 60.564520798623562 5.1645668372511873 2.0203570798039436 5.1658240463584653 22.92016214877367 161.71754250302911 11.463156431913374 39.506045304238796
leaf_count=10160 3782 204 2846 696 1795 70 1097 329 177 8616 1991 453 2488 231 1887 79 992 134 633 553 89 164 907 740 852 1328 109 1541 297 196 327 1915 421 45 1022 355 603 651 176 270 116 118 134 750 126 335 1485 142 97 161 333 455 464 757 344 57 18 94 136 1813 152 405
internal_value=0.000353003 0.00288861 -0.00908556 -0.00168204 -0.0138902 0.00557157 0.000275732 0.00515554 -0.00153693 -0.00251645 -0.00488681 0.0035579 -0.00151383 0.00331001 0.00914084 0.00197563 0.000248245 0.00755091 0.00628177 -0.00109011 0.00910473 0.0235766 -0.00133017 -0.00253102 0.00338409 -0.0017795 0.00932823 -0.00320931 0.0157407 -0.00585116 0.0147767 0.00750969 0.014822 0.0336303 -0.0177585 0.00960535 0.0106707 0.0137941 0.00545203 0.00151681 0.0158715 -0.00556563 -0.0107559 0.000537807 0.00626889 -0.00147842 0.0104681 0.00635568 0.0245341 -0.00739678 0.00782181 0.00166325 0.00478527 0.00947051 0.0117733 0.0427174 0.0559249 0.00256399 0.00929372 -0.00769701 -0.0132849 -0.00442104
internal_weight=3744.77 2954.53 790.245 1093.51 480.322 1861.02 903.431 1831.58 309.924 618.703 147.749 190.225 133.981 1300.8 236.801 1064 814.871 141.463 284.728 567.211 66.9469 23.8256 673.408 500.264 228.95 667.043 48.9054 569.906 24.2732 109.708 56.2441 249.127 82.9998 17.3533 332.573 530.779 487.037 299.543 187.494 140.252 47.2422 402.033 190.076 38.9279 184.926 66.1405 118.785 97.1372 18.0435 61.2883 65.6465 91.795 81.726 204.206 171.666 13.1724 7.18492 89.3423 61.5061 310.238 109.015 201.224
internal_count=59713 37609 22104 20161 15223 17448 15495 17244 6881 11368 3880 4035 3255 13507 2118 11389 8530 1126 4127 10271 806 253 7404 9465 3494 7325 849 6276 571 2684 780 2859 944 190 11343 3737 3382 2081 1301 1009 292 4735 4666 884 2798 1187 1611 1049 394 1183 754 1037 919 1430 1101 145 75 2085 406 3698 1480 2218
is_linear=0
shrinkage=0.03


Tree=56
num_leaves=63
num_cat=0
split_feature=3 15 15 11 31 21 5 7 3 14 9 11 11 16 25 14 24 5 15 18 21 5 29 29 26 25 22 3 25 24 9 14 8 15 1 9 16 25 29 25 25 9 14 0 9 9 14 11 1 22 8 10 10 26 8 17 11 23 14 26 8 9
split_gain=106.815 30.9361 25.2994 17.4648 16.2196 15.5139 16.3148 13.9804 13.3292 15.0182 13.1052 12.0529 10.2354 10.0235 9.96612 9.89097 13.8884 9.67918 9.28476 9.11283 8.92873 10.7571 9.09856 14.2201 8.844 8.82971 8.80672 8.71226 11.9204 8.77184 8.40649 8.16429 8.10623 8.63056 8.33092 8.61739 8.0643 8.05334 7.97918 8.74315 7.70203 7.70187 8.28726 7.64563 8.37443 7.7598 7.76026 7.7711 7.64396 7.63954 7.57499 7.35207 11.069 7.32095 7.14318 10.3021 7.89262 7.13228 9.02461 7.67974 7.47986 8.21566
threshold=-0.20680647343397138 0.045292682945728309 -0.11064685881137847 -0.30170240998268122 1.0000000180025095e-35 1.4334087371826174 -0.20125912874937055 0.50972247123718273 1.2230356931686404 -0.077876452356576906 -1.0826901197433469 0.87587794661521923 1.1595193743705752 0.16886872798204425 -0.52220156788825978 -0.34251622855663294 -0.41886998713016504 1.3170785903930666 0.9572044610977174 -1.0000000180025095e-35 -0.56840050220489491 -0.4749594628810882 0.39230769872665411 0.46862745285034185 -1.1399847865104673 -0.030273697338998314 -0.0112712443806231 -0.011525097303092478 -0.26715756952762598 0.33532483875751501 -1.5150947570800779 -1.1852604150772093 1.6349026560783388 1.4953346848487856 0.95938405394554149 1.3728389739990237 1.0184576511383059 -0.48035946488380427 0.68990385532379161 -0.44663415849208826 0.17063122987747195 -0.081244777888059602 -1.716747462749481 1.0196340680122378 0.88198497891426098 0.16943491250276568 -0.094809271395206438 0.097150135785341277 -1.0000000180025095e-35 -0.87507501244544972 -0.45916798710823054 -0.80048024654388417 -1.0759878158569334 -1.1852415800094602 -0.3322624117136001 -0.62181267142295826 -0.89264601469039906 -0.93096941709518422 -0.18275956064462659 0.93550792336463939 -0.6311071217060088 -0.081244777888059602
decision_type=2 2 2 2 2 2 2 2 2 2 2 2 2 2 2 2 2 2 2 2 2 2 2 2 2 2 2 2 2 2 2 2 2 2 2 2 2 2 2 2 2 2 2 2 2 2 2 2 2 2 2 2 2 2 2 2 2 2 2 2 2 2
left_child=1 3 8 36 17 6 12 10 9 30 18 13 51 27 -7 19 -17 41 -8 24 38 -22 37 -24 -9 -20 -10 -12 29 -29 -2 -6 33 34 35 -15 57 -23 -5 -40 -30 -3 -43 44 45 -18 -47 53 -21 -27 -26 52 -4 -48 55 -28 -57 -1 60 -60 -59 -62
right_child=2 4 5 20 31 14 7 15 26 -11 11 -13 -14 32 -16 16 43 -19 25 48 21 22 23 -25 50 49 54 28 40 -31 -32 -33 -34 -35 -36 -37 -38 -39 39 -41 -42 42 -44 -45 -46 46 47 -49 -50 -51 -52 -53 -54 -55 -56 56 -58 58 59 -61 61 -63
leaf_value=-0.022687476046627856 -0.01456992339542674 -0.0059729027343293139 -0.0080882202870799155 -0.016857032601075839 0.0028626515682540279 0.030433404614522524 -0.010729310382186382 0.024384089819603005 -0.006624446508483442 -0.0098602760060374772 0.029513185270052103 0.0073740676359663358 0.006750324753500638 -0.0058865656276558438 0.0088765038901685162 -0.01076819355131705 0.0021517364668636658 0.024586426348522147 0.018046512180619131 -0.0055358195474129413 -0.019331404904636834 0.018142086287810472 0.030419806806485067 0.0010055227629467485 -0.0093336527642209361 0.017321801300797645 -0.0083328387082342442 0.00094194316862894446 -0.011241142090121026 0.032654506448212543 0.011275607302884939 -0.012815585278634587 0.017151182477815739 0.011212347007760772 0.0090998929242104166 0.016011449211208791 0.018854520146353512 -0.010682120237047801 0.018865361332410298 -0.0081649335754621737 0.013379555034863081 0.024032530272389534 0.0030924357861062883 0.019367627086680859 -0.0039586475475318393 -0.0087332483130769158 0.024489489736584182 0.018147873296120064 0.024111656909575112 -0.0087960957607738782 0.0084349160235942973 -0.0090512858184557902 0.020700838212380539 -0.0022345471481902087 0.0019536981543773826 -0.0027322559463938186 0.043121129414664554 -0.020070133513330434 -0.020427091130043273 0.0012085342139932776 -0.011198048913399492 0.012124662868030092
leaf_weight=140.39701758883893 9.636521475389598 64.815160809084773 23.227853048592806 102.50193161889911 38.927699632942677 16.852579589933157 100.23242532834411 18.433169974014163 20.862770410254598 244.38054039515555 11.727333083748816 455.94277199357748 65.51277357339859 333.59006689675152 313.86697743833065 38.708844564855099 131.16698164865375 14.260269515216349 19.456863533705473 6.8618855588138095 23.354213822633028 5.4258946143090716 13.555301753804086 74.773427670821548 25.350109849125147 7.8691577762365332 4.2447935342788723 14.258228357881309 34.560588285326958 13.342309996485708 51.135853195562959 104.49763727374375 15.771741572767494 35.261914644390345 38.349043946713209 12.256706148386 1.7164967376738776 61.952180041000247 8.9040937758982164 43.453215753659606 11.377669457346199 15.301205229014156 118.79369110427797 37.170471221208572 64.134095288813114 11.788205392658709 6.5947676077485076 105.95683445781469 71.617981802672148 43.418602533638477 72.229720296338201 173.61725482158363 16.312131674960256 41.927007455378771 20.446995608508587 3.46104039624334 12.925879992544646 11.810979658737777 100.26834129542112 16.546711133792996 17.850020302459598 29.0249675642699
leaf_count=5930 251 996 334 3122 469 161 1452 140 316 6049 237 4288 697 4088 2451 685 1402 169 172 60 695 140 357 1938 225 63 70 238 527 153 1017 1888 174 261 336 154 54 1627 262 1281 141 155 1860 282 633 115 77 918 597 337 564 2366 214 489 292 51 174 376 3334 532 557 854
internal_value=0.000235842 -0.00809602 0.00329292 -0.0119598 -0.000968682 0.00441953 0.00343368 0.00448993 -0.00399906 -0.00657498 0.00249811 0.00384085 -0.00327093 0.000705106 0.0104119 0.00805847 0.00545037 0.00425014 -0.00506139 0.0136409 -0.0070075 -0.00233351 0.000738108 0.00690744 0.007764 0.0031472 0.00823436 0.00980651 0.00498504 0.0189291 0.00638129 -0.0086072 -0.00116908 -0.00205185 -0.00339766 -0.00489338 -0.0169771 -0.007268 -0.0121699 -0.00232423 -0.0044285 0.00222507 0.00625985 0.00713869 0.00563449 0.00773425 0.0119469 0.0137493 0.0213431 -0.00360607 0.0035889 -0.00643504 0.00477921 0.0033461 0.0156807 0.0262499 0.0350619 -0.0174626 -0.0127701 -0.0174386 -0.00283788 0.00302006
internal_weight=3763.97 1008.13 2755.84 651.535 356.596 2388.75 2058.03 1779.36 367.094 305.153 1147.42 976.438 278.67 520.496 330.72 631.94 437.447 213.17 170.977 194.493 333.92 179.061 155.707 88.3287 116.013 70.7446 61.9415 85.2661 73.5388 27.6005 60.7724 143.425 435.229 419.458 384.196 345.847 317.615 67.3781 154.859 52.3573 45.9383 198.91 134.095 398.738 361.568 297.434 166.267 154.479 78.4799 51.2878 97.5798 213.157 39.54 48.5218 41.0787 20.6317 16.3869 315.898 175.501 116.815 58.686 46.875
internal_count=59847 26596 33251 21059 5537 25031 22419 18808 8220 7317 12621 10597 3611 6309 2612 6187 4601 3180 2024 1586 9422 4757 4062 2295 929 572 903 1296 1059 391 1268 2357 5013 4839 4578 4242 11637 1767 4665 1543 668 3011 2015 3916 3634 3001 1599 1484 657 400 789 2914 548 566 587 295 225 11583 5653 3866 1787 1411
is_linear=0
shrinkage=0.03


Tree=57
num_leaves=63
num_cat=0
split_feature=3 11 6 24 8 32 4 14 14 5 4 9 7 4 32 3 4 6 0 14 11 17 32 21 25 9 17 7 29 11 8 4 9 7 14 17 26 3 25 11 14 23 6 15 7 17 7 4 9 6 2 13 11 24 29 7 9 24 25 23 23 23
split_gain=93.6522 30.8194 27.4742 25.4331 25.8698 19.1307 18.6925 15.7827 12.5412 11.7126 11.5714 11.3353 11.2286 10.7254 11.4317 10.5446 10.0914 9.86117 9.67832 9.44316 9.26435 15.408 9.6708 9.15127 10.7298 9.07824 9.02058 8.93695 8.87962 8.65833 8.04955 8.0061 7.70607 9.75129 7.62642 7.62599 7.56777 7.56275 7.54931 9.69048 10.1082 9.40049 8.95486 8.46 8.6018 7.50577 7.49856 8.8915 7.41854 7.34716 7.30767 7.19907 7.0345 8.8427 9.69491 11.2367 7.91654 7.2511 6.95561 6.92292 6.88202 7.58889
threshold=0.057279193773865707 0.24782812595367434 -0.41294224560260767 -0.091450687497854219 0.061857214197516448 14.500000000000002 -0.4039864689111709 -1.0323850512504575 -0.40769925713539118 -0.1692342013120651 -0.46991141140460962 -1.1543081998825071 -0.46614019572734827 0.41867727041244512 13.500000000000002 0.98388406634330761 0.36160311102867132 0.40864264965057379 1.6338733434677126 -2.2773716449737544 0.15361523628234866 1.0000547766685488 13.500000000000002 0.40454058349132543 -0.83276501297950734 0.4909075796604157 0.55610880255699169 0.21313384920358661 0.30384616553783422 -1.0813010931015012 -0.71074476838111866 -0.11035111173987387 -0.38799214363098139 -0.011718738824129103 -0.11489746719598769 -0.442232996225357 1.3795962333679201 -1.031514525413513 -0.26715756952762598 0.27024970948696142 -0.78310251235961903 1.244126617908478 1.0798580646514895 1.0677745342254641 1.1338943839073183 1.0000000180025095e-35 -0.72948807477951039 2.0413861274719243 -0.57655829191207875 -1.1124221086502073 -0.55198901891708363 0.66740989685058605 1.6002532839775088 1.1362311244010928 0.93095237016677868 0.48178569972515112 -0.4381690621376037 0.83990216255187999 -0.44565019011497492 0.78844082355499279 0.42008206248283392 0.44991797208786016
decision_type=2 2 2 2 2 2 2 2 2 2 2 2 2 2 2 2 2 2 2 2 2 2 2 2 2 2 2 2 2 2 2 2 2 2 2 2 2 2 2 2 2 2 2 2 2 2 2 2 2 2 2 2 2 2 2 2 2 2 2 2 2 2
left_child=1 2 23 4 34 7 -3 46 12 -4 45 26 28 14 30 -6 17 27 38 -16 21 60 -23 -1 -25 59 -12 -9 -8 -26 58 -17 33 -33 -2 -10 -18 -32 -13 40 42 -42 -40 -43 -45 -7 -5 51 -20 -34 -14 -48 53 54 55 57 -57 -41 -11 -15 -19 -62
right_child=3 6 9 5 15 10 8 16 35 13 11 18 50 25 19 31 36 20 48 -21 -22 22 -24 24 29 -27 -28 -29 -30 -31 37 32 49 -35 -36 -37 -38 -39 39 52 41 43 -44 44 -46 -47 47 -49 -50 -51 -52 -53 -54 -55 -56 56 -58 -59 -60 -61 61 -63
leaf_value=-0.019567067341824781 0.0012151656727694801 -0.014533866381939124 -0.015194195730194846 -0.0032759371155691311 -0.00081105976041910739 -0.013537001704664866 0.01151850384462425 0.0027233551013631 -0.010346197851678765 0.017216922669862064 -0.012348171501375349 0.0095796201550050562 -0.0078918934175696669 0.027598329656058147 0.016898261483104096 -0.0088292171385673732 0.014493416622050505 -0.02119138637910143 -0.011251417577371381 -0.0095110482619836026 0.0056186897120560552 0.01908191818812633 -0.010871829473422814 0.021515979865578745 -0.020001190661226381 -0.0042727793453340192 0.0034710749609124631 0.02211342225325149 -0.0089100993823157011 0.0001870508377921189 -0.0086986415729338289 0.020252681626902139 0.00060367036416481034 -0.013250358873121537 -0.014472378634958359 0.0011016208251854143 -0.010977890155969323 0.013005092521830597 0.026913509061568093 0.001264788207034325 -0.0071810067061430808 0.023544785819114795 -0.0015791197746308613 -0.015655026860968393 0.018159144673337704 0.0014879765062428385 0.02726633490617103 -0.0026118027246834733 0.024026227459028805 0.031886517643243364 0.014938571424728465 0.0085227919154832223 -0.0037650088362890005 0.010445564287289689 0.01737536466204951 -0.012284431313186262 0.012470663936865569 -0.012253592702582118 -0.016882862607098103 -0.0059432804738739778 0.023814105042310508 -0.0068188400736556853
leaf_weight=241.18221239931881 33.388742934912443 66.944475075230002 81.497480778023601 12.506156347692011 148.35886579751968 57.01740100607276 24.623670227825642 39.996859397739172 74.678539514541626 2.5548420827835825 63.554081529378891 173.71182759106159 11.006121646612881 19.549274608492855 8.3843609727919084 9.5059799496084434 157.75663187354803 26.816243279725313 3.3156752362847319 230.45357537455857 320.10168984532356 30.588258065283298 9.6237349249422532 5.8843922223895779 36.454003810882568 20.617176068946719 58.299879718571901 45.296030884608626 49.46058176830411 35.316857622936368 14.78039303049445 9.3315171021968144 8.8601940888911432 12.30085253715515 144.34608073160052 150.40224373713136 7.6849770806729785 59.898766329512 13.860321845859287 72.706235619261861 184.87113501504064 13.94692277908325 19.865110039710999 13.511087879538538 5.8093009218573561 56.097267262637615 79.128000173717737 13.099996887147425 29.862848687916994 26.383700881153349 114.00104089081287 31.339972797781229 68.862179402261972 228.72111503407359 27.79022116959095 9.731765002012251 66.490874968469143 63.618541769683361 19.729262923821807 5.1498944945633403 3.1089533306658259 75.888639409095049
leaf_count=9249 544 1829 2111 104 2877 911 432 593 1833 69 829 1885 160 300 113 160 1199 370 24 5688 2692 237 88 147 1333 311 517 584 914 1084 318 134 133 171 3180 3031 56 1015 137 938 2332 133 148 97 37 670 524 75 197 323 1558 191 560 1635 294 106 635 599 454 54 34 794
internal_value=0.000313823 -0.00628627 -0.00996843 0.00371041 -0.00326337 0.00502807 -0.000385895 0.00847082 0.0019903 -0.00520778 0.00261928 0.0035493 0.0073857 -0.0029032 -0.00477908 0.00372089 0.00660579 0.00458075 0.00460682 -0.00825646 0.00278918 -0.00339402 0.0115037 -0.0166888 -0.00710662 0.0100909 -0.00494111 0.0136751 -0.00182121 -0.0107018 0.00377118 0.0131968 0.0172941 0.00229079 -0.0115727 -0.0028389 0.0130229 0.00843322 0.00399638 0.00271582 -0.00211215 -0.00453023 0.0120937 0.00921406 -0.00384467 -0.00633806 0.0177138 0.0198829 0.019489 0.0250742 0.0127023 0.0225481 0.00497499 0.00628428 0.00219195 -0.000146977 0.00874839 -0.00525415 -0.0105347 0.0207816 -0.00931914 -0.00426749
internal_weight=3749.63 1272.57 781.452 2477.06 392.476 2084.58 491.117 852.936 424.172 462.615 1231.64 1118.53 199.091 381.118 335.801 214.741 716.862 551.42 996.675 238.838 466.128 146.026 40.212 318.837 77.6553 45.3163 121.854 85.2929 74.0843 71.7709 96.9633 66.3822 56.8763 21.6324 177.735 225.081 165.442 74.6792 963.497 789.785 251.864 218.138 33.7254 33.2673 19.3204 113.115 136.074 123.568 33.1785 35.2439 125.007 110.468 537.921 469.059 240.338 212.547 76.2226 136.325 22.2841 24.6992 105.814 78.9976
internal_count=59750 32003 22246 27747 7522 20225 9757 7541 7928 10433 12684 11103 3064 8322 7657 3798 6647 5392 9757 5801 4215 1523 325 11813 2564 665 1346 1177 1346 2417 1856 921 761 305 3724 4864 1255 1333 9536 7651 2884 2599 285 267 134 1581 894 790 221 456 1718 715 4767 4207 2572 2278 741 1537 523 354 1198 828
is_linear=0
shrinkage=0.03


Tree=58
num_leaves=63
num_cat=0
split_feature=23 4 4 21 21 11 25 11 10 11 9 25 14 6 32 9 14 3 14 14 29 29 21 10 7 31 32 22 11 22 6 6 21 12 12 8 23 32 9 16 14 7 14 12 33 8 19 4 23 10 22 29 3 4 6 7 5 21 11 29 29 5
split_gain=94.0043 33.529 26.1701 24.8718 20.7264 18.8169 13.4808 13.0863 13.9488 12.5629 12.7362 12.1087 19.1956 11.7051 11.6826 12.0162 11.3779 11.096 10.764 10.6369 13.5169 12.4798 12.2686 10.873 10.635 10.1267 9.69869 10.391 9.45349 9.17589 8.98782 8.97684 8.35457 8.324 8.30082 8.22735 10.3148 8.15493 8.14345 8.13741 8.03247 9.10569 8.03003 10.6929 7.97676 9.82585 7.89594 7.62693 7.61241 7.60991 7.80874 7.65455 7.54203 7.5333 7.44921 8.35233 8.48084 9.07724 7.44791 7.2673 9.72816 7.29685
threshold=0.24323514103889468 0.062171373516321189 -0.49911274015903467 -0.67893457412719715 -0.010693989694118498 0.22568751126527789 -0.86487606167793263 1.1876178383827212 1.1749159693717959 -0.32677510380744929 -1.0063593387603758 0.51139450073242199 -1.716747462749481 -0.38354104757308954 11.500000000000002 0.81509399414062511 0.48057322204113012 0.17720785737037661 -2.6278655529022212 -0.058174533769488328 0.83974358439445507 0.12132352963089944 0.78259679675102245 0.36677497625350958 0.99609312415122997 0.5000000149011613 13.500000000000002 0.059291800484061248 -0.011559306178241966 -0.52501311898231495 1.5222473144531252 1.4368966221809389 0.56307387351989757 0.60550022125244152 1.104895353317261 0.22207754105329516 1.080766558647156 12.500000000000002 -1.3498557806015012 0.5761045813560487 -0.91759115457534779 0.61493706703186046 0.52242934703826915 1.1941973567008974 1.0000000180025095e-35 -0.16882277280092237 0.7361208200454713 2.3550682067871098 0.053618172183632858 -0.91108465194702137 0.67407795786857616 0.39230769872665411 0.60304161906242382 -0.11035111173987387 0.97222048044204723 0.88840141892433178 -0.033235326409339898 0.2874405980110169 0.65716460347175609 0.25833334028720861 0.16025641560554507 -0.097621034830808626
decision_type=2 2 2 2 2 2 2 2 2 2 2 2 2 2 2 2 2 2 2 2 2 2 2 2 2 2 2 2 2 2 2 2 2 2 2 2 2 2 2 2 2 2 2 2 2 2 2 2 2 2 2 2 2 2 2 2 2 2 2 2 2 2
left_child=1 3 17 18 7 6 32 8 31 10 -6 24 47 -8 15 29 -7 -2 -1 20 22 23 -12 -21 25 35 27 -10 -16 -3 40 -4 -5 -33 -32 38 -37 -26 -11 -20 -27 -42 -19 -44 45 -35 53 -13 -30 51 -51 -9 -23 -39 -38 56 -56 -58 -14 60 -60 -61
right_child=2 14 4 5 9 16 13 49 26 11 19 12 58 -15 28 -17 -18 42 39 21 -22 52 -24 -25 37 30 -28 -29 48 -31 34 33 -34 44 -36 36 54 46 -40 -41 41 -43 43 -45 -46 -47 -48 -49 -50 50 -52 -53 -54 -55 55 -57 57 -59 59 61 -62 -63
leaf_value=0.017963686289475797 -0.016640229484141358 -0.0056886862659818278 -0.0070032170816674514 -0.0032580188101046371 -0.012498445561692467 0.0069877069927198913 -0.015442254044291417 -0.0013431236569112603 0.034460958300922079 -0.01249724131881039 -0.0016663204478292355 0.017116202560413598 -0.011079543168621095 -0.0056769150752249723 -0.0064969239275846748 -0.013929910832608626 -0.0090917236544686992 0.0030761294365207821 -0.019338482150344508 0.02883961521887491 -0.0088791331701750659 -0.0099739810926736377 0.022336130359239564 -0.0076278463571939382 0.024320547755656358 0.021936747408963092 -0.00021050048103547832 -0.0090531029986528101 0.011548207728116353 0.03184500800158116 0.027611741873393207 -0.0062297433065505664 0.032881645367523332 0.044583021758347205 -0.0086769532199716358 0.0046144165432251824 0.0033120202548231567 -0.010705460102929578 0.0036593787861699022 -0.0050752968628124898 0.0092134526051543524 -0.0081105443783841564 -0.015290214186483927 0.02082912135183582 -0.010277394788588188 -0.00082741722680901471 -0.0093461363846729425 -0.014456722412681422 -0.0082476407464358026 0.0013838899749839591 0.025280129486145334 0.026995182179041951 0.0021956423946187728 0.014281556210952333 -0.0059462953599874755 -0.0058284075820503956 0.0021735793460060651 0.037111672323294036 -0.0012346414874535767 0.016431388476071767 0.032595395627373173 -0.0081715819427829912
leaf_weight=4.2328571211546651 60.159894851967692 5.5689785201102522 319.3965189550072 10.151138357818128 47.214094646275043 133.02291537076235 189.86528503336012 12.04099704697728 14.985814871266486 25.423616357147694 25.644028283655643 61.494041975587606 73.446967255324125 278.06280994415283 80.429686706513166 5.3337769489735356 50.76272457651794 102.5925174690783 236.14627558551729 16.564032239839438 21.979008264839649 82.472863854840398 63.858181057497859 8.5352980196475965 57.308909632265568 34.562758076936007 31.506705056875944 4.2168237548321477 71.834457701072097 25.566863110288978 41.237109836190939 16.053697559982538 6.2381132934242478 7.3659387417137632 4.1312193125486365 145.25075499713421 24.467028021812439 8.1630501151084882 380.05830041877925 47.405322503298521 186.24260623008013 27.891132738441229 48.011280784383416 4.1345044150948516 3.3587763346731654 6.2911855876445779 12.602177765220402 3.899504952132701 18.709637051448226 174.88591896742582 8.3063447810709459 21.36469217017293 93.216323908418417 145.24200070649385 4.6040324345231047 5.9511380419135085 8.7730730250477773 35.989269703626633 16.755679693073038 8.4136923477053625 8.5597944147884828 55.21393234655261
leaf_count=103 1455 107 4867 299 577 2598 6822 142 190 265 336 407 782 6867 1842 92 1110 1295 8137 240 213 1385 590 123 388 274 520 54 1259 358 227 181 129 68 23 1471 242 85 3486 1229 1750 250 660 52 35 63 100 22 263 1978 82 256 974 1188 30 32 60 211 158 89 80 511
internal_value=0.000471353 -0.00658709 0.0036732 -0.00895209 0.00458973 -0.00570259 -0.00877941 -0.000120286 -0.00330571 0.00626759 0.00125291 0.00756871 0.00121916 -0.00976064 0.00426491 0.0185516 0.0024233 -0.00624651 -0.0162697 0.00349627 0.0107091 -0.000671328 0.0157347 0.0172314 0.00881793 0.00732645 0.0107272 0.0250092 0.000776943 0.0252735 0.0119057 -0.00544644 0.0149685 0.00853444 0.023774 0.00511388 0.00965546 0.0146974 0.00250648 -0.0170832 0.00931474 0.00682341 -0.00181122 -0.0108545 0.0207151 0.0290489 0.0107613 0.0143403 0.00724013 0.00574987 0.00311027 0.0179357 -0.003635 0.012656 0.0180195 0.0237109 0.0274804 0.0311705 -0.00433519 0.0015274 0.0136935 -0.00395814
internal_weight=3733.17 1163.33 2569.84 955.887 2354.94 668.103 484.317 619.773 403.175 1735.17 359.484 1375.68 227.784 467.928 207.443 36.4696 183.786 214.898 287.784 312.27 111.481 200.789 89.5022 25.0993 1147.9 924.582 50.7093 19.2026 170.974 31.1358 294.065 352.466 16.3893 33.0696 45.3683 630.517 225.035 223.316 405.482 283.552 248.696 214.134 154.738 52.1458 17.0159 13.6571 166.007 65.3935 90.5441 216.598 183.192 33.4057 175.689 153.405 79.7845 55.3175 49.3664 44.7623 162.39 88.9431 25.3155 63.6276
internal_count=59682 31215 28467 27294 25005 17825 14117 8436 5978 16569 4438 12131 2049 13689 3921 557 3708 3462 9469 3861 1139 2722 926 363 10082 8321 764 244 3364 465 2524 5214 428 347 250 5797 2046 1761 3751 9366 2274 2000 2007 712 166 131 1373 429 1522 2458 2060 398 2359 1273 575 333 301 271 1620 838 238 600
is_linear=0
shrinkage=0.03


Tree=59
num_leaves=63
num_cat=0
split_feature=15 6 3 4 32 11 6 11 25 10 4 14 20 6 16 20 8 9 20 16 14 11 16 4 29 4 31 4 32 3 22 6 32 6 9 10 10 14 8 12 2 9 16 18 8 29 1 23 11 16 23 16 2 24 25 8 11 10 25 11 22 1
split_gain=91.1581 36.0909 26.5223 23.2794 16.924 19.7455 15.3086 12.7433 11.4884 12.1069 15.7129 11.5159 11.1653 11.1616 10.8791 10.7312 10.108 10.0896 10.0244 11.2885 9.53815 9.19298 9.06327 8.8337 8.76632 8.63178 8.5922 8.53326 8.43245 12.3059 8.3 8.83102 13.9363 9.66241 8.47793 8.16712 8.01319 8.00668 9.07519 8.74571 8.85264 8.23679 7.75583 8.52788 7.73348 10.4141 9.39893 8.05177 7.79931 9.6739 7.69939 7.59819 7.56457 9.3041 8.35986 10.1856 9.58839 10.8626 7.34308 8.5309 7.30448 7.07087
threshold=-0.35810057818889612 -1.0034729242324827 1.1569622159004214 -0.013657241128385065 12.500000000000002 0.024524024687707428 1.1896107196807864 -0.11688621342182158 0.26748909056186682 1.219083368778229 0.47716286778450018 0.28889839351177221 -0.10596444830298422 1.3716483712196352 0.097178533673286452 0.72392037510871898 -0.41784365475177759 1.5080313682556155 0.63893267512321483 1.033145070075989 -1.4765514731407163 1.547984302043915 0.15750233083963397 -0.027378956787288185 0.88562092185020458 1.1713857650756838 -0.21428572386503217 -0.92148855328559864 15.500000000000002 1.9293065071105959 -0.71678471565246571 0.758592188358307 8.5000000000000018 1.5720164775848391 -1.2750047445297239 -0.69010749459266651 0.28506852686405187 -0.13370531797409055 0.31552396714687353 -0.62220141291618336 -0.054057845845818513 0.91318559646606456 0.67983609437942516 -1.0000000180025095e-35 0.52249017357826244 0.24264705926179889 0.53049299120903026 0.67064848542213451 1.0367280244827273 0.64523237943649303 -1.1749463081359861 1.1778065562248232 -0.010033368598669766 0.63265520334243786 -0.22433977574110028 -0.27428470551967615 0.69159477949142467 0.1771279722452164 -0.48023346066474909 -1.0813010931015012 -0.1519554406404495 0.74293097853660595
decision_type=2 2 2 2 2 2 2 2 2 2 2 2 2 2 2 2 2 2 2 2 2 2 2 2 2 2 2 2 2 2 2 2 2 2 2 2 2 2 2 2 2 2 2 2 2 2 2 2 2 2 2 2 2 2 2 2 2 2 2 2 2 2
left_child=2 7 14 6 15 17 51 -2 9 13 26 35 24 22 20 16 -5 25 -8 27 50 -15 -7 -9 -4 58 -11 -20 29 44 -17 34 -33 -34 -32 -10 -35 38 -18 -40 -41 -42 43 -39 45 47 48 -24 -47 -50 -1 -3 -30 -54 55 56 -55 -58 -6 -60 -16 -62
right_child=1 3 12 4 5 8 18 23 11 10 -12 -13 -14 21 60 30 37 -19 19 -21 -22 -23 28 -25 -26 -27 -28 -29 52 -31 31 32 33 36 -36 -37 -38 42 39 40 41 -43 -44 -45 -46 46 -48 -49 49 -51 -52 -53 53 54 -56 -57 57 -59 59 -61 61 -63
leaf_value=-0.01341318387688404 -0.017975672484225141 -0.0069226715329492039 0.038001630788803982 -0.0015370566497648437 0.0073635457818385939 0.010111634199986921 -0.0013235431688445544 -0.017280607603293991 0.014436321288928093 -0.00522104846382207 0.032122504164079628 -0.013538523473194576 -0.00054586135326197504 0.014468473538056931 -0.013797061718715222 -0.0094454915981391843 0.0018550799899575549 0.020340312192265099 -0.0038787279487630692 -0.0018937416972900911 -0.016917489415838215 -0.0021557921876407377 0.0261614741479782 0.0012234394690521727 -0.0097799437549819079 0.0073073370977905453 0.014379822362922364 0.033623227725455909 0.014267759078314558 0.02688749637381186 -0.0061640570928301443 0.030352701589847299 0.00010619123681008609 0.032575461661651151 0.026098966316264859 -0.0010920654067295584 -0.0059494586989967896 -0.0012942578808420309 0.0003881521728731688 -0.0051349956491997979 0.027086175176296991 -0.0059983257555476493 -0.0061642748100178071 0.017187713471432858 0.012732650283028444 -0.014428970248796268 0.012856978534155964 0.00075700197698640875 -0.013895389189903656 0.01426089486548497 0.026061074624994296 0.016357289349285875 -0.0078127499117336442 -0.00030520161672417385 -0.0013816022515656702 -0.0012880368943319299 0.043117392207936103 -0.0056242043033966557 -0.013064209837644884 -0.0028348952401591257 -0.0038519027632320786 0.020913188441329073
leaf_weight=3.8362864498049021 88.070844937115908 340.600975304842 10.949151357635854 123.07285141944885 44.076699063181877 143.17749617807567 65.69096689671278 25.230778774246573 34.196780893951654 28.467461016029119 30.609323345124722 48.554623477160931 28.145793629810214 156.50272600352764 69.339453961700201 9.646086420863865 47.432743389159441 13.123443156480787 5.6072996035218265 18.794025577604771 320.46391164511442 35.286697193980217 16.006951594725251 97.678524253889918 2.1865367032587519 67.590739004313946 49.923698311671615 22.663721170276403 23.458073072135448 18.86537954211235 6.2348290644586077 19.07206592336297 85.708878919482231 11.845183461904528 70.491522578522563 134.46538309566677 4.9250916168093672 42.03022625297308 21.664658959954977 8.3686695769429189 74.711090760305524 5.6235640849918118 48.26107800193131 41.723595038056374 59.415959291160107 59.733769265934825 18.817860133945942 24.784313358366489 13.980139285326002 21.305687334388494 5.0282246619462949 8.4653180576860887 140.09331438317895 11.139285907149317 195.35791347175837 30.662163682281971 13.882287118583919 3.9116433635354033 87.779294705018401 373.3934667725116 101.22504526004195 6.5207550693303338
leaf_count=155 2900 6540 185 1452 732 2280 738 668 347 341 270 652 433 984 2085 85 442 185 62 132 11173 209 222 1930 39 691 604 205 276 119 65 107 585 59 743 1315 26 493 222 69 607 45 431 534 614 696 155 229 170 189 133 93 1986 100 1737 274 109 33 1598 6091 2928 138
internal_value=0.000323265 0.00226762 -0.0109272 0.00312095 0.00425516 0.00283555 -0.0030458 -0.00958327 0.004874 0.00611921 0.015429 -0.00140178 0.0111863 0.0050178 -0.0128215 0.00853927 0.00562673 -0.00173333 0.00637232 0.0162094 -0.0160417 0.0114328 0.00340762 -0.00310208 0.0295445 -0.00241065 0.00737558 0.02672 0.00186832 0.00637878 0.014055 0.0154025 0.00971919 0.00464577 0.0232605 0.00238136 0.0224935 0.00864337 0.01311 0.017657 0.0216289 0.0245544 0.00302074 0.00836249 0.00399871 0.000348997 -0.00434551 0.0124941 -0.00822474 0.00276539 0.0103014 -0.00613508 -0.000687562 -0.00174284 0.00167861 0.0110406 0.0223707 0.0335192 -0.00376956 -0.00490117 -0.00655681 -0.00149214
internal_weight=3739.87 3192.18 547.695 2981.2 2519.37 1898.56 461.822 210.98 1312.6 1095.38 109 217.217 41.2815 986.382 506.414 620.812 412.888 585.964 112.756 47.065 329.328 191.789 794.592 122.909 13.1357 572.84 78.3912 28.271 651.415 232.91 207.924 198.278 121.551 102.479 76.7264 168.662 16.7703 289.816 157.801 110.368 88.7033 80.3347 132.015 83.7538 214.045 154.629 113.837 40.7913 95.0196 35.2858 8.86451 349.066 418.505 395.047 254.953 59.5954 28.9332 17.7939 505.249 461.173 177.085 107.746
internal_count=59710 42441 17269 36943 29173 23208 7770 5498 13911 11597 1215 2314 657 10382 16612 5965 4295 9297 1137 399 11461 1193 9189 2598 224 9112 945 267 6909 2394 1670 1585 777 670 808 1662 85 2843 1385 943 721 652 1458 1027 2275 1661 1210 451 1055 359 288 6633 4515 4239 2253 516 242 142 8421 7689 5151 3066
is_linear=0
shrinkage=0.03


Tree=60
num_leaves=63
num_cat=0
split_feature=6 11 14 21 32 32 11 21 4 31 20 8 14 3 25 9 9 6 20 31 31 27 21 15 25 9 5 12 14 5 4 30 11 11 8 18 11 1 4 10 18 0 31 24 6 24 3 0 21 21 25 6 8 26 25 18 10 3 33 15 3 4
split_gain=94.0158 34.1109 27.27 21.0049 17.2847 17.1613 16.4757 15.6967 14.3999 15.9732 13.1324 14.6323 12.0646 11.6571 11.1252 14.7432 10.4246 10.2804 9.98374 9.93291 9.44067 10.584 13.2157 12.128 10.8606 10.6682 11.0656 9.33847 9.27038 8.61793 8.49083 8.61677 8.05035 11.1719 8.04045 7.97733 9.18185 7.95742 7.86214 12.3648 9.21035 7.74344 7.62407 8.02951 10.3178 7.15829 6.99837 6.98215 6.94173 7.48511 8.69482 10.7332 7.70904 6.85437 6.81062 6.79387 6.71553 9.96459 6.8411 6.71087 11.7883 8.55014
threshold=0.18883521854877475 0.036560259759426124 0.15916776657104495 -0.83398863673210133 12.500000000000002 11.500000000000002 -1.0325360894203184 0.21705467253923419 0.4327028095722199 -0.50000001490116108 0.95625776052474987 0.76844340562820446 0.074332818388938918 -0.55333107709884632 -0.27617515623569483 0.53528937697410595 1.0525641441345217 1.2482497692108157 1.4768175482749941 0.92857143282890331 0.5000000149011613 1.5000000000000002 0.57403382658958446 0.087022006511688246 0.25834591686725622 1.5080313682556155 1.4602301716804507 0.85379028320312511 -0.40769925713539118 -0.38210467994213099 0.70580422878265392 -5.0714285373687735 -0.27547349035739893 1.2282435297966006 -0.35319894552230829 -0.35935087502002711 -1.3079199790954588 0.69299569725990307 1.2038460373878481 0.63049170374870311 -0.59018647670745839 0.23131938278675082 -1.0000000180025095e-35 1.682334899902344 1.4559695124626162 -0.11820696666836737 1.4413411021232607 1.2986017465591433 -0.84830385446548451 -0.67893457412719715 -0.31848038733005518 -0.35569941997528071 1.5402956008911135 0.20493439584970477 -0.52157127857208241 -0.29509323835372919 0.13049124181270602 0.89577832818031322 1.0000000180025095e-35 1.5481797456741335 0.52675870060920726 -0.027378956787288185
decision_type=2 2 2 2 2 2 2 2 2 2 2 2 2 2 2 2 2 2 2 2 2 2 2 2 2 2 2 2 2 2 2 2 2 2 2 2 2 2 2 2 2 2 2 2 2 2 2 2 2 2 2 2 2 2 2 2 2 2 2 2 2 2
left_child=1 3 8 -1 12 10 16 14 13 -10 11 29 35 54 15 34 -7 19 -6 38 21 22 24 56 -9 26 -25 -20 -13 -2 37 -32 -33 -34 -8 -5 -37 59 40 -40 -16 -11 43 44 -19 -14 -27 -28 -15 -50 -51 52 -52 -18 -3 -44 57 -23 -59 60 61 -22
right_child=5 2 -4 4 18 6 7 20 9 41 -12 28 45 48 17 -17 53 42 27 -21 30 23 -24 25 -26 46 47 -29 -30 -31 31 32 33 -35 -36 36 -38 -39 39 -41 -42 -43 55 -45 -46 -47 -48 -49 49 50 51 -53 -54 -55 -56 -57 -58 58 -60 -61 -62 -63
leaf_value=-0.022087542990069792 -0.013413144311189487 0.013510310453416302 -0.0072558620609880012 -0.0086811638808489602 -0.012324973130250442 -0.010914167387104531 0.023469489486796558 0.032421839057386374 -0.0060141188431590475 0.035815108651131224 0.017910034828084301 0.022629993614212328 -0.012478811913181362 -0.0038212924054927466 0.0070067626799520735 -0.0059853929932715119 -0.0077838299253713879 0.0043289235688365769 -0.0038616958349336145 0.010827730153372401 -0.0065813480148935923 -0.0092045068803831617 0.004879673245964551 0.0016190368504896628 -0.0081782401626444047 0.035250767430410064 0.020775167834101015 0.031489906854127898 0.0029631142307786551 0.0038490365779049246 -0.0071454511400684834 -0.0040105658958872496 0.030106625774979915 0.0020612883351960138 0.0039518325217492521 -0.0082036482825530565 0.02288959070968339 -0.0048907284047747029 -0.0055088584921213681 0.028009520502790021 -0.0093801611459644173 0.0052831321424558295 -0.0082780020046346083 -0.0062410321320861733 0.029313248242419834 0.0083429892078725598 -0.0063183380225063455 -0.0060157970733270691 0.030350197878294096 -0.0052840530310411761 -0.0048958032040908369 0.023034704810186456 0.025129222860588631 0.025398561500495798 -0.010795934139626378 0.0060798289083133185 -0.01593380659801296 0.022663463296911508 -0.0093155965088893289 0.021060569394799077 0.0022212479151847418 0.02118801361957829
leaf_weight=121.62200223654509 24.741463055834174 7.7931432258337727 306.25521588511765 10.730999967083333 394.55772302858531 111.82803071662784 41.583471912890673 28.66759816929698 15.267809096723793 26.897226069122553 109.46335011348128 57.367925114929676 47.518320586532354 40.290470637381077 30.808601599186659 42.712447207421064 6.3857819978147736 36.345792800188065 22.130963157862428 28.849461270496249 9.5384299699217063 39.802532646805048 94.581890089437366 560.26147055998445 5.0724687147885552 9.8912360221147519 39.839006494730711 4.1523988470435134 35.565984349697828 206.82511228322983 9.2638724595308286 9.37750645726919 51.483500644564629 17.52174150198698 36.147616881877184 8.0576177723705751 35.777807446196675 43.754335261881351 24.839764155447483 10.208553738892077 293.00069441832602 12.326342683285473 57.284773049876094 16.974573966115713 22.921584758907557 16.718052044510841 3.0494178980588904 8.4964657761156541 10.03572356700897 33.02218528278172 34.789848662912846 36.427592515945435 4.5497355367988339 8.6346365958452207 65.282349282875657 51.816016344353557 41.527043228968978 15.378722716122867 5.317646697163581 29.425275761634111 172.50141052529216 55.210312953218818
leaf_count=4843 304 175 6838 260 11905 1830 562 309 194 356 813 423 1374 900 491 594 112 385 524 427 183 759 863 5021 60 98 297 100 357 1982 76 90 356 108 481 219 751 428 258 97 4639 139 552 180 227 342 23 50 190 454 654 558 73 139 1780 574 652 163 51 176 1454 753
internal_value=0.000357902 -0.00633165 -0.0010879 -0.0109901 -0.00830923 0.00371415 0.00256433 0.00325343 0.00551259 0.0186926 0.00910787 0.00591193 0.00174092 0.00209064 -0.000366228 0.00773512 -0.00771648 -0.00212115 -0.0111335 -0.00487966 0.00525512 0.00343886 0.0112143 0.0019924 0.0260503 0.00357456 0.00287734 0.00586371 0.015639 0.00176016 0.00905106 0.0171336 0.0202595 0.0236058 0.0151805 0.0115787 0.0169194 0.00653363 -0.00627386 0.00653214 -0.0077382 0.0279023 0.00362582 0.0105895 0.0155204 -0.00684861 0.0264243 0.0159433 0.00659172 0.0101342 0.00701766 0.0123744 0.00101882 0.0128706 -0.00750459 -0.00149133 -0.00736271 -0.000712192 0.014233 0.00846357 0.00649877 0.0169186
internal_weight=3758.47 1254.2 592.938 661.266 539.644 2504.27 2070.3 1943.46 286.682 54.4914 433.964 324.5 118.803 232.191 693.493 120.444 126.848 573.05 420.841 387.707 1249.96 851.885 128.322 723.564 33.7401 621.538 608.597 26.2834 92.9339 231.567 398.076 87.6466 78.3827 69.0052 77.7311 54.5664 43.8354 310.43 358.858 35.0483 323.809 39.2236 185.343 76.242 59.2674 64.2364 12.9407 48.3355 159.116 118.825 108.789 75.7672 39.3396 15.0204 73.0755 109.101 102.026 60.4989 20.6964 266.675 237.25 64.7487
internal_count=60026 32629 12311 20318 15475 27397 23518 21437 5473 689 3879 3066 2946 4784 9467 1637 2081 7830 12529 5912 11970 8346 1232 7114 369 5489 5368 624 780 2286 3624 630 554 464 1043 1230 970 2994 5485 355 5130 495 1918 792 612 1716 121 347 2829 1929 1739 1285 727 251 1955 1126 1625 973 214 2566 2390 936
is_linear=0
shrinkage=0.03


Tree=61
num_leaves=63
num_cat=0
split_feature=6 3 11 14 32 14 25 3 17 11 7 11 14 31 25 6 1 23 13 0 21 7 21 13 16 13 6 9 16 9 3 6 9 26 9 11 21 1 18 32 24 16 26 25 20 18 29 23 13 26 25 8 20 9 24 25 20 21 20 21 11 18
split_gain=77.0333 27.302 26.0063 19.0913 17.6839 14.487 23.3543 14.8745 13.3921 13.2978 12.0356 16.3889 11.3199 13.4219 12.7952 13.6129 11.8606 9.95835 9.7762 9.97904 9.51673 9.49825 13.2396 11.6889 9.4466 13.3153 10.7861 9.21445 10.5739 8.72484 9.73776 8.72215 8.66216 8.59319 8.15111 7.97302 8.60653 8.76725 12.258 7.96307 9.82466 7.90777 7.68079 15.5927 12.7531 7.64933 7.64175 7.41118 7.40641 7.36913 7.42553 7.33593 9.44986 7.29257 7.23577 6.93037 7.00424 6.81817 8.87638 8.02704 9.9788 6.73455
threshold=-0.36978991329669947 0.14172088354825976 -1.0813010931015012 -1.40824419260025 8.5000000000000018 0.059922223910689361 -0.39223073422908777 1.2597366571426394 -0.61601614952087391 0.96078786253929149 -0.55664002895355214 0.049944764003157623 -1.7817230820655821 0.6428571641445161 1.665272653102875 1.2137548923492434 1.1162403225898745 0.90495297312736522 0.31711356341838842 -0.39475257694721216 -0.96371692419052113 0.31961327791213995 -0.18604057282209394 -1.0029851198196409 -0.40841107070446009 0.48272785544395452 0.88901883363723766 0.50128534436225902 0.3150652945041657 -1.1543081998825071 1.7516152262687685 -0.89975279569625843 -0.070403374731540666 -1.1639166474342344 -1.4138459563255308 -0.44130755960941309 1.0691730380058291 1.229768753051758 -0.38509836792945856 13.500000000000002 0.95917904376983654 1.2068328857421877 0.12222015857696535 -0.25848062336444849 -0.053561203181743615 -0.76526281237602223 0.90454545617103588 1.3431990146636965 2.4615396261215214 0.94617876410484325 0.011979643255472185 -0.48008322715759272 -0.12623994797468183 0.77471131086349498 -0.67135798931121815 -0.4803821593523025 1.3466543555259707 -0.59560349583625782 0.62860640883445751 -0.19741194695234296 0.87587794661521923 -0.262730062007904
decision_type=2 2 2 2 2 2 2 2 2 2 2 2 2 2 2 2 2 2 2 2 2 2 2 2 2 2 2 2 2 2 2 2 2 2 2 2 2 2 2 2 2 2 2 2 2 2 2 2 2 2 2 2 2 2 2 2 2 2 2 2 2 2
left_child=2 3 55 21 -3 6 18 27 -6 -8 -5 39 13 -10 15 16 24 33 19 -4 -11 -2 -23 -24 25 26 -14 -7 -29 -26 48 -20 -21 -17 -13 -19 37 38 -37 40 -12 -32 -30 -44 -45 -38 47 -25 -31 50 -18 -40 -53 -34 -22 56 -1 58 -36 60 -59 -15
right_child=1 4 5 10 8 7 9 -9 12 20 11 34 14 61 -16 17 49 35 31 32 54 22 23 46 29 -27 -28 28 42 30 41 -33 53 -35 57 36 45 -39 51 -41 -42 -43 43 44 -46 -47 -48 -49 -50 -51 -52 52 -54 -55 -56 -57 -58 59 -60 -61 -62 -63
leaf_value=-0.011387208360595733 0.002191240752569659 0.016782240432673023 -0.0080955116902282302 -0.010514999844449691 -0.0041654309633006939 -0.015965610689198544 -0.0093128211030939108 0.0088024067833684175 0.0064721129456867489 -0.0065150373664334838 -0.0036553369271397568 -0.015212865290051966 0.029549811151099649 0.040809374337328397 -0.0057472903981989785 -0.0081675140381749205 0.019723296495434434 -0.0059761420038352032 -0.011490804129778567 0.0084741314995217913 0.026932165124469578 -0.01487519805041021 -0.0080114613289769751 0.039448567941561229 -0.0070818090699570225 -0.01091552020060288 -0.0042598978874058687 -0.012933581923088104 -0.0069585013517268895 0.0001856493102340222 0.015094176736369551 0.017357043628912723 0.050172948025733632 0.022514422678729367 -0.0094691232185915557 -0.0040949150145397689 -0.0046871238493781178 0.017706451309061552 0.016787038415029716 -0.009171562937241402 0.019399629331206182 -0.0069888676242454524 -0.007531276790594444 -0.0024038490072189108 0.046322489731369001 0.015364605835684858 -0.0061715356343889083 -0.0049658126489445275 0.01849193820934945 -0.0079594134298604426 -0.0045048807713095659 0.017490423675706742 -0.0056512574785265515 0.0034519465270071389 -0.0038711265444286431 -0.022284965481460549 0.018903487312242156 0.0035950203333007013 0.026311359506384763 0.0047647428440012081 0.035046402454018036 0.011910802168063485
leaf_weight=25.571628654375676 84.31570615619421 93.689021252095699 5.4799276962876311 179.02089329622686 172.50372050702572 174.19366509094834 158.37491116672754 32.359168779104948 103.58543640747666 20.315288111567497 72.298736467957497 13.425095459446309 28.865340709686279 14.652106843888758 113.85342442989349 6.8553033769130698 64.527140771970153 37.596945099532604 17.225912591442469 15.153849951922892 18.846078317612413 5.6201871931552878 6.137872487306594 27.206330854445699 106.84219466894865 11.977241916581987 9.8051672130823118 64.628812933340669 26.947379788383842 717.44906081072986 71.245246239006519 11.399782126769422 12.956121766939761 58.870395507663488 39.525008114054799 126.70093658939004 17.022170946002007 33.935133393853903 53.555434376001358 219.65024068392813 16.224774613976479 14.916045177727936 15.287989735603334 6.5857170447707185 9.3232065625488723 146.44957712292671 2.9699105136096469 2.6150626614689818 15.461381472647188 10.398358702659605 11.646917961537836 18.390563774853945 44.764117006212473 4.549174938350915 8.0439035799354297 120.48432202078402 4.0692397914826861 18.856703156605363 2.3698578961193553 151.29803935438395 15.160403955727814 21.18361834436655
leaf_count=878 1354 679 129 4019 2488 5331 4534 512 693 480 1511 267 450 94 1168 58 576 326 344 310 320 77 72 257 1333 174 112 2151 659 8064 541 183 262 490 820 921 92 219 411 5369 195 107 383 163 214 798 26 18 134 106 119 141 296 87 145 4844 107 374 47 2293 249 138
internal_value=0.000370018 0.00253469 -0.00818027 -0.00197882 0.0043532 -0.00530386 -0.000164418 -0.00948805 0.00374067 -0.0051984 -0.00387148 -0.00162901 0.00448289 0.0125787 0.00379254 0.00448404 0.00248864 0.00832447 0.0146183 0.0236403 0.00817546 0.00845625 0.018896 0.0249097 0.00151233 0.0135195 0.0214709 -0.0115938 -0.00500899 0.000786449 0.00184955 0.000870112 0.0293331 0.0189631 0.00418928 0.0066819 0.00781641 0.00446598 0.00230082 -0.00616653 0.00138147 0.0110976 0.00412604 0.0133393 0.0304002 0.0131995 0.0313165 0.0354 0.000694519 0.0128177 0.0159695 0.00912704 0.00187634 0.0414958 0.0185554 -0.0191658 -0.00510049 0.00563857 -0.00485558 0.00807626 0.0203069 0.0272766
internal_weight=3735.23 2983.44 751.796 856.695 2126.74 601.671 272.345 329.326 2033.05 205.58 727.83 548.809 1860.55 139.421 1721.13 1607.27 1063.13 544.141 66.7648 38.1391 47.2053 128.865 44.5494 38.9292 976.562 50.6477 38.6705 296.967 122.773 925.914 819.072 28.6257 32.6591 65.7257 240.635 478.415 440.818 277.346 243.411 308.174 88.5235 86.1613 58.1443 31.1969 15.9089 163.472 32.7913 29.8214 732.91 86.5724 76.1741 116.71 63.1547 17.5053 26.89 150.125 29.6409 227.21 41.8949 185.315 34.0171 35.8357
internal_count=59712 37676 22036 16948 20728 16207 6794 9413 20049 5479 15144 11125 17561 925 16636 15468 11716 3752 1315 788 945 1804 450 373 10915 736 562 8901 3570 10179 8846 527 659 548 4050 3204 2878 1988 1769 7075 1706 648 1419 760 377 890 301 275 8198 801 695 848 437 349 465 5829 985 3783 867 2916 623 232
is_linear=0
shrinkage=0.03


Tree=62
num_leaves=63
num_cat=0
split_feature=15 3 6 22 32 9 5 17 4 4 7 21 20 5 7 16 16 3 20 20 31 2 27 22 22 17 10 7 9 9 15 20 16 16 24 15 10 17 23 20 6 16 16 5 7 34 4 22 31 7 16 20 10 5 10 10 21 22 7 9 15 7
split_gain=73.5817 33.5513 18.4379 15.9314 14.9668 14.0655 13.1761 12.8043 11.7641 11.3704 11.862 11.2745 12.9807 9.01094 9.21403 8.9999 8.94712 10.0531 8.71778 9.66115 8.5075 9.39602 8.87512 13.0748 8.29406 8.25455 8.60023 10.725 7.92015 10.522 7.77067 7.19861 7.15524 9.26273 7.10276 7.0162 7.01334 7.00256 9.43859 10.178 7.36841 7.17462 7.40496 7.50565 7.00408 6.87646 6.67325 7.04786 7.82562 6.64654 6.62083 6.61867 6.50608 6.45436 7.42948 6.37207 6.34347 6.29523 6.24092 12.9814 6.19114 6.09643
threshold=-0.35810057818889612 0.012079695705324413 -1.0034729242324827 1.7088286876678469 15.500000000000002 -0.25270046293735499 -0.39321604371070856 -0.48381713032722468 -0.46991141140460962 1.3776036500930788 0.19387686252593997 -0.56840050220489491 -0.28416682779788965 -1.354126989841461 0.99609312415122997 -0.64327010512351979 -0.031453160569071763 1.2597366571426394 0.92117333412170421 1.3055266141891482 0.5000000149011613 1.5836554169654848 2.5000000000000004 0.90357834100723278 0.69183698296546947 0.55610880255699169 -0.028835852630436417 0.18293179571628573 -0.63227635622024525 0.56841701269149791 1.0000000180025095e-35 -2.3182213306426998 0.59741446375846874 0.62838467955589306 -0.3384366482496261 1.0677745342254641 0.82499328255653392 1.2172078490257265 0.85054907202720653 -0.26260557770729059 -0.78889381885528553 0.73160982131958019 0.42556470632553106 1.1093764305114748 -0.37563815712928766 2.5000000000000004 -1.0000000180025095e-35 -0.71678471565246571 -0.92857143282890309 1.1894072890281679 1.0499411821365359 0.10250050574541093 -0.57000297307968129 -0.19092956930398938 0.48515081405639654 0.7807506024837495 0.32011167705059057 0.56532523036003124 0.62437486648559581 -0.081244777888059602 1.3607134222984316 0.50972247123718273
decision_type=2 2 2 2 2 2 2 2 2 2 2 2 2 2 2 2 2 2 2 2 2 2 2 2 2 2 2 2 2 2 2 2 2 2 2 2 2 2 2 2 2 2 2 2 2 2 2 2 2 2 2 2 2 2 2 2 2 2 2 2 2 2
left_child=3 2 30 7 13 25 -4 -1 53 10 18 -12 -13 -3 15 34 17 31 32 -20 22 37 23 36 58 52 -27 50 -14 45 -2 -9 -8 -34 -15 -36 -10 38 39 40 -22 42 -41 -44 -43 -30 -16 -48 -49 -39 -28 -47 -6 -7 -55 -40 -25 -29 -18 -60 61 -24
right_child=1 4 6 -5 5 8 9 16 20 -11 11 12 28 14 46 -17 24 -19 19 -21 21 -23 60 56 -26 26 27 57 29 -31 -32 -33 33 -35 35 -37 -38 49 55 41 -42 44 43 -45 -46 51 47 48 -50 -51 -52 -53 -54 54 -56 -57 -58 -59 59 -61 -62 -63
leaf_value=-0.015557081904425766 -0.019117493519647862 -0.0119917080195519 -0.011719598124091391 0.024080460482917908 0.00061207726818972069 -0.018821846531195681 -0.0083880280105761967 0.011607233158639851 -0.00012891394875530593 0.014413049033277921 -0.013485540251048983 0.019556810973392933 -0.010681911274826589 -0.0081457635107999322 -0.0014414254805422723 0.0044649473560899912 -0.0073323483601576787 0.015651709113994362 0.023048439963907368 -0.0088688353275834225 0.019958605615564194 0.033591330757079929 -0.0062609260041752868 -0.0033622024678412708 0.01424791562419752 -0.0056878976087574289 -0.0096298299371073755 0.025296859533756384 0.020629516791734345 -0.0039771027595842988 -0.0021040186915720835 -0.014849480281179744 0.023062408237177642 -0.0027251156229135139 0.031261193525155724 -0.0082178620519124182 0.017409076016414716 0.01946613099861429 -0.0079671616236827482 0.007693371508164638 -0.018464998512918017 0.019220084879336984 0.034855068502205905 -0.0076127828694853295 -0.016809315862156813 -0.010342665329420936 -0.0073501453973754231 -0.0040547369903722727 0.016872232482937753 -0.0088724078915023308 0.019247682338440458 0.01073614444490003 -0.012015923202657323 0.0090842718088004707 -0.018308677596200442 0.012767239160231833 0.028956521179483361 0.00038823143161932172 -0.015760118856905363 0.026232730647879673 0.0074247779376994524 0.0023548822294129209
leaf_weight=258.61471169628203 79.396172802895308 20.212639542296529 92.553148115053773 7.4731792155653229 50.853974284604192 26.39405102096498 245.95399881899357 6.3613761272281399 105.54734636843204 41.475394155830145 25.057963831350207 45.634934987872839 30.043845923617482 4.225786808878186 29.130505902692676 955.65493143908679 87.18018957041204 7.6460071876645079 15.751376539468767 10.938233915716408 1.5486947093158967 8.8399999476969224 157.31803237460554 5.4412036202847984 23.189962329342961 77.506235340610147 29.444475378841162 26.171352345496416 37.136250257492065 63.530295256525278 35.743826875463128 126.64808679930866 10.346018385142086 64.376524860039353 21.062631765380505 2.6644250229001036 20.452822860330343 50.496134236454964 59.948388580232859 31.9200991820544 12.50310185924172 2.7275404520332804 22.876122061163191 2.4915234297513953 8.5936096478253585 15.82583170942962 10.651928305625914 15.797925960272549 171.0337698571384 5.662146743386983 4.1535133123397818 33.751936174929142 122.87506099976599 22.96844709478319 8.0795994121581298 12.050410669296978 26.518813151866198 13.138508025556801 6.9380063991993692 11.176311299204825 67.607595358043909 131.95868012867868
leaf_count=9023 3084 254 2211 181 703 430 5509 218 1069 432 579 784 600 85 344 9330 2334 105 281 212 32 62 1945 65 554 763 316 234 603 1140 758 4427 174 1011 255 24 203 372 535 435 180 35 297 23 106 303 96 124 1381 41 33 571 1795 316 113 100 245 115 186 264 461 1345
internal_value=0.000126993 0.00185621 -0.00324674 -0.010114 0.00370227 0.00117825 -0.00144936 -0.0108197 0.00332833 0.000115626 -0.000986652 0.0039375 0.0061201 0.0059777 0.00632592 0.00502311 -0.00606677 -0.0111571 -0.00454987 0.0106323 0.00436616 0.00924516 0.00221563 0.00801686 -0.000285012 -0.00404556 0.00109888 0.00821572 0.00228301 0.0051361 -0.0141432 -0.0132095 -0.0059573 0.00206789 0.0205328 0.0261692 0.00327373 0.0074697 0.00392334 0.0105653 -0.0101036 0.0151973 0.0192435 0.0301173 -0.0049001 0.0116656 0.0117502 0.0136836 0.0150431 0.0161171 -0.00402898 0.00367644 -0.00840574 -0.00922921 0.000405093 -0.00389315 0.0237438 0.0179549 -0.00398653 0.010219 -0.000427331 -0.00235744
internal_weight=3729.27 3194.04 847.516 535.228 2346.52 1116.09 732.376 527.755 791.944 639.823 598.347 250.981 225.923 1230.43 1210.22 983.608 269.14 140.655 347.366 26.6896 734.502 219.658 514.844 157.96 128.484 324.143 150.414 72.9078 180.288 150.244 115.14 133.009 320.677 74.7225 27.9528 23.7271 126 210.818 154.659 82.6607 14.0518 68.6089 57.2877 25.3676 11.3212 86.714 226.614 197.484 186.832 56.1583 33.598 49.5778 173.729 57.4421 31.048 71.9988 31.96 39.3099 105.295 18.1143 356.884 289.277
internal_count=59806 42514 18252 17292 24262 12369 14410 17111 8410 12199 11767 4580 4001 11893 11639 9694 8088 4750 7187 493 7551 2218 5333 1582 3338 3959 1461 698 3217 2617 3842 4645 6694 1185 364 279 1272 2156 1743 1108 212 896 755 320 141 1477 1945 1601 1505 413 349 874 2498 859 429 635 310 349 2784 450 3751 3290
is_linear=0
shrinkage=0.03


Tree=63
num_leaves=63
num_cat=0
split_feature=15 32 23 17 11 7 20 7 9 11 17 11 32 11 7 8 7 5 11 8 16 20 29 9 9 8 5 11 31 17 31 25 19 16 7 22 15 8 22 26 29 20 26 23 5 17 20 25 12 17 22 20 29 9 27 25 29 18 24 20 8 25
split_gain=62.2146 32.5277 27.1702 20.4444 18.8989 13.6926 15.0009 11.928 12.4037 14.2191 13.0962 11.6971 12.2692 11.1347 12.8364 9.72661 9.61044 9.55045 9.24643 8.98128 10.7202 8.76364 15.201 10.0754 8.96422 8.36581 8.66867 8.2163 8.21085 10.813 9.40527 9.8203 8.64673 8.00087 7.98926 7.90887 7.67217 7.92865 7.67169 7.52312 9.33181 8.8556 7.58401 8.80607 7.45596 8.25519 7.56131 8.56109 9.23932 7.43024 7.41144 8.10043 7.05448 6.93152 6.99909 6.89643 6.83384 6.80226 10.6362 7.09414 6.73407 7.19601
threshold=-0.35810057818889612 13.500000000000002 0.33359599113464361 0.38953115046024328 0.036560259759426124 0.72583124041557323 0.86044502258300792 -0.92921462655067433 -0.29455792903900141 -0.70762169361114491 0.46707947552204138 0.71654203534126293 11.500000000000002 0.91171324253082286 -0.71408048272132862 0.29326105117797857 0.64591196179389965 -0.3408242911100387 0.35920882225036627 -0.61240980029106129 0.80768361687660228 -0.16088905185461042 0.26969698071479803 -1.1828377246856687 0.6742423176765443 -0.51933053135871876 -0.58431702852249134 1.0367280244827273 0.5000000149011613 -0.3014837503433227 0.21428572386503222 -0.4803821593523025 0.69248002767562877 0.76730337738990795 0.90027219057083141 1.7088286876678469 1.0000000180025095e-35 -0.96630293130874623 1.2487248778343203 1.2464466691017153 0.16025641560554507 0.69372144341468822 0.40286198258399969 -0.19759795069694516 0.90726622939109813 -0.65442857146263111 0.32378385961055761 -0.36514005064964289 1.0825784206390383 0.84788736701011669 0.099864263087511076 -0.40332539379596705 0.97058823704719555 0.19894837588071826 7.5000000000000009 1.4481509327888491 0.81534090638160717 -1.0000000180025095e-35 -1.0212095379829405 0.28593853116035467 0.63392513990402233 0.96852681040763866
decision_type=2 2 2 2 2 2 2 2 2 2 2 2 2 2 2 2 2 2 2 2 2 2 2 2 2 2 2 2 2 2 2 2 2 2 2 2 2 2 2 2 2 2 2 2 2 2 2 2 2 2 2 2 2 2 2 2 2 2 2 2 2 2
left_child=3 5 4 11 34 13 19 -4 9 -9 -11 12 15 14 -2 -1 -5 -16 57 20 -7 22 -19 -24 33 -20 -27 -21 30 -30 44 -32 -33 -25 -3 -14 52 -38 -36 40 -15 42 43 -42 -10 -46 47 -47 -49 60 51 -13 -31 -28 -55 -51 -45 59 -59 -6 61 -23
right_child=1 2 7 16 18 6 -8 8 28 10 -12 50 35 39 17 -17 -18 21 25 27 -22 49 23 24 -26 26 53 -29 29 36 31 32 -34 -35 38 -37 37 -39 -40 -41 41 -43 -44 56 45 46 -48 48 -50 55 -52 -53 -54 54 -56 -57 -58 58 -60 -61 -62 -63
leaf_value=-0.0083929696534040532 -0.0096790664916291246 -0.013058511667591664 -0.0068248552892590259 0.00087920093870986907 0.010276141391990472 -0.014129445365653012 0.019424476509314573 -0.017821522015667803 0.0029628631049523377 -0.0055098403297795147 0.0057161962554365857 0.0022378479909479234 -0.015982259332259951 -0.0021833267014993844 -0.0088348495394894398 0.015288796630957995 0.029622363038137253 -0.0063008251067408101 -0.012017053851276627 0.0047219809734004806 0.019212596357403473 -0.0071928211889898362 -0.0046561228197731274 0.039740847758651908 0.0029905828643973223 -0.017765660398176043 -0.0038577828899496649 0.021713056999849621 -0.0036966622950867865 0.028662153755969276 0.020457666338595498 -0.0087700465024020749 0.010297632742726727 0.0037581879228796846 -0.0064279028314658112 0.012814118844288503 0.017913415847713075 0.005310684497027757 0.015594577910698876 -0.0068676682277844878 0.026791020435299778 0.026034314801546502 0.017708971023071961 -0.0047135086403175411 -0.015927854242018091 -0.0082167891744381154 0.0063084069026975442 0.03657643367566716 -0.0072613546571388844 0.013596685175246407 0.016750781080896348 -0.017246383709172343 -0.0073530335562184586 0.012889648978342272 -0.010114212259962903 -0.010125522564243924 0.0126040116929552 -0.011161691517775072 0.02635178734316122 -0.012923424857136058 0.0076799546998316016 0.015226664892133526
leaf_weight=42.337417492642999 74.930763866752386 241.28619612753391 122.48511823453009 37.337766839191318 23.064908027648926 30.825976287946105 128.11909892968833 39.105212172493339 515.90741581097245 178.6083669103682 185.63655726984143 51.431215792894363 326.50954286195338 40.56212829425931 44.366063065826893 18.295258790254593 9.7262068558484298 22.634198904037476 59.396533891558647 102.48410405404866 6.7590532731264821 111.40187842771411 9.8026188481599075 28.057116081938148 12.651905130594967 14.813961565494536 61.991707308217883 31.178526740521193 53.8193643335253 27.345195567235354 9.0576264932751638 128.55893721058965 21.134258080273867 8.0335727185010892 58.248474884778261 5.291769925504922 57.519670676440001 187.51156724244356 13.410797627642749 20.903777204453945 8.3100153151899558 36.58834508061409 58.918838161975145 62.760223049670458 4.5207472555339328 3.8287463821470764 47.198557622730732 23.695043779909614 3.3533496037125579 63.583411289379001 12.52971402928233 24.762378407642245 3.6733632162213317 64.950079806149006 10.468803348019717 9.369801562279461 24.420024637132883 5.7298844326287535 24.941374896094203 15.554908387362955 50.65538345836103 9.7743086665868741
leaf_count=1334 1404 6660 1829 841 522 470 1033 551 5551 2295 1660 1397 11822 385 712 555 195 313 1114 1167 56 1512 129 368 172 317 1164 234 695 347 110 1331 180 79 1514 137 479 1662 265 205 140 254 589 570 54 44 355 222 28 499 305 596 52 1200 198 69 226 163 490 259 630 93
internal_value=0.000436546 0.0020128 -2.2503e-05 -0.00905339 -0.0054816 0.00649508 0.0118232 0.00199815 0.00274361 -0.00173371 0.000211413 -0.0109037 -0.0131029 0.00414115 0.00125437 -0.000626899 0.00909359 0.00356606 0.000184942 0.00574649 -0.00658164 0.00536188 0.0136047 0.0211907 0.0263383 -0.00295044 0.000856925 0.0093254 0.00440514 0.00832618 0.00265367 -0.00375333 -0.00583217 0.0331632 -0.010491 -0.0153396 0.0106942 0.00856817 -0.00155815 0.00910924 0.0106662 0.0133812 0.00966035 0.0040602 0.00437012 0.0124892 0.0149942 0.0255417 0.0308566 0.00241064 -0.000996257 -0.0047665 0.0239684 0.00341785 0.0092662 0.0100959 0.000557841 0.00931477 0.0187615 0.000521762 -0.00104542 -0.00485269
internal_weight=3732.13 3203.91 2206.82 528.221 593.858 997.091 299.367 1612.96 1490.47 403.35 364.245 481.157 392.434 697.724 445.261 60.6327 47.064 370.33 280.912 171.248 37.585 325.964 81.1794 58.5452 48.7426 211.621 152.225 133.663 1087.12 329.869 757.255 158.751 149.693 36.0907 312.945 331.801 276.05 245.031 71.6593 252.463 231.56 190.997 154.409 95.4903 598.504 82.5964 78.0757 30.8771 27.0484 244.785 88.7233 76.1936 31.0186 137.411 75.4189 72.9532 87.1802 69.2911 30.6713 38.6198 171.832 121.176
internal_count=59802 42620 31311 17182 13866 11309 2960 17445 15616 4506 3955 16146 13848 8349 5980 1889 1036 4576 5427 1927 526 3864 1061 748 619 3993 2879 1401 11110 3235 7875 1621 1511 447 8439 11959 2540 2141 1779 2369 2164 1779 1525 936 6254 703 649 294 250 2803 2298 1993 399 2562 1398 568 796 1434 653 781 2235 1605
is_linear=0
shrinkage=0.03


Tree=64
num_leaves=63
num_cat=0
split_feature=3 6 32 17 4 4 11 7 16 11 25 8 4 32 19 18 29 23 22 32 8 32 8 10 29 6 9 32 33 17 4 8 17 20 17 32 8 7 16 23 9 7 22 7 23 17 2 2 2 3 9 31 11 32 8 25 25 22 18 12 7 1
split_gain=58.0722 22.8589 22.3515 18.0295 16.5 15.3288 13.4047 12.4237 14.6516 14.9713 10.676 13.6385 10.1083 9.88212 9.7236 9.72004 8.37691 9.13785 8.74856 8.3417 7.88043 7.61009 10.1966 7.82351 6.95155 6.94887 6.86338 8.82249 6.55407 6.85737 6.48272 7.10457 8.29793 6.4428 8.30667 6.33526 8.68794 8.12546 8.3516 9.25775 6.31387 6.29396 6.15049 6.0487 6.02968 6.02906 7.34199 7.87322 6.70813 6.6823 6.37345 7.00841 7.7081 9.76812 10.9975 8.66785 8.40465 7.61928 8.19615 12.0137 7.36089 6.25261
threshold=-0.1959760785102844 -1.0034729242324827 8.5000000000000018 1.2172078490257265 1.0026745796203616 1.8828417062759402 0.049944764003157623 0.31961327791213995 0.5888040065765382 -0.30170240998268122 -0.079883679747581468 0.1968776732683182 -1.0000000180025095e-35 14.500000000000002 -0.7558680772781371 -0.32478055357933039 1.0000000180025095e-35 0.46940854191780096 1.5722891688346865 17.500000000000004 0.82433876395225536 11.500000000000002 0.1623354181647301 0.72511258721351635 0.28991597890853887 -1.4087574481964109 -0.86168396472930897 16.500000000000004 1.5000000000000002 -0.28860287368297571 -0.037920959293842309 0.061857214197516448 -0.91616594791412342 1.2687095403671267 0.31026449799537664 15.500000000000002 0.1502688676118851 -1.2267602682113645 0.49358618259429937 -0.65947484970092762 -1.2083337903022764 -1.3664271235466001 0.16996593028306964 -0.72948807477951039 0.15706679224967959 1.1604977846145632 1.1341597437858584 0.97366338968276989 1.7691940665245058 0.51387745141983043 -2.1104872226715083 -0.35714286565780634 1.0367280244827273 15.500000000000002 -0.84148156642913807 -1.0000000180025095e-35 -0.41962152719497675 -0.97211927175521839 -0.47589449584484095 1.0071146488189699 -1.0039436221122739 0.74293097853660595
decision_type=2 2 2 2 2 2 2 2 2 2 2 2 2 2 2 2 2 2 2 2 2 2 2 2 2 2 2 2 2 2 2 2 2 2 2 2 2 2 2 2 2 2 2 2 2 2 2 2 2 2 2 2 2 2 2 2 2 2 2 2 2 2
left_child=1 10 -2 5 7 6 14 8 30 -10 11 -1 13 43 -4 -11 17 -16 40 -5 25 22 -9 -24 42 -14 -6 44 29 -22 -3 -32 -33 34 41 37 -37 -34 39 -39 -18 -31 -21 -8 -28 46 47 50 49 -48 -27 57 -53 54 -54 -55 -56 -52 59 -59 -58 -62
right_child=2 4 3 19 26 -7 12 21 9 15 -12 -13 20 -15 16 -17 18 -19 -20 24 28 -23 23 -25 -26 45 27 -29 -30 33 31 32 35 -35 -36 36 -38 38 -40 -41 -42 -43 -44 -45 -46 -47 48 -49 -50 -51 51 52 53 55 56 -57 60 58 -60 -61 61 -63
leaf_value=-0.018359724216864676 0.015058131209923772 -0.017217339288412598 0.019328776646090465 0.0074784940785068274 0.03181593315032253 0.011189228283302585 -0.010946561111565447 -0.0046599766087554919 -0.01577656828945205 0.023404152992571269 -0.020775286511397491 0.0033978482315313759 -0.014936248122961793 -0.0090764114379965014 -0.008294841516863237 0.00099133400266929747 -0.013311458604415499 0.020256058068976301 0.0076359569202219995 0.022165309512985863 -0.0061019770312936549 -0.0017902539692268508 0.035353004120015859 0.0017963142031917822 -0.011308181345758596 -0.012025258301290958 0.010402726660542929 0.027814235796602631 0.024111350125514838 -0.0095213427747768194 -0.012564129494120724 -0.020026796345244232 -0.01323706247767872 -0.009032532468676413 0.0016937998195983661 0.023556710474913069 -0.0092914275344399711 -0.0089887151152891406 -0.013071347232858343 0.022910983979160467 -0.0044624542757860904 0.019183002553332367 -0.0082564787646351688 0.0077914148541944148 -0.0086338419198731756 -0.011990637878366196 -0.0091031118667165185 -0.016358339858058089 -0.0068302262022990994 0.022627384817138392 0.012209004659598306 0.0017771597712339573 -0.0021579684803204498 0.016069076826522727 -0.0088581736226885435 -0.0029723087405063658 0.00022274317612335054 -0.001707491810473905 -0.0070341098930261003 0.032120589878232318 0.029799229708574172 -0.0037712742272411883
leaf_weight=43.209815816953778 119.23822263814509 90.916271371766925 11.541586618870495 577.28110684640706 6.6604712326079598 111.66739144921303 15.085872188210486 18.239532519131899 23.367800066247582 24.091665282845497 111.58516055904329 53.308224411681294 16.934823682531714 130.74788013473153 13.006455121561883 44.554748464375734 83.366051269695163 20.704161735251546 42.4169607963413 8.8844233788549882 29.58644375577569 199.64184958487749 12.587117733433844 10.575223298743365 37.160727081820369 21.897804422304034 22.547893673181534 7.9675480648875228 17.10547735914588 4.5847583953291169 135.96873192302883 16.666160622611642 10.106005221605299 12.500856291502712 54.421028470620513 3.3216266725212327 62.369857210665941 7.4403445143252602 6.3312207125127307 34.361449154093862 480.31254613958299 72.185888279229403 6.9431937020272008 67.151457881554961 27.81002588570118 21.296814423054457 4.2568911965936413 15.825589049607514 9.1714277788996679 34.459256995469332 26.226165579631925 306.93942249752581 22.966631544753909 24.85265321098268 5.3865908589214078 73.030487630516291 10.553280996158717 34.135963248088956 148.80599602125585 7.8292667865753165 56.435795921832323 4.2913511320948592
leaf_count=1704 1032 3110 255 4542 75 864 273 401 547 394 4689 1787 376 2161 263 783 1722 240 559 75 424 4926 180 139 340 293 377 101 185 69 3894 480 248 92 530 95 1560 251 98 678 8009 764 61 883 331 189 54 138 76 260 359 3734 232 317 64 765 135 385 1758 74 520 34
internal_value=0.000394572 -0.0058869 0.00261613 0.00202721 -0.00344181 0.000634187 -1.38923e-05 -0.00480054 -0.00766864 0.00291137 -0.0145896 -0.00676723 0.00180462 -0.00408199 -0.00348727 0.00991211 -0.00404554 0.00959179 -0.00487631 0.00643344 0.00302899 0.000711576 0.0116685 0.0230711 -0.00461502 0.00176208 0.0105017 0.00574775 0.00846493 0.00628746 -0.0103213 -0.00778885 -0.00289789 0.00895786 0.0109408 9.29289e-05 -0.00608181 0.00698799 0.0120805 0.0168794 -0.00587672 0.0169914 0.0100417 0.00392367 5.95512e-05 0.00219103 0.00263678 0.00187055 0.0134587 0.0184964 0.00236534 0.00288189 0.00480698 0.00935518 0.0157388 0.0024083 0.0209039 -0.00160087 -0.0037627 0.00735138 0.0235862 0.0273205
internal_weight=3734.82 973.629 2761.19 2641.95 765.526 2011.68 1900.01 700.54 459.496 92.0142 208.103 96.518 1248.67 212.985 651.348 68.6464 639.806 33.7106 606.096 630.269 1035.68 241.044 41.4019 23.1623 52.9883 845.296 64.9859 58.3255 190.384 173.279 367.482 276.565 140.597 143.693 131.192 123.931 65.6915 58.239 48.133 41.8018 563.679 76.7706 15.8276 82.2373 50.3579 828.361 807.065 759.177 47.8876 38.7161 743.351 721.454 504.456 197.517 99.6337 97.8831 76.667 216.997 190.771 41.9652 71.2804 60.7271
internal_count=59954 26848 33106 32074 18668 27056 26192 17784 12138 1724 8180 3491 15144 3317 11048 1177 10793 503 10290 5018 11827 5646 720 319 476 9763 884 809 2064 1879 10414 7304 3410 1455 1363 2930 1655 1275 1027 929 9731 833 136 1156 708 9387 9198 8808 390 314 8670 8377 5801 2067 985 1082 753 2576 2217 459 689 554
is_linear=0
shrinkage=0.03


Tree=65
num_leaves=63
num_cat=0
split_feature=3 21 11 14 3 32 14 9 17 5 5 4 13 21 9 9 14 3 10 8 26 5 17 32 10 1 8 12 26 2 10 22 8 10 8 21 21 2 12 16 30 16 10 3 8 8 4 11 26 31 24 26 26 29 31 1 31 8 25 29 25 24
split_gain=68.4117 21.9697 22.9408 20.6201 18.8114 17.803 16.5436 13.8023 10.6907 9.89623 9.7344 9.57907 9.10589 8.95222 10.0079 9.84905 8.61647 8.50966 8.27051 9.73051 11.978 8.65304 8.13694 7.77594 7.57928 7.49828 7.96622 7.42286 8.15168 7.3954 9.79122 7.71574 7.2196 10.5803 8.34594 9.70449 9.34242 10.3526 8.12903 8.37983 7.92712 7.81081 7.21375 7.08257 7.07729 8.42148 6.94536 6.82107 6.61716 7.17584 8.14182 6.80891 6.48372 6.22509 6.18654 6.17498 6.17007 6.10292 6.0263 5.99605 5.91898 12.7928
threshold=-0.1959760785102844 -0.56840050220489491 0.46498152613639837 -0.91759115457534779 1.4865180850028994 9.5000000000000018 -0.55504992604255665 -1.1543081998825071 1.871271073818207 1.2088112831115725 -0.14900672435760495 0.47716286778450018 -0.26381953060626978 -0.10891399532556532 -0.56224769353866566 1.5080313682556155 -1.1852604150772093 -0.88344165682792652 -1.3866909742355344 0.36044721305370336 0.58667337894439708 -1.0000000180025095e-35 0.8023381531238557 15.500000000000002 -0.30627489089965815 -0.48482000827789301 -0.16882277280092237 0.57717359066009533 0.47163730859756475 1.2661823034286501 -0.54769408702850331 0.17898634821176532 0.1623354181647301 -1.0000000180025095e-35 -0.21593847870826718 0.2874405980110169 1.3856074810028078 1.305591940879822 1.1182759404182436 0.014005979523062708 -1.8999999761581419 0.38605833053588873 1.8386355042457583 -0.081116169691085802 -0.94381716847419728 0.34872379899024969 -0.4039864689111709 -0.14171767234802243 -0.71357065439224232 -0.64285716414451588 1.1099837422370913 1.2061725854873659 -0.41861012578010554 0.30384616553783422 0.92857143282890331 1.3255056142807009 -0.92857143282890309 0.86635097861289989 1.6240814924240115 0.25833334028720861 -0.070419464260339723 -0.012708995025604962
decision_type=2 2 2 2 2 2 2 2 2 2 2 2 2 2 2 2 2 2 2 2 2 2 2 2 2 2 2 2 2 2 2 2 2 2 2 2 2 2 2 2 2 2 2 2 2 2 2 2 2 2 2 2 2 2 2 2 2 2 2 2 2 2
left_child=1 2 -1 18 5 46 9 12 10 25 29 -11 24 14 27 -15 53 -8 -2 48 52 -22 -18 60 59 -3 -27 -12 -29 30 -9 -31 34 38 35 41 55 -38 39 -34 -36 -6 43 -23 -17 -46 -5 57 49 -20 -51 54 -21 -4 -50 -37 -35 -45 -49 -7 61 -19
right_child=3 6 16 4 32 7 17 8 -10 11 13 -13 -14 15 -16 44 22 23 19 20 21 42 -24 -25 -26 26 -28 28 -30 31 -32 -33 33 56 40 36 37 -39 -40 -41 -42 -43 -44 47 45 -47 -48 58 51 50 -52 -53 -54 -55 -56 -57 -58 -59 -60 -61 -62 -63
leaf_value=-0.019904947937365716 0.023347436621186591 -0.016480577032562463 0.028413633105724548 -0.0080024297471283611 -0.0045545677169608265 0.034030910499469172 -0.013561634077803015 0.0021176930909542579 0.010367711970085489 -0.0038276827538308942 -0.0021086468893100215 0.030335161162215182 -0.012485033837026252 0.0014013711013239082 -0.0061303091257497314 -0.0059287332102010903 -0.0096730138023648771 -0.0042748527412915906 -0.0079161128442680091 0.012050542735126174 -0.0054008149243547788 -0.0053281142859345201 0.014790483663265765 -0.0090982081782513737 -0.0069625939565854909 -0.0061477081990892017 0.0056495891578409504 0.00095103515952202919 0.038467375768194999 -0.0078397419270345419 -0.012124706080817589 0.022214488053744919 0.024025743024879954 -0.0049363267994459647 0.012907519171724608 -0.0033596098540381947 0.017453536181861032 -0.012959490480658106 0.024841786698994717 -0.0055399899816035835 -0.0095653429740217982 0.018442978692509545 -0.0066297846271419015 0.020106658855448375 0.041198883054177404 0.00047492932948723721 0.01234199298550525 0.041211797958324838 -0.0043197831989196791 0.025419368342577665 -0.0042458267023877429 0.015020007718598688 -0.0010278646560205945 -0.00015525705783675812 0.014864423270715521 0.012455784891754468 0.021174357996335654 -0.013959595874154712 0.010604213432374877 0.0015988171376584994 -0.0040969263061532632 0.024301245005305852
leaf_weight=185.13992099836469 26.74045573361218 17.305968789383769 6.5483643077313927 13.689445130527018 14.075022257864473 4.6546864509582546 132.51309371180832 58.948940444737673 78.045681286603212 10.058520760387184 23.22294127382338 15.176617803052066 136.09974531084299 831.85224155709147 262.31188018992543 5.4257792364805963 101.63325247168541 28.483836771920323 9.5579354874789697 69.034117421135306 7.7972665168344966 3.9727397579699746 9.3355038892477733 129.27635928802192 25.009876685217023 72.505040798336267 149.5773153565824 9.6942225713282841 6.9713303763419381 10.864926446229221 147.10305353626609 11.330781508237122 5.0337968543171874 7.2010238952934733 13.405669581145046 144.35035368800163 50.670433890074492 8.4729307219386083 7.5308456122875205 57.221978709101677 60.143745772540569 69.311982892453671 4.1616889387369147 4.5486348140984756 9.2463464960455912 6.9022247102111569 121.62600047327578 32.33339086920023 141.58479238115251 26.056391060352325 9.6272402629256231 18.132152192294598 61.92437537573278 16.791207136586308 11.964472476392983 21.130448129028082 74.233986556529999 4.5974187962710857 11.985917765647171 12.072276949882506 71.112536169588566 20.706765122711658
leaf_count=7187 230 493 116 232 166 82 4209 977 682 212 450 169 2540 10312 4573 71 2748 857 83 534 75 46 187 3485 492 1860 2809 168 113 148 2502 145 48 57 99 1080 301 47 53 427 444 591 35 41 120 88 1190 237 1314 233 68 151 532 298 123 131 527 45 74 229 1731 416
internal_value=3.82132e-05 -0.00680896 -0.0131898 0.0024502 0.00130269 -0.000185991 -0.0035801 -0.00106054 -8.83518e-05 0.0021646 -0.000713238 0.018337 -0.00883154 0.000413379 -0.00398351 0.00198446 -0.00355103 -0.00753524 0.00833362 0.00710644 0.0117962 0.0214935 -0.00706601 -0.00413204 0.00314327 0.000119501 0.00174747 0.00924442 0.0219002 -0.00630393 -0.00809649 0.0087662 0.00621816 0.0116831 0.00392918 0.00608418 0.00270337 0.012426 0.00277655 -0.00154098 -0.00490838 0.0145231 0.0250476 0.0276899 0.0199732 0.0280202 0.010072 0.0303892 0.00260669 0.0121829 0.0178777 -0.000190186 0.00605598 0.0114592 -0.00240334 -0.00103404 0.0187135 0.00410115 0.0348484 0.0163784 0.00135464 0.00888656
internal_weight=3718.04 966.164 319.448 2751.87 2307.85 1775.07 646.716 1639.76 1461.92 264.623 1383.87 25.2351 177.837 1155.63 302.2 853.427 134.308 382.093 444.019 417.279 200.356 69.3971 110.969 249.579 41.7368 239.388 222.082 39.8885 16.6656 228.248 206.052 22.1957 532.782 151.222 381.561 308.011 224.624 59.1434 69.7866 62.2558 73.5494 83.387 61.5998 57.4381 21.5744 16.1486 135.315 53.4654 216.923 45.2416 35.6836 171.681 130.958 23.3396 153.549 165.481 81.435 9.14605 44.3193 16.727 120.303 49.1906
internal_count=59683 26777 10536 32906 29085 25114 16241 23692 20349 5543 19667 381 3343 15895 5304 10591 3349 10698 3821 3591 1619 553 2935 6489 803 5162 4669 731 281 3772 3479 293 3971 1112 2859 2316 1559 348 528 475 543 757 478 443 279 208 1422 397 1972 384 301 1588 1066 414 1437 1211 584 86 311 311 3004 1273
is_linear=0
shrinkage=0.03


Tree=66
num_leaves=63
num_cat=0
split_feature=3 32 6 14 3 9 0 14 17 20 6 25 6 17 24 5 9 20 10 21 7 32 13 2 24 29 14 23 30 11 30 9 22 7 24 6 11 7 20 8 24 29 8 8 13 11 20 29 10 23 1 17 7 11 10 10 8 14 13 23 29 10
split_gain=58.4029 25.0621 18.8823 15.4403 16.9612 14.6848 14.2922 13.2962 11.6653 10.7485 10.2752 10.2323 11.3582 11.0183 9.87492 9.81596 8.57216 8.47872 9.63223 17.737 20.4074 9.03687 8.4375 8.3071 8.14234 11.8498 22.2658 10.9269 8.59226 9.79424 7.85665 7.79603 7.63567 11.483 9.64832 10.0301 8.42152 7.37725 7.32796 7.27193 7.21509 9.20077 7.02926 6.96879 6.89726 6.87846 6.84308 6.80912 11.6774 11.4155 7.99328 7.9478 7.94733 13.6288 8.17543 6.68696 6.64158 6.64037 6.51284 6.4008 6.31033 6.69076
threshold=-0.36640575528144831 14.500000000000002 -1.0034729242324827 -0.90419462323188771 1.8791651129722597 -0.57655829191207875 1.6338733434677126 -1.2124422788619993 0.50020048022270214 0.81382939219474804 -0.70254066586494435 -0.48023346066474909 -1.1396678090095518 -0.41506668925285334 0.92642220854759227 -0.17966429144144055 -2.0064330101013179 -0.20518570393323896 0.15060027688741687 -0.67893457412719715 0.39879699051380163 7.5000000000000009 -1.0000000180025095e-35 0.37649437785148626 0.52507355809211742 0.23303167521953586 0.2426237836480141 1.0991169214248659 -7.5777776241302481 1.6002532839775088 -8.1833333969116193 -1.2522140741348264 0.70171388983726513 -0.36641535162925715 -0.71470084786415089 1.0798580646514895 0.061053849756717689 0.48178569972515112 0.64915120601654064 0.36044721305370336 0.025706596672534946 0.10555555671453477 -0.78495243191719044 0.59749394655227672 0.5783371925354005 -0.19092328101396558 1.3237347602844241 0.92582416534423839 0.38694761693477636 0.69644734263420116 0.43349900841712957 1.2550242543220522 1.2309058904647829 0.87587794661521923 0.25601309537887579 0.040522208437323577 -0.53938835859298695 -1.2361479997634885 0.31711356341838842 0.86667206883430492 1.0000000180025095e-35 -0.45326262712478632
decision_type=2 2 2 2 2 2 2 2 2 2 2 2 2 2 2 2 2 2 2 2 2 2 2 2 2 2 2 2 2 2 2 2 2 2 2 2 2 2 2 2 2 2 2 2 2 2 2 2 2 2 2 2 2 2 2 2 2 2 2 2 2 2
left_child=2 3 39 56 10 8 11 9 16 22 -5 12 -7 -14 -15 -9 -3 18 44 -20 23 -19 -4 40 25 26 42 -28 -26 47 -17 -32 33 -33 -35 -36 -34 -37 -10 -1 -21 -42 -13 -44 55 -40 -41 52 49 50 -49 -51 -30 54 -54 58 -2 -8 -12 -27 -18 -62
right_child=1 5 7 4 -6 6 57 15 38 -11 17 24 13 14 -16 30 60 21 19 20 -22 -23 -24 -25 28 59 27 -29 29 -31 31 32 36 34 35 37 -38 -39 45 46 41 -43 43 -45 -46 -47 -48 48 -50 51 -52 -53 53 -55 -56 -57 -58 -59 -60 -61 61 -63
leaf_value=-0.021582884770662874 0.001617867224992964 -0.021193679798718983 -0.0080644671810345871 -0.0065024431803393772 0.016690660986872486 -0.012447524037930929 -0.005156904266539618 -0.015203224755735007 -0.0036825086038849283 0.029600764550644934 0.0047939108737990984 -0.0051247135459004008 -0.0079095317784756529 0.021467679857830484 -0.0087105380704999048 -0.016595261205604145 0.012518202532988456 0.018033939443160875 -0.0068695279097375399 0.0048417948531116889 -0.0026515999441164705 0.0011837782608821606 0.0076572920359898426 0.0009812836833223424 -0.0113834448679216 -0.0089291688064981993 -0.011618994857118394 0.023428085226814048 0.00083565993566832926 -0.0085207540650655781 -0.016809282333937237 -0.0069102483424994393 -0.015623918745189227 0.024102330330263533 -0.00023499183649405343 0.034393319407317137 0.011306475533258564 -0.0035235583276611673 -0.00615854832769236 -0.01072383223114602 -3.1047416989765589e-05 0.0511991539309452 0.041574445557590593 0.0059706448249595215 -0.0082853957548630064 0.015971862731899933 0.019255461994286498 0.030980438826232384 0.026144329564166041 -0.0117748760709787 -0.0082666813968557146 0.011513498223418257 0.026285844836954557 -0.0098273754163391951 0.0026805096566105144 -0.015244894323066758 0.014798166565749052 0.023664884354879383 0.02543394811449113 0.0022279020181943127 0.00075528962001744095 -0.011663390271878581
leaf_weight=86.489959843456745 43.624534010887146 41.752225331962109 47.344538187608123 96.002862257882953 78.778282199054956 14.272613940760492 7.0307242609560481 92.355048451572657 98.470993902534246 8.4521334897726756 54.958586873486638 4.2790563497692373 15.377162113785742 67.910806212574244 8.5041993334889394 38.247476303949952 10.317295329645274 25.123611304908991 18.692513775080442 5.8113279975950709 16.667234443128109 608.74953653290868 69.544251471757889 5.7759675625711671 38.982490452006459 223.53471069782972 42.57535102404654 4.830523293465375 551.45613560639322 64.639477450400591 28.440560080111027 107.32447571307421 49.923841236159205 16.799512313678861 137.14894502982497 9.042146133258937 9.0892297662794572 5.609597645699977 14.848673708736895 92.906779875978827 3.5189412795007255 25.016220087185502 14.20275557972491 9.2540894038975221 29.349403420463204 37.435522031039 2.8578817378729573 12.385721102356912 25.396141976118088 34.160803684964776 3.9655686616897574 15.226554736495016 33.79826183244586 17.83719814941287 21.904755540192127 5.7813101280480614 185.14655505120754 30.828540759161115 15.00558542832732 55.841743929311633 55.41277689486742 122.65683908201754
leaf_count=3721 403 905 995 2325 482 358 49 2903 1108 106 792 79 334 937 79 1141 162 191 296 108 209 6637 1221 66 454 4825 885 66 5419 505 851 2857 1330 557 3373 132 193 74 163 3606 42 275 240 139 362 302 101 148 238 327 46 110 298 131 188 83 1411 239 185 789 1035 2339
internal_value=0.00017427 0.00214663 -0.00697235 0.00542139 0.00375958 -0.000209922 0.00129245 -0.00440556 -0.00535869 0.00419569 0.00255565 0.00071913 0.00942267 0.0132906 0.0177805 -0.00660818 -0.00953643 0.00365653 0.00930368 0.0171374 0.0249558 0.00198755 0.00121977 0.0354471 -0.000103626 -0.00387086 0.00640652 -0.00615327 0.00153918 0.00225271 -0.00446908 -0.00298481 -0.00158096 0.000574523 0.00540084 0.00262861 -0.0109169 0.0226734 0.00112036 -0.0153441 0.0403819 0.0458188 0.0255346 0.0310453 0.00315454 0.00969788 -0.00891809 0.00327748 0.010724 0.00333999 0.0217552 -0.00419648 0.00211516 0.0110457 0.0179886 0.00782579 0.0123732 0.0183353 0.0106218 -0.00669913 -0.00647168 -0.00788379
internal_weight=3718.67 2917.09 801.576 1218 989.231 1699.09 1318.2 619.322 380.894 125.341 910.453 1280.34 106.065 91.7922 76.415 493.981 230.139 814.45 180.577 75.4822 56.7897 633.873 116.889 40.1225 1174.27 354.518 75.1418 47.4059 819.753 780.771 401.626 363.378 334.938 275.925 168.6 151.801 59.0131 14.6517 150.755 182.255 34.3465 28.5352 27.7359 23.4568 105.095 52.2842 95.7647 716.131 91.1348 65.7386 16.3513 49.3874 624.996 73.5402 55.703 75.7455 228.771 37.8593 69.9642 279.376 188.387 178.07
internal_count=59925 36764 23161 13867 12053 22897 16883 15733 6014 2322 11571 16595 1708 1350 1016 13411 4441 9246 2418 996 700 6828 2216 491 14887 7023 1409 951 7864 7410 10508 9367 8516 6993 4136 3579 1523 206 1573 7428 425 317 458 379 1422 465 3707 6905 869 631 194 437 6036 617 486 1060 1814 288 977 5614 3536 3374
is_linear=0
shrinkage=0.03


Tree=67
num_leaves=63
num_cat=0
split_feature=15 11 21 32 3 7 32 20 4 7 20 21 9 9 11 17 11 32 21 4 26 21 9 20 6 4 22 18 19 32 29 20 9 33 4 6 10 26 6 17 26 4 32 0 20 0 25 29 26 24 11 7 22 7 6 11 21 15 13 22 11 25
split_gain=69.1687 23.8012 26.3628 17.9355 15.754 12.7505 13.1565 11.0291 9.93804 10.6521 9.83208 9.78322 9.25497 10.3283 8.62413 8.61304 10.6844 9.15359 8.23398 8.84858 8.24506 7.85806 8.92132 7.80357 7.70375 7.1114 6.73973 6.47868 6.62896 6.47371 10.7377 9.86892 9.34391 7.60954 7.09309 7.06922 6.87452 6.65813 6.43053 7.89631 6.33471 6.31161 6.25625 6.25009 9.91504 7.7346 6.79974 7.72457 8.70604 8.03596 6.82165 9.76719 7.84893 7.72313 7.01523 8.47672 6.71827 6.5191 8.0761 6.30683 6.15903 6.11279
threshold=-0.35810057818889612 0.024524024687707428 -0.13108481466770169 12.500000000000002 1.1569622159004214 -0.89266744256019581 7.5000000000000009 0.7558145821094514 1.1713857650756838 1.5708347558975222 -0.011165145318955181 0.91987240314483654 0.78183287382125866 -1.2918466329574583 1.117392957210541 -0.48381713032722468 1.3354479670524599 14.500000000000002 1.4608243107795718 2.5858197212219243 0.51748836040496837 -1.5999822020530698 0.51518043875694286 0.38096958398818975 0.56772726774215709 -0.11035111173987387 -0.10675829276442526 1.5137625932693484 0.11762848868966104 14.500000000000002 0.41421568393707281 -0.14990174025297162 -0.70783951878547657 1.0000000180025095e-35 -0.49911274015903467 0.9314323663711549 0.73949497938156139 1.0929179191589358 1.3001904487609866 1.871271073818207 0.77502509951591503 0.19835843890905383 12.500000000000002 1.1033436059951784 0.34372434020042425 0.53447517752647411 0.26748909056186682 0.59411767125129711 0.83427739143371593 -0.93204161524772633 0.30287615954875952 -0.20916943997144696 0.049207415431737907 -0.20916943997144696 0.53417712450027477 1.4427454471588137 -0.11923277378082274 1.2558429241180422 0.31711356341838842 -0.75051265954971302 -0.082777958363294588 -0.34504048526287073
decision_type=2 2 2 2 2 2 2 2 2 2 2 2 2 2 2 2 2 2 2 2 2 2 2 2 2 2 2 2 2 2 2 2 2 2 2 2 2 2 2 2 2 2 2 2 2 2 2 2 2 2 2 2 2 2 2 2 2 2 2 2 2 2
left_child=4 2 -2 12 11 14 -7 18 9 -5 40 15 13 -4 61 -1 17 -17 19 29 -20 -16 -23 25 26 -15 -25 28 60 30 31 36 -31 35 37 -32 -8 -34 -37 -40 -6 -12 -24 45 -45 46 47 49 -49 -36 52 54 53 -51 59 -56 -53 -48 -59 -52 -28 -3
right_child=1 5 3 8 10 6 7 -9 -10 -11 41 -13 -14 23 21 16 -18 -19 20 -21 -22 22 42 24 -26 -27 27 -29 -30 32 33 -33 34 -35 43 38 -38 -39 39 -41 -42 -43 -44 44 -46 -47 57 48 -50 50 51 56 -54 -55 55 -57 -58 58 -60 -61 -62 -63
leaf_value=-0.017528187369657198 -0.012285457734507059 0.004808628988228582 -0.0079421614232577913 -0.004634508089501087 0.029321465524830607 0.022560518749993132 0.0011252194945809925 0.0075602105679406723 0.0084364823454962032 0.0097120509854300291 -0.011574623556981791 0.00016093299705336465 -0.0054394778961625858 -0.018104279805106715 -0.014664732284501408 -0.0022062200342065591 0.01369611248807482 -0.01549829399592775 0.023781531735025358 0.018154678320041966 -0.0032263703517260347 0.012637741892772074 0.012192005693654839 -0.0076584681050215573 0.0095329945753006573 0.0081288140204946648 0.040250319433190879 -0.0064136715106370241 -0.0015553749302727653 -0.0068013903335405303 0.015277378260267267 -0.0060744510973931342 -0.01331287411197795 -0.00049202650666980031 0.025090561455886944 -0.0027166964759830691 0.018543879450894096 0.014828934754670405 0.015988090336205553 -0.011758181555072793 -0.008080796684422395 0.017582747816911711 -0.011629597544153814 0.022105480501455048 -0.0063625380395190348 -0.008061956646576024 -0.013784122024599804 -0.0036251384887033104 0.013228756518784794 -0.0015135561803638784 0.020098879410935508 -0.012200627583899179 -1.9481818589745229e-05 0.039375197974435991 0.028236450508630009 -0.0039533085839362943 0.002907712718907037 -0.011115556021915583 0.018636738335509755 -0.010460757226387186 -0.0048698929733564569 -0.010987158010891507
leaf_weight=207.91105759330094 179.32705045677722 24.400991801172495 20.27505942620337 550.04841893166304 13.175255145877601 30.270638817921281 67.950350761413574 548.72912821546197 65.947810456156731 46.187110133469105 21.339826630428437 55.950799111276865 36.020607398822904 6.4258792698383322 14.457532647997139 77.869563246145844 13.747656805440782 118.70445994660258 25.995096188038588 25.09844022244215 13.534974016249178 63.734568485990167 9.4793421123176795 2.6363317165523759 54.990633731707931 47.8561274651438 30.715648209676143 2.4230216518044463 3.9619144052267066 146.01536672748625 122.65374168753624 129.29233198985457 41.028188548982143 74.747065056115389 17.756680205464363 53.88907989859581 24.582034025341272 4.7627844233065835 46.042198125272989 7.4596588201820841 2.900030978024005 4.1558646671473971 28.584097331389785 27.915527263656259 13.77672144025564 61.328997338190675 34.807884976267815 141.58866248838603 28.983842574059963 5.090982168912892 3.8004688695073154 31.830756742507219 13.267481580376623 11.374253438785672 25.477674629539251 8.2311305925250036 89.841418737545609 10.887839660048487 12.583998668938873 14.719058103859423 1.8542492836713815 106.84480907954276
leaf_count=7911 4971 471 259 9715 223 216 767 4425 652 765 336 1649 448 138 284 2505 338 4216 177 173 102 821 107 35 441 643 396 53 51 1965 1537 1288 744 803 363 457 279 84 339 47 48 52 384 240 104 611 480 1809 364 89 66 478 178 174 268 74 911 96 109 248 21 1950
internal_value=8.05898e-05 0.00172268 -0.00197999 0.000203905 -0.0100627 0.0035184 0.00434588 0.00399447 -0.00221333 -0.00345163 0.00698285 -0.0116143 0.00780063 0.0106627 -0.00284436 -0.0131729 -0.00856052 -0.0104182 0.00250755 0.0020634 0.0152102 0.00304541 0.00612944 0.0133376 0.0182714 0.00375831 0.0275622 0.0305459 0.0334743 0.00167596 0.00420502 -0.000816055 -0.000127691 0.0078135 0.00154181 0.0104652 0.00646607 -0.00921415 0.004534 0.0114452 0.0222577 -0.00471832 -0.00497028 0.00250658 0.0130246 0.00153161 0.00291258 0.00434182 -0.000466133 0.00797465 0.00591661 0.0033834 0.0181129 0.0293249 0.01361 0.0208809 -0.00137036 -0.00628338 0.00530722 -0.00124989 0.0373753 -0.00798174
internal_weight=3727.24 3211.49 1048.67 869.343 515.755 2162.82 1915.31 1885.04 662.183 596.236 41.571 474.184 207.159 171.139 247.501 418.233 210.322 196.574 1336.31 1296.78 39.5301 116.256 101.798 150.864 96.5818 54.282 41.5912 38.9548 36.5318 1271.69 526.616 221.825 745.07 304.792 599.054 230.045 92.5324 45.791 107.391 53.5019 16.0753 25.4957 38.0634 553.263 41.6922 511.571 450.242 391.962 170.573 221.39 203.633 173.901 29.7327 16.4652 52.2283 33.7088 121.672 58.2797 23.4718 18.5195 32.5699 131.246
internal_count=59948 42670 18588 13617 17278 24082 20065 19849 11132 10480 659 16619 2485 2037 4017 14970 7059 6721 15424 15145 279 1596 1312 1778 997 781 556 521 468 14972 5517 2334 9455 3183 7490 2380 1046 828 843 386 271 388 491 6662 344 6318 5707 5022 2173 2849 2486 2045 441 263 656 342 1389 685 205 314 417 2421
is_linear=0
shrinkage=0.03


Tree=68
num_leaves=63
num_cat=0
split_feature=6 3 4 4 14 17 25 14 6 10 25 3 14 23 8 12 12 9 23 25 6 7 9 21 24 22 7 10 29 7 26 26 10 7 25 9 0 17 10 8 13 14 21 26 33 31 7 22 18 20 13 7 18 24 32 14 26 17 17 8 12 10
split_gain=60.0755 25.7767 22.0395 14.5129 16.1074 13.52 12.2078 23.8258 14.3754 10.3142 9.97194 9.80501 9.64546 9.67725 10.3024 9.13998 11.226 9.86292 9.06431 8.72314 8.54265 13.0745 11.3242 9.65411 9.28204 8.22516 9.6387 8.24091 8.64531 8.20956 7.64137 7.54317 7.53985 7.44018 7.95148 9.49669 8.04369 7.9956 7.78761 7.33345 7.79681 13.7869 7.32629 7.24061 8.1438 7.0548 7.02588 6.97909 6.91394 6.68949 6.61738 9.89831 7.74891 6.51221 7.1253 8.25015 8.82231 7.80789 7.70057 9.3577 6.82181 10.2933
threshold=-0.36978991329669947 0.057279193773865707 0.84936901926994335 -0.097492337226867662 0.4133910089731217 -0.62181267142295826 -0.3926172256469726 0.2000800967216492 -0.98886486887931813 -0.47449319064617151 2.5383567810058598 1.8791651129722597 -0.91759115457534779 0.42008206248283392 0.52249017357826244 0.36986303329467779 1.0000000180025095e-35 0.70002666115760814 0.66197091341018688 -0.31618665158748621 1.2743144631385805 -0.47647547721862787 0.57655829191207897 1.8065880537033083 -0.37792298197746271 0.35107421875000006 0.31961327791213995 0.9929681420326234 0.86190477013587963 -0.29131902754306788 1.2061725854873659 0.43324117362499243 0.52231374382972728 1.6130090951919558 1.665272653102875 -1.9703051447868345 1.6338733434677126 0.9556616246700288 -0.055912777781486504 -0.37421622872352595 1.0000000180025095e-35 0.25006461143493658 1.6731751561164858 0.33949564397335058 1.0000000180025095e-35 0.78571429848670971 -0.26261734962463373 -0.16238173097372052 -0.25409944355487818 0.42165648937225347 -0.65279909968376149 0.31961327791213995 -0.262730062007904 1.6081447005271914 11.500000000000002 -0.15035419166088101 1.0929179191589358 -0.442232996225357 1.2315276861190798 -0.96630293130874623 0.40207087993621832 0.9929681420326234
decision_type=2 2 2 2 2 2 2 2 2 2 2 2 2 2 2 2 2 2 2 2 2 2 2 2 2 2 2 2 2 2 2 2 2 2 2 2 2 2 2 2 2 2 2 2 2 2 2 2 2 2 2 2 2 2 2 2 2 2 2 2 2 2
left_child=2 3 6 19 10 15 7 8 -1 47 20 39 13 -7 18 16 17 -3 -15 29 23 -22 -23 24 -5 26 27 28 -26 -2 33 -16 -32 34 35 -14 53 -38 -35 -8 -41 -42 -17 44 -30 46 -10 -4 -11 -20 -33 52 -52 54 -37 57 60 -56 59 -58 61 -57
right_child=1 5 9 4 -6 12 11 -9 45 48 -12 -13 30 14 31 42 -18 -19 49 -21 21 22 -24 -25 25 -27 -28 -29 43 -31 32 50 -34 38 -36 36 37 -39 -40 40 41 -43 -44 -45 -46 -47 -48 -49 -50 -51 51 -53 -54 -55 55 56 58 -59 -60 -61 -62 -63
leaf_value=-0.0022619097755979391 -0.014121732873229497 -0.0097543661620665689 -0.004025576242421048 0.027315853222600002 -0.010051537343802869 -0.0054971713053150323 -0.017782184254686962 -0.011040540128782569 0.0050736517810164583 -0.011932224500320509 -0.015507275937075743 0.017819802403010669 -0.0091064127001605887 0.02244583753424944 0.0099361859034237457 -0.012219195816947082 0.019485320543689837 0.013457872077922808 -0.0019791504112437156 -0.014742849092998757 -0.01157725466734463 0.033234857988250488 -0.002283371860982937 0.021985804622160252 -0.0071131502063712338 -0.0073463445520019011 0.0097076797467037547 0.0094820302835499568 0.028975429091517055 0.017723590493792043 0.00080990998032014672 -0.0029677430353722569 -0.017203417523109336 0.02269034177744152 -0.0049150002794402401 0.0085383818226163616 0.0018123483587122293 0.02714736391145528 0.003014374157505276 -0.012424405187634236 0.0095896415268433566 -0.011179336043689255 0.014827281013690933 -0.0063559690369061547 -0.010048997769937807 -0.0060416983828630363 0.037170385842570673 0.031985856202607243 0.010011440326667053 0.010047150563801359 0.023881912064631965 0.042269475303070195 -0.0063127353188745161 0.011466890471037685 0.017265077488998651 -0.0021928180825375285 -0.0053757537595809264 -0.0043698973458792811 -0.0084393310063015491 0.040215957908768356 0.0053407758184029607 0.014583847523926182
leaf_weight=37.93917747028172 7.6444853786379126 51.701572574675083 4.9992986787110594 6.286529814824461 126.12365215457976 33.597364189103246 141.81361411325634 106.72873112373054 10.623114652931692 18.82937060110271 23.730983501300216 5.8960530646145335 42.72558581456542 21.252595923841 70.012500986456871 91.560325654223561 21.816621234640479 18.395884795114398 92.922659520059824 109.51690948568285 9.7735576555132848 22.429441750049591 10.586313001811503 14.604353873059152 151.46709067933261 104.96518192254007 98.667970139533281 45.415253752842546 13.338347872719174 12.881142552942036 69.134624823927879 5.4401748701930037 24.72736550308764 33.884214725345373 88.827869225293398 208.48499108478427 20.055791527032852 22.825703244656324 37.201042303815484 230.37051240727305 44.748245583847165 63.612253298982978 5.7369168493896714 12.776913275942205 3.6966773588210335 4.5980747975409022 19.16101062297821 15.508273137733338 23.233676958829165 68.501133181154728 13.246613860130312 22.202467910945415 10.262034617364405 96.784377444535494 11.320077434182165 278.88044591993093 3.9933931790292272 196.14674290083349 3.7943035885691634 10.985794985666871 525.06770009920001 32.232663197442889
leaf_count=949 228 745 102 134 3040 349 5130 3430 231 314 290 78 550 163 445 1437 294 252 680 3146 139 209 110 200 3143 2009 1515 720 277 378 695 37 252 302 986 1705 153 131 314 8054 974 1896 61 236 87 95 342 238 366 407 85 125 70 577 142 3233 43 1760 36 131 5433 379
internal_value=0.000297804 0.00217155 -0.00740468 -0.0025351 -0.000654454 0.00380426 -0.0090115 -0.00223482 0.0106339 0.00908744 0.00170897 -0.0114578 0.00451477 0.00912682 0.0108067 -0.00379169 0.00293354 -0.00317227 0.00604197 -0.0114775 0.00268309 0.014752 0.0230437 0.00138946 0.000459403 -0.000242168 0.00212621 -0.00131188 -0.00419798 0.00542028 0.00357911 0.0174662 -0.00456566 0.00406565 0.00359994 0.00413546 0.0045673 0.0167247 0.0132681 -0.0119968 -0.00935124 -0.00255796 -0.00997769 0.00950763 0.0201483 0.0233443 0.0280973 0.0241388 -3.56464e-05 0.00327281 0.0259704 0.0293674 0.0119058 0.00412659 0.00352485 0.00250563 0.00380461 -0.0028109 0.0218866 0.0297579 0.00327096 -0.000251501
internal_weight=3735.69 3007.63 728.061 773.905 643.862 2233.72 665.491 179.05 72.3214 62.5706 517.739 486.441 2044.51 337.438 303.84 189.211 91.9141 70.0975 182.676 130.043 494.008 42.7893 33.0158 451.218 436.614 430.327 325.362 226.694 181.279 20.5256 1707.07 121.164 93.862 1613.21 1542.13 1453.3 1410.57 42.8815 71.0853 480.545 338.731 108.36 97.2972 29.8119 17.035 34.3822 29.7841 20.5076 42.063 161.424 51.1513 45.7111 23.5086 1367.69 1270.91 1062.42 854.954 207.467 18.7735 14.9792 836.181 311.113
internal_count=60032 37833 22199 15861 12109 21972 21179 5047 1617 1020 9069 16132 19183 2361 2012 2789 1291 997 1250 3752 8779 458 319 8321 8121 7987 5978 4463 3743 606 16822 762 947 15875 15259 14273 13723 284 616 16054 10924 2870 1498 600 364 668 573 340 680 1087 317 280 155 13439 12862 11157 9255 1902 210 174 9045 3612
is_linear=0
shrinkage=0.03


Tree=69
num_leaves=63
num_cat=0
split_feature=15 3 21 25 10 13 21 32 32 10 15 5 7 2 9 15 18 6 22 5 13 26 6 15 29 7 7 5 2 16 2 21 32 34 32 10 21 9 9 8 21 26 18 18 29 13 8 22 2 13 16 3 33 22 25 26 3 25 13 26 32 10
split_gain=57.6221 26.072 13.8291 12.4301 14.7919 12.2641 11.8557 11.0921 10.9276 10.2015 9.84917 9.83036 10.9381 10.7652 9.9956 14.1256 9.2582 8.35189 8.09982 8.04048 7.70823 7.69325 9.1917 9.85702 9.11988 10.3104 7.72145 7.61466 7.47698 7.37131 7.11456 7.02464 7.01863 7.54152 7.45915 10.1302 6.91701 10.8379 7.04677 6.75098 8.43743 6.76144 6.63559 8.83593 6.56567 9.54221 8.13163 6.56553 6.46799 6.19482 6.14043 6.12447 6.0811 6.05888 6.02748 7.66945 6.01022 9.8927 8.91759 6.43894 6.7085 6.49767
threshold=-0.87416577339172352 -0.20680647343397138 -0.10891399532556532 -0.52157127857208241 1.219083368778229 -0.7981724441051482 -0.56840050220489491 9.5000000000000018 8.5000000000000018 -0.80048024654388417 -1.0622653365135191 -0.30975657701492304 0.99609312415122997 1.6202784180641177 -1.3498557806015012 1.2558429241180422 -0.40024028718471522 0.37055870890617376 -1.1043170094490049 -0.39321604371070856 0.31711356341838842 -1.1852415800094602 1.3273013234138491 1.4464946985244753 0.55050507187843334 -0.55664002895355214 0.75122755765914928 -0.17966429144144055 1.3282029032707217 0.57209491729736339 1.2262662053108218 -1.0491732954978941 12.500000000000002 2.5000000000000004 14.500000000000002 0.16004930436611178 1.4334087371826174 -0.32731302082538599 -1.0389060378074644 0.48557311296463018 1.1265897154808047 -0.5897393226623534 -0.49019223451614374 -0.60769757628440846 0.17156863212585452 -1.0000000180025095e-35 0.83901879191398632 0.3805397897958756 0.58181554079055797 0.73289230465888988 -1.0261330008506773 0.83848851919174205 1.0000000180025095e-35 -0.12981107831001279 -0.039128061383962624 -0.20668179541826245 -0.53058227896690358 0.54386845231056224 0.29213695228099829 -1.0000000180025095e-35 16.500000000000004 0.16004930436611178
decision_type=2 2 2 2 2 2 2 2 2 2 2 2 2 2 2 2 2 2 2 2 2 2 2 2 2 2 2 2 2 2 2 2 2 2 2 2 2 2 2 2 2 2 2 2 2 2 2 2 2 2 2 2 2 2 2 2 2 2 2 2 2 2
left_child=7 3 5 4 44 -3 49 10 9 -4 -1 13 14 36 15 28 30 -9 29 -8 21 24 23 42 -16 -26 -27 -6 -13 -18 54 -31 -14 34 -34 -36 38 -38 48 40 -24 -41 43 -23 45 -2 -47 52 -10 53 -44 -45 56 -5 55 -7 58 59 -21 60 61 -58
right_child=1 2 8 6 27 16 19 17 11 -11 -12 12 32 -15 20 -17 18 -19 -20 47 -22 22 39 -25 25 26 -28 -29 -30 31 -32 -33 33 -35 35 -37 37 -39 -40 41 -42 -43 50 51 -46 46 -48 -49 -50 -51 -52 -53 -54 -55 -56 -57 57 -59 -60 -61 -62 -63
leaf_value=-0.0067417667954156957 -0.0095925732286479253 0.010496482369934322 0.031396003974617268 -0.01809464254458798 -0.0079598669195228063 0.018929854955917268 -0.011704334512104505 -0.017120002151100343 0.01580479945149835 0.0075166987661555692 0.029741667422425639 -0.013780284558854061 0.016035277213352 0.019362775292729166 0.00022330865165798205 0.0097670672393140416 -0.0017920826452997301 -0.0020386164573152669 -0.0024700367632481319 -0.00376869756235496 0.0065912482291305185 -0.0050566962071727367 0.0081979796801542153 0.012652502686147494 -0.01213023909011015 0.029287517401083214 -0.0030787788129517852 0.041680147457175874 0.015977080573334961 0.030878874611198259 0.013206692876337616 0.0052260850329316445 -0.0016821156356047341 0.0019368607992219134 0.024051457310898562 0.0026519676688153771 -0.016119228355244805 0.015667828519155838 -0.0090133924761862296 -0.0097771874513189593 -0.0060622829477353429 0.020611091155330993 0.01475686788648849 0.020369370296760107 -0.005988347888455362 0.046038982642508983 -0.0080036342520583333 -0.0061314640851099344 -0.0095306974969895861 0.0042030230701596144 -0.0055702505687813802 0.0012479821032616741 -0.0057995925357094066 -0.0065889488827062213 -0.013705935756823455 -0.0093779734498089778 0.045192445775204232 -0.0082403435014368216 0.012213440592269899 0.0070822450754756076 -0.0055447073017568359 0.0069182080766795814
leaf_weight=14.825440216809513 4.9556257240474224 65.045093514025211 17.94601271674037 89.633312212303281 1.6934487279504526 9.0862774979323166 66.41756677813828 211.62499867007136 17.940927697345618 71.746495088562369 5.3746192790567866 83.114920014515519 84.76119744963944 13.949010092765091 47.525732014328241 35.656725514680147 35.480147011578083 40.722994808107615 339.46128151379526 115.0785056669265 470.77602970972657 53.323639713227749 95.017633493989706 35.441325441002846 5.3972694482654324 32.056696306914091 6.9944642130285493 9.3853761199861747 4.1825929209589949 13.107271913439034 7.8539948370307675 26.004612041637301 26.386320300400257 164.76125750131905 50.480717197060585 33.187176601961255 9.0425872914493066 28.187622671946883 157.80382012575865 4.7976177632808676 55.115008134394884 35.416984785348177 9.2198698669671995 27.119674243032932 35.154722103849053 3.9841352608054859 1.6864938102662561 138.47579267062247 10.75001699104905 19.439581442624331 337.43217174708843 29.723282262682915 70.578550355508924 88.865766130387783 113.20948635973036 17.292514292523265 10.218221314251428 16.743728578090668 37.563257774338126 40.405903115868568 3.2977665700018397 8.2764007244259101
leaf_count=499 145 1066 129 3112 46 138 1894 8777 291 515 136 1147 657 131 492 231 646 928 5039 2679 4653 596 675 244 63 351 76 208 36 207 78 322 233 1623 475 325 96 299 2131 32 315 222 162 377 952 106 40 3229 154 487 4059 267 1629 2332 1666 277 211 205 631 881 68 164
internal_value=8.27305e-05 0.00114096 0.00253205 -0.00374035 0.00922165 -0.00136144 -0.00484336 -0.0130678 0.00371939 0.0137001 0.00694046 0.00323035 0.00401643 -0.00244945 0.00277359 -0.00523969 -0.00281561 -0.0147731 -0.000482542 -0.00236428 0.00358253 0.00172335 0.000595561 -0.00157512 0.00963121 0.0186507 0.0237989 0.0339767 -0.0115663 0.00814932 -0.00913671 0.0163485 0.00864295 0.00611714 0.0120193 0.0161915 -0.00420297 0.0069529 -0.00655343 0.00610581 0.00293625 0.0163055 -0.00280397 0.00349638 0.000475447 0.0169333 0.0337472 -0.000840925 0.00630639 -0.0109792 -0.00482748 0.01128 0.00164398 -0.0127021 -0.0108071 0.0018354 0.00398714 0.0104356 0.000426944 0.0157023 0.0273805 0.033182
internal_weight=3716.2 3443.65 2681.8 761.854 56.8598 626.541 704.994 272.548 2055.25 89.6925 20.2001 1965.56 1727.89 237.674 1368.31 122.954 561.496 252.348 414.053 507.056 1245.36 774.581 682.607 492.26 91.9742 44.4484 39.0512 11.0788 87.2975 74.592 147.442 39.1119 359.577 274.815 110.054 83.6679 223.725 37.2302 186.495 190.347 150.133 40.2146 456.819 110.167 45.781 10.6263 5.67063 440.638 28.6909 197.939 346.652 56.843 302.162 178.499 139.588 26.3788 231.584 78.942 152.642 62.1983 21.7924 18.4946
internal_count=59855 49515 30496 19019 1497 9439 17522 10340 21057 644 635 20413 17311 3102 13998 1414 8373 9705 6214 11591 12584 7931 6949 5705 982 490 427 254 1183 1175 2159 529 3313 2656 1033 800 2971 395 2576 1244 990 254 5461 1240 1243 291 146 9697 445 5931 4221 644 6468 5444 2081 415 4839 1529 3310 1324 443 375
is_linear=0
shrinkage=0.03


Tree=70
num_leaves=63
num_cat=0
split_feature=15 4 11 21 21 11 8 6 25 22 25 22 4 10 11 25 26 20 26 12 4 10 31 7 23 6 8 4 23 17 12 19 6 29 10 3 3 29 9 2 6 17 3 26 6 6 20 2 10 15 23 31 7 8 2 22 3 26 7 2 12 23
split_gain=55.3933 25.6479 20.9561 18.5941 14.0054 13.725 12.9245 14.4429 18.5736 14.7366 9.7317 10.6838 9.55348 9.31433 10.4129 9.06402 9.42401 11.3215 11.5597 11.1236 8.86153 9.2839 9.69765 8.58502 9.25111 8.18511 8.71691 12.6417 9.48923 8.79257 8.49785 9.07694 8.01812 7.7134 7.68879 8.12551 7.53546 7.37555 7.35285 7.34011 7.32681 8.88839 7.32251 8.70288 7.28481 7.27662 7.23655 7.17733 7.21808 8.69926 7.14183 6.89963 6.85432 8.11518 7.84091 7.46529 7.92075 7.3074 6.79345 6.69219 6.66009 6.64905
threshold=-1.0622653365135191 -0.037920959293842309 -1.0492325425148008 1.4086498618125918 0.51071250438690197 0.63317885994911205 0.12662190943956378 -0.1964021101593971 -0.22000128775835034 -1.5897994041442869 -0.48023346066474909 0.90357834100723278 1.4478222131729128 -0.54769408702850331 0.73022466897964489 3.1635932922363286 0.91295722126960765 0.72392037510871898 -1.4227629303932188 0.57717359066009533 1.2038460373878481 1.153773367404938 0.78571429848670971 -0.5108426809310912 1.0991169214248659 0.49781689047813421 -0.85278454422950734 1.2643251419067385 0.31260946393013006 -0.22289099544286725 0.91708901524543773 0.93568003177642833 1.4559695124626162 0.85164836049079906 0.1771279722452164 0.41204597055912023 0.28649029135704046 0.25833334028720861 0.94237238168716442 1.1659339070320132 1.1021810770034792 -0.40822257101535792 0.6160244643688203 0.61198264360427868 1.7166010737419131 1.7720968127250674 0.94490996003150951 0.95958691835403453 0.48515081405639654 1.3057796359062197 0.34409253299236303 -0.64285716414451588 0.82355144619941723 -0.69970405101776112 0.10162146389484407 -0.053367890417575829 0.85275113582611095 -1.2354602813720701 1.2956362962722781 -0.47329260408878321 -0.1092720404267311 0.016755889169871811
decision_type=2 2 2 2 2 2 2 2 2 2 2 2 2 2 2 2 2 2 2 2 2 2 2 2 2 2 2 2 2 2 2 2 2 2 2 2 2 2 2 2 2 2 2 2 2 2 2 2 2 2 2 2 2 2 2 2 2 2 2 2 2 2
left_child=5 23 4 6 -3 -1 7 59 25 42 11 -6 -12 52 44 16 17 20 40 34 32 22 37 24 -2 -9 27 29 -28 -27 31 -31 -8 -7 58 -36 -34 -22 51 47 41 -19 -10 -44 -15 -5 -18 48 -16 -50 -39 -21 55 -54 60 56 57 -11 -20 -4 -55 -53
right_child=1 2 3 45 10 33 15 8 9 13 12 -13 -14 14 39 -17 46 18 19 38 21 -23 -24 -25 -26 26 28 -29 -30 30 -32 -33 36 -35 35 -37 -38 50 -40 -41 -42 -43 43 -45 -46 -47 -48 -49 49 -51 -52 61 53 54 -56 -57 -58 -59 -60 -61 -62 -63
leaf_value=-0.018158108554874045 -0.014210116922673224 -0.016433075508551512 0.0099217869084680214 0.011463767414535708 -0.0064229917057843462 -0.005475616015129749 -0.00061383360743569293 0.00051806144685869653 -0.00082654547023530765 -0.011218036908900499 -0.0066768338089545241 0.031251062184743841 0.017019788022344582 -0.0081055630902210907 -0.0030746672171223237 -0.0135850492134481 0.013733592351975937 -0.0041948125748251137 -0.013002964443433825 -0.00017683130102674386 0.012787492376452506 0.0258665495909624 0.024984865181261851 -0.0022982666746291158 0.0065082771205985926 0.00041198123299716633 0.023904769281064865 -0.010358430246124909 0.0019505773959056843 0.034553661848896036 -0.0002770099879403543 -0.0073039371763379294 0.027704641226655342 0.022292642110606019 -0.0078901903787801427 0.016182193276088778 0.0032541240725297198 0.011269282204957366 -0.006189800289616838 0.014571065959895003 -0.0036709982381300287 0.040301777956871405 0.035581681486093586 -0.0048458037641180268 0.011722779472461286 -0.0063520821466613014 -0.0029192579896333134 -0.020427099370349269 0.013637655633011966 -0.0081329675216582163 -0.012895192581621496 -0.006135154127558386 -0.0007799451242294866 0.0016588330503788946 -0.0038195377003624898 -0.002571383185639061 -0.0034097147105504682 0.026597273522667764 0.012118184723105975 -0.0089619929003351678 0.038947239330013365 0.026052304638749201
leaf_weight=165.19264374673367 112.36733864247799 73.363636692985892 14.573254270479081 282.45557575859129 9.2106369845569152 32.440144281834364 523.37335323542356 89.645656902343035 12.410407263785599 2.6771146673709181 121.62423686496913 11.133880684152244 12.589613476768134 300.80594820715487 163.40404910594225 18.909872218966484 156.1499830391258 3.8346916157752338 40.698587730526924 14.408530121669171 20.658934585750103 20.481982106342912 11.869805641472338 437.23240092210472 20.191421162337065 13.470724144950507 16.667631812393665 9.094574458897112 103.40561941079795 48.384763980284333 8.6962189897894842 3.3899539038538924 12.606998831033705 6.8717334177345029 15.698856391012667 30.954251188784838 36.470284432172775 10.680225145071743 10.460940292105077 26.237040594220161 4.8104598782956591 17.933318177238107 15.602233514189722 4.8213474601507178 13.343860827386377 19.129471246153116 25.653903149068356 10.799325112253426 55.203928656876087 18.961443033069372 36.437908835709095 4.5820803251117459 22.170705374330282 6.1414406932890477 6.6167642027139655 139.48041339218616 18.184409473091364 20.953331302851439 8.0722456313669664 170.44429587014019 14.325140025466679 48.173241451382637
leaf_count=6969 3096 2360 325 2178 174 958 8358 1411 208 53 2241 197 117 4301 1561 214 2065 69 464 139 181 177 96 8656 303 209 216 76 920 483 83 29 131 196 259 267 253 129 125 166 38 195 142 47 103 97 273 75 571 124 288 90 213 65 50 1588 161 350 80 4277 125 417
internal_value=0.000519626 0.00141409 0.00254639 0.00328503 -0.00610036 -0.0144662 0.00239156 0.000411161 0.0016758 -0.000574739 -0.0008345 0.0162925 -0.00392258 -0.00141175 -0.00340694 0.00483302 0.00522603 0.00388818 0.0100732 0.00679624 0.00199165 0.0099981 0.00463051 -0.00438458 -0.0109324 0.00812622 0.0113911 0.0186421 0.00583189 0.0226392 0.027181 0.0314112 0.000516774 0.00134601 -0.000172314 0.00810214 0.0115158 -0.00040578 0.0148547 0.000861209 0.0269544 0.0331438 0.0177375 0.026962 -0.00709287 0.0102485 0.0113685 -0.000846032 0.000446785 0.00790955 -0.0068622 0.0183342 0.00364756 0.0130051 0.0226526 0.000824492 0.0112168 0.0211022 -0.00810486 -0.00725264 0.0302806 0.0229675
internal_weight=3706.63 3502.13 2932.34 2704.42 227.922 204.505 2402.83 1329.91 1144.89 852.139 154.558 20.3445 134.214 819.305 588.756 1072.92 1054.01 872.207 199.627 173.049 672.579 100.129 79.6469 569.791 132.559 292.755 203.109 83.0362 120.073 73.9417 60.4709 51.7747 572.451 39.3119 95.4239 46.6531 49.0773 67.7771 77.6248 274.606 26.5785 21.768 32.834 20.4236 314.15 301.585 181.804 248.369 237.569 74.1654 47.1181 67.1639 230.549 49.2541 27.0833 181.295 41.8149 23.6304 48.7708 185.018 20.4666 52.7553
internal_count=59782 51659 39604 34515 5089 8123 32240 17932 13330 9903 2729 371 2358 9506 6901 14308 14094 11756 2143 1841 9613 871 694 12055 3399 3427 2016 880 1136 804 595 512 8742 1154 1070 526 384 598 771 2497 302 264 397 189 4404 2275 2338 2331 2256 695 417 646 2605 453 240 2152 564 403 544 4602 190 507
is_linear=0
shrinkage=0.03


Tree=71
num_leaves=63
num_cat=0
split_feature=15 11 20 7 14 32 5 14 9 9 32 15 4 32 11 17 26 16 9 14 26 5 9 23 26 14 12 25 9 25 14 16 4 26 14 16 16 5 4 13 32 4 26 17 12 26 26 14 4 12 9 16 8 23 24 26 24 13 23 11 14 25
split_gain=54.4608 22.2017 20.012 17.4806 13.7349 13.2734 10.8781 10.7027 10.6254 10.1139 9.57923 13.2891 8.98214 11.0592 11.5515 10.0343 8.8949 8.40515 8.23909 9.10292 8.22951 8.39224 7.85344 9.98193 8.32913 7.77215 7.19089 7.4307 8.76922 9.04526 7.34165 7.38291 10.546 9.80008 8.31805 8.79425 7.5079 7.16656 7.10512 8.30339 10.8976 7.09437 7.78863 9.25023 9.95192 7.80081 10.0785 7.11379 12.3369 7.22256 7.03036 6.94278 6.91321 12.1504 11.3422 9.74386 9.8675 8.72574 7.69622 8.12348 7.07684 8.1067
threshold=-0.69623205065727223 0.036560259759426124 0.11265872418880464 -0.85574060678482045 -0.90419462323188771 10.500000000000002 1.1304299831390383 -2.6278655529022212 0.75640910863876354 1.0000000180025095e-35 15.500000000000002 -0.067129451781511293 -0.027378956787288185 11.500000000000002 0.73022466897964489 -0.66524404287338246 -1.2354602813720701 -1.666665732860565 -1.0593020915985105 0.71398851275444042 -2.0478987693786617 -0.24527881294488904 -0.34573428332805628 0.50707513093948375 0.37824055552482611 -1.8591957092285154 0.89262923598289501 1.2899801135063174 -1.0063593387603758 -0.20186261087656018 -1.0100318193435667 0.83715447783470165 -0.4039864689111709 0.98986387252807628 0.55246189236640941 0.78678208589553844 0.93609958887100231 -0.79013499617576588 -1.0000000180025095e-35 0.5040002465248109 13.500000000000002 1.5478326082229616 1.5132408738136294 1.906970262527466 0.35080668330192571 0.16488995403051379 0.54774844646453869 0.35399699211120611 1.8348655104637148 0.71823149919509899 -1.1543081998825071 0.19244285672903064 0.44808834791183477 0.62698704004287731 0.62272861599922191 0.80794420838356029 1.0740335583686831 0.11831674724817277 -0.012348851189017294 0.83979991078376781 -0.94694581627845753 -0.44720853865146631
decision_type=2 2 2 2 2 2 2 2 2 2 2 2 2 2 2 2 2 2 2 2 2 2 2 2 2 2 2 2 2 2 2 2 2 2 2 2 2 2 2 2 2 2 2 2 2 2 2 2 2 2 2 2 2 2 2 2 2 2 2 2 2 2
left_child=12 2 6 38 5 -4 25 8 -5 -7 26 -12 -1 15 -15 -14 20 -18 19 37 -6 -22 -19 -24 -25 -2 27 28 29 -9 -30 34 -33 -34 35 52 -35 -13 -3 -40 51 42 43 -20 -45 -46 -47 48 -43 -50 -29 -41 54 55 57 56 60 -32 59 -59 -54 -62
right_child=1 3 4 7 16 9 -8 10 -10 -11 11 18 13 14 -16 -17 17 22 41 -21 21 -23 23 24 -26 -27 -28 50 30 -31 31 32 33 36 -36 -37 -38 -39 39 40 -42 47 -44 44 45 46 -48 -49 49 -51 -52 -53 53 -55 -56 -57 -58 58 -60 -61 61 -63
leaf_value=-0.018676310603525047 0.0063128559387441805 -0.013284448363457272 0.031712646097050878 0.017614866331963255 -0.0072487510710191293 -0.0043567162292736591 0.0088146175344652414 0.010817369183914703 -0.010543210873345641 0.01518530927240375 -0.010755913485176365 0.014335651382027172 -0.010094860837571107 -0.01421566959362542 0.0037910631891662923 0.017255334417701045 0.019999551501677811 -0.008911593735931176 0.00042514404696718873 0.01274743113961182 -0.0094507545376667015 0.01864875558376734 -0.0057420276852406813 -0.002177095932639771 0.0089901064282465089 -0.0099571035168782521 0.00010982688179040889 0.01292259982284058 0.017573261653607904 -0.0082894046413869368 -0.010506934668459696 -0.011590533580967568 0.017537520610693264 0.019854462260431183 -0.0027858410997640146 -0.01018597712924189 -0.013880103022616002 -0.013271474440971244 -0.004879374899502866 -0.010672002371873714 -0.0024991530633494338 0.039695538945630937 0.020512020347824012 -0.0091379336981489718 0.0017019833410069638 0.037842390414466513 0.0043761271129764481 -7.3553983349538718e-06 0.016081080890576117 -0.0079770411562486813 -0.0059522491880913478 0.027374480850309593 -0.0082265277758286782 0.0029824845861897826 0.012470705913424742 6.8689894842654313e-05 -0.0077879375060590575 0.037338195805558215 -0.0019683376435650646 -0.0054654350152394419 7.3854608471145348e-06 0.042600380740219983
leaf_weight=101.07123627141118 25.233523229137063 52.939279614016414 16.878466289490461 79.448868170380592 18.845919042825699 46.227150723338127 30.444559246301651 30.791902421042323 10.671956036239861 40.730827806517482 70.823662826791406 5.449382632970809 16.696208393201232 156.43366032280028 37.732680970802903 23.342912521213293 10.103056164458392 133.44027653522789 561.965984409675 14.496012259274719 8.442122293636201 47.782596163451672 186.89597216248512 116.53745657764375 115.7896829880774 351.15290663763881 176.44161831028759 18.524570424109697 77.449033869430423 54.274991050362587 48.030551161617041 11.157066274434326 139.14229181595147 3.5928841196000603 87.089158698916435 19.054503055289388 15.02156801894307 67.434676665812731 168.49407894164324 2.4420185089111355 37.564817620441318 11.794593967497347 15.559007026255129 12.822444863617418 19.720616348087788 18.176780506968498 14.702087737619875 31.185798898339272 25.259762767702341 14.009761832654474 67.934377670288086 20.083873998373747 1.5196147561073292 42.789623912423849 88.707939341664314 11.677808256819842 3.6258727125823489 6.7790598049759847 25.686254397034645 4.3247936423867941 4.5355175677686885 30.620715253055099
leaf_count=4235 400 1173 123 579 315 507 576 366 83 466 1596 83 578 6129 991 637 223 2330 6437 173 151 719 3886 1284 1335 9346 1602 153 662 676 804 107 935 34 1175 169 106 874 2744 41 565 87 194 114 132 107 98 238 167 94 643 234 18 408 785 175 34 126 315 73 69 433
internal_value=0.000143306 0.00129567 -0.00208553 0.00304267 0.000853505 0.0107049 -0.00738886 0.00405534 0.0139015 0.00512467 0.00354012 0.00126978 -0.0112963 -0.00778761 -0.0107091 0.00599581 -0.000821031 -0.00213508 0.0023773 -0.0060943 0.00854793 0.0140024 -0.00271541 -0.000661347 0.00346068 -0.00879788 0.00559324 0.00680598 0.0078168 -0.0011567 0.00904583 0.00768119 0.0128416 0.0148725 0.00521474 0.00764568 -0.00454359 -0.0104195 -0.00389277 -0.0014799 0.00769481 0.0034328 0.0023231 0.00171341 0.0119636 0.0174543 0.0254306 0.0114771 0.0178659 0.00756656 -0.00142277 0.0220606 0.00907527 0.0154396 0.00526448 0.0245327 0.0308314 -0.00254668 0.00785937 0.0241461 0.0351257 0.0377906
internal_weight=3707.6 3372.32 1148.5 2223.82 741.674 103.836 406.831 1942.29 90.1208 86.958 1852.17 883.401 335.277 234.205 194.166 40.0391 637.837 562.766 812.577 87.3801 75.0706 56.2247 552.663 419.223 232.327 376.386 968.772 792.33 705.871 85.0669 620.804 543.355 168.914 157.757 374.441 287.352 18.6145 72.8841 281.524 228.585 60.0907 725.197 642.947 627.388 65.4219 52.5995 32.8789 82.2499 51.0641 39.2695 86.4589 22.5259 268.298 94.7692 173.529 51.9795 40.3017 84.8207 36.7901 11.1039 36.6758 35.1562
internal_count=59912 47342 21661 25681 11339 1096 10322 20924 662 973 20262 10394 12570 8335 7120 1215 10243 9058 8798 1130 1185 870 8835 6505 2619 9746 9868 8266 7470 1042 6428 5766 1182 1075 4584 3409 140 957 4757 3584 840 7668 7082 6888 451 337 205 586 348 261 796 275 3240 1137 2103 729 554 1318 514 199 520 502
is_linear=0
shrinkage=0.03


Tree=72
num_leaves=63
num_cat=0
split_feature=23 11 4 3 7 4 8 5 14 9 25 26 22 8 25 6 16 5 14 4 11 14 13 14 18 18 11 17 3 4 5 5 7 6 25 11 11 26 1 23 20 29 8 9 6 10 10 5 10 13 11 29 20 25 6 11 16 10 9 6 9 9
split_gain=49.0555 25.3233 21.2082 13.8454 13.0281 12.1372 12.0588 10.844 12.8842 11.6968 9.57352 9.54079 9.09132 9.08305 8.30636 12.0437 10.6056 15.3625 9.93928 8.28466 8.08619 10.8174 7.97002 7.89518 8.29741 10.194 7.86503 7.72667 9.98117 7.4762 7.36825 7.33164 6.9991 6.97616 6.84105 10.2787 9.28962 7.08742 8.54066 8.14101 11.417 7.06489 6.74161 6.47992 6.44318 6.86227 8.11514 6.34157 6.26534 10.9222 6.23471 6.22144 14.7727 8.07568 7.1341 11.2712 7.11768 6.40986 6.25279 6.15421 9.00811 7.73148
threshold=0.24323514103889468 0.049944764003157623 0.75685957074165355 -0.88344165682792652 -1.3425802588462827 1.0000000180025095e-35 -0.2967283427715301 -0.033235326409339898 -2.8263701200485225 -2.1104872226715083 -0.5810696780681609 -0.99181425571441639 0.88314017653465282 -1.433250844478607 1.665272653102875 1.3273013234138491 0.63698607683181774 0.46735297143459326 0.47093339264392858 1.5478326082229616 0.8508099913597108 1.0000000180025095e-35 -0.94334441423416127 0.49766954779624945 -0.69065332412719715 -0.24626781046390531 -0.31456629931926722 0.050320535898208625 0.47575937211513525 0.52158835530281078 -0.57487514615058888 -1.2217898368835447 1.4981490373611452 -1.0304466485977171 -0.27617515623569483 0.14258944243192676 -1.3820490837097166 1.1235290169715884 0.45406289398670202 0.61792618036270153 0.28593853116035467 0.86190477013587963 -1.0387327075004575 -1.1543081998825071 0.72543650865554821 -0.89583823084831227 -1.0759878158569334 1.0556914806365969 -0.46449612081050867 0.57540631294250499 -0.072313152253627763 0.18465909361839297 -0.44144129753112787 -0.31242991983890528 0.96234902739524852 0.99969345331192028 0.75610783696174633 -0.2619365900754928 0.81509399414062511 0.77047204971313488 0.37818798422813421 0.70002666115760814
decision_type=2 2 2 2 2 2 2 2 2 2 2 2 2 2 2 2 2 2 2 2 2 2 2 2 2 2 2 2 2 2 2 2 2 2 2 2 2 2 2 2 2 2 2 2 2 2 2 2 2 2 2 2 2 2 2 2 2 2 2 2 2 2
left_child=1 3 4 47 27 6 -3 44 26 -10 12 -7 -5 -4 15 20 17 18 50 30 21 34 -13 24 -8 -26 -9 -2 -29 51 32 -15 -12 -14 35 36 -11 38 39 40 -36 -41 -38 -43 -6 46 -46 -1 -24 -50 -17 52 -22 58 59 -56 -57 -55 -54 61 -61 -53
right_child=2 5 13 10 7 11 23 8 9 14 19 22 33 31 -16 16 -18 -19 -20 -21 29 -23 48 -25 25 -27 -28 28 -30 -31 -32 -33 -34 -35 37 -37 42 -39 -40 41 -42 43 -44 -45 45 -47 -48 -49 49 -51 -52 54 53 57 55 56 -58 -59 -60 60 -62 -63
leaf_value=-0.017470134582005532 -0.017318451777101857 -0.0094355197327785859 -0.0067476254016586839 -0.0026978468872682626 -0.0097778291979468395 0.023446174367417947 0.032014191598935073 -0.0083770884318916505 -0.012396250693739093 -0.011249008251998517 -0.021273642384397762 0.024053467470216115 -0.0059715441434283079 -0.0090186281693448861 -0.0044438395349743337 0.0068322975727085353 0.0048173685910672176 -0.010304823070640333 0.0031145888480947287 0.011613861320883986 -0.0088232521683636236 -0.0032640457008578736 0.010373727726029233 -0.0083936294582084917 -0.0038551134179611955 0.010356850675624783 0.019311830141040816 -0.014629333396064675 0.013315095266693134 -0.01337016951353576 -0.0065625031701210656 0.0098872911616658034 0.011129767080781894 0.034563095028260382 -0.0063922542346883677 -0.00082443118469621062 -0.0073187480687339438 0.014384239660806177 0.014774069327856455 -0.0030829519820446912 0.016020835101765021 0.010674807626491934 0.027034088819938705 -0.024405249414560973 -1.3605651954197496e-05 -0.0028248979541035616 0.032671485802202964 0.0049558524199910655 -0.014311341675421339 0.015886307809902314 0.034878460545883581 -0.00077912230769019725 -0.015937974242023659 0.0074219901795535325 0.014044713594787461 -0.013286742886924233 0.0016642302226023307 0.031134989218437843 0.018547727826392201 0.024109443492153677 0.0015625508535665634 0.015349302987284517
leaf_weight=165.86885858140886 48.285467835143209 132.74679197743535 31.260019846260548 29.220472382381558 99.490587905049324 24.90309751033783 4.5712515637278548 8.0153672378510219 44.586793044582009 4.9758723527193061 50.411133328452706 8.9541404973715526 3.5157030764967194 15.524788070470093 141.58104246109724 12.027520939707754 237.03012009710073 12.317617218941448 18.950049672275782 15.305143946781753 18.53807182982564 437.7185707744211 24.530803827568889 48.441309355199337 89.035528175532818 83.755018271505833 54.212655272334814 16.2643624227494 20.06939360126853 14.543366964906452 337.75034157931805 439.95212851837277 3.6406105011701575 8.5569383185356838 35.331312647089362 38.997618217021227 3.7089389842003575 27.761963313445449 24.253480335697532 119.14927273802459 37.667518015950918 2.7617400512099293 39.676731621846557 22.678845895454288 16.832087539136413 146.91163770854473 6.5077845323830834 10.073307516053317 36.736589223146439 9.9757618196308595 37.040787603706121 99.439262421801686 7.396599227562545 19.288365095853806 28.041674673557281 52.488754594698548 55.176562163978815 33.781628357246518 2.7576085068285465 34.457138538360596 28.003546588122845 31.3746891412884
leaf_count=7216 964 3372 262 757 1921 356 126 69 553 62 1804 146 96 160 1550 117 1476 105 171 207 244 6189 393 1291 2043 1954 394 313 227 124 10054 3447 118 149 563 401 51 322 249 1242 450 28 467 242 217 1761 83 340 619 144 285 1301 77 187 225 483 395 315 26 308 263 393
internal_value=0.00023509 -0.00510759 0.00245345 -0.00902706 0.00115961 0.00021028 -0.00243476 0.00164407 0.00249212 0.00198336 -0.00611096 0.00893463 0.00702904 0.0080726 0.00240091 0.00304364 0.00820416 0.0173291 0.0226963 -0.00751287 0.00167316 -0.000119647 0.00331692 0.00179614 0.00473301 0.00313124 0.0153875 -0.0100436 0.000549621 0.00498562 -0.00839695 0.00915196 -0.0183336 0.0244671 0.00372793 0.0107793 0.0193367 0.00128844 -0.000475794 -0.0024693 0.00545856 -0.0065205 0.0236445 -0.0194692 -0.00391329 -0.000305022 0.0132562 -0.0160847 -0.000695833 -0.00694993 0.0292714 0.00578853 0.0129821 0.0195538 0.0038331 -0.00141876 -0.00589082 0.0238976 -0.00354295 0.00746346 0.0148658 0.00351183
internal_weight=3714.82 1087.99 2626.83 624.343 2140.09 463.65 358.55 2055.47 1785.73 1723.5 448.4 105.1 41.2931 486.737 1678.92 1537.34 317.366 80.336 68.0184 407.107 1219.97 794.682 80.1973 225.803 177.362 172.791 62.228 84.6192 36.3338 425.287 391.802 455.477 54.0517 12.0726 356.963 87.3592 48.3615 269.604 241.842 217.589 72.9988 144.59 43.3857 25.4406 269.742 170.252 23.3399 175.942 71.2432 46.7124 49.0683 410.744 81.7623 63.2242 328.982 135.707 107.665 53.07 10.1542 193.275 62.4607 130.814
internal_count=59867 31185 28682 20741 24813 10444 8786 23309 19327 18864 13185 1658 1002 3869 18311 16761 2154 678 573 12183 14607 10266 1302 5414 4123 3997 463 1504 540 4341 11976 3607 1922 245 4077 981 580 3096 2774 2525 1013 1512 518 270 3982 2061 300 7556 1156 763 402 4217 849 605 3368 1103 878 502 103 2265 571 1694
is_linear=0
shrinkage=0.03


Tree=73
num_leaves=63
num_cat=0
split_feature=15 3 32 8 16 4 5 15 23 6 16 26 26 2 25 16 15 23 11 21 19 26 9 10 30 11 17 21 8 23 3 4 17 2 15 4 13 31 26 3 25 32 24 26 13 8 13 8 8 21 25 15 23 17 4 15 27 32 17 24 24 5
split_gain=53.5411 18.5394 17.338 17.8935 15.545 14.3215 11.9149 10.8114 10.5247 9.9657 11.0713 9.45713 9.41813 10.3375 9.2711 9.25146 10.953 9.78274 8.79184 8.51301 8.48199 8.42042 8.21507 10.0925 7.54352 8.24107 9.17121 8.26116 7.57651 7.44008 7.92416 13.5929 7.33895 7.24215 7.74208 7.65838 7.11525 7.08822 7.02082 9.51506 12.2893 16.1989 9.32589 7.19303 6.98896 6.97306 6.93556 7.16721 12.0024 6.85315 6.76769 8.13847 8.77663 7.27436 6.6957 7.48691 6.65033 6.59539 7.17608 6.48094 6.41898 7.08726
threshold=-0.34570795297622675 1.1403037309646609 14.500000000000002 0.52249017357826244 0.097178533673286452 2.3550682067871098 -0.12708774954080579 0.097125578671693816 -1.236350893974304 -0.89975279569625843 -0.83084473013877858 1.3795962333679201 1.4099041223526003 0.41467522084712988 -0.49999682605266565 0.40561732649803167 -1.0000000180025095e-35 1.1176006793975832 1.1876178383827212 1.6731751561164858 -0.30225415527820582 -1.3405264019966123 -1.5150947570800779 1.0491915941238406 -6.3666667938232413 0.92381134629249584 -0.68592002987861622 -1.5712861418724058 1.7060287594795229 1.064257085323334 1.5103702545166018 0.56957736611366283 -0.40822257101535792 0.68949258327484142 -1.0000000180025095e-35 -0.73874974250793446 -1.7389873266220091 0.5000000149011613 -0.83952859044075001 1.2413458824157717 0.083021711558103575 11.500000000000002 1.368832588195801 -1.7798966765403745 0.57540631294250499 0.1502688676118851 0.76765739917755138 -0.30845902860164637 0.51137530803680431 -0.60775944590568531 -0.26715756952762598 1.2087481617927553 0.89679655432701122 2.331966876983643 0.98312342166900646 1.2392418384552004 4.5000000000000009 10.500000000000002 -0.9614155888557433 0.95917904376983654 0.43577271699905401 1.5095761418342593
decision_type=2 2 2 2 2 2 2 2 2 2 2 2 2 2 2 2 2 2 2 2 2 2 2 2 2 2 2 2 2 2 2 2 2 2 2 2 2 2 2 2 2 2 2 2 2 2 2 2 2 2 2 2 2 2 2 2 2 2 2 2 2 2
left_child=1 4 3 9 57 6 7 -4 -8 45 36 14 13 22 44 17 -17 19 -18 -16 -3 -15 23 -10 -5 38 -27 -28 33 30 31 37 -6 34 -29 -36 -11 -20 39 40 41 -26 59 -43 49 -2 47 -34 56 -12 -24 -52 -53 -54 -9 -56 -49 58 -1 -40 -23 -62
right_child=2 20 5 24 32 -7 8 54 12 10 11 -13 -14 21 15 16 18 -19 29 -21 -22 60 50 -25 25 26 27 28 -30 -31 -32 -33 46 -35 35 -37 -38 -39 42 -41 -42 43 -44 -45 -46 -47 -48 48 -50 -51 51 52 53 -55 55 -57 -58 -59 -60 -61 61 -63
leaf_value=-0.019615539465946134 -0.016310143652065671 0.039469246637196531 -0.01551810412803978 -0.0060039256748399272 -0.0098384802188030765 0.013067757388673931 -0.013505259990344194 -0.0054970809285442082 -0.013442500802111053 -0.011610440604332611 -0.0067117264411147128 -0.012359770015456829 0.013760706068852826 0.021298921201123991 -0.0076193623009945637 0.021947102279588748 0.00029233012481086362 0.014497161446416893 0.0050145116256156367 0.014713517707443923 0.003521208567942235 -0.0070047107628459964 0.00440876115383895 0.012890624122756543 0.043875173237451222 -0.011969523674284714 -0.011412489024983005 -0.0095025102824026642 0.0024794175319481715 0.0022821041692211428 0.032476373329084984 -0.020013863977271756 -0.0045098660414877945 0.0011471872261731033 -0.0091391105919471968 0.027898317133695064 0.024790365059464647 0.032707656086110572 0.003970427705511744 -0.0083151831206811772 -0.0029311289026090009 -0.013516175447051451 0.014589692510221438 0.016143046469780133 -0.00084504371794991379 0.0078284580681242163 -0.013931900943504513 0.0030900190923447814 -0.0014038939773460472 0.02606288828676278 -0.0029634391902902397 0.013719978126360173 -0.0021916037228445098 0.016265730060702626 -0.0021179132869211591 0.021119493435797811 0.037677345659508962 -0.016352774488759311 0.0067657707008281992 -0.0087951190305237265 0.0028330928998097191 0.017101019402882913
leaf_weight=8.620753185823558 38.465381560847163 2.2350408378988496 77.772374548017979 25.223210940137506 75.784726718440652 65.317829385399818 43.005324471741915 155.09299135394394 75.309401538223028 2.7394997198134687 4.7498990762978783 35.321858387440443 43.567912425845861 23.795865660533309 176.42944958806038 23.32336007617414 362.16214811056852 19.13256623968482 24.033089285716414 12.180413212627171 39.39308775216341 36.202884193509817 231.5406758915633 11.528843019157646 19.718019064515829 6.8524744473397723 5.400027021765708 3.3398423176258794 22.781371993944049 66.846977531909943 15.658254638314245 7.6175445318222037 31.806403322145343 13.813355203717945 3.0440259240567675 92.189186302945018 24.237177211791277 9.8961307741701585 121.01938111148775 10.843207873404024 16.01929928176105 6.2835607863962641 50.302548322826624 18.72397982142866 18.56959991902113 10.963211569935082 14.286757269874213 8.2847605179995316 25.29750994220376 29.649216854944825 659.15434900484979 52.86188780516386 147.76293200999498 16.983430482447147 30.066450268030167 15.406035535037516 12.877822220325468 256.91835937649012 24.32350236363709 45.000052087008953 138.79190574213862 36.57707891985774
leaf_count=328 1114 31 2231 369 2640 472 1562 2293 1229 49 80 400 608 233 2797 414 3303 167 236 127 637 562 3367 192 220 88 87 54 201 413 96 61 860 94 40 705 436 91 1890 72 167 96 366 279 205 248 429 258 747 362 10446 494 1032 99 319 106 345 10393 794 377 1191 273
internal_value=0.000232586 -0.0088493 0.00166128 0.00425285 -0.0105986 -0.000214929 -0.000733105 -0.00638043 0.000320561 0.00173023 0.00252957 0.00183043 0.000768212 0.000325958 0.00255667 0.00161206 0.00377833 -0.00366518 0.00269226 -0.00583437 0.00947666 0.00600369 -0.000812552 -0.00943498 0.00901328 0.00994168 0.0156709 0.0173831 0.0188996 0.00941594 0.0168987 0.00816982 -0.00321561 0.0219807 0.0247038 0.0263176 0.0198564 0.0162553 0.00679071 0.0146449 0.0190641 0.0264446 0.00391936 0.00768029 0.0141059 -0.0107289 0.00243366 0.00607823 0.0130607 0.0212599 -9.7624e-05 -0.00130595 0.00366853 0.000134205 -0.00254589 0.00706717 0.0273153 -0.014759 -0.00181272 0.000354313 0.00383139 0.00620055
internal_weight=3703.1 499.829 3203.27 1342.53 458.201 1860.74 1795.42 278.338 1517.08 881.976 832.547 805.571 1474.08 1430.51 770.249 717.28 509.538 207.742 486.214 188.61 41.6281 235.368 1195.14 86.8382 460.554 435.33 147.42 140.568 135.168 124.052 57.205 41.5468 168.338 112.386 98.5731 95.2332 26.9767 33.9292 287.91 71.5881 60.7449 44.7256 216.322 25.0075 52.9687 49.4286 92.5533 78.2665 46.4601 34.3991 1108.3 876.763 217.608 164.746 200.565 45.4725 21.1626 289.863 32.9443 166.019 211.572 175.369
internal_count=59875 17462 42413 15704 16794 26709 26237 4949 21288 10599 9237 8752 19726 19118 8352 7705 4614 3091 4200 2924 668 2259 16859 1421 5105 4736 1269 1181 1094 897 484 388 5279 893 799 745 485 327 3467 834 762 595 2633 375 647 1362 2639 2210 1350 442 15438 12071 1625 1131 2718 425 603 11515 1122 2267 2026 1464
is_linear=0
shrinkage=0.03


Tree=74
num_leaves=63
num_cat=0
split_feature=3 11 32 15 7 21 14 4 11 7 25 14 12 13 3 4 12 15 20 24 10 7 32 4 11 1 14 22 21 1 20 30 7 11 3 23 8 6 11 22 11 7 19 1 8 8 3 3 18 12 2 7 7 16 21 7 32 20 25 24 23 8
split_gain=47.7159 22.0974 19.1861 17.1452 15.4417 10.6485 14.1715 10.5866 10.0979 10.0327 9.7647 9.60358 9.54293 15.0205 8.87467 8.76298 8.94782 8.66393 7.90352 8.38969 8.74277 7.8796 7.59322 8.93755 7.41713 7.53006 7.41584 8.94978 7.52159 7.33922 9.36425 7.30319 7.28086 6.93494 6.92987 6.86752 6.74406 7.85691 6.68182 6.42971 6.42438 12.9508 10.9908 7.22542 7.16459 9.76842 8.28552 9.95262 8.14547 7.85043 9.27956 8.80383 7.84793 8.65236 7.46222 7.19848 7.92567 6.78547 6.78427 13.8393 10.2714 7.81282
threshold=-0.20680647343397138 0.24782812595367434 9.5000000000000018 -0.70932689309120167 -0.27136985957622523 0.031016836874186996 -2.6278655529022212 0.82904285192489635 1.2457470297813418 -0.80568778514862049 -0.57664090394973744 -2.8263701200485225 0.8322277069091798 -0.21694172173738477 -0.35475680232048029 -0.11035111173987387 0.88203129172325145 -0.14339940249919889 -0.053561203181743615 0.85097411274909984 -1.0964785218238828 0.92527714371681224 10.500000000000002 1.120096027851105 -1.1629440188407896 -1.2227154970169065 0.36930915713310247 -1.0000000180025095e-35 -0.86454546451568592 -0.047893766313791268 -0.54634428024291981 -5.0714285373687735 0.021541267633438114 1.2729757428169253 -0.068583298474550233 0.24323514103889468 0.074279546737670912 0.55605751276016246 1.4805163741111758 0.028886667452752594 0.79166421294212352 0.76338607072830211 -0.054488021880388253 1.2885350584983828 1.7417139410972597 0.42307567596435552 1.0433709025382998 1.5333920121192934 -0.262730062007904 0.6202562451362611 0.38654157519340521 -0.71408048272132862 0.83461421728134166 0.38605833053588873 0.65997180342674266 0.27986232936382299 15.500000000000002 0.7042379379272462 1.0000000180025095e-35 1.4937477707862856 0.87394502758979808 0.3980348408222199
decision_type=2 2 2 2 2 2 2 2 2 2 2 2 2 2 2 2 2 2 2 2 2 2 2 2 2 2 2 2 2 2 2 2 2 2 2 2 2 2 2 2 2 2 2 2 2 2 2 2 2 2 2 2 2 2 2 2 2 2 2 2 2 2
left_child=1 4 15 33 11 6 -5 8 26 36 18 -1 22 -14 -15 -2 -17 -11 -7 20 -20 32 -6 -24 34 -26 27 -8 -29 30 -27 -19 -9 -4 -12 -13 39 -38 -35 -3 41 42 -31 -43 45 46 49 52 54 50 51 -42 53 -48 -47 -50 -57 -51 59 60 -44 -61
right_child=2 9 3 5 12 10 7 21 -10 17 24 35 13 14 -16 16 -18 31 19 -21 -22 -23 23 -25 25 29 -28 28 -30 40 -32 -33 -34 38 -36 -37 37 -39 -40 -41 44 43 58 -45 -46 48 47 -49 55 57 -52 -53 -54 -55 -56 56 -58 -59 -60 61 -62 -63
leaf_value=0.019510687111136495 -0.0038032869419991435 -0.019667089430615084 -0.011893420944267262 0.017560133650544939 0.0058912970013164047 -0.0062239047758495805 0.0043525383592480154 0.0032625920655921501 0.0028390243892121802 -0.0059393195074892522 0.017152705355380972 -0.020313998359555139 -0.014927049113618768 0.021767983618261953 -0.0095639636244548507 0.016679556359279465 0.00085394832902813502 -0.011152586521149217 -0.0057536293097377143 -0.010392167159470575 0.025876407052829401 -0.014072903617729721 -0.010169609885477554 0.0094797480218228626 0.024936925125994408 0.022502331944665818 -0.010638518231727885 -0.020817921322090382 -0.0034033628508807578 0.019580225359354678 -0.0087234527186215039 0.008696441067767801 0.021485821925055104 0.02586218145905822 -0.0075285799825036536 -0.0063181090633179201 0.0072634662777912714 -0.013776486807560506 -0.0083180871276643514 0.010094085416609054 -0.01464170306338723 0.0055313936231374304 0.002541963192199753 0.02103784464423214 -0.0092489013663541453 0.026870328496319335 -0.0033047744822314994 0.0026748195114248158 -0.0067657591604413118 -0.017083759146735916 -0.013992008742974 0.014558464485870597 -0.0015942057171378563 0.021645454177770904 0.0095228129893805726 0.023804781711035693 -0.0023641907331801914 0.0070159599882472206 -0.0077389475594299584 0.0015843504906699359 -0.0067210434638548524 0.025608640488402085
leaf_weight=2.7553648669272652 28.802598144859076 36.729245780035853 100.20358700677752 31.064095940440893 32.113108422607183 11.951719099655746 98.926490139216185 52.76818186417222 165.40972951799631 57.104772079735994 6.7872050981968632 134.95037974882871 17.21311093121767 31.8281015669927 7.3233717978000632 149.1922069657594 41.331948690116405 14.103015858680008 7.3283427674323312 5.4094429016113272 48.423026150092483 9.094693295657633 272.88322615623474 18.671920083463192 9.9351502303034049 4.9352291356772175 166.09889178164303 24.590482020750642 102.42498138360679 19.074330510571599 70.933046624064445 176.79034518450499 28.793595377355814 5.0300507545471174 85.398542309179902 48.383407900109887 39.368625560775399 19.962595136836171 6.9050046149641275 4.5630269031971684 7.1034529004245988 307.57649841532111 257.88532593101263 25.822591308504343 21.440574087202549 45.180460598319769 13.414295043796299 187.21325628459454 27.377333259209991 35.567007593810558 14.935685928910969 46.807999001815915 22.439565379172564 74.094396390020847 56.09499990567565 18.235451333224773 17.387238644063473 11.062379386276005 107.26961526088417 22.405665345489979 177.82038604654372 23.670395165681839
leaf_count=61 379 1054 3011 260 778 151 1701 557 2059 1794 155 6021 552 877 167 1232 320 282 89 41 603 91 9164 299 121 70 3137 453 1564 263 918 2851 274 108 1294 1123 1089 368 154 124 91 3016 3598 191 161 366 118 1108 236 366 153 510 161 535 353 116 136 97 1154 142 1603 151
internal_value=0.000705537 -0.00522577 0.002648 0.00191284 -0.00885905 0.00244022 -0.000754521 -0.00176007 -0.00331712 0.000716108 0.00365045 -0.0158508 -0.00527404 0.00574007 0.0154879 0.0110681 0.013356 0.00394873 0.0140538 0.0181873 0.0215874 0.00748725 -0.00725022 -0.0087726 0.00316818 0.00364066 -0.00591756 -0.00229181 -0.00743563 0.00343318 -0.00542651 0.00698278 0.0105654 -0.00931254 -0.00492243 -0.0168862 -0.00706083 -0.00033618 0.00946983 -0.0156433 0.00388584 0.00232122 -0.000294127 0.00702551 0.00630817 0.00696084 0.00440409 0.00702131 0.0130633 -0.00234282 0.00403657 0.00979487 0.013984 0.0178489 0.0181619 0.00413426 0.012313 -0.0112406 -0.00109707 0.000446054 -0.00127182 0.0152249
internal_weight=3716.36 914.744 2801.62 2582.29 566.122 2470.15 679.171 648.107 557.451 348.622 1790.98 186.089 380.033 56.3646 39.1515 219.327 190.524 247.998 73.1125 61.1608 55.7514 90.6565 323.668 291.555 1717.87 1625.68 392.041 225.942 127.015 1615.75 75.8683 190.893 81.5618 112.139 92.1857 183.334 100.623 59.3312 11.9351 41.2923 1539.88 941.525 608.126 333.399 598.354 576.914 412.638 297.162 164.275 115.477 68.8471 53.9115 109.948 87.5087 101.275 63 35.6227 46.6294 589.051 481.782 435.706 46.0761
internal_count=59971 26604 33367 31436 19042 28163 10096 9836 8914 7562 18067 7205 11837 1596 1044 1931 1552 4927 884 733 692 922 10241 9463 17183 15734 6855 3718 2017 15613 988 3133 831 3273 1449 7144 2635 1457 262 1178 14625 10118 6911 3207 4507 4346 3139 1922 1207 1217 754 601 814 653 719 488 252 463 6648 5494 5201 293
is_linear=0
shrinkage=0.03


Tree=75
num_leaves=63
num_cat=0
split_feature=3 4 32 4 15 13 9 14 8 23 19 32 5 14 15 15 26 14 7 16 8 14 26 2 8 22 18 15 8 22 9 26 13 7 14 25 6 9 1 0 10 32 4 5 19 23 14 8 23 8 26 6 27 18 18 22 22 21 7 12 14 16
split_gain=43.7433 17.8269 16.6527 12.8938 12.5286 9.69634 9.67113 10.5401 9.57716 9.57196 9.8008 8.80531 8.61156 8.51025 8.35648 10.8429 7.85726 8.22585 7.81246 7.46885 8.02603 7.22502 12.9473 9.05284 7.27151 7.16938 7.05766 6.9692 6.88813 6.84321 11.3539 11.0571 10.7587 6.72439 9.47644 7.81012 7.56276 7.19224 7.0372 6.57334 7.35514 6.46749 6.22758 6.13682 6.07892 6.01363 12.1258 6.58627 8.51803 7.88922 7.32436 7.10441 10.1084 7.3869 6.39483 6.74342 6.29604 6.20108 7.26314 6.21206 5.9092 5.90872
threshold=-0.22708977013826367 -0.097492337226867662 11.500000000000002 1.3776036500930788 -0.70932689309120167 -0.24136392772197721 -1.1034096479415891 -2.8263701200485225 -1.3589149713516233 1.3620494008064272 -0.94080114364624012 7.5000000000000009 0.34966263175010687 -1.1186898946762083 -0.98977747559547413 -0.82019871473312367 -0.83952859044075001 0.43844300508499151 0.50035893917083751 -0.24718429148197171 0.85336914658546459 -0.91759115457534779 0.60342898964881908 1.7691940665245058 -0.40614736080169672 -1.5583222508430479 -0.35935087502002711 0.65817347168922435 -0.51933053135871876 1.7625053524971011 0.78497239947319042 0.64835512638092052 0.91318559646606456 0.57335102558135997 -0.65232509374618519 1.5247075557708742 -0.38354104757308954 1.1876952052116396 -1.0000000180025095e-35 0.14027492702007296 -0.42429913580417628 16.500000000000004 -0.4374056458473205 -1.0000000180025095e-35 0.9882856309413911 -0.62429556250572193 -0.49151310324668879 0.57213476300239574 0.63605090975761425 0.44808834791183477 -0.13307904452085492 -0.026751670986413952 3.5000000000000004 -0.25409944355487818 -0.262730062007904 1.1999374032020571 0.079560488462448134 0.15478920191526416 0.27101095020771032 -1.458899140357971 -1.3718235492706297 0.62177503108978283
decision_type=2 2 2 2 2 2 2 2 2 2 2 2 2 2 2 2 2 2 2 2 2 2 2 2 2 2 2 2 2 2 2 2 2 2 2 2 2 2 2 2 2 2 2 2 2 2 2 2 2 2 2 2 2 2 2 2 2 2 2 2 2 2
left_child=1 12 8 5 -4 -3 7 -6 -2 10 -8 -10 -1 -5 61 28 26 19 -14 20 -18 22 -12 29 60 -9 -13 -19 -16 45 31 32 43 36 35 -35 -17 -38 -36 -29 -41 -15 -11 -31 -26 46 -23 49 56 51 -51 52 53 -47 -50 -56 -49 -48 -59 -60 -24 -7
right_child=2 3 4 13 6 14 9 25 11 42 21 16 18 41 15 33 17 27 -20 -21 -22 23 24 -25 44 -27 -28 39 -30 30 -32 -33 -34 34 38 -37 37 -39 -40 40 -42 -43 -44 -45 -46 47 57 48 54 50 -52 -53 -54 -55 55 -57 -58 58 59 -61 -62 -63
leaf_value=-0.017384590346789967 -0.010761852124062242 -0.0090433218229085399 -0.0089291319155899336 0.026190099881842798 0.014620056621026785 -0.014905853316103503 0.022349663633355558 0.01207368258078129 0.020388126372830311 -0.010575326022355294 0.0011850709747139919 0.00063816734063495441 -0.0096590347684404245 -0.0055138510566029395 -0.0060572372853849987 -0.011489532450581938 0.032436387269085279 -0.0096117356095015254 0.013619933595529862 0.0054380344975011926 -0.0090813420473956543 0.038413272449353025 -0.012241784895441142 0.017871015999117369 0.023351380662127042 -0.006421277537964452 0.018460750758190085 -0.0028481178497348596 0.033688265892169403 0.000994333911718065 -0.012194875013671875 -0.009040012626952653 -0.0095238036832120052 0.021167692148248086 0.021729315023281764 -0.011414317937299056 -0.0016758788313261735 0.02192238961094772 -0.0059823759551965224 -0.0088177286079796201 0.030398678211235479 0.023791411627437777 0.0095545196920591123 0.048308429068669972 -0.0083452745256397398 0.017111805059047427 -0.0042631402512655651 0.0085414222974649779 -0.003429473398444698 -0.0025048839358061486 0.019372422212400538 0.00086806347170557128 -0.01257557304369052 -0.0086821295203104356 -0.017367493974399333 0.010629648283181192 -0.005314131631841793 -0.0051189362890365622 -0.0092071695329499059 0.030386061533174205 0.013097125755697546 0.012864223558777905
leaf_weight=135.38364079967141 21.163384657353163 237.33021634165198 101.0560911167413 15.838187146931885 21.846894733607769 50.131903267465532 15.345006758347152 15.79008327051997 43.87576138228178 10.782101415097712 167.92065240442753 27.440371813252568 37.286011789925396 26.072852902114395 3.6477398350834838 69.757208988070488 13.324001720175149 55.049662705510855 13.847441667690871 209.04556379467249 3.0435325130820265 5.3532698079943648 11.051504129543902 21.736155400052667 53.912419369444251 253.40291933342814 72.542840667068958 26.591885227710009 8.5416940841823799 3.15757486969233 8.1167172212153655 5.2665691860020152 2.694926142692565 33.574134318158031 4.6704933885484925 4.691105142235755 178.62251580506563 7.4096488337963811 52.347407655790448 3.5094051063060752 9.3702166900038701 3.6771269664168349 202.4762842617929 11.335336297750477 3.5364074110984793 18.357014827430252 39.308480570092797 58.003293178975582 108.78562521934509 20.291303658857942 32.000826705247164 881.83693396113813 78.790317805483937 13.348635982722042 69.389254119247198 5.3205843344330779 50.929068395867944 10.030246149748566 2.017692942172288 12.960792921483515 12.143110066652296 4.013761280104517
leaf_count=5631 282 6978 3058 156 160 2308 244 244 346 106 1465 256 1331 397 155 2326 198 840 442 1700 43 117 96 203 443 3599 696 195 342 33 100 56 22 581 111 37 3584 156 1292 25 62 48 1291 112 28 353 1016 861 1064 253 374 9671 1578 254 777 53 786 250 45 281 122 158
internal_value=0.000379407 -0.00541184 0.00221139 -0.0031677 0.00115081 -0.00426704 0.00162714 -0.00343116 0.00723956 0.00239436 0.00163924 0.008167 -0.0135354 0.0114822 -0.00147643 0.000223148 0.00666518 0.00424685 -0.00270322 0.00731428 0.0243977 0.00138842 0.00606315 0.000574031 0.0155584 -0.00513603 0.0138327 -0.00306826 0.023492 0.000251402 0.0132465 0.0229891 0.0326287 -0.000903293 0.0057135 0.0163158 -0.00343037 -0.000186774 -0.00214358 0.00611233 0.0202354 0.00101036 0.00831783 0.0408993 0.0208883 -7.69258e-05 0.00820961 -0.000537694 -0.00447689 0.000581102 0.0114055 -4.36214e-05 -0.00704211 0.00654873 -0.00834225 -0.0148319 0.00211462 0.00310619 0.0134696 0.0240831 0.000994034 -0.0119338
internal_weight=3700.09 886.843 2813.25 700.326 2328.29 654.738 2227.24 291.04 484.957 1936.2 1722.94 463.793 186.517 45.5882 417.408 363.262 419.917 319.934 51.1335 225.413 16.3675 1707.59 248.564 1459.03 80.6434 269.193 99.9832 94.5212 12.1894 1437.29 30.5711 22.4544 17.1878 351.073 95.2831 38.2652 255.789 186.032 57.0179 39.4715 12.8796 29.75 213.258 14.4929 57.4488 1406.72 69.6705 1337.05 292.428 1044.63 52.2921 992.333 110.496 31.7057 183.495 74.7098 108.932 64.3172 25.0087 14.9785 23.1946 54.1457
internal_count=59791 26033 33758 18629 29115 18028 26057 4003 4643 22054 20657 4361 7404 601 11050 8584 4015 3063 1773 1941 241 20413 2154 18259 689 3843 952 1122 497 18056 323 223 167 8087 2021 618 6066 3740 1403 282 87 445 1397 145 471 17733 1709 16024 3541 12483 627 11856 2185 607 1894 830 1647 1592 576 326 218 2466
is_linear=0
shrinkage=0.03


Tree=76
num_leaves=63
num_cat=0
split_feature=6 11 14 3 14 9 23 2 9 18 17 11 5 11 10 4 31 24 13 7 8 11 20 20 18 7 1 13 10 5 11 9 29 30 24 6 23 9 3 0 31 18 22 6 29 29 29 20 0 7 9 10 14 7 30 19 10 14 13 26 26 3
split_gain=34.8742 19.7773 13.4905 12.7967 12.6718 13.0163 10.7794 9.1995 13.4054 10.7559 9.1167 8.69219 8.2733 11.5033 8.61972 11.9841 10.86 9.15341 7.8271 8.31623 7.78087 7.64594 7.43914 7.20002 7.13359 8.62005 7.99235 7.12508 6.86648 6.82369 7.10085 6.74855 7.68496 6.72273 6.80747 8.37957 7.55653 7.11798 7.55598 6.65831 7.35598 10.3369 8.69236 8.15955 8.088 7.98685 10.2499 11.5054 11.3375 8.23823 7.77264 7.91473 7.90571 7.73531 7.4156 7.46339 7.13287 7.01769 6.93092 6.55447 6.51155 6.50246
threshold=-0.34253501892089838 0.24782812595367434 -0.23849282413721082 -1.1167236566543577 -1.8591957092285154 -1.0593020915985105 -0.74863648414611805 1.1659339070320132 0.25768557190895086 -0.35935087502002711 0.86688977479934703 1.6303592324256899 -0.20125912874937055 1.1595193743705752 1.219083368778229 0.44770708680152899 -0.21428572386503217 -0.36473664641380305 -0.40757127106189722 -0.15668085217475888 0.54657480120658886 0.99969345331192028 0.82642474770545971 1.0773187875747683 -1.0000000180025095e-35 0.50972247123718273 1.0000000180025095e-35 -0.81380185484886158 -0.58065038919448841 0.038795599713921554 0.62087619304656994 0.64972636103630077 0.93095237016677868 -1.1000000238418577 -0.61520540714263905 -1.6306828856468198 0.8266209363937379 -1.8735835552215574 -1.031514525413513 -0.12465076521039008 1.0000000180025095e-35 1.622722387313843 0.9727768898010255 1.6700643897056582 0.87083333730697643 0.48529411852359777 0.68990385532379161 0.072296746075153365 0.80037239193916332 0.67947480082511913 0.39207851886749273 -0.78886502981185902 0.92852079868316661 -0.71408048272132862 -4.3666667938232413 -1.0865150690078733 0.82499328255653392 -0.47419816255569452 0.21694172173738482 -0.72925114631652821 1.1392861008644106 0.43804301321506506
decision_type=2 2 2 2 2 2 2 2 2 2 2 2 2 2 2 2 2 2 2 2 2 2 2 2 2 2 2 2 2 2 2 2 2 2 2 2 2 2 2 2 2 2 2 2 2 2 2 2 2 2 2 2 2 2 2 2 2 2 2 2 2 2
left_child=1 6 33 -2 -5 21 -1 12 9 20 11 31 13 23 17 16 -16 -14 19 -10 -9 24 -8 -7 -6 -26 -27 -12 -25 30 -18 32 -4 -3 35 -35 37 -37 -39 -19 41 42 54 45 59 61 47 -47 50 60 51 -49 53 -52 55 -41 57 -55 -53 -44 -48 -42
right_child=3 2 10 4 5 7 22 8 18 -11 27 -13 14 -15 15 -17 29 39 -20 -21 -22 -23 -24 28 25 26 -28 -29 -30 -31 -32 -33 -34 34 -36 36 -38 38 -40 40 43 -43 44 -45 -46 46 49 48 -50 -51 52 58 -54 56 -56 -57 -58 -59 -60 -61 -62 -63
leaf_value=-0.014790622914869161 -0.0084135843787069044 -0.0098920274042008701 -0.016108072380910395 0.0087501857135340155 -0.011253757479930333 -0.0091425827930593038 -0.0084481316828082138 0.018538791539495114 -0.006454024034920635 -0.011729670304537502 0.036150107907024713 0.01215859061602147 0.024848902694948456 0.0088729976908228734 -0.0056840742380474454 0.022666941110836444 0.0037642121832270562 -0.0071011223338621181 0.010538941610679108 0.044489450663042107 -0.014249342497493416 0.0026167427523593693 0.0042236741818494046 0.017891269756857203 -0.0080500746389891749 0.018255252525190235 -0.01119097404317752 0.0022108906573406668 -0.0038234460373978377 -0.0082332852305241119 0.021972415180716864 0.00031003525183547045 0.0080559294361964556 -0.0077570673783774191 -0.0034822452291430896 -0.010081862280082357 0.00073023481981097189 0.0019777799634050183 0.034208686928483993 0.019046458721032819 -0.010931094749876663 -0.015134622488374947 0.013587156583209208 0.011169693074264148 -0.018457063434018144 -0.0034275734679678712 -0.00059118987467797392 -0.015561724620627776 -0.014391543539749556 -0.01124235358827705 -0.0057967839742140903 -0.00072643304576298733 -0.0030137345348799425 0.0048901919912854195 0.0062090721510174819 -0.010638238703611181 -0.0043262879017352323 0.039923274243558286 0.026092430423288758 -0.0032798739727483502 0.022200150053254049 -0.0016930712949340195
leaf_weight=219.3472208539024 113.54159797541797 11.425698364153503 96.658363563939929 204.69692027941346 147.67807590216398 177.57146285846829 147.62014627549797 21.097941795364026 2.2394454069435596 40.405923852697015 2.1812931485474136 14.188984300941227 9.7815082035958749 50.674466483294964 59.072263922542334 35.296321485191584 39.194421807304025 79.296009834855795 111.08899138309062 7.9852503668516857 4.6108978763222686 92.820510242134333 53.841227438300848 14.354378348216413 47.242769440636039 24.964353814721107 7.6361495517194262 28.195833843201399 36.654968965798616 11.875972220674155 38.371526932343841 44.062979074195027 10.358072236180304 9.0347192622721177 19.263779131695628 2.3280753772705713 14.770020477473734 8.7008728962391526 32.586479965597405 4.4618176762014619 105.65212186984718 21.243931151926517 21.662780147045851 44.809220284223557 19.799607366323471 56.7870430983603 196.88151256367564 8.2612320035696012 8.4126273989677411 64.558791730552912 4.2116222046315661 17.968195931985978 8.0117503907531482 7.7865164838731209 645.01713332720101 39.689426930621266 3.6235951427370301 31.01792428269983 11.304582411423324 88.344692280516028 6.9549954943358889 186.35552191920578
leaf_count=10011 2735 218 2612 1573 2293 3202 4443 164 27 366 40 289 172 596 719 293 558 1201 826 74 43 999 1241 184 857 334 109 481 468 167 375 1124 280 208 388 62 207 253 685 66 1977 372 229 272 216 833 2463 90 67 722 53 189 89 68 7418 545 39 339 111 951 82 1689
internal_value=-0.000177695 -0.00610613 -0.000116096 0.00125125 0.00164792 0.00108656 -0.0102371 0.00186413 0.00815221 -0.00261157 -0.00464639 -0.00743106 0.00129962 -0.00347633 0.00201802 0.0081012 0.00401395 0.00133521 0.0138895 0.0348764 0.0112956 -0.00454043 -0.00504128 -0.00634541 -0.00745379 -0.000176351 0.010787 0.00941277 0.00333889 0.0103809 0.0135569 -0.00960143 -0.0135141 0.00870523 0.0115623 0.0158046 0.0197748 0.0254858 0.0283637 0.00112524 0.00155303 0.00348075 0.00405253 -0.000579729 -0.00297919 -0.0013854 0.00123538 0.00719357 0.0130675 -0.00232613 0.0161849 0.00475793 0.0229762 0.0273003 0.0053889 -0.00600601 0.0308504 0.0342541 0.0119261 0.000487903 0.000699362 -0.00516326
internal_weight=3695.53 714.564 293.755 2980.97 2867.43 2662.73 420.809 2342.39 187.428 66.1148 195.646 165.268 2154.96 279.255 1875.7 183.811 148.514 1691.89 121.314 10.2247 25.7088 320.342 201.461 228.581 227.521 79.8433 32.6005 30.3771 51.0093 89.4419 77.5659 151.079 107.016 98.1096 86.6839 67.4202 58.3854 43.6154 41.2874 1682.11 1602.82 840.219 818.975 762.597 129.807 717.788 425.78 157.385 100.598 268.395 92.1854 37.534 54.6514 46.6397 689.168 44.1512 42.428 38.8044 29.2728 110.007 203.837 292.008
internal_count=59757 22542 6847 37215 34480 32907 15695 28315 1500 573 4826 4305 26815 4450 22365 2112 1819 20253 927 101 207 4592 5684 3854 3593 1300 443 521 652 1100 933 4016 2892 2021 1803 1415 1207 1000 938 20081 18880 9797 9425 9083 1396 8811 5145 1878 1045 3267 978 390 588 499 8029 611 446 407 300 1180 2545 3666
is_linear=0
shrinkage=0.03


Tree=77
num_leaves=63
num_cat=0
split_feature=15 32 11 4 7 22 9 4 2 26 15 24 2 5 14 7 14 13 25 8 4 7 25 17 25 0 24 17 21 4 6 12 14 4 22 14 26 5 21 12 32 26 6 22 27 21 10 9 6 25 13 22 15 12 12 11 7 7 5 26 24 10
split_gain=40.774 18.14 15.8717 14.6284 13.2663 11.2224 10.31 10.9568 9.39543 9.19436 14.2014 9.4683 9.17277 9.14789 8.74665 8.34701 8.00061 7.71524 7.55718 8.29336 7.36463 7.25704 7.11506 6.99428 8.71115 8.08029 8.61109 7.05537 8.75801 6.81139 6.70187 8.44669 7.45672 6.74 8.5539 6.6483 6.4592 6.41102 6.398 6.25752 6.0462 6.0154 7.31254 6.73135 5.99237 10.4925 5.96992 5.95995 6.06654 5.90815 9.64978 8.19587 6.90169 6.80561 6.61913 7.30592 9.7843 6.66319 6.62737 6.2748 6.24113 5.8584
threshold=-0.35810057818889612 13.500000000000002 -1.1629440188407896 -0.4039864689111709 -1.5893437862396238 1.6567270755767824 0.25889298319816595 -0.44454683363437647 1.2262662053108218 -0.83952859044075001 0.98198452591896068 -0.65787944197654713 0.85775652527809154 -0.46210604906082148 -0.70650210976600636 -0.55664002895355214 0.47093339264392858 0.51796811819076549 -0.60287487506866444 0.36044721305370336 1.3776036500930788 0.79741230607032787 -0.42639972269535059 0.9556616246700288 -0.51871934533119191 1.2399007081985476 0.88272625207901012 1.6713738441467287 1.1419478654861452 1.3776036500930788 0.18883521854877475 0.63226857781410228 0.25846868753433233 0.15862626582384112 0.038869975134730346 -2.0186604261398311 0.68094950914382946 -0.91004753112792958 1.2112607359886172 -2.6732078790664668 15.500000000000002 0.72944998741149913 -0.27249692380428309 1.0329538583755495 4.5000000000000009 0.082378692924976363 -0.38558237254619593 0.53715500235557567 -0.65872463583946217 -0.25776226818561548 0.65657913684844982 0.75092762708663952 1.3238772153854372 0.93562710285186779 1.278964161872864 0.14258944243192676 0.13478203117847445 -0.5108426809310912 1.5095761418342593 0.055069159716367728 0.73731112480163585 2.0017942190170293
decision_type=2 2 2 2 2 2 2 2 2 2 2 2 2 2 2 2 2 2 2 2 2 2 2 2 2 2 2 2 2 2 2 2 2 2 2 2 2 2 2 2 2 2 2 2 2 2 2 2 2 2 2 2 2 2 2 2 2 2 2 2 2 2
left_child=3 9 41 61 -4 12 15 -8 -9 10 14 20 18 37 22 29 -7 -16 19 38 -11 40 -2 24 36 26 -25 -28 -29 -6 31 33 44 39 -35 -20 -15 -13 -5 -17 -21 -3 -43 46 -33 -46 -44 48 -19 50 51 52 53 -32 57 -56 -57 -51 -59 -52 -60 -1
right_child=1 2 4 5 6 16 7 8 -10 11 -12 13 -14 23 17 30 -18 47 35 21 -22 -23 -24 25 -26 -27 27 28 -30 -31 49 32 -34 34 -36 -37 -38 -39 -40 -41 -42 42 43 -45 45 -47 -48 -49 -50 54 59 -53 -54 -55 55 56 -58 58 60 -61 -62 -63
leaf_value=-0.018858401403498579 -0.0054376761829893405 -0.014046799345778646 -0.013184560176951372 -0.01198159443933915 -0.0099742941594076692 0.037147951231470411 -0.0071062459529692631 0.0029646477910397796 0.014287631556371201 -0.0098716563761865137 -0.0010149362504396665 0.0031121555736719512 0.017145132108648761 0.004041269263945841 0.0043614197283776811 0.015318507177223724 -0.009936901650517381 -0.0064006656836052911 0.01658474571545818 0.040482989734830506 0.017928251547145092 -0.010330234220869945 0.031424635877073226 0.0015426230509981314 0.0019505324861660018 -0.007345399833028933 0.020686183706514094 -0.0042715936671440862 0.020600259197034492 0.011726258200947508 0.01491507720281833 0.025541037825305382 -0.0080763107164065762 0.015315919855162938 -0.014650898401842053 -0.0087971259310597374 0.030707338052473221 -0.014446925729250644 0.021065207467401665 -0.012876847128236281 -0.0033827182960508798 -0.015681166026426659 0.040736023137650616 -0.0076012506259403251 0.021061450445789984 -0.018046658931457623 0.0021834782945229078 0.003190487780877486 0.03286107880200044 0.01943264473972009 0.0023614113160673219 -0.012237436840595093 -0.0083348479020251796 -0.0093487990111982399 -0.0085355581294252816 -0.0093659652781609426 0.033725386219138884 -0.0028277650848032567 -0.012451294266223666 0.030289365329707447 0.01708000274979718 0.011371659688065394
leaf_weight=102.3656683312729 3.8548287693411103 91.329849291592836 56.511948632076383 18.69095936045051 128.90199581999332 4.634148444980382 86.230702583678067 959.50055725406855 66.428189339116216 66.710116256959736 70.617018837481737 33.823761906474829 10.395883169025181 18.914001356810335 78.064850111491978 3.4343751445412627 2.3067192900925875 2.4052581340074566 5.1033650431781998 6.7804731819778663 5.111447585746645 2.4446139056235543 32.611167021095753 54.539582787081599 421.23255212791264 18.856944087892771 85.962436106055975 29.954732853919268 15.595014385879038 10.235263507813213 55.016861530020833 13.816527275368573 18.10304238833487 17.693723514676098 9.0282890144735557 315.64599339757115 12.27796048671007 33.210497047752142 1.9643007963895787 114.67262068297714 2.7714768927544355 9.0497803231701273 3.3564639855176219 7.4236736223101607 6.4795085042715064 8.3601626195013505 7.4395828414708385 13.830844277516006 21.350149773061275 8.7774552032351476 12.137793190777304 22.328703418374062 17.655727226287127 9.0322996750473958 6.4652536176145103 4.0793383326381436 11.864154633134602 392.32240443304181 4.4066365808248547 17.035224972292781 23.411511436104774 2.9247848363593212
leaf_count=4306 38 2234 1400 636 2341 98 1721 11962 459 1580 470 486 199 220 1103 83 64 50 127 201 49 72 340 465 4646 107 555 181 76 95 615 254 394 271 146 11186 149 429 41 2819 98 372 62 119 130 144 130 163 218 107 114 226 124 99 82 38 89 4240 59 157 171 137
internal_value=0.000244422 0.00145887 -7.46919e-05 -0.00790393 0.000543543 -0.00496993 0.000957692 0.00289273 0.00376354 0.00475804 0.0100902 0.00321272 -0.00583701 0.00425109 0.0151137 -0.00139657 0.0238913 0.0102847 -0.00674283 0.00628295 -0.00685507 0.0219877 0.0273421 0.00533237 0.00318869 0.00987679 0.0117689 0.015798 0.0054392 -0.00802655 -0.000164225 -0.00496002 0.00569319 -0.0084747 0.00447791 -0.00814492 0.0173299 -0.00598602 -0.00534592 -0.0114681 0.0309663 -0.0105203 0.00163679 0.0117631 0.0142994 3.37103e-05 0.0232698 0.0206305 0.0284641 0.00143639 0.00686369 0.00220763 0.00663329 0.0110642 -0.000223101 0.0140777 0.0230961 -0.00112385 -0.0017768 0.0207152 0.0112177 -0.0175412
internal_weight=3697.48 3221.45 2202.53 476.028 2083.93 370.738 2027.42 1112.16 1025.93 1018.92 222.734 796.189 363.797 724.367 152.117 915.259 6.94087 115.651 353.401 32.6518 71.8216 11.9966 36.466 657.333 452.425 204.909 186.052 131.512 45.5497 139.137 776.122 191.588 46.7592 144.829 26.722 320.749 31.192 67.0343 20.6553 118.107 9.55195 118.599 27.2695 18.2197 28.6562 14.8397 10.796 37.5863 23.7554 584.533 133.207 104.034 81.7049 64.0492 451.327 22.4087 15.9435 428.918 420.141 29.173 27.8181 105.29
internal_count=59747 42582 31257 17165 28340 12722 26940 14142 12421 11325 2382 8943 12560 7314 1912 12798 162 1534 12361 1048 1629 371 378 6399 5015 1384 1277 812 257 2436 10362 4241 922 3319 417 11313 369 915 677 2902 299 2917 683 311 528 274 192 431 268 6121 1335 1064 838 714 4786 209 127 4577 4470 271 230 4443
is_linear=0
shrinkage=0.03


Tree=78
num_leaves=63
num_cat=0
split_feature=15 4 11 11 21 7 5 25 32 31 32 10 8 32 15 24 6 15 21 26 21 8 12 24 26 5 21 8 9 5 5 8 29 15 25 9 22 15 29 18 7 11 12 21 12 25 8 15 31 11 11 11 3 3 13 13 22 8 12 3 11 25
split_gain=37.4042 19.3268 12.9016 12.5724 12.224 11.0463 11.4279 10.96 10.5611 9.71019 11.7772 12.968 9.54448 9.41698 11.1651 9.10097 9.09524 11.0981 8.96143 8.82324 11.6604 11.8091 12.0269 8.4324 8.3178 8.26567 12.2011 9.17404 8.2131 7.83069 7.68794 7.17623 7.05263 7.03079 6.95971 7.08469 6.83355 7.58182 6.76167 6.62276 6.17016 7.8517 6.1643 6.07457 6.07445 8.82323 6.56244 6.42829 9.84101 9.0179 8.82788 6.10065 8.38882 7.9098 7.41779 6.35447 6.21399 6.07065 5.96511 5.95839 5.84144 6.07034
threshold=-0.66536393761634816 -0.037920959293842309 1.2282435297966006 -1.1629440188407896 0.44849950075149542 -1.3425802588462827 1.2521092891693117 -0.86487606167793263 11.500000000000002 0.6428571641445161 14.500000000000002 -0.52494600415229786 -1.5121334791183469 9.5000000000000018 -1.2965850234031675 -0.60054090619087208 1.2137548923492434 1.3607134222984316 -0.042673526331782334 -0.83952859044075001 -0.5057750642299651 0.02514576725661755 0.67441216111183178 0.22533416748046878 -1.3933371901512144 0.15383957326412204 0.33047629892826086 -0.15617907792329785 0.99846389889717113 -0.10845717415213584 0.04810826666653157 0.9864204227924348 0.56696429848670971 -0.43990533053874964 0.27829262614250189 0.97077760100364696 0.79031693935394298 1.5481797456741335 0.21825397014617923 -1.0000000180025095e-35 1.0780563950538637 1.2282435297966006 1.1941973567008974 0.7140810787677766 0.33376462757587438 -0.53351306915283192 0.4097068458795548 -0.011619723867624996 1.0000000180025095e-35 0.8508099913597108 -0.48225842416286463 1.3713554143905642 -1.2745426297187803 -0.27002891898155207 -0.58234909176826466 -0.10347193852066992 0.99583795666694652 0.061857214197516448 -1.0000000180025095e-35 0.55284741520881664 -0.28872761130332941 -0.34504048526287073
decision_type=2 2 2 2 2 2 2 2 2 2 2 2 2 2 2 2 2 2 2 2 2 2 2 2 2 2 2 2 2 2 2 2 2 2 2 2 2 2 2 2 2 2 2 2 2 2 2 2 2 2 2 2 2 2 2 2 2 2 2 2 2 2
left_child=2 15 13 4 -3 6 -5 43 -6 10 12 31 -9 14 -1 33 28 24 -13 20 -11 39 -23 57 -18 27 34 60 44 -15 42 -12 -16 -2 35 -27 37 -19 59 -22 -29 -42 -17 -7 47 46 -46 48 49 50 -14 52 -49 54 -54 -55 -56 -21 -59 -26 -20 -62
right_child=1 3 -4 5 8 7 -8 9 -10 19 11 18 16 29 32 30 17 36 25 23 21 22 -24 -25 38 26 -28 40 -30 -31 -32 -33 -34 -35 -36 -37 -38 -39 -40 -41 41 -43 -44 -45 45 -47 -48 51 -50 -51 -52 -53 53 55 56 -57 -58 58 -60 -61 61 -63
leaf_value=-0.014011887590389228 0.0089086959226259352 -0.01802596678660778 0.0097019234159917943 -0.0086739659823087106 0.015607980613947902 0.0083108760417367616 0.02240465303604193 -0.012756947075496076 -0.0050162955265903812 -0.0082207295705095263 0.006969581791743942 -0.0070642465802322179 0.00090068582370590928 -0.020989960908724695 -0.00079289044653344833 -0.0070634004417375849 -0.0088953380486573013 -0.013828494794549435 -0.014893939727991721 -0.0098904428725541914 -0.0011903862044965953 0.036668409002029598 0.0021377012534724012 0.006812392544595796 -0.011422009003417551 0.033499324563581998 0.0015463965201568102 2.9071206252580604e-05 -0.0070721670163220902 -0.0090639699589334464 0.0020809863506209862 -0.0062963035997697222 0.037585481820939702 -0.015836113513780524 -0.0055664913348227926 -0.0075884076764806468 0.019191882612047732 0.0054283611017829107 0.022062655742993771 0.021236414117842731 0.016990000198452451 -0.014716109342284074 0.011998504064894767 0.035022669022560689 0.028243249016054378 -2.2485139534410477e-05 -0.0057415212258076428 0.027060595446558259 -0.0071687607699679546 -0.0047614683445409813 0.049960305190014667 0.018963370648371666 0.01128684458220703 -0.0046995211418320668 -0.019702246273285887 0.0091327831167239207 0.01176832346477524 -0.0059449399507315037 0.012315036053031679 0.012293107289668505 0.0096260542805347519 -0.0053651600073801884
leaf_weight=9.3158928276971 8.669805992394684 44.662731535732746 26.434323782101274 108.36384857166559 24.168653331696987 26.065329950302839 6.9666375573724499 22.213237453252077 90.536259744316339 15.075820492580531 276.94531396217644 211.65403764788061 4.4631854165345457 68.518209929578006 6.958309590816496 213.76512301061302 8.5407908633351308 26.076039165258408 46.588388213887811 49.526333699002862 34.15610196813941 32.845954762771726 12.794013535603879 361.12821391411126 8.9484512321650964 20.266607686877258 113.25337416306138 194.29484585486352 55.873877268284559 210.08828490786254 209.88808551058173 38.228993069380522 5.5181766748428345 71.456786466762424 4.9389514364302149 2.5295485574752083 10.944918185472487 40.608091235160828 88.776249635964632 12.760387461632488 36.253068156540394 4.4750994071364394 11.941823741421102 9.5026582796126586 12.789065049961211 261.04974230192602 5.1200441122055045 8.3281917823478562 6.3275428526103488 4.1328497529029837 10.098261391744019 24.152692262083292 8.830973092466591 37.057184210047126 28.038767501711849 108.33943568356335 3.3571769390255204 26.032188115641475 29.416585419327021 28.063274577260017 23.393472790718079 177.16144902817905
leaf_count=346 340 1502 692 2276 277 454 81 285 1701 276 3565 3642 116 3101 207 4267 67 146 729 1112 349 364 124 3264 92 220 910 2435 697 8405 3187 529 155 2454 45 31 56 225 639 141 422 36 198 98 136 2774 62 175 152 77 221 212 137 391 510 993 54 522 554 174 264 2035
internal_value=0.000562556 0.00150894 -0.00904813 0.00247767 -0.0055923 0.00296585 -0.00594368 0.00337621 -0.000200279 0.00312196 0.00210809 0.000150706 0.00486187 -0.0108299 0.00691452 -0.00380965 0.00543445 0.010691 -0.0018085 0.00654113 0.0141283 0.0180034 0.0281554 0.00465774 0.0157587 1.86304e-05 0.00628007 -0.00185792 0.00343154 -0.0123153 -0.00203082 0.0052873 0.0220782 -0.0127927 0.0224209 0.0283952 0.00149893 -0.00254112 0.0177087 0.00636707 0.0023633 0.0122781 -0.00581668 0.0188844 0.00461208 0.00154365 0.0193948 0.00803069 0.0212561 0.0303597 0.038997 0.00607105 0.00402934 0.00231333 -0.00876646 0.00556832 -0.0151827 -0.00272728 0.00395967 0.00588243 -0.00583939 -0.00342492
internal_weight=3688.67 3361.84 326.833 2846.11 159.368 2686.75 115.33 2571.42 114.705 2535.85 1962.11 1149.98 812.13 300.399 21.7924 515.722 789.917 211.958 834.809 573.736 107.632 92.5565 45.64 466.103 134.329 623.155 140.988 482.166 577.959 278.606 435.595 315.174 12.4765 80.1266 27.7351 22.7962 77.629 66.6841 125.788 46.9165 235.023 40.7282 225.707 35.568 522.085 278.959 17.9091 243.126 25.0218 18.6943 14.5614 218.104 193.952 185.624 40.2269 145.397 31.3959 104.975 55.4488 37.0117 247.143 200.555
internal_count=59701 46795 12906 36349 3480 32869 2357 30512 1978 29960 23254 14863 8391 12214 708 10446 8106 1399 10769 6706 1254 978 488 5452 972 7127 1206 5921 6707 11506 7652 4094 362 2794 296 251 427 371 905 490 2893 458 4465 552 6010 2972 198 3038 566 414 337 2472 2260 2085 701 1384 564 2188 1076 266 3028 2299
is_linear=0
shrinkage=0.03


Tree=79
num_leaves=63
num_cat=0
split_feature=6 5 14 6 4 11 25 11 16 8 32 21 16 7 21 2 26 14 21 6 8 31 26 17 11 8 7 11 4 24 25 32 30 29 1 8 18 10 6 20 16 4 14 11 12 18 10 12 7 10 18 5 29 25 14 29 32 6 29 23 11 25
split_gain=39.6289 17.6936 16.0236 12.3216 14.8858 12.6959 15.8986 11.9863 11.8768 11.8711 11.284 11.4406 10.2443 10.2349 9.69156 9.50907 9.40735 9.1081 9.10937 10.0875 9.02931 11.314 10.2976 8.86207 8.50093 8.49676 8.47571 8.93642 8.44998 8.43267 8.41586 8.15555 7.9452 7.56454 7.28979 10.1219 7.95625 7.12308 9.7496 7.03601 11.3122 6.98534 6.96316 6.95396 6.89309 6.76951 6.75587 6.62049 9.43455 6.61608 6.94381 6.85339 7.41139 6.44688 6.42025 6.3013 6.29832 6.28548 6.24382 6.2323 11.1944 6.98232
threshold=-1.0452911853790281 -0.20125912874937055 -0.91759115457534779 1.2137548923492434 0.4327028095722199 0.86423179507255565 -0.48023346066474909 -0.072313152253627763 0.45322726666927343 -1.136940538883209 14.500000000000002 1.2849771976470949 0.25193978846073156 0.61493706703186046 -1.1451964974403379 -0.52574068307876576 0.45667062699794775 0.28889839351177221 1.1108442544937136 0.54522067308425914 0.33667333424091345 0.78571429848670971 0.59328180551528942 1.333326041698456 1.4620768427848818 -0.91082248091697682 0.4386413991451264 -1.2516956925392149 0.10340107604861261 -0.25826136767864222 2.9170048236846928 14.500000000000002 -1.4166666865348814 0.77350428700447094 0.36633382737636572 1.4815164208412173 -0.262730062007904 0.24620061367750171 1.0052202939987185 0.90829861164093029 0.54733818769454967 1.1460446119308474 -0.43974521756172175 0.86423179507255565 0.52511355280876171 -0.25409944355487818 0.60121971368789684 0.79630258679389965 0.20366187393665316 -0.60478675365447987 0.72623136639595043 0.0081878043711185473 0.81534090638160717 1.3380020260810854 0.57244202494621288 0.56696429848670971 11.500000000000002 -0.34253501892089838 0.86190477013587963 0.79597467184066784 -0.44130755960941309 -0.25848062336444849
decision_type=2 2 2 2 2 2 2 2 2 2 2 2 2 2 2 2 2 2 2 2 2 2 2 2 2 2 2 2 2 2 2 2 2 2 2 2 2 2 2 2 2 2 2 2 2 2 2 2 2 2 2 2 2 2 2 2 2 2 2 2 2 2
left_child=7 8 13 4 5 6 17 39 10 -6 11 43 15 20 29 -11 37 -4 -19 32 21 -3 31 -18 -10 -23 -8 -28 42 -7 49 -22 -20 -24 35 36 -17 38 -14 -1 -41 -12 45 46 -13 55 -2 53 -49 51 59 52 -5 -16 -53 -9 -15 -34 -33 61 -61 -51
right_child=1 2 3 30 9 14 26 28 24 12 41 44 16 56 47 34 23 18 19 -21 22 25 33 -25 -26 -27 27 -29 -30 -31 -32 58 57 -35 -36 -37 -38 -39 -40 40 -42 -43 -44 -45 -46 -47 -48 48 -50 50 -52 54 -54 -55 -56 -57 -58 -59 -60 60 -62 -63
leaf_value=-0.017951612286669416 -0.015700806356235063 -0.003497384648303065 0.01512687084461448 0.0086722849429586406 -0.01028888185280378 0.0081189294937926565 -0.0068426660697103788 -0.0022109313292104954 -0.0013443445621668039 -0.0086189329352137703 -0.016758037085017767 0.032677434820987603 -0.0042562821410262273 0.023115717393785585 0.0081000824844489304 0.011675135883077035 -0.0088868072298466296 -0.0066253000022704961 -0.0070286133303839463 -0.011261115831309142 0.011097045210978469 0.034196601947573159 0.022174887428367852 0.015631423200705145 0.014932572490865059 0.003392976233273485 -0.012689014243031519 0.00073163425705017498 0.0093407909084230762 -0.018551043090476598 -0.012041562493090355 -0.0081776231327342214 -0.0016109272839781217 0.0005103560003580839 0.0084281345469454302 -0.0093066541425997906 0.047358941684348822 0.017768225586794927 0.018994240530084489 -0.013464100090794259 0.023019692422810881 0.0023038508685849614 -0.011392970393232666 0.0096732748730528947 -0.0047428212209273323 -0.0084020419316276802 0.0067473382331543069 -0.011155003056518587 0.0084130278760210855 -0.005590884682514537 -0.012121957880971599 -0.017047447997468549 -0.010025010250166175 -0.012382102368817345 0.0061131610642663542 0.027736099925585816 0.009257144679335777 0.050273939057711166 0.012327008301240486 -0.0079386956635617619 0.008581235396660945 0.026325828728198407
leaf_weight=130.15667198784649 41.900673760101199 168.4435940105468 57.749863500706851 74.536123378202319 30.47611915692687 12.633220816031097 512.20749645773321 10.466831775382163 232.64812679961324 8.1294799745082837 114.26448016893119 8.2775018736720067 49.593309808522463 39.481561252847314 265.54221193492413 13.354323452338578 58.799339583143592 53.232311963103712 2.5400068722665301 5.026998806744813 55.944521119818091 8.1595951076596958 56.430550318211317 11.949698176234959 27.882313255220652 24.138752473518252 46.177300604991615 346.95901966933161 31.792907206341624 26.461867537349463 20.354656333103776 55.331588887609541 2.2632652558386317 19.302555080503225 28.856979768723249 3.1517467200756064 16.643283553421497 48.568498792126775 18.244492437690496 15.658108158037068 7.1457180250436059 18.926928708329797 88.684252528473735 16.981401368975639 4.9578309152275315 18.448482511565089 13.040653505362569 44.631969956681132 35.342014122754335 5.8158252574503448 11.466046731919048 27.326582718640566 20.546672660857439 10.23889268748462 13.010194743052123 8.7219170052558166 135.07296642661095 5.2464583143591881 12.438886625692247 37.090558422729373 365.76097082719207 25.144179359078407
leaf_count=6163 1142 2407 956 589 328 338 11154 261 3187 149 3292 118 504 252 3303 200 576 1222 43 54 516 93 571 84 279 349 1105 5585 577 509 246 749 57 199 314 44 218 426 131 578 174 258 2731 278 78 476 352 573 344 53 111 206 153 148 88 207 1255 79 156 374 2587 258
internal_value=0.000670063 0.00162082 0.00250638 0.00138608 8.58018e-05 -0.00117523 -0.00292361 -0.00948863 -0.00369379 0.00624915 -0.00877051 -0.000170516 0.00836687 0.00696807 0.00337124 0.017776 0.00447003 0.00687417 -0.000658695 0.0168114 0.0042321 -0.000280538 0.00866979 -0.00398717 0.000646015 0.0147159 -0.00431811 -0.000984297 -0.00352076 -0.00998949 0.00506277 0.00309136 0.0299297 0.0170267 0.0216215 0.0304966 0.0354108 0.00956263 0.00287141 -0.0153509 5.2074e-05 -0.0140639 -0.00699018 -0.00522628 0.0212031 0.00350354 -0.0102542 0.0049576 -0.00252132 0.00575999 0.00750857 -5.22167e-05 0.00433296 0.00713269 -0.0097269 0.0143206 0.0129481 0.040243 -0.00382572 0.00815964 0.00698157 0.0203866
internal_weight=3679.77 3368.7 2889.82 2315.07 1714.02 1426.25 1031.4 311.075 478.88 287.767 218.349 85.1581 257.291 574.745 394.85 70.1358 187.155 126.059 68.309 15.0767 400.19 200.742 199.448 70.749 260.53 32.2983 905.344 393.136 158.114 39.0951 601.052 123.715 10.0497 75.7331 62.0063 33.1494 29.9976 116.406 67.8378 152.96 22.8038 133.191 126.321 71.9227 13.2353 37.6372 54.9413 355.755 79.974 580.697 445.278 135.42 95.0828 275.781 40.3368 19.1887 174.555 7.50972 67.7705 433.812 402.852 30.96
internal_count=59807 48640 39656 33109 28444 25470 20255 11167 8984 2974 5518 1968 2646 6547 5215 925 1721 2411 1455 233 5040 2849 2191 660 3466 442 17844 6690 4252 847 4665 1421 179 770 776 462 418 1061 635 6915 752 3550 3675 1772 196 944 1494 4368 917 4419 3383 1036 742 3451 294 468 1507 136 905 3272 2961 311
is_linear=0
shrinkage=0.03


Tree=80
num_leaves=63
num_cat=0
split_feature=6 4 32 16 4 23 8 23 3 22 23 21 1 26 9 14 29 27 7 9 18 9 7 14 8 23 10 24 6 1 29 29 14 24 13 13 25 32 31 8 12 7 14 10 16 14 25 21 16 14 22 10 4 4 7 7 14 29 14 25 12 10
split_gain=33.6985 18.7013 19.2379 12.1547 11.1294 10.6632 15.0387 11.2455 10.8463 10.067 8.67733 8.37932 7.96099 7.50018 7.49355 7.38318 7.29133 9.98824 8.95207 10.1399 10.3375 7.26782 7.32423 7.77592 7.10119 7.45055 6.71824 7.75976 6.68848 8.22498 7.44104 8.75947 10.151 7.9845 7.77728 7.19646 7.07674 6.99437 6.92191 11.4456 9.57707 7.53519 7.87931 7.40661 6.99135 6.65346 6.62886 6.57941 8.04425 6.62406 6.57913 9.12995 6.41375 11.0594 7.75014 9.68372 9.38314 7.54656 7.24888 8.03276 7.05979 6.90312
threshold=-1.0733762383460996 -0.037920959293842309 11.500000000000002 0.29413552582263952 0.089077860116958632 0.24323514103889468 -0.26163959503173823 0.16938645392656329 0.86608561873435985 0.059291800484061248 0.25508962571620947 0.93221724033355724 0.14273563772439959 -0.51851791143417347 -1.1543081998825071 -3.3850089311599727 0.25833334028720861 5.5000000000000009 -0.52266526222228993 0.85113501548767101 -0.45506182312965388 0.25768557190895086 -0.9095347225666045 -0.89250802993774403 -0.84148156642913807 0.62698704004287731 0.16004930436611178 -1.1302468776702879 1.3410488963127138 0.2916200459003449 0.2264957278966904 0.28991597890853887 0.7562316656112672 1.3036496639251711 -0.20727762579917905 -0.31428764760494227 3.1635932922363286 16.500000000000004 0.5000000149011613 0.31552396714687353 0.16025676578283313 0.16574596613645556 0.41878192126750952 -0.664364993572235 0.42556470632553106 -1.5581745505332945 -0.13572748005390164 -0.098788145929574953 -0.1084107495844364 0.45944936573505407 0.49016901850700384 -0.1607946306467056 0.44770708680152899 1.7077614068984988 1.0780563950538637 0.35869343578815466 -2.1423717737197872 0.83974358439445507 1.4247081875801089 2.3726763725280766 0.86761206388473522 -0.75061416625976551
decision_type=2 2 2 2 2 2 2 2 2 2 2 2 2 2 2 2 2 2 2 2 2 2 2 2 2 2 2 2 2 2 2 2 2 2 2 2 2 2 2 2 2 2 2 2 2 2 2 2 2 2 2 2 2 2 2 2 2 2 2 2 2 2
left_child=4 3 11 -2 -1 6 -4 8 9 47 -7 12 21 16 15 -12 18 -18 -5 20 -20 50 -23 -24 -19 -26 27 -6 29 30 35 34 33 38 -32 -16 52 -37 41 43 -41 42 -33 44 -40 -11 -17 48 49 -8 -3 -52 54 -54 55 56 -30 -56 59 61 -55 -58
right_child=1 2 5 13 26 10 7 -9 -10 45 14 -13 -14 -15 28 46 17 24 19 -21 -22 22 23 -25 25 -27 -28 -29 36 -31 31 32 -34 -35 -36 37 -38 -39 39 40 -42 -43 -44 -45 -46 -47 -48 -49 -50 -51 51 -53 53 60 57 -57 58 -59 -60 -61 -62 -63
leaf_value=-0.011720733654566967 -0.0097063531055419615 0.0037009622307703719 -0.0085309338391240195 -0.0089802643058285569 0.019893490960686426 0.024681649625518574 0.015405546000904923 -0.016416190292839437 0.016147881558785007 0.016293085803363201 0.016037991797227407 0.013005497421917112 0.014603699183807013 -0.002910322578797273 -0.0059699883251277067 0.0038122125080013274 -0.01079040357536395 0.029878550552528475 -0.0088624986000944272 -0.010852951707383835 0.048033032464510669 -0.017908981684526981 0.01584478729815603 -0.0028749935132520083 0.016499908908387002 -0.010425849567775543 -0.0080605402624111915 -0.012706939734119483 0.037275885438707128 0.0063044604335843373 0.005222784298729204 -0.009943207005930833 -0.0084997593729679109 -0.0087579374753268494 -0.017248952848698818 0.0094584776127278336 -0.0091378587912948808 -0.0074198584303239662 -0.0043094533802649085 0.0019703329945949372 0.024632054013735343 0.0036222018742339511 0.0078805696839305151 -0.0024756534641302078 0.020735535894509403 -0.008355238413481559 -0.0088351038324773097 0.012913246685325367 -0.0072342147426497725 -0.011865525826574089 -0.0031871621667486855 0.030183491519819979 -0.0068329551294096479 0.016999677791750392 0.026526033686614374 -0.00069155210560466575 -0.001817699740656518 -0.0042868217221075505 -0.012132806876213426 -0.010081818861176877 -0.0058045003129128083 0.016500600387036764
leaf_weight=248.32650054525584 196.15070625115186 115.36961996741593 220.83188030775636 4.40970460046083 21.643297579139475 10.334574684500692 31.740927845239639 23.744089106097817 44.039319267496467 6.2615685295313588 11.046897351741789 164.52330003120005 55.477692803367972 257.55787375476211 40.996151911094785 48.78763186186552 27.343287725001574 8.0297191310673934 1.8375330232083786 2.2744546234607688 10.285032678395508 17.746999097988009 19.497167985886335 103.22655794024467 12.377901600673797 14.935850687324999 20.360737256705761 4.9328671311959615 7.368201680481433 247.48918459564447 16.254455573856831 93.696078004315495 106.19412284903228 57.023143500089645 46.949953133240342 165.15373414941132 22.407168122008443 21.626886347308755 13.139265138655899 27.767265636473894 41.374229352921247 170.83170210383832 24.776495568454266 105.13151776231825 23.734220907092094 98.91087740380317 126.25650190748274 60.068293782882392 50.51086005102843 6.2699849037453523 9.7951192148029822 16.934261413291097 67.707313437014818 37.845661178231239 32.177234973758459 91.802720759063959 21.471328485757113 7.2948704883456221 9.382935378700493 11.220908284187315 14.187650330364702 97.275666669011116
leaf_count=9641 6137 1320 5927 89 482 154 1038 424 629 106 74 1210 458 4051 552 549 435 116 28 29 165 322 167 1277 241 189 478 128 50 2146 212 1256 1269 501 555 1937 235 268 191 332 476 1876 378 1212 239 2864 1449 1407 1286 247 131 204 458 209 205 617 161 46 67 146 79 737
internal_value=0.000410447 0.00125977 0.0022224 -0.0038638 -0.00922451 0.00108084 -0.00259474 0.00155033 0.00323024 0.000719736 0.00218109 0.00752199 0.00470257 -0.00039178 0.0019848 -0.00364881 0.0072761 0.00176102 0.0214283 0.0306562 0.0393392 0.00253854 -0.00227107 0.000602878 0.0116052 0.00244124 0.00383909 0.0127885 0.00264026 0.00148923 0.00021455 -0.00127254 -0.000218738 0.00142026 -0.0115106 0.0048855 0.00587743 0.00736168 0.00265516 0.006717 0.0162777 -0.00037309 -0.0060475 0.00166662 0.0123622 -0.00621493 -0.00530212 0.00567065 0.000328397 0.0100507 0.00720863 0.0193795 0.00682629 0.000963454 0.00928996 0.00696259 0.0116168 0.0209898 0.00901589 0.0109356 0.010818 0.0132487
internal_weight=3694.12 3398.86 2863.65 535.202 295.263 2361.08 542.378 321.546 297.802 253.763 1818.71 502.571 338.047 339.051 1808.37 186.091 81.4935 62.6868 18.8067 14.397 12.1226 282.57 140.471 122.724 35.3435 27.3138 46.9369 26.5762 1622.28 1202.14 954.649 726.872 663.668 557.474 63.2044 227.777 420.142 186.781 500.451 211.146 69.1415 289.304 118.473 142.005 36.8735 105.172 175.044 148.59 88.5218 38.0109 142.099 26.7294 397.734 119.741 277.994 238.522 146.719 39.4721 139.351 129.968 52.0333 118.747
internal_count=59862 49133 37653 11480 10729 32564 13928 8001 7577 6948 18636 5089 3879 5343 18482 2072 1292 981 311 222 193 3421 1766 1444 546 430 1088 610 16410 13400 11254 8497 7730 6461 767 2757 3010 2205 5960 2450 808 3510 1634 1642 430 2970 1998 3978 2571 1285 1655 335 2775 746 2029 1778 1161 251 1111 1044 288 898
is_linear=0
shrinkage=0.03


Tree=81
num_leaves=63
num_cat=0
split_feature=3 14 6 18 4 9 25 0 11 9 25 8 26 23 23 5 4 13 20 0 9 20 20 13 25 6 22 11 26 25 18 8 18 6 25 8 19 30 22 34 20 14 14 11 25 27 14 3 10 10 2 26 6 6 14 31 9 4 23 33 18 18
split_gain=35.2259 23.8955 17.5099 11.5392 11.2091 10.1813 9.30171 9.85712 9.38053 10.0093 10.7102 9.1821 8.38376 8.34288 13.5563 9.26915 8.27463 8.1357 8.07204 7.90342 7.70854 10.1051 7.66758 7.39203 7.82029 11.5466 9.6898 9.75588 9.19037 8.3255 8.93621 7.74682 7.35501 7.06991 7.93705 6.98018 6.94112 6.74413 6.65695 8.14921 6.59676 7.57113 6.56907 6.51394 7.2466 6.6635 6.67865 6.80095 6.49458 6.45207 6.35235 6.32924 6.29934 6.28624 8.69582 9.44111 8.76931 8.09515 8.01545 7.61055 12.4242 7.74122
threshold=-0.1959760785102844 -0.69136381149291981 -1.0034729242324827 1.4487265944480898 0.41867727041244512 -1.9703051447868345 1.0590570569038393 1.9361064434051516 0.27024970948696142 1.5080313682556155 -0.57691955566406239 1.1545597314834597 -1.1852415800094602 0.49687351286411291 0.65309941768646251 1.5400419831275942 -0.013657241128385065 0.49875929951667791 -1.9098867774009702 -1.0000000180025095e-35 0.94237238168716442 0.73438477516174328 -1.0000000180025095e-35 -0.24136392772197721 0.54386845231056224 0.94186362624168407 -1.0000000180025095e-35 -0.41638375818729395 1.2264904379844668 0.2028053477406502 -0.30886955559253687 -0.96630293130874623 -0.43680751323699946 1.0584469437599184 -0.39220550656318659 0.31552396714687353 -0.81650710105895985 -6.7321429252624503 1.1999374032020571 3.5000000000000004 0.69372144341468822 -0.62010607123374928 0.57244202494621288 0.75509366393089306 2.6074717044830327 3.5000000000000004 -2.0186604261398311 0.85275113582611095 -1.0759878158569334 -0.51519581675529469 -0.39340905845165247 -2.0478987693786617 1.7166010737419131 0.81476458907127391 0.32196933031082159 -0.50000001490116108 -0.097861256450414644 0.44770708680152899 1.0227034687995913 1.0000000180025095e-35 -0.30886955559253687 -1.0000000180025095e-35
decision_type=2 2 2 2 2 2 2 2 2 2 2 2 2 2 2 2 2 2 2 2 2 2 2 2 2 2 2 2 2 2 2 2 2 2 2 2 2 2 2 2 2 2 2 2 2 2 2 2 2 2 2 2 2 2 2 2 2 2 2 2 2 2
left_child=2 11 -1 5 19 -3 7 8 9 10 38 52 17 37 22 -16 -11 51 -10 -4 21 36 -15 -21 25 28 -27 -28 29 40 -31 -29 -26 34 -19 -18 -20 -14 39 49 41 -25 -22 45 -45 -13 -47 -48 -40 -7 -5 -12 -2 54 55 58 57 -57 -38 -55 -61 -62
right_child=1 3 4 50 -6 6 -8 -9 18 16 12 43 13 14 15 -17 35 33 20 23 42 -23 -24 24 32 26 27 31 -30 30 -32 -33 -34 -35 -36 -37 53 -39 48 -41 -42 -43 -44 44 -46 46 47 -49 -50 -51 -52 -53 -54 59 -56 56 -58 -59 -60 60 61 -63
leaf_value=-0.01309645841256523 0.004449531614542244 -0.0099024807114243621 -0.012866362112152986 0.016398225363687721 0.0057680825163237432 0.028620677822101113 -0.005715569899136649 0.024465822176275437 0.024362757633226928 -0.012870935575302785 -0.014804075914355284 -0.0085826355032147406 0.0069655328303283677 -0.0085484545741993725 -0.0047746650089459915 0.017284295810433673 0.034050012027064348 -0.0083229695838896757 0.024310844093806499 -0.0075568539860083779 0.0022596574511733881 0.0086244144313427484 0.01654705474313297 0.0019246183484682999 0.011445313988669749 -0.010538979163694649 -0.0028256579922377361 -0.0035614597074123391 0.017603993512600336 -0.0125143921051919 0.03042931745383998 0.045376490657885384 -0.013140127384088755 -0.01013666931772972 0.03343903519005554 -0.003797934176969824 0.020441353959891696 -0.0097214830617175473 -0.0086861007781176228 -0.011259661976342327 0.0068703324011025408 -0.010601022929975258 -0.010046073723828382 0.025331359988560245 -0.0067646263417630312 0.027406048867670285 -0.0067166881776448252 0.019629004741534135 0.034970469263955757 0.0013640888828283318 -0.012401274213537183 0.0055779359801452454 0.017839929519551698 0.0070126678124333899 -0.0066906836233339047 0.0012041120378375686 -0.0074445498914200124 0.03071020215783047 -0.010402410429218609 -0.013685174793914201 0.019455240818181698 -0.0045974626395651856
leaf_weight=177.5756138600409 484.1556015945971 69.925268560647964 78.987013566307724 3.2596657220274201 114.53178802505136 8.8429714534431678 149.52671029418707 12.363652866333721 11.545960782095788 3.3119707610458162 13.799423594027756 14.711576694622634 20.654148742556572 10.462954223155974 284.10751850903034 13.365862971171735 12.371872371062638 2.9779406264424368 7.2988727968186131 190.55582894291729 87.897084584459662 304.08263432048261 48.015867223963141 67.648688891902566 9.2746465932577831 5.0936043653637197 6.4369383379817071 2.6861154809594181 18.887342556379735 3.1384521871805182 8.5315636089071614 11.84987821429967 56.763048989698291 3.1778037026524535 15.371610604226589 4.6289122216403475 33.608537770807743 213.83688515517861 1.7469284180551756 15.367173809558151 40.949255352839828 109.94262987282127 63.233299182727933 48.983326245099306 5.0831530243158332 12.324456004425878 19.75587888807059 8.8476846963167173 9.1868493258953077 19.181919932365421 76.575242961756885 45.670053885318339 29.722554598003626 242.31843741610646 147.32822214066982 29.858674621209502 69.508989064022899 6.8706696592271319 6.1514595113694659 43.549959264695644 20.065974961966276 20.204922594130039
leaf_count=8145 4361 1246 2912 72 1808 151 1753 88 209 65 236 120 459 171 3077 114 158 57 124 5353 892 2366 643 1905 118 87 105 44 503 76 196 140 874 28 235 68 478 4516 27 298 1082 3479 692 348 39 87 215 58 121 355 1396 716 170 2009 2458 500 972 73 76 357 164 164
internal_value=0.000348206 0.00202336 -0.00478302 0.000518599 -0.00267184 0.000960512 0.00136376 0.00194919 0.00173195 -0.000858812 -0.00149568 0.00716909 -0.00255805 -0.00380658 -0.000880666 -0.0035142 0.017697 0.00623555 0.00349542 -0.00428854 0.0031617 0.00418044 0.0117373 -0.00290642 -0.000237595 0.00202003 0.0192658 0.0271397 -0.000128221 -0.00192633 0.0185908 0.0377362 -0.00912468 0.0200514 0.0263306 0.0252238 0.0019732 -0.00813694 0.0107436 0.00412989 -0.00341326 -0.00590767 -0.00304592 0.0149113 0.0219966 0.00678033 0.0126357 0.0031407 0.0274584 0.0129957 -0.0103282 6.7105e-05 0.00538847 0.00151746 -0.00165635 0.00347717 -0.00133193 0.00974193 0.0150404 0.00435386 -0.0032946 0.00821247
internal_weight=3677.69 2774.84 902.852 2151.25 725.277 2071.42 2001.49 1851.97 1839.6 746.079 725.766 623.584 671.44 590.443 355.952 297.473 20.3128 80.9968 1093.52 610.745 1081.98 930.847 58.4788 531.758 341.202 275.164 26.0665 20.9729 249.098 230.211 11.67 14.536 66.0377 21.5274 18.3496 17.0008 626.765 234.491 54.3258 43.3921 218.541 177.591 151.13 109.706 54.0665 55.6396 40.928 28.6036 10.9338 28.0249 79.8349 59.4695 513.878 619.466 293.327 145.998 106.238 36.7293 39.76 326.139 83.8209 40.2709
internal_count=59809 32982 26827 27584 18682 26116 24870 23117 23029 11495 11204 5398 10252 8980 4005 3191 291 1272 11534 16874 11325 9741 814 13962 8609 7617 376 289 7241 6738 272 184 992 320 292 226 7375 4975 952 804 6466 5384 1584 867 387 480 360 273 148 506 1468 952 4531 7251 4557 2099 1545 573 554 2694 685 328
is_linear=0
shrinkage=0.03


Tree=82
num_leaves=63
num_cat=0
split_feature=15 4 32 11 11 9 7 6 14 7 26 2 15 30 6 23 23 4 20 26 22 16 23 10 11 2 5 23 14 31 5 11 16 16 9 4 26 5 22 34 9 2 1 11 6 14 24 14 20 10 31 24 14 11 30 15 24 13 1 24 20 0
split_gain=36.5924 16.9486 15.7495 13.3701 10.756 9.8168 9.15723 9.08644 8.51325 8.43381 8.31156 7.84714 7.80767 10.1216 11.8978 10.1818 7.61573 7.39945 7.39849 8.96147 7.25394 7.12496 6.74474 6.63659 7.11146 6.61576 6.49592 9.34878 6.44605 6.41925 7.11421 9.26513 6.24727 6.65967 6.62581 8.61124 6.78703 6.23913 6.18532 8.4899 9.52978 7.61108 7.00136 6.65533 6.15264 6.68103 6.1465 6.00367 5.9286 6.47797 10.9371 8.40095 9.31479 7.76826 6.87565 6.53654 6.40141 7.56652 6.56648 6.11414 5.77386 5.71927
threshold=-0.98977747559547413 -0.037920959293842309 9.5000000000000018 -1.14650422334671 0.89920526742935192 -2.1104872226715083 -1.3425802588462827 -0.36978991329669947 -0.75554636120796193 0.21313384920358661 -0.83952859044075001 0.41467522084712988 -0.067129451781511293 -6.9000000953674308 0.80212673544883739 0.50707513093948375 -0.30397126078605646 0.60094025731086742 -1.116309583187103 0.38634522259235388 1.0000000180025095e-35 0.71557229757308971 0.6880502998828889 -0.23453659564256665 0.16483994573354724 -0.52574068307876576 -0.27610240876674647 0.48739866912364965 -1.0000000180025095e-35 0.6428571641445161 0.49199336767196661 1.0244308710098269 -0.64327010512351979 -1.6251080632209776 1.0525641441345217 0.94409903883934032 0.20493439584970477 0.028301054611802105 0.45223119854927069 3.5000000000000004 -1.1338272690773008 1.0000000180025095e-35 1.0999195575714114 1.3198862671852114 0.40864264965057379 0.44758616387844091 -0.91622346639633168 -2.8263701200485225 -1.9655183553695676 1.1333757638931277 -0.21428572386503217 0.42489238083362585 0.56274193525314342 -0.23932254314422605 -4.1833331584930411 1.2889174818992617 0.55828094482421886 -1.0000000180025095e-35 1.5655604600906374 -1.2161670327186582 1.5053957104682925 1.1206567287445071
decision_type=2 2 2 2 2 2 2 2 2 2 2 2 2 2 2 2 2 2 2 2 2 2 2 2 2 2 2 2 2 2 2 2 2 2 2 2 2 2 2 2 2 2 2 2 2 2 2 2 2 2 2 2 2 2 2 2 2 2 2 2 2 2
left_child=4 9 10 7 17 47 18 -4 25 11 16 60 13 -10 -15 -16 -3 21 19 46 -13 -1 44 -17 -25 -8 27 -11 -21 38 31 -31 33 -9 35 -34 -36 -33 41 40 -40 43 -43 -27 45 -12 -7 -5 -14 54 53 52 55 -51 -50 59 -53 -58 -59 -52 -2 -29
right_child=1 2 3 5 -6 6 8 32 12 26 22 20 48 14 15 23 -18 -19 -20 28 -22 -23 -24 24 -26 29 -28 61 -30 30 -32 37 34 -35 36 -37 -38 -39 39 -41 -42 42 -44 -45 -46 -47 -48 -49 49 50 51 56 -54 -55 -56 -57 57 58 -60 -61 -62 -63
leaf_value=-0.017540910945361671 -0.011860667308686951 0.040119174984810151 -0.017530854972628383 0.011117452916367693 0.0044958752433845095 0.016904015662912459 -0.0086649558166660787 -0.009269008210966519 0.01216250337316592 -0.01500730849364236 0.014504001403983396 -0.0063853524356397217 0.020691296164510448 -0.010195089009049184 0.029816400306915427 0.012578262945403127 0.011841644757229418 0.0068387102279711095 -0.011443746202920616 -0.0013731656487411842 0.0088880562627924806 0.0084115734060962646 0.010826375020638601 0.0066708253572969724 -0.021165342253149231 0.0023134391003797462 0.0039928357258380565 -0.0025933847915745926 0.036698269875345378 0.00068487397940732977 0.025353363260801804 0.022223336442749764 -0.011552415919976872 0.025264509062638229 -0.0084685844170750858 0.011892031165984248 0.02683773776613425 -0.010521505510499471 -0.010077445915469911 -0.0020047934696249088 0.022836510086148034 -0.012637948791656072 0.0063937232058801459 0.013377668571444916 -0.0084031249888584219 -0.010581460282370831 -0.014008305565861398 -0.013575082474400183 -0.0047113229715881957 0.016005984483406274 -0.00035307168124782133 -0.015657350097457026 -0.0027476673466027023 -0.0076163858489174492 0.0020138739784547207 -0.0083753017936861393 -0.0069386800118046823 0.016801333426540346 -0.013230517524296773 0.039441235381106617 0.011634245654586617 0.018455937816685562
leaf_weight=158.30683758947998 182.55617308523506 8.2917252592742425 46.207971214316785 6.6518809963017693 28.649103341624141 3.2220981772989097 23.772754348814487 4.6518672667443743 26.723364550620317 44.865854935720563 27.160291414707899 70.519936291500926 10.470008833333848 150.66896819323301 7.7066431380808345 15.115805413573979 48.302699949592352 10.871730651706455 72.96691088937223 6.0308804763481021 39.493117506615818 7.2679393002763382 97.496680257841945 11.332038694992663 13.970702361315487 225.58828098326921 155.25141484290361 41.68958568200469 5.1619068793952447 65.012285888195038 24.696104532107711 34.989153867587447 77.525564065203071 8.7738127801567298 5.3907525744289142 12.773983383551238 6.3033036608248949 3.0422575883567324 6.4295846540480843 26.174670210108161 45.890006424859166 44.236677324399352 23.077487766742706 58.598192242905498 40.744009746238589 9.4265673495829088 17.005973108112812 50.334238731302321 149.11381244473159 11.098830794915555 3.8823562702164081 6.0854849591851226 8.5250287977978569 52.710017666220665 1228.4725460959598 1.6594891808927048 17.204519366845489 54.271730344742537 3.664446532726287 22.214887075126175 6.0646400675177565 10.622510666027663
leaf_count=7554 5244 152 1855 51 845 109 309 115 745 1445 438 1075 203 4267 135 229 380 303 1581 132 666 259 646 175 200 2994 2593 633 108 861 176 271 1395 218 87 134 108 24 60 225 393 351 145 484 347 212 356 811 1860 162 102 80 157 579 13555 19 170 472 25 384 130 108
internal_value=0.00025291 0.000985198 0.00189354 0.00124079 -0.0119066 0.00177814 0.00206898 -0.00699666 0.00245519 -0.0038194 0.00932028 -0.00718819 0.00142519 -0.00373901 -0.00612257 0.00638708 0.018905 -0.0146204 -0.00643341 0.00517553 -0.000754385 -0.0161885 0.00577817 -0.000870819 -0.00965501 0.00559514 0.000228215 -0.00568722 0.0220948 0.00627455 0.0120907 0.00788593 -0.00222652 0.0140307 -0.00492217 -0.00778599 0.0129004 0.0186858 0.00442761 0.0117909 0.0182655 0.002641 -0.00612233 0.0047867 -0.000857441 0.00754562 -0.00670998 -0.0100285 0.0021768 0.0019867 0.00724047 0.0124962 0.0236743 -0.00264303 0.00127151 0.03097 0.00641997 0.00907328 0.0140016 0.0344163 -0.0108243 0.00291813
internal_weight=3686.98 3481.88 2930.82 2699.4 205.096 2537.77 2480.79 161.627 2376.4 551.063 231.422 298.634 1794.89 225.518 198.794 48.1252 56.5944 176.447 104.388 31.4209 110.013 165.575 174.828 40.4185 25.3027 581.507 252.429 97.178 11.1928 557.735 127.74 103.044 115.419 13.4257 101.994 90.2995 11.6941 38.0314 429.995 78.4943 52.3196 351.501 67.3142 284.186 77.3309 36.5869 20.2281 56.9861 1569.37 1558.9 181.317 117.508 36.2818 63.8088 1377.59 27.7567 81.2262 75.1407 57.9362 26.0972 188.621 52.3121
internal_count=59902 50941 39047 36872 8961 32960 32098 3912 29812 11894 2175 7115 23519 5751 5006 739 532 8116 2286 705 1741 7813 1643 604 375 6293 4779 2186 240 5984 1332 1156 2057 333 1724 1529 195 295 4652 678 453 3974 496 3478 997 650 465 862 17768 17565 2150 1409 662 741 15415 505 747 667 497 486 5374 741
is_linear=0
shrinkage=0.03


Tree=83
num_leaves=63
num_cat=0
split_feature=15 32 4 4 5 6 11 17 32 24 9 26 3 23 3 6 25 11 4 26 9 16 9 16 25 30 11 26 17 16 15 23 26 13 24 23 25 1 14 8 2 11 2 3 24 15 17 3 4 4 2 16 5 16 8 11 14 8 15 17 32 26
split_gain=28.4094 15.319 13.023 12.4844 11.339 12.3673 11.3199 12.3879 9.41219 9.18545 10.8648 9.17492 9.12116 9.10955 9.75189 8.88238 9.71213 9.41305 12.1434 8.66928 8.55211 11.4475 8.31084 8.01583 7.553 7.4711 7.35419 7.11713 8.35569 6.87601 6.80179 7.51326 6.65331 8.69348 7.5951 8.03818 6.60967 7.82979 11.3581 8.75753 7.83768 7.67124 7.35741 6.8466 7.17554 6.60393 6.59649 6.5271 6.49394 7.9573 6.59439 6.11754 6.88965 6.06825 6.01555 5.98606 6.12227 6.09957 5.98554 5.85438 5.85218 8.68004
threshold=-0.70932689309120167 14.500000000000002 -0.027378956787288185 2.3550682067871098 -0.12708774954080579 -1.0870629549026487 0.17783386260271075 -0.7761898636817931 9.5000000000000018 -0.91622346639633168 -0.88454407453536976 -0.95342162251472462 -0.54103490710258473 1.244126617908478 -1.1322949528694151 1.201640844345093 -0.57730805873870839 -0.32677510380744929 0.49326249957084661 0.78309369087219249 0.68495076894760143 0.75610783696174633 0.66698753833770763 0.78678208589553844 0.058717029169201858 -2.1249999999999996 -0.95546451210975636 0.36244197189807897 2.1570289134979252 -0.22828955203294751 1.4694843888282778 1.0553156137466433 -1.5628060102462766 0.83518606424331676 0.56893840432167064 0.9757615625858308 -0.23633988946676251 0.64064437150955211 0.44252236187458044 0.43511506915092474 0.3955745548009873 1.5227683782577517 1.7116163372993471 1.3553729653358462 0.56893840432167064 1.5789580941200259 1.7081036567687991 1.1569622159004214 0.44770708680152899 -0.80227845907211293 -0.15533923357725141 0.46607579290866857 -0.14900672435760495 0.19244285672903064 -0.66185823082923878 1.3713554143905642 -1.0704640746116636 0.11299882829189302 -0.837416112422943 -0.61601614952087391 15.500000000000002 0.82435524463653576
decision_type=2 2 2 2 2 2 2 2 2 2 2 2 2 2 2 2 2 2 2 2 2 2 2 2 2 2 2 2 2 2 2 2 2 2 2 2 2 2 2 2 2 2 2 2 2 2 2 2 2 2 2 2 2 2 2 2 2 2 2 2 2 2
left_child=2 11 -1 4 12 -6 8 -8 -4 10 -7 32 -3 14 -11 16 20 18 19 -18 21 25 51 48 -15 -13 -12 46 29 54 31 -14 34 -34 -2 -36 60 -38 39 40 -39 43 -41 44 -42 -5 -19 -32 49 -17 -50 52 -20 -35 -29 56 -31 -57 -9 -46 -16 -62
right_child=1 3 6 45 5 9 7 58 -10 13 26 15 30 24 36 23 17 27 22 -21 -22 -23 -24 -25 -26 -27 -28 28 -30 55 47 -33 33 53 35 -37 37 38 -40 42 41 -43 -44 -45 59 -47 -48 -49 50 -51 -52 -53 -54 -55 -56 57 -58 -59 -60 -61 61 -63
leaf_value=-0.01763119276365941 0.010812712311016527 -0.017639818687173365 0.014162519565960548 0.016039484895462114 -0.010294533136756311 -0.0138041317828406 -0.01197378153304582 0.017411758059267847 -0.011245407855140457 -0.012727445630891104 -0.0087664686452346742 -0.0066418924256392087 -0.0022331012284624091 0.0082549859210078944 0.010809102721275766 -0.01237024750459222 -0.013081492161198888 0.0065098012251632274 -0.0021204183578844033 0.0018615199904270581 -0.0069700264342500403 -0.011141907139387149 -0.011833386667551902 0.0019390067150600885 -0.0061206833847513922 0.027802630427933225 0.028615812701907346 -0.010394230508284573 0.026676330115422003 0.0045853130274757202 -0.0065453492349306737 -0.015188084222822485 0.0086317146736312883 -0.0031679426012300345 -0.01380826116376227 0.0086534965660982656 -0.002502380412808525 -0.0083647483688323258 -0.0076887021694945611 -0.011832997385974976 -0.00099436449657913087 -0.0079750033797754277 0.022456592542765646 0.0028341135654978825 -0.0012119439951176363 -0.0067285727133939988 -0.011559127962056978 0.021309803463109015 0.022825605816214914 0.016578280671146896 -0.0059941013644918663 0.0011557131138837909 0.039325164827754208 0.03130243153422213 0.018572409503850539 -0.0052633664837478233 -0.007738375437172023 0.016496875208446962 -0.0056328127738970212 0.040893410782034338 0.0037245177048664166 -0.0099932680578046131
leaf_weight=86.459838298149407 44.022823724895716 46.434068223461509 10.295465489849446 55.474890045821667 89.028354035690427 5.6091418527066734 21.927365297451615 42.405147148296237 128.02682641055435 50.839349366724491 3.3104361901059809 4.6112689916044465 177.17087213601917 195.17329048365355 72.065447406843305 5.6693752743303767 116.9633340574801 267.58994404412806 4.2426059469580641 47.382157569751143 13.739643748849629 7.3964895270764819 8.03860812820494 151.0384528990835 35.570707613602281 35.688967988826334 22.887649878859516 5.1495765475556281 4.3657883778214446 41.280001308768988 9.7546501625329274 48.072777435183525 141.60945419687778 4.428543675690892 31.983706414699554 19.128906739875674 725.17372419405729 6.2028198987245551 33.713882017880678 17.647956352680925 4.9231694918125859 4.6003141850233069 2.5898778438568106 10.427588656544684 2.9875750392675391 11.184199951589106 14.982518307864664 13.303655214607714 4.0047484673559657 115.30108445882797 29.609633196145296 12.639303267002104 8.6440175436437148 24.272000034339726 19.219616811722517 18.06759444437921 185.54435645416379 20.14009976759553 10.298538003116844 24.77977555803955 245.79023062065244 44.831027610227466
leaf_count=4127 755 1666 348 407 2782 160 732 1203 5706 1352 128 79 3371 1324 974 69 2452 3415 71 1054 231 88 106 918 351 567 532 125 29 356 105 530 1721 68 292 147 10939 72 355 177 86 40 18 67 39 63 123 89 30 933 199 116 103 213 376 199 2406 198 257 231 3408 631
internal_value=0.000647713 0.00143939 -0.00813057 -0.000276409 -0.000739826 0.000263597 -0.0039573 0.00523427 -0.00892617 0.000918395 0.0157231 0.00382194 -0.00609434 0.000547683 -0.000473218 0.00263066 0.00101405 6.90573e-05 -0.00549456 -0.00884554 0.0120218 0.0176349 0.0099327 0.00696357 0.00595607 0.0235633 0.0232442 0.00201038 -0.00125453 -0.00212178 -0.00362969 -0.00526781 0.00880065 0.0122749 0.0022788 -0.00537992 9.86271e-05 -0.00137305 0.00599339 0.0123062 0.0181887 0.0221063 -0.00386525 0.0258109 0.0317918 0.0120165 0.00536743 0.0104594 0.0116583 0.0147844 -4.9588e-05 0.0176028 0.0289018 0.0263027 0.0117238 -0.00358837 -0.00544505 0.0067886 0.0128108 0.0368695 0.0034516 0.00147519
internal_weight=3665.72 3366.3 299.413 1959.55 1892.89 1598.15 212.953 74.6311 138.322 1509.12 31.8072 1406.75 294.736 1477.32 1246.57 1141.31 835.686 774.25 197.91 164.345 61.4364 47.6967 33.5645 305.623 230.744 40.3002 26.1981 576.339 293.767 289.401 248.302 225.244 265.445 170.31 95.1354 51.1126 1195.73 833.047 107.873 74.1591 53.9212 47.7184 20.2378 43.1181 32.6905 66.6591 282.572 23.0583 154.585 120.97 33.6144 25.5259 12.8866 28.7005 24.3692 265.032 226.824 38.2077 52.7037 27.7674 362.687 290.621
internal_count=59709 47336 12373 29897 29427 23666 8246 2192 6054 20884 820 17439 5761 20064 18389 14243 12094 11129 3902 3506 965 734 396 2149 1675 646 660 7227 3689 3660 4095 3901 3196 2002 1194 439 17037 12024 1085 730 535 463 195 423 356 470 3538 194 1231 1002 229 290 174 281 501 3159 2762 397 1460 270 5013 4039
is_linear=0
shrinkage=0.03


Tree=84
num_leaves=63
num_cat=0
split_feature=17 23 11 9 7 14 5 3 32 4 2 8 20 10 26 10 8 14 3 32 26 24 3 32 14 14 22 20 7 4 23 7 17 22 9 4 21 23 8 10 11 20 20 32 24 1 26 9 34 23 27 10 4 23 32 20 34 8 15 31 21 21
split_gain=30.7176 21.4046 16.1743 15.9619 13.3779 11.8323 12.5633 11.4259 11.0508 10.5701 9.53111 9.52995 9.11606 13.9308 9.77425 9.0802 8.41366 8.41234 8.07086 12.6883 11.1399 12.6794 8.26836 8.2621 8.01126 9.10507 11.6049 8.47524 7.98511 9.19043 7.96683 7.93472 7.85121 8.34077 7.79932 8.00367 7.76643 8.30325 8.02448 8.13427 7.71856 7.52633 9.1755 7.47734 7.26829 7.22732 7.41354 7.20472 9.29608 9.22377 6.96005 13.1269 7.97911 7.29366 11.3918 6.91328 6.77919 6.8926 6.76093 6.69096 6.67506 6.457
threshold=0.37150834500789648 -1.0592038631439207 1.0509038567543032 -1.9703051447868345 -1.3425802588462827 0.53468039631843578 -0.82393279671668995 0.82590156793594371 13.500000000000002 1.2038460373878481 0.93689990043640148 -0.96630293130874623 1.0481646060943606 -0.45326262712478632 0.90322747826576244 -0.88030683994293202 -1.9191123247146604 -2.8263701200485225 -0.46603828668594355 8.5000000000000018 0.89469203352928173 0.16246993839740756 0.70705479383468639 15.500000000000002 -1.0704640746116636 0.42680302262306219 -1.0000000180025095e-35 -0.49135123193264002 -0.46614019572734827 0.56957736611366283 0.54429334402084362 -0.36641535162925715 -0.2715818434953689 1.3726598620414736 -1.4491441845893858 -0.24644867330789563 -0.34389120340347284 0.81915113329887401 -0.42741020023822779 0.20693723112344745 -1.0661130547523496 1.0773187875747683 0.98227065801620495 8.5000000000000018 1.2726842164993288 -0.047893766313791268 0.7151293456554414 0.75640910863876354 3.5000000000000004 0.48739866912364965 4.5000000000000009 -1.0000000180025095e-35 -0.14386478811502454 1.0069981813430788 15.500000000000002 0.72392037510871898 1.5000000000000002 -0.92239210009574879 0.49782355129718786 0.5000000149011613 0.85398736596107494 0.57403382658958446
decision_type=2 2 2 2 2 2 2 2 2 2 2 2 2 2 2 2 2 2 2 2 2 2 2 2 2 2 2 2 2 2 2 2 2 2 2 2 2 2 2 2 2 2 2 2 2 2 2 2 2 2 2 2 2 2 2 2 2 2 2 2 2 2
left_child=1 2 10 17 -5 6 60 12 -2 18 43 47 14 58 16 -11 -7 -3 20 22 23 -22 -20 31 34 41 -27 -28 44 56 -17 -8 -29 -34 -21 -36 37 -37 -38 -40 -33 42 -26 -1 -13 -42 -47 48 -10 -50 51 52 -9 -52 -55 -56 -30 -58 -14 -49 -6 -43
right_child=8 3 -4 4 5 7 9 50 11 15 -12 28 13 -15 -16 30 -18 -19 19 24 21 -23 -24 -25 25 26 27 32 29 -31 -32 40 33 -35 35 36 38 -39 39 -41 45 61 -44 -45 -46 46 -48 59 49 -51 53 -53 -54 54 55 -57 57 -59 -60 -61 -62 -63
leaf_value=0.0099333346772548167 0.0078053241643829228 0.017072002160124011 0.011762103308222293 -0.010440081624827482 -0.013781594666933237 0.019267333145859048 -0.011581484738397835 -0.0060405351981763491 0.0042149716360852345 -0.0065218494226308493 0.019972239695370965 -0.00092927719955098733 0.033554298054946016 -0.0075197874957769646 0.0042413694691587926 0.023451170482976569 -0.014324860576381727 -0.016462453772838649 0.028653932034967335 -0.011276610478024803 0.023129563769144868 -0.0039008263621174801 0.0028705489875486372 -0.010880596868804722 0.00037593188461994699 -0.0059875438137481137 -0.010985931457072395 0.0055139209400852859 -0.008878811217906275 0.0083362586154589642 0.0070405166870578413 -0.012572354964370586 0.035537378375578403 -0.006587315008996072 -0.010795458923304996 0.047240969460422527 -0.0039681157290071311 0.0031310069339545001 0.024172656478419478 0.0024421978064362018 -0.013179487093155823 0.0069817056987698124 0.017933232241361653 -0.015812938996943332 -0.015218379427773309 0.016732698984259251 -0.011888040622945106 -0.0078184737159194013 -0.0087662892516432462 0.022952911857936929 -0.0085446808366276914 -0.0039633640345767161 0.023880366500111751 0.020090050066660332 0.0081542061118783527 -0.019162613624023345 -0.017773185531217379 0.0022112848298293966 -0.0049522029436840269 0.012819110935772178 0.0039314492307120086 -0.010545313419310635
leaf_weight=7.5124676963314405 483.12971198372543 3.3939492721110573 22.230074241757393 99.168195454403758 61.371285926550627 2.8013312071561804 29.858449340797961 7.7837635297328225 84.128965109586716 21.222133863717318 3.2966018151491872 100.40095345489681 10.301017731428145 30.374675056897104 31.868606418371201 41.879690364003181 169.11114919185638 68.886420886032283 23.230999734252691 10.994761049747465 24.327383510768414 30.819730078801513 20.589288273826241 118.05852898955345 494.51629224885255 24.727890664711595 5.3397193402051917 21.276796497404575 60.719972951337695 157.86238584853709 77.423707623034716 12.974560091271995 25.194636061787609 3.282223977148532 9.2644221466034633 7.100287036970256 25.265708278864615 6.7393532246351242 33.639378003776081 27.964230019599199 6.8593522217124692 19.946682671085 23.338907478377223 175.49331448227167 42.55208783224225 52.789852279238403 5.8390818107873192 39.058967791497707 6.8159443233162156 59.167630456387997 74.701082015410066 41.936199618503451 36.231603926047683 21.083660800009966 11.390771441161634 13.289690002799032 11.168349768966435 408.12374538369477 4.0300491638481608 15.859071053564547 24.29052278958261 89.117577329277992
leaf_count=279 4009 33 639 2577 1618 69 832 112 837 203 100 1537 254 615 811 461 4390 1594 234 136 777 534 136 3537 7712 460 97 421 636 1181 581 440 380 37 160 97 298 74 308 243 195 318 292 8608 416 1210 130 366 110 504 981 453 363 157 105 101 102 4252 52 130 442 1017
internal_value=0.000752724 -0.00147825 -0.0105083 -0.000515558 1.88159e-05 0.00061115 0.00199473 -0.00355986 0.00410897 0.00274202 -0.0134036 0.00226728 -0.00782979 0.00407772 -0.0104772 0.0103671 -0.0132484 -0.0138852 0.00177199 0.00319474 -0.00261133 0.00895476 0.0180741 -0.00556151 0.0023032 0.00105297 0.0102779 0.0174691 0.000736429 0.00217822 0.0135128 0.000460014 0.0212473 0.0304234 0.00927577 0.0117316 0.0142165 0.0322928 0.00973583 0.0152322 0.00546162 -0.000193595 0.00133114 -0.01452 -0.0055532 0.00967288 0.0131721 0.00794098 0.0112494 0.0192897 0.00164394 0.00793147 0.0185127 -0.00297949 0.00605147 -0.0073053 8.79482e-05 0.0014758 0.0242458 -0.00128641 -0.00881902 -0.00717428
internal_weight=3683.12 2214.13 208.532 2005.6 1933.32 1834.15 1379.24 454.904 1468.99 1293.58 186.302 985.858 248.487 44.7057 203.781 140.526 171.912 72.2804 1153.06 871.529 281.527 55.1471 43.8203 226.38 827.709 706.741 79.8213 55.0934 780.827 637.874 119.303 108.321 49.7537 28.4769 120.968 109.973 100.709 13.8396 86.8693 61.6036 78.4628 626.919 517.855 183.006 142.953 65.4883 58.6289 205.031 150.113 65.9836 206.417 85.9516 44.0154 120.465 45.7641 24.6805 480.012 419.292 14.3311 54.918 85.6618 109.064
internal_count=59753 45673 9626 36047 34420 31843 23380 8463 14080 21320 8987 10071 6191 921 5270 1245 4459 1627 20075 12420 7655 1311 370 6344 12050 10734 1395 935 8124 6171 1042 2807 838 417 1316 1180 1020 171 849 551 1975 9339 8004 8887 1953 1535 1340 1947 1451 614 2272 928 475 1344 363 206 4990 4354 306 496 2060 1335
is_linear=0
shrinkage=0.03


Tree=85
num_leaves=63
num_cat=0
split_feature=3 11 4 32 9 7 2 4 12 16 9 23 25 35 26 7 13 11 16 15 26 17 15 21 12 17 30 23 7 11 32 9 26 15 7 20 7 15 7 16 11 2 15 32 19 1 25 5 2 25 15 15 4 26 16 9 1 13 7 26 17 23
split_gain=35.932 17.6881 12.7614 13.8539 11.4792 13.6917 9.84685 8.86571 8.80394 7.84837 10.182 8.08644 7.94678 7.68752 7.54176 7.51097 7.38307 7.51771 7.36883 7.09328 6.93345 6.84091 8.1429 6.67992 10.961 7.48712 6.89194 6.6246 6.54449 9.35548 7.65487 6.71263 6.70127 6.52379 6.23129 6.21992 6.16956 6.07098 8.83297 6.05411 5.99929 5.99832 5.79052 6.38385 6.55662 5.77241 5.69265 5.63414 6.17763 6.59713 5.78824 5.55693 7.72395 6.60146 6.37961 6.33841 6.89193 6.22153 5.53124 5.51481 7.69082 5.61834
threshold=-0.44343279302120203 -1.0813010931015012 -0.063147414475679384 13.500000000000002 -0.79208737611770619 -1.1993432044982908 1.2062891721725466 -0.097492337226867662 -0.551875740289688 0.57209491729736339 0.23492435365915301 0.52628731727600109 -0.37790365517139429 1.0000000180025095e-35 0.6665778160095216 1.9929135441780093 0.65043911337852489 -1.4638844132423399 -1.2985684275627134 -0.50858402252197255 0.6665778160095216 -0.23785565793514249 -0.27189111709594721 0.99842476844787609 0.81130489706993114 0.53844395279884349 -5.7083332538604727 -0.04272628761827945 0.85989499092102062 -0.23932254314422605 11.500000000000002 0.83403253555297863 0.61198264360427868 -1.2060262560844419 0.95443394780159008 -0.011165145318955181 -1.0860579013824461 1.4953346848487856 0.21313384920358661 0.94832953810691845 -0.22824385762214658 0.42370142042636877 -0.69623205065727223 16.500000000000004 0.44816702604293829 -1.126731216907501 -0.39222621917724604 -0.11842333897948264 0.19839202612638476 -0.41258332133293146 0.14049225300550464 1.4694843888282778 1.938448488712311 1.3097661733627322 -1.4038626551628111 0.26741011440753942 0.95938405394554149 0.52837771177291881 0.38872157037258154 1.1235290169715884 -0.4931629598140716 -0.055170282721519463
decision_type=2 2 2 2 2 2 2 2 2 2 2 2 2 2 2 2 2 2 2 2 2 2 2 2 2 2 2 2 2 2 2 2 2 2 2 2 2 2 2 2 2 2 2 2 2 2 2 2 2 2 2 2 2 2 2 2 2 2 2 2 2 2
left_child=1 41 8 23 21 20 15 34 -2 12 -11 19 13 18 16 33 42 -18 -9 -12 39 -5 -23 51 25 28 -27 -28 29 30 -25 32 -30 -7 46 -13 -20 38 -29 -6 -37 -1 -10 44 47 -35 -3 58 50 -50 -49 54 53 -53 57 -56 -57 -4 -44 -47 -61 -62
right_child=2 7 3 4 5 6 -8 9 14 10 11 35 -14 -15 -16 -17 17 -19 36 -21 -22 22 -24 24 -26 26 27 37 31 -31 -32 -33 -34 45 -36 40 -38 -39 -40 -41 -42 -43 43 -45 -46 59 -48 48 49 -51 -52 52 -54 -55 55 56 -58 -59 -60 60 61 -63
leaf_value=-0.01764789767911364 -0.012005232791095086 0.0019049422099482053 0.026469737005394116 -0.013726491603950128 -0.020753761544202502 -0.01527876894827966 0.011581957617282817 -0.0099550439072011478 -0.010565662406886599 -0.0042371080154545767 -0.0047910422975795354 -0.0097328264338493418 -0.0063031218261024929 -0.004636845545047107 -0.0086366691526838374 0.018169714670955166 0.02137333032644375 -0.011330228071161363 -0.0040484810065536904 0.032176446144500652 0.0068871366833436979 0.01436585233253633 -0.0042258145459298487 0.025901841486874425 -0.0013460972065734871 -0.0092520373033987743 -0.0097219993301693539 0.0079301733182081113 0.026471207070397535 -0.0091268970100473867 -0.0045463109054571576 -0.0076857164341644401 0.00018872301819613266 0.018570937371661638 0.0065665287103845614 -0.010027880148741624 0.028963909159995686 0.0044315930200696657 0.034657795254167241 0.0063080703055642231 0.024508246386608392 0.012924839313762383 0.0086074134799314986 -0.009639641254906503 -0.0072785556921506076 0.00071048475623266161 -0.017501436416954265 0.016580708020937161 -0.0084277112884245421 0.023235192312608084 -0.0056451153268730738 0.018136895749350557 -0.014093525933911341 -0.010539388449963482 0.0051425171160758799 -0.0030761657752942325 0.012924462772874739 -0.0091092719059389753 -0.0072785944543005843 0.026071606363362379 -0.014812071547523335 0.0068640010013075953
leaf_weight=118.9866179889068 81.126395052298903 15.248531925491987 12.364556690677999 57.278029032982886 40.47714692633599 16.163380046375096 90.291196424514055 5.1864805985242155 18.689376777969301 50.651751469820738 4.364531887695196 14.796847766265275 286.07401000056416 30.987202256917953 89.396771815605462 19.118529343977571 2.4760166285559526 52.535408631898463 5.1278079980984392 18.394333498552442 11.214638857170938 18.645903215743601 208.22165729664266 12.325112901628019 64.093827556818724 4.3978725150227538 3.2054691296070805 19.46636651456356 27.361280165612698 35.348654426634312 10.770930155180393 7.2891482487320891 12.05594941228628 12.663230074569581 11.877823673188685 3.3939856253564349 17.709571617655453 14.981740750372408 41.116927351802588 6.5155132971703997 9.0101779121905547 2.6186311915516844 46.981148261576891 19.069982560351491 21.736203173175454 1153.6212875451893 75.847186642698944 12.578381501138209 4.1426048893481484 47.629809934645891 22.057715378701687 51.94273603707552 5.4766515940427771 4.974556252360343 241.90642977599055 241.27009796816856 21.926051223650575 3.1459565768018356 27.142999891191721 12.910626057535408 7.8447354761883608 67.346858292818069
leaf_count=5545 1842 625 261 1331 835 575 628 189 726 901 171 206 7972 947 1571 235 56 830 150 360 206 513 2496 121 444 31 36 123 212 271 147 70 95 188 462 48 413 73 235 66 101 101 924 348 303 13668 3154 327 60 584 289 306 28 32 2750 2828 156 61 475 204 176 640
internal_value=-0.000118195 -0.00637188 0.00128577 0.00210254 0.000560015 0.00165159 0.0022694 -0.00399722 -0.00337415 -0.00210253 0.00509972 0.0140901 -0.00424523 0.00544409 -0.00131633 0.00157521 0.00117474 -0.00820014 0.0156053 0.0255011 -0.0120162 -0.00489788 -0.00242096 0.00526038 0.0093055 0.0128718 0.0194419 0.0215005 0.00702857 0.000138621 0.0134201 0.014803 0.0193587 0.00125526 -0.0117208 0.00206552 0.0221557 0.0233462 0.0273291 -0.0167558 0.0148925 -0.0165051 0.00364877 0.00519229 0.00696003 0.00152812 -0.0143229 0.00904956 0.0140526 0.0201826 0.00349979 0.00344481 0.0115735 0.0149819 0.00236978 0.00168624 -0.0015271 0.0187919 0.00269788 0.00128054 0.00830582 0.00382
internal_weight=3673.57 670.275 3003.3 2557.73 1722.31 1438.17 1379.96 548.67 445.563 445.697 100.612 49.9599 345.085 59.0111 364.436 1289.67 275.04 55.0114 28.0239 22.7589 58.2073 284.146 226.868 835.42 252.413 188.319 83.1684 78.7705 105.151 58.4447 23.096 46.7064 39.4172 1270.55 102.974 27.201 22.8374 75.565 60.5833 46.9927 12.4042 121.605 220.028 201.339 182.269 1254.39 91.0957 160.533 86.4085 51.7724 34.6361 583.007 62.3939 56.9173 520.613 505.103 263.196 15.5105 74.1241 1241.72 88.1022 75.1916
internal_count=59721 21345 38376 30041 21761 17421 16314 15699 8335 11458 1787 886 9671 1699 6493 15686 4922 886 752 531 1107 4340 3009 8280 1858 1414 498 467 916 539 268 377 307 15451 4241 355 563 431 358 901 149 5646 4036 3310 2962 14876 3779 2659 1260 644 616 6422 366 338 6056 5734 2984 322 1399 14688 1020 816
is_linear=0
shrinkage=0.03


Tree=86
num_leaves=63
num_cat=0
split_feature=15 11 7 8 4 14 7 4 21 11 14 23 11 0 20 21 21 14 21 3 25 24 2 0 25 29 30 8 32 26 8 23 29 24 4 29 8 22 3 10 29 10 10 29 32 15 24 10 10 2 23 13 14 21 3 8 14 26 13 23 3 23
split_gain=34.182 15.8649 20.4687 11.6949 12.8377 10.4865 10.2581 9.6672 8.83133 8.5446 8.47741 8.33828 7.86846 7.81811 8.85727 9.63636 7.55943 10.1297 9.00582 8.43416 7.45403 8.60059 7.97176 9.27124 10.9712 7.46386 8.12103 7.22311 7.18732 10.1262 9.10567 11.4573 8.8383 10.5593 7.3637 7.21273 7.23189 10.783 10.5393 11.2264 9.52073 7.12429 10.0803 10.7027 7.5978 7.03801 6.99376 10.4227 8.99425 6.96624 6.64497 6.74169 11.0592 8.69666 7.13587 6.71268 6.64353 6.59138 6.45263 6.20351 8.17398 6.17884
threshold=-1.0622653365135191 0.22568751126527789 0.73943787813186657 -0.59160220623016346 0.96338364481925975 0.49766954779624945 -0.85574060678482045 -1.0000000180025095e-35 1.9256711602211001 0.63317885994911205 -2.6278655529022212 0.42008206248283392 -1.7223862409591673 -1.1792177557945249 0.74497026205062877 0.21705467253923419 0.78259679675102245 -0.65232509374618519 0.97198200225830089 0.55284741520881664 -0.2886137962341308 -0.67135798931121815 0.88031867146492015 1.1206567287445071 0.37481206655502325 0.17156863212585452 -3.3666666746139522 -0.48008322715759272 14.500000000000002 1.5132408738136294 -0.45916798710823054 0.88137096166610729 0.86190477013587963 0.85097411274909984 1.5083765387535097 0.41421568393707281 0.52249017357826244 -0.28171184659004206 0.98388406634330761 0.90456408262252819 0.57738095521926891 -1.0000000180025095e-35 -0.58065038919448841 0.60769233107566845 13.500000000000002 0.90859434008598339 0.49190737307071691 -0.72724387049674977 -1.1338272690773008 -0.49894812703132624 1.0722395777702334 0.73289230465888988 0.27779406309127813 -1.2497054338455198 0.99762001633644115 -0.75374117493629444 0.059922223910689361 0.93550792336463939 0.79817244410514843 0.49687351286411291 0.78486108779907238 0.67064848542213451
decision_type=2 2 2 2 2 2 2 2 2 2 2 2 2 2 2 2 2 2 2 2 2 2 2 2 2 2 2 2 2 2 2 2 2 2 2 2 2 2 2 2 2 2 2 2 2 2 2 2 2 2 2 2 2 2 2 2 2 2 2 2 2 2
left_child=9 2 5 41 16 8 7 -3 12 -1 -8 -10 -2 -12 28 61 17 19 -18 -5 25 -22 -23 24 -24 26 -14 -11 35 30 31 46 33 -33 -32 -15 37 -37 39 -38 -39 42 -4 44 -44 58 -30 48 -48 -6 51 -9 53 -53 -54 -52 -27 -36 -28 60 -49 -16
right_child=1 6 3 4 49 -7 10 50 11 27 13 -13 20 14 15 -17 18 -19 -20 -21 21 22 23 -25 -26 56 45 -29 29 -31 34 32 -34 -35 57 36 38 40 -40 -41 -42 -43 43 -45 -46 -47 47 59 -50 -51 55 52 54 -55 -56 -57 -58 -59 -60 -61 -62 -63
leaf_value=-0.015232673439231497 -0.018696875876458581 -0.013908626803233749 -0.0076289276283410552 0.021083331139610181 -0.0069307358459244984 -0.0091188039678059846 0.012805393006686653 0.00041132577923878627 -0.013379406461392282 -0.014974943799812285 0.020863960333438361 0.0242935569227666 -0.012404262624984607 5.322115733897148e-05 0.024191264381112465 0.0044149803397080765 0.023122733713347859 -0.0069643220628881862 0.0048565423364102731 -0.01071212880829594 -0.013884160328630825 -0.0033182942925254512 0.034840110604174121 -0.0049347153091104613 -0.011015478514814058 0.0071980981596027086 0.032203067303860876 0.0094591634519956003 -0.011224284656068203 0.019575579480341561 -0.0052243405815214838 0.020736532965240091 0.024222767924803511 -9.8654874758003847e-05 0.0013022959977420528 0.014977899512747452 0.026779700940009966 0.01107516001400706 -0.001164899776386414 0.0029898727953851607 -0.0053810999807606605 -0.010721039033013323 -0.0040377385185608912 -0.0053676343220952563 0.029418274382088674 -0.0070518642442355889 -0.0050782870440271429 0.025648042893582315 0.032344218540950279 0.023917583984859884 0.008277232803877323 -0.0072661716941981947 -0.015234293526500905 0.04105145479494799 0.017418406710413271 -0.013518543587764836 -0.0057995159172976518 0.027992316581486033 -0.0056147483132217178 -0.0087683317484441269 -0.0097312765291046391 0.0070630721023361865
leaf_weight=141.82912518177181 20.971114743500948 48.642198570072651 43.691855703480542 20.613824693486098 5.362257679924368 238.66648839879781 84.055138915777206 136.86689282208681 3.5356512013822821 12.011526899412273 17.591971263289452 15.599725836887954 4.5843798089772454 214.65556194074452 35.819265080615878 426.99492703378201 25.286251297220588 83.912876467220485 146.92481056321412 7.0363172776997081 59.787095037288964 395.47234937921166 12.592988844960933 15.507624469697474 3.7173128332942715 61.121516508050263 20.231698828749366 25.284985896199942 50.334068838506937 17.200623594224453 365.98095049150288 24.282421853393316 23.764349408447742 86.553563147783279 40.783825799822807 49.179359305649996 49.840812485665083 39.357538072392344 32.431715086102486 28.521259171888232 105.47286411374807 59.407925304956734 6.5619058627635267 18.619380131363869 20.794056733138859 4.5889252293854943 7.1581804305315044 8.101631894707678 11.078751035034655 44.392268318682909 13.430499987676738 2.6029376126825801 9.890856681391595 9.9533938169479388 5.1799327265471211 43.575362522155046 71.165454034693539 5.6450604684650889 3.2441979544237247 47.826148713007569 6.9839879274368277 46.684056967496872
leaf_count=7000 733 1180 715 445 60 5342 593 2521 73 390 341 129 101 2225 530 3025 403 2000 1836 68 2458 7723 161 167 42 1047 450 752 1066 234 5196 280 208 710 312 577 557 402 219 310 1078 952 99 269 321 53 89 132 131 363 134 45 203 110 50 481 1602 41 61 554 78 417
internal_value=0.000626543 0.00128578 -0.0011683 0.00382051 0.00691087 -0.00376154 0.00293913 -0.00248152 -0.00186202 -0.0119748 0.00374553 0.016003 -0.00248426 0.00327304 0.00303381 0.00633582 0.00425939 -0.00178554 0.00811535 0.0125908 -0.00182449 -0.00368373 -0.0021124 0.0112912 0.0242566 0.00361294 0.0153985 0.000750038 0.00162903 -0.000367578 -0.00101267 0.00327714 0.00927602 0.00516406 -0.00378651 0.00428103 0.00720952 0.00355909 0.013172 0.0188196 -0.00068877 -0.00309352 0.00225934 0.0114831 0.0220093 0.0211291 -0.00297883 0.00249019 0.0197234 0.0202636 0.000279558 0.00334781 0.015603 0.0318184 -0.00246794 -0.00813011 0.000249306 0.00695337 0.0269087 -0.00358974 0.0109238 0.0154568
internal_weight=3688.96 3509.83 1413.39 482.604 333.529 930.787 2096.44 270.142 692.12 179.126 1826.3 19.1354 672.985 1742.24 1724.65 509.498 283.774 111.563 172.211 27.6501 652.014 487.077 427.29 31.8179 16.3103 164.936 32.6492 37.2965 1215.15 695.694 678.493 266.083 134.6 110.836 412.41 519.459 304.804 194.01 110.794 78.3621 144.83 149.075 89.6672 45.9753 27.356 28.0648 131.483 81.1487 18.2369 49.7545 221.5 164.494 27.6271 12.5563 15.0708 57.0059 132.287 46.4289 23.4759 62.9118 15.0856 82.5033
internal_count=59844 51702 27673 7531 5175 20142 24029 4724 14800 8142 19305 202 14598 18712 18371 3972 4752 2513 2239 513 13865 10551 8093 370 203 3314 665 1142 14399 9031 8797 3248 1198 990 5549 5368 3143 2057 1086 867 1480 2356 1404 689 420 564 2050 984 220 423 3544 2929 408 155 253 615 2649 353 511 764 210 947
is_linear=0
shrinkage=0.03


Tree=87
num_leaves=63
num_cat=0
split_feature=6 5 5 8 23 3 24 23 23 10 26 6 3 22 26 18 13 27 22 17 8 16 21 8 21 16 17 21 9 18 18 26 30 17 23 10 21 9 16 23 9 18 26 6 27 22 31 0 21 21 16 13 22 5 32 7 32 31 10 10 15 23
split_gain=28.7018 14.774 13.1091 15.5736 10.6038 9.6061 8.42485 10.1508 7.96275 7.69246 7.43456 8.77198 7.1374 9.20273 8.69668 8.56015 7.55303 7.29473 7.00684 6.89129 6.47248 6.3665 6.31533 9.38653 8.57013 6.45242 6.08631 14.9095 8.80496 8.20728 7.72189 6.90657 7.07973 6.548 6.09911 6.04759 5.84915 6.4738 5.81905 5.82022 5.7754 6.7885 7.30967 6.30097 5.93998 5.56204 6.53031 6.6829 8.67349 6.45569 6.23617 5.65762 5.55615 5.37949 5.37686 5.36852 5.34655 9.38109 9.06911 11.8224 8.14138 6.75454
threshold=-0.36978991329669947 -0.20125912874937055 -0.27610240876674647 -0.083661079406738267 -1.236350893974304 -0.54103490710258473 -0.27150523662567133 0.24323514103889468 0.59892481565475475 0.57273912429809581 0.91295722126960765 -1.2566530704498289 0.64183306694030773 1.0451247096061709 0.29852592945098883 -0.27230566740036005 -1.0386824607849119 4.5000000000000009 -2.2338159084320064 -0.94387763738632191 -0.26163959503173823 -2.0532319545745845 -0.51700475811958302 1.4815164208412173 -0.32103933393955225 0.52235946059227001 -0.2715818434953689 1.0838567614555361 0.5553458333015443 -0.262730062007904 -0.38509836792945856 0.62775963544845592 -2.1249999999999996 -0.83981716632843006 0.26603899896144872 0.16890142858028415 -0.94698768854141224 0.81740686297416698 0.7060753107070924 -1.236350893974304 1.1163510680198672 -1.0000000180025095e-35 -0.95342162251472462 0.40864264965057379 4.5000000000000009 -0.14091797918081281 0.78571429848670971 -0.21003090590238568 0.2371373847126961 -0.41761195659637446 0.19244285672903064 0.25609956681728369 -1.1774236559867857 1.5095761418342593 9.5000000000000018 0.4386413991451264 14.500000000000002 0.5000000149011613 -0.69010749459266651 -0.48532354831695551 0.1086150072515011 1.244126617908478
decision_type=2 2 2 2 2 2 2 2 2 2 2 2 2 2 2 2 2 2 2 2 2 2 2 2 2 2 2 2 2 2 2 2 2 2 2 2 2 2 2 2 2 2 2 2 2 2 2 2 2 2 2 2 2 2 2 2 2 2 2 2 2 2
left_child=2 5 -1 54 53 -2 8 20 9 19 12 -12 14 -14 15 16 -6 -17 -7 -3 21 -8 -22 24 25 -24 27 28 33 -30 31 32 -29 -9 -28 -32 -21 -38 39 -23 41 -26 43 -43 -42 52 47 48 -47 51 -48 55 -20 -5 -4 -49 -36 -58 -59 -60 -61 -62
right_child=1 6 3 4 10 18 7 26 -10 -11 11 -13 13 -15 -16 17 -18 -19 45 36 22 38 23 -25 40 -27 34 30 29 -31 35 -33 -34 -35 56 -37 37 -39 -40 -41 44 42 -44 -45 -46 46 50 49 -50 -51 -52 -53 -54 -55 -56 -57 57 58 59 60 61 -63
leaf_value=-0.014271126791453564 -0.01538939380146514 -0.0072756651801959759 0.0051503059015057659 -0.010421067956564958 0.01881620978481802 0.023940323482947706 0.015265988357456177 -0.00034667922038468031 -0.0026009802263870785 -0.0011642769919324638 0.032173926761802349 0.0045457263102299606 0.0029071300287954729 0.030216010621694704 -0.011635437693751749 0.018792150613350048 -0.011773986445427593 -0.0004202683712113973 0.0031686646168651647 -0.0036125753482653881 -0.0077734940269355499 0.017989912144152572 0.033929585925210698 -0.013204985618665914 -0.0040490854163170867 -0.0055654971028415703 0.02022330085515216 -0.0041093073034287574 0.0085019131452812331 -0.0087451439987084306 -0.0066963514887225266 -0.0014534563154332233 0.036022673615363057 -0.013390897822012818 0.0052575388999437211 0.013343685210013171 0.042033824606511054 -0.00024028093991449327 0.005140533548428426 -0.010282772517469809 -0.0037921427850720153 0.034161337431164243 0.0027390449929656094 -0.0044242119368525911 0.03219890599379728 -0.0068993831642194872 -0.0089732107338212144 0.026450752175165747 0.025142208725144409 -0.0061972895766652571 0.014716217687131926 -0.0066698610429534403 -0.014869439384019368 0.015551727993754495 -0.011547991827639636 -0.0095917994651690229 4.4004476737401828e-05 0.01634214308740347 -0.014924586459623451 0.019511373069461265 -0.00013559809644554143 0.013443302304706627
leaf_weight=117.97287810221314 50.989656472578645 2.7750622052699319 16.342573993839324 81.190137566998601 4.0550015242770305 4.1993186827749005 7.3754001073539248 53.088208789005876 18.539178516715765 10.831822732463477 11.03321450948715 35.112388023175299 49.621546097099781 9.8199211470782739 53.983970534987748 30.282444790005684 39.373193984851241 35.43716542609036 19.257179049775004 2.8060456458479193 51.313251855783165 2.3997054714709511 10.17343790642917 21.592472326010466 81.53606965020299 3.2692370265722266 14.812349312007425 3.6854708455503014 64.890489421784878 33.751665148884058 26.332475701346993 8.2650441490113717 16.455285735428337 96.128588000312448 769.56381321698427 19.055233092978597 18.519187003374107 3.7192091550678006 26.01830717176199 160.79817463457584 4.9015994966030103 9.3747696708887798 56.609994612634182 3.7660252507776013 6.721593176946044 10.810201464220883 9.5845904219895584 10.888349097222092 11.742551600560544 192.89960946515203 35.062136741355062 9.1189830303192121 49.580633315257728 3.4444368090480557 179.05494986660779 2.0489568673074237 704.29777649231255 60.23589794896543 22.965780446305871 28.4679967276752 134.15046695992351 38.669881619513035
leaf_count=4789 1552 89 490 3578 115 63 247 846 237 253 279 813 782 129 1595 886 1196 971 292 83 1238 61 233 384 1611 59 188 45 879 514 331 86 170 1472 6107 202 389 76 415 3941 105 150 1144 49 116 219 215 194 204 2486 401 140 814 117 6411 35 6793 550 212 360 1216 230
internal_value=0.000210789 0.00146217 -0.00539645 -0.0033769 0.000406248 -0.00382687 0.00229489 0.00202352 0.0132187 0.0202355 0.00333352 0.0136511 0.000941484 0.00941305 -0.00233349 0.00257534 -0.00726991 0.00913521 -0.00197643 0.0274757 -0.00206933 -0.00606856 0.00114221 0.00358799 0.00595149 0.0254196 0.00289747 -0.000887638 -0.0044255 0.00246342 0.0105222 0.0214904 0.0293223 -0.00891174 0.00358466 0.00220634 0.0318963 0.0362175 -0.00727176 -0.00934462 0.00363596 0.00173168 0.00830802 0.0249316 0.0204458 -0.00261839 -0.000687466 -0.00270548 0.0113188 -0.00440073 0.00923913 0.00955323 -0.00995046 -0.00855549 -0.0100577 0.01966 0.00338755 0.00191302 0.00645937 0.00350627 0.0059199 0.00319535
internal_weight=3670.76 3004.04 666.724 548.751 353.353 406.182 2597.86 2540.67 57.1905 38.6513 268.719 46.1456 222.573 59.4415 163.132 109.148 43.4282 65.7196 355.193 27.8195 445.85 196.592 249.258 197.945 176.353 13.4427 2094.82 321.652 247.859 98.6422 73.7935 28.4058 20.1408 149.217 1773.16 45.3877 25.0444 22.2384 189.216 163.198 162.91 151.287 69.7508 13.1408 11.6232 350.993 282.155 237.509 22.5528 214.956 44.6467 22.0563 68.8378 84.6346 195.398 12.9373 1758.35 988.788 284.49 224.254 201.288 172.82
internal_count=59847 37696 22151 17362 10461 6615 31081 29954 1127 890 6766 1092 5674 911 4763 3168 1311 1857 5063 637 9753 4664 5089 3851 3467 292 20201 4545 3711 1393 834 301 215 2318 15656 533 548 465 4417 4002 3175 2954 1343 199 221 5000 3894 3278 423 2855 616 369 1106 3695 6901 229 15468 9361 2568 2018 1806 1446
is_linear=0
shrinkage=0.03


Tree=88
num_leaves=63
num_cat=0
split_feature=6 32 3 14 21 8 9 25 29 14 8 14 8 23 8 5 13 25 20 25 23 24 29 24 7 0 9 21 9 25 14 29 21 20 4 13 9 3 3 23 14 30 17 25 10 12 9 32 21 7 7 23 8 5 14 17 7 13 12 13 10 8
split_gain=24.0041 16.1847 12.2406 12.3633 17.4909 11.1415 10.8001 9.44483 9.52146 9.25437 10.0449 9.04103 7.74546 7.62971 7.55863 7.48788 11.0741 8.13898 8.41072 8.41578 8.23039 8.17019 7.3092 7.26801 9.10481 6.90073 6.89923 6.53957 7.19014 6.72095 8.7983 7.18215 6.33215 7.69703 6.32461 7.40935 7.83481 7.73153 7.74945 7.38506 6.25067 6.21885 7.09989 6.83824 6.54105 6.1138 6.05718 6.03457 7.51262 7.43577 8.09845 8.8774 9.35139 6.52945 5.85804 6.93216 10.6061 9.73277 11.5467 8.68632 8.06992 7.64969
threshold=-1.0034729242324827 10.500000000000002 0.62921172380447399 0.46779745817184454 0.072545457631349577 -0.42741020023822779 -0.97249707579612721 -0.57708150148391713 0.39230769872665411 -0.76831158995628346 0.79562261700630199 -3.0694205760955806 1.0518922805786135 1.080766558647156 1.4815164208412173 -0.88410785794258107 0.28009641170501715 0.54386845231056224 1.0773187875747683 0.037765258923172958 -1.3677543401718137 -0.28443963825702662 0.64495798945426952 1.1099837422370913 -1.0039436221122739 0.68551480770111095 1.3470124602317812 -0.84830385446548451 -0.27864751219749445 -0.0082805575802922231 0.53468039631843578 0.57738095521926891 1.1108442544937136 0.77865973114967357 1.7498977184295657 -0.41040840744972223 0.99846389889717113 1.0433709025382998 0.73322540521621715 1.4758110046386721 0.31642414629459387 -9.9166665077209455 -1.2549678683280943 -0.38311110436916346 0.5478036403656007 1.3352468609809878 0.21591719985008243 14.500000000000002 -0.24183954298496244 -0.19191205501556394 1.1141515970230105 -1.3243682384490965 -0.51933053135871876 0.81595304608345043 -0.043234279379248612 1.0000547766685488 -0.15668085217475888 0.82072725892066967 1.1769987344741824 0.38103754818439489 0.94082167744636547 -0.60255795717239369
decision_type=2 2 2 2 2 2 2 2 2 2 2 2 2 2 2 2 2 2 2 2 2 2 2 2 2 2 2 2 2 2 2 2 2 2 2 2 2 2 2 2 2 2 2 2 2 2 2 2 2 2 2 2 2 2 2 2 2 2 2 2 2 2
left_child=27 5 3 6 -5 25 11 8 -4 10 -9 -3 34 -6 -12 16 -8 18 19 20 40 -21 -10 -22 -25 -2 45 28 -1 30 31 46 -19 -34 35 36 37 38 -11 -36 -17 -13 -43 44 -44 -7 -30 48 49 -29 51 -51 -53 -49 -37 57 -57 58 -56 60 -58 -60
right_child=1 2 7 4 13 26 15 9 22 12 14 41 -14 -15 -16 17 -18 32 -20 21 23 -23 -24 24 -26 -27 -28 47 29 -31 -32 -33 33 -35 39 54 -38 -39 -40 -41 -42 42 43 -45 -46 -47 -48 53 -50 50 -52 52 -54 -55 55 56 59 -59 61 -61 -62 -63
leaf_value=-0.021952462691133389 -0.0043757983106052006 0.016287315553591152 -0.0028463174249725876 -0.015569900023624664 0.0014605754300957997 0.010982823719459474 -0.019107731406044604 0.0031894274519647494 0.035664657974417535 -0.0019023960332120793 0.023462812140363332 0.011459063153187064 -0.0075142511368477176 -0.018461560867293749 0.00049423686569313469 0.030616862186187564 0.0078916472787137325 -0.0078695360690633574 -0.0062845207929970309 -0.0095347463395906076 0.00097003952758688131 0.022035029652101468 0.0073240176436545103 -0.015841169178019424 0.013890823758642489 0.0122673002658779 -0.013764111172114544 -0.00277799140472933 0.014878883460671425 -0.01496649959115777 -0.018133316556436043 0.022250685917290059 0.017955065512832272 -0.0093309798096764367 0.0040498953188516087 -0.0055717536493944649 -0.0098302199611104996 0.002870744538470717 0.02748966052237042 0.025065262301334955 -0.0075280288636621669 0.01615263899641373 -0.008750908652095506 -0.015047949611134594 0.023095427569370927 -0.0089080234136003564 -0.014401451760116929 -0.010928214064088055 -0.0047426285590080391 -0.0032044289852523563 -0.0085989203968269631 -0.0046475725818708579 0.055596276097283764 0.010365605104226131 -0.00084318512112500205 -0.0048612226688334089 -0.0014151237270165955 -0.010137225672054403 -0.00031552175601108292 0.014930805351369975 0.020385725645252741 0.031116211577826888
leaf_weight=45.393869512714446 106.83876715879887 8.606647262349723 19.282135663554072 126.16262950841337 148.01770466007292 287.8131837034598 33.480101100169122 209.05081194452941 14.404697295278309 9.8548418339341861 40.456943403929472 7.7499330639839163 98.475185131654143 14.517259171232579 18.306677412241697 10.638361591845749 17.727727746590972 120.33439920376986 78.953618333674967 6.1475009312853208 527.95984548609704 32.818168067373335 19.964358827099204 6.3587791472673407 70.239279082044959 23.075532808899879 7.1071821684017769 14.093283779919149 5.5309111466631355 38.477845659479499 9.4946440169587714 14.131638753227888 16.874899024143819 12.050824468955396 84.497283060103655 163.86797426082194 15.252935959026216 50.274926131591201 28.172433918341994 14.132145717740057 2.9038715008646241 3.9746399158611885 9.5614649476483446 116.78867320716381 4.955239573493599 11.009559236466883 11.459411571733652 98.722563557326794 51.409227376803756 3.8084005219861856 3.1726969927549353 2.0023922706022841 6.4124483661726117 10.808203993365167 387.76243300177157 75.068072978407145 91.337120722979307 89.955104505643249 11.343896405771376 86.385906003415585 13.228044457733629 12.666608132421969
leaf_count=2004 1466 72 212 3850 3516 2654 955 1423 148 145 254 247 888 208 118 422 418 1650 1332 158 11541 560 228 90 662 202 72 487 182 1777 429 474 143 118 561 1325 170 522 372 66 133 131 225 2756 105 90 443 3737 1525 184 113 72 167 288 4480 642 698 982 126 626 99 141
internal_value=0.000160309 0.000905317 9.89616e-05 -0.00195695 -0.00741924 0.00626454 -0.000480407 0.00192121 0.0137386 0.00145432 0.00645408 -0.00777272 0.000346014 -0.000816696 0.0169072 0.000735377 -0.00989023 0.0014021 0.00270022 0.00381914 0.00289117 0.0165364 0.0222231 0.00226753 0.0106032 -0.00107456 0.00934827 -0.00769336 -0.0129315 -0.00675676 0.00180866 0.00956041 -0.00487916 0.00688753 0.0010587 0.000349602 0.00776774 0.0111714 0.0205367 0.00812517 0.0226131 -0.00972174 -0.0113003 -0.0126934 0.00525163 0.0101154 -0.00365394 -0.00402584 0.00212896 0.0130592 0.0246835 0.0333108 0.0448716 -0.0084662 -0.000512039 0.000596971 0.00446647 -0.00147849 0.000512005 0.00816392 0.00214724 0.0187712
internal_weight=3681.32 3366.41 2930.56 1376.82 288.698 435.844 1088.12 1553.74 53.6512 1500.09 267.814 151.637 1232.27 162.535 58.7636 936.487 51.2078 885.28 736.019 657.066 618.1 38.9657 34.3691 604.558 76.5981 129.914 305.93 314.918 124.488 79.0945 40.6166 31.122 149.26 28.9257 1133.8 1035.17 103.555 88.3022 38.0273 98.6294 13.5422 143.03 135.28 131.305 14.5167 298.823 16.9903 190.429 80.8984 29.4892 15.3959 12.2232 8.41484 109.531 931.615 767.747 266.019 501.728 411.773 190.951 104.565 24.0105
internal_count=59884 48002 43518 29292 7574 4484 21718 14226 588 13638 1795 3536 11843 3724 372 18182 1373 16809 14898 13566 12848 718 376 12293 752 1668 2816 11882 5309 3305 1528 1099 1911 261 10955 10328 1209 1039 517 627 555 3464 3217 3086 330 2744 625 6573 2548 1023 536 423 239 4025 9119 7794 2065 5729 4747 1423 797 267
is_linear=0
shrinkage=0.03


Tree=89
num_leaves=63
num_cat=0
split_feature=3 4 11 32 25 24 5 25 14 9 25 24 19 29 26 9 26 7 16 16 17 25 16 7 12 25 26 7 1 21 21 7 9 24 33 7 7 2 21 7 10 11 11 9 2 16 30 12 29 11 29 29 12 3 9 9 24 2 14 17 11 14
split_gain=22.9038 15.5437 13.094 15.1957 11.4461 11.359 9.80564 9.66456 9.65725 9.35915 8.93086 11.2562 9.11113 9.90143 8.43231 8.3381 8.23219 9.37481 8.7387 13.8415 11.1529 8.52947 8.17372 9.76959 10.1161 8.77405 7.80037 7.67309 7.49731 8.70486 8.67693 9.35678 7.48432 7.3717 7.3584 7.57186 8.23397 7.29567 8.57398 6.81107 8.13233 6.79695 6.78992 7.21952 6.69033 6.54592 7.12126 6.7902 6.92314 6.49267 6.32363 6.26347 6.2278 6.85907 8.39194 6.16675 6.08741 7.80014 8.25038 6.76996 5.94301 6.0696
threshold=1.0000000180025095e-35 -0.097492337226867662 1.117392957210541 12.500000000000002 -0.079883679747581468 -0.065289530903100954 0.8910522758960725 -0.37796300649642939 -0.75554636120796193 0.736219882965088 0.46502372622489935 1.0038741230964663 1.0000000180025095e-35 0.97058823704719555 0.14277629554271701 -1.9703051447868345 0.68697190284729015 1.654106140136719 -1.1125821471214292 0.3150652945041657 1.2744898796081545 0.38950552046298986 0.083705816417932524 -0.5108426809310912 -0.724065601825714 -0.57730805873870839 0.91295722126960765 0.90027219057083141 1.0132402181625368 1.6013169884681704 0.27806262671947485 -0.71408048272132862 1.0268513560295107 0.52507355809211742 1.0000000180025095e-35 -0.52266526222228993 1.0624173879623415 0.41467522084712988 1.2849771976470949 0.53186443448066723 1.1333757638931277 0.073407679796218886 0.6794613003730775 -0.29455792903900141 0.48774698376655584 -0.24718429148197171 -5.0714285373687735 -0.50667771697044361 0.42261904478073126 0.049944764003157623 0.81534090638160717 0.90454545617103588 0.87617370486259472 0.52675870060920726 -0.1401380971074104 -1.5803926587104795 1.201741695404053 1.305591940879822 0.18064018338918689 -0.57760921120643605 1.8242302536964419 0.30193264782428747
decision_type=2 2 2 2 2 2 2 2 2 2 2 2 2 2 2 2 2 2 2 2 2 2 2 2 2 2 2 2 2 2 2 2 2 2 2 2 2 2 2 2 2 2 2 2 2 2 2 2 2 2 2 2 2 2 2 2 2 2 2 2 2 2
left_child=1 7 3 4 32 26 10 22 39 -4 11 12 13 -7 -13 -10 17 18 51 20 27 -18 -1 -24 -25 -26 -5 37 29 60 31 -30 45 -14 35 -8 -37 38 -20 -2 52 -31 43 -22 -39 46 -3 -47 -49 -40 -45 -17 53 54 -41 -46 57 59 -59 -32 61 -21
right_child=8 2 9 5 -6 6 34 -9 15 -11 -12 14 33 -15 -16 16 21 -19 19 28 42 -23 23 24 25 -27 -28 -29 30 41 56 -33 -34 -35 -36 36 -38 44 49 40 -42 -43 -44 50 55 47 -48 48 -50 -51 -52 -53 -54 -55 -56 -57 -58 58 -60 -61 -62 -63
leaf_value=-0.010156696002152224 0.0028898793282063659 -0.0061098032284186178 0.011084697389748125 -0.012702451147947687 -0.00098895153123030005 -0.0073375305330561011 -0.010015958645792054 -0.013664649102865845 -0.0089289853061877457 -0.0089227204642997344 -0.013947061461928064 0.02900517307889159 0.028725275073411452 0.018040640162578291 0.00080629371771816834 0.020343488386786054 -0.00038513916770364183 0.01414779027708094 -0.0084400245657223951 0.0045894980729494685 -0.0087529327110640685 -0.011981599493091532 -0.010068776116552481 -0.0089552621974782805 -0.0034490133461190548 0.050351696579428035 0.0022533250967202755 -0.015671194909246112 -0.0065051919712798695 0.0011727692044278682 -0.011919397006664584 0.026803575488404244 -0.0094160011803225089 -0.0059239951036069282 -0.0085224176326486913 0.034052601041551937 -0.0071916557765485953 0.028789306192772892 -0.0028339796535944693 0.0066501398909849336 -0.0050807719492212272 0.020100973204894321 -0.0037528325912694963 0.0389868024374646 0.02704115291747566 -0.0068293162878000722 0.038334325623259932 -0.0015156322199550991 0.027482445200891818 0.026726697908823229 -0.004216469601098484 -0.0083645557705351713 0.0010893968490546999 0.0099970157561530097 0.036123390542459818 -0.0027475312773893945 -0.0025362023131512141 0.016993282482210825 -0.016440515750412638 0.022751333846903327 -0.010634208283391466 -0.0003522137206256962
leaf_weight=18.516837681643665 332.55735777318478 2.4160576593130836 103.60609431937337 196.32383770681918 124.29737785086036 180.01141145080328 3.5335855334997239 163.62297281250358 67.275469418615103 22.109088009223342 54.113843565806746 12.986764913424848 8.551730275154112 10.227064279839395 20.962820701301098 31.328597682528198 417.41277633048594 55.04253101348877 158.30019883066416 402.80551281757653 2.9057578220963487 61.195731375366449 6.7359466915950206 3.366325907409192 2.7829707870259881 6.4788109026849234 35.559736750088632 52.230344004929066 7.3963977005332699 29.984749967232347 2.7221989575773469 32.299055222421885 7.3502364838495842 6.9079479165375224 7.7453048173338166 16.37387030385435 3.5488327965140334 4.9395006708800784 13.316902874037625 16.997511902824044 25.670468013733625 36.773078892379999 11.91816242225468 9.9043248482048494 2.2313433922827235 13.025107047520576 13.910198006778955 10.939311718568208 15.125273721292613 6.9181036613881579 2.6971736680716285 5.5111691309139124 37.290544921532273 99.913965711370111 21.482121732085943 41.829257663339376 53.904413882642984 6.0424876287579563 12.049703441560267 31.69661851041019 30.564002722501755 494.00937117170542
leaf_count=910 2778 86 1694 7969 2536 4472 56 6905 1197 393 891 179 215 252 293 625 5016 576 2834 4280 34 677 272 121 94 222 1331 734 76 281 34 285 189 139 108 205 43 74 195 159 169 218 111 101 34 290 426 235 298 59 30 125 253 632 181 588 310 42 88 256 264 5820
internal_value=0.000507237 -0.00317925 -0.00141352 -0.00293531 0.00438019 -0.00540994 -0.00173851 -0.0105808 0.00201807 0.00735935 -0.00350081 -0.000905152 -0.00362645 -0.00554614 0.0139319 0.00108993 0.00144519 0.002512 0.00203446 0.00163776 -0.00397047 -0.00197643 0.00277959 0.0146956 0.0270143 0.0386441 -0.0104098 -0.00581346 0.00315939 0.00220028 0.00939647 0.0205638 0.0143013 0.0155787 0.0130454 0.0204132 0.0267369 -0.00326232 -0.0060568 0.00559921 0.00989548 0.0122733 0.0128272 0.023378 0.00653759 0.017966 0.0318668 0.00920475 0.0170269 0.0105656 0.0311688 0.0155624 0.0121638 0.0150058 0.0253661 0.00136319 0.00449491 0.0113056 -0.00401252 0.0188451 0.00141323 0.0018805
internal_weight=3690.25 1071.13 869.625 743.91 187.064 556.847 324.963 201.504 2619.12 125.715 293.762 239.648 205.698 190.238 33.9496 2085.2 2017.93 1539.32 1484.28 1447.44 307.191 478.609 37.8809 19.3641 12.6281 9.26178 231.884 279.766 1140.25 994.137 146.111 39.6955 62.7662 15.4597 31.2016 23.4563 19.9227 227.535 178.535 533.912 201.355 66.7578 27.4254 15.5073 49.0001 55.4159 16.3263 39.0897 26.0646 20.235 12.6015 36.8398 175.684 138.394 38.4796 44.0606 106.415 52.511 18.0922 34.4188 927.379 896.815
internal_count=59960 30824 22300 20213 4060 16153 6853 8524 29136 2087 6441 5550 5078 4724 472 24964 23767 18074 17498 16748 4794 5693 1619 709 437 316 9300 4518 11954 10863 1091 361 1524 354 412 304 248 3784 3088 4172 1394 499 276 165 696 1335 512 823 533 254 131 750 1225 972 340 622 730 420 130 290 10364 10100
is_linear=0
shrinkage=0.03


Tree=90
num_leaves=63
num_cat=0
split_feature=15 3 5 20 7 11 32 9 14 19 7 6 15 16 22 31 20 21 29 7 7 10 8 14 25 9 3 20 9 16 9 22 11 8 20 25 11 21 20 3 22 23 3 21 3 9 21 18 9 15 21 15 25 20 21 8 25 0 8 21 7 11
split_gain=30.0289 20.0433 15.3711 14.3524 12.2596 11.8877 10.8572 10.6727 10.1226 9.96051 9.76432 9.20104 9.52415 8.94242 8.32908 7.85389 7.46123 8.80039 8.53488 11.5395 7.40419 7.10458 7.86429 7.0205 10.2727 9.05785 9.43777 7.79433 6.8221 7.07262 7.25119 6.76229 7.44377 6.68732 6.60853 6.65463 6.59968 12.2846 7.98112 8.5196 8.13575 6.44912 7.1358 8.81173 8.65678 6.44299 7.11491 6.38005 6.21668 7.81202 7.56999 10.7809 6.20997 6.83216 6.10047 6.57047 6.04583 7.38425 6.03065 5.95586 5.89908 5.88686
threshold=-0.34570795297622675 1.1079815030097964 -0.25479026138782496 1.0620574355125429 -1.3124920129775999 0.036560259759426124 12.500000000000002 -0.63227635622024525 0.37779803574085241 -0.30225415527820582 -0.34815001487731928 1.2619948983192446 0.1086150072515011 0.014005979523062708 0.69183698296546947 -0.21428572386503217 0.041525570675730712 -0.5057750642299651 0.67708334326744091 0.88840141892433178 0.40890003740787512 0.65743163228034984 -0.30845902860164637 -2.6278655529022212 1.3380020260810854 -1.3774027824401853 1.0756298303604128 -1.9098867774009702 0.72313570976257335 -0.031453160569071763 0.81740686297416698 1.0329538583755495 -1.1629440188407896 0.37247663736343389 0.77865973114967357 -0.36328126490116114 0.48943337798118597 -0.33305580914020533 0.082803223282098784 1.2230356931686404 0.7607933282852174 1.064257085323334 -0.64094799757003773 -0.18604057282209394 -1.0021914839744566 -1.0826901197433469 -0.54266214370727528 -0.32478055357933039 0.21591719985008243 0.53742599487304699 0.95894458889961254 1.0549679398536684 -0.57583296298980702 0.82642474770545971 1.5131462216377261 -1.7905676364898679 -0.28919187188148493 -0.14575984328985211 -0.1930495351552963 -0.62232929468154896 1.0281141996383669 -0.98674309253692616
decision_type=2 2 2 2 2 2 2 2 2 2 2 2 2 2 2 2 2 2 2 2 2 2 2 2 2 2 2 2 2 2 2 2 2 2 2 2 2 2 2 2 2 2 2 2 2 2 2 2 2 2 2 2 2 2 2 2 2 2 2 2 2 2
left_child=1 8 3 36 -4 6 10 -8 13 -3 -6 12 21 33 56 34 41 61 19 -19 31 22 -12 25 27 -7 47 -25 -10 30 -30 32 -16 -1 35 -11 54 -38 39 -39 -40 42 43 -9 -45 -29 59 -27 49 -21 -50 -52 53 -14 55 -2 57 -15 -59 60 -47 -18
right_child=2 9 4 -5 5 23 7 16 28 15 11 -13 52 14 20 -17 17 18 -20 48 -22 -23 -24 24 -26 26 -28 45 29 -31 -32 -33 -34 -35 -36 -37 37 38 40 -41 -42 -43 -44 44 -46 46 -48 -49 50 -51 51 -53 -54 -55 -56 -57 -58 58 -60 -61 -62 -63
leaf_value=-0.014420273069988408 0.015139507620609441 0.043352535065961838 -0.00698057329424183 0.0070387855240743513 -0.0091024322680783882 0.027640589936631068 -0.0098849766597994913 -0.014442516180424615 -0.018337209522703422 -0.0034391781809362323 0.0019869884157762388 0.022031587607672338 -0.0070939353818825898 -0.01337854425892792 -0.0059678323578012168 -0.0055610416835823366 -0.0086480238969661137 -0.00073084250037378428 -0.0055443239432976799 0.01467441814986619 -0.0035490186972872389 -0.0037056980075725675 0.030605401092002171 0.022107261952245699 -0.0034986379915580988 0.011941419811593057 0.019668249587487446 -0.0016714320541728834 0.010883232571715326 0.0077991363358733959 -0.019145409259048268 -0.0020571701794062148 0.053852437813776237 -0.0014101416066631095 -0.0066886578133173065 0.038092104289153467 0.0090210710676707287 -0.006604664418443271 -0.018708238513145115 0.018126582240495577 0.0096882887641906636 0.010190331198434191 -0.013137146989694643 -0.0063123857701661949 0.020935497791319136 0.0030753743232708945 0.0054469663282742066 -0.0088650643547965417 0.032174335974556545 -0.014562186479345122 -0.0027465363560907918 0.026014550852758965 -0.0029826332350261094 0.030624165113197092 0.0078740330536057664 -0.013741161098539782 -0.0083912012868175533 -0.0034437877698349053 0.024203869940269341 -0.013697330083674348 -0.01721748924509317 0.031658488032853482
leaf_weight=86.213533423841 3.4586895909160367 2.6381869576871386 120.70827292185277 80.042809428647161 31.342573653906584 19.897628797218204 127.42674778494984 16.9445291897282 116.97702827025205 3.6946015655994424 13.780968765728174 29.860131062567234 4.5553344972431642 7.1871185908094075 1.2014316432178009 24.372570607811213 1.9124216521158803 149.1717477645725 113.67068590875715 11.047848323360087 6.9766841372475019 12.02611345425248 22.042926116846502 16.980442186817527 166.0492542758584 15.312262790277599 23.727042905986309 159.29101418145001 5.8677093805745271 20.577642000280321 26.044268597848713 3.344705012626946 4.2289464911445966 60.21596454270184 4.7965396028012028 7.9186074044555435 52.145129913464189 35.839933218434453 54.060850061476231 13.107235722243784 7.5322960801422587 15.765430657193063 83.496645242907107 15.603639732114969 18.647272110916674 140.36427031084895 1230.7509088553488 33.521921714767814 17.616999411024153 11.87691882252693 27.449062876403332 14.451110795140265 98.317290740087628 6.0366174690425396 10.970908342860637 147.39573666453362 47.511043447069824 9.2502701189369017 15.130133167840535 23.147433014586568 9.1717986036092025 8.8147512432187778
leaf_count=3797 82 34 2756 1000 541 127 2620 690 5027 71 340 190 48 276 55 413 60 2218 1536 191 194 245 415 277 1619 114 127 1926 256 733 1161 91 129 2691 83 135 973 534 570 109 71 190 1817 493 565 2267 11217 265 278 111 367 102 921 47 145 3570 1500 313 500 327 166 199
internal_value=0.000379956 -0.00679814 0.0014028 -0.00403168 0.00219075 0.00261447 -0.000314574 -0.00230193 -0.00886594 0.0116575 0.00538723 0.00799477 0.00472262 -0.0047612 0.00235195 0.00509644 -0.000316062 0.00205327 0.00103824 0.00431771 0.0192909 0.0151728 0.021188 0.00396901 0.00351933 0.0118435 0.00600904 0.00426573 -0.0144057 -0.00481123 -0.0128977 0.0321469 0.0441012 -0.00929335 0.0185275 0.0278209 -0.00682766 -0.00244213 -0.00800603 0.00108418 -0.0147689 -0.00580809 -0.00797839 0.000855498 0.00929938 0.00400197 0.00464956 -0.0018379 0.0129721 -0.000367846 0.0177406 0.00888887 -0.000333207 0.0173296 -0.0110312 -0.0126146 -0.00196869 0.00752324 0.0149131 -0.0010271 0.00131391 0.0240078
internal_weight=3669.48 454.147 3215.33 404.554 2810.78 2690.07 851.858 633.896 410.726 43.4205 217.962 186.619 156.759 241.26 94.8303 40.7823 506.469 356.012 345.284 231.614 15.7518 47.85 35.8239 1838.21 1745.76 92.4589 72.5612 1579.71 169.467 52.4896 31.912 8.77508 5.43038 146.429 16.4097 11.6132 324.511 162.685 110.54 48.9472 61.5931 150.458 134.692 51.1954 34.2509 1562.73 1403.43 48.8342 82.4419 22.9248 59.5172 41.9002 108.909 10.592 161.825 150.854 79.0786 31.5675 24.3804 172.684 149.536 10.7272
internal_count=59885 17459 42426 7054 35372 32616 14184 11437 16723 736 2747 2206 2016 9546 3058 702 8817 5062 4803 3267 469 1000 755 18432 17799 633 506 16180 7177 2150 1417 275 184 6488 289 206 6054 2257 1284 643 641 3755 3565 1748 1058 15903 13977 379 1049 302 747 469 1016 95 3797 3652 2589 1089 813 2760 2433 259
is_linear=0
shrinkage=0.03


Tree=91
num_leaves=63
num_cat=0
split_feature=6 11 7 8 14 11 3 17 26 14 17 0 6 34 14 25 13 22 5 32 26 9 25 1 14 25 23 9 11 21 8 26 12 14 9 23 25 6 13 17 3 6 1 11 12 26 32 23 29 22 21 17 24 6 6 7 5 12 12 8 25 6
split_gain=23.4879 19.8978 14.3122 13.4865 13.0059 11.2754 9.46979 9.14974 10.2578 9.00916 15.1133 8.71774 12.1484 8.07752 8.93392 8.02264 8.3725 7.92781 8.14627 9.3982 10.4472 9.87996 10.1121 7.59632 7.39944 7.38672 8.58775 7.19106 7.11137 7.06283 9.73036 7.6788 6.94295 6.88706 7.17256 6.92112 6.68744 6.6305 6.60673 6.56179 6.50747 7.35868 6.50263 6.42741 6.41259 9.91636 7.03347 8.02063 6.31618 6.17745 6.17181 6.15428 6.13851 6.13599 7.8695 8.55081 6.30168 6.11991 6.30353 6.40544 6.19057 9.18727
threshold=-0.36978991329669947 -1.0813010931015012 0.69212937355041515 0.02514576725661755 -0.69136381149291981 1.117392957210541 0.5403808355331422 1.8419355750083926 -0.033662246540188782 -0.23849282413721082 0.51997652649879467 1.075342118740082 1.1896107196807864 3.5000000000000004 0.46302035450935369 -0.48042084276676172 0.28009641170501715 -2.1659055948257442 2.0299458503723149 12.500000000000002 -0.21942868083715436 -0.052058493718504899 -0.40072646737098688 1.0000000180025095e-35 0.49164715409278875 -0.42540022730827326 0.65309941768646251 1.0783375501632693 0.14258944243192676 0.55354994535446178 -0.49063414335250849 0.77502509951591503 0.28891630470752722 0.40113587677478796 -0.1401380971074104 -0.62429556250572193 0.011979643255472185 0.33406218886375433 -1.1164876222610471 -0.96898874640464772 1.9293065071105959 0.57974433898925792 0.28029756247997289 0.88720330595970165 0.63278809189796459 -0.69161629676818837 15.500000000000002 0.62698704004287731 0.97058823704719555 0.93864980340003978 -0.7704004943370818 -1.0000000180025095e-35 -0.62950399518012989 -1.0034729242324827 -0.84627094864845265 0.10665855184197427 -0.097621034830808626 -2.3601167201995845 -0.94366806745529164 -1.8513303995132444 0.54386845231056224 0.5097789764404298
decision_type=2 2 2 2 2 2 2 2 2 2 2 2 2 2 2 2 2 2 2 2 2 2 2 2 2 2 2 2 2 2 2 2 2 2 2 2 2 2 2 2 2 2 2 2 2 2 2 2 2 2 2 2 2 2 2 2 2 2 2 2 2 2
left_child=1 42 5 48 38 7 25 17 49 15 53 -8 -13 29 44 16 52 50 19 20 21 22 -19 24 -22 26 -6 51 -10 36 -31 -32 -12 34 -27 -35 -7 -20 -4 -24 41 -30 -1 -17 46 -46 47 -15 -3 -9 -2 -16 -5 -11 55 56 -55 -21 -59 -60 61 -61
right_child=2 3 4 9 6 13 11 8 28 10 32 12 -14 14 27 43 -18 18 37 57 23 -23 39 -25 -26 33 -28 -29 40 30 31 -33 -34 35 -36 -37 -38 -39 -40 -41 -42 -43 -44 -45 45 -47 -48 -49 -50 -51 -52 -53 -54 54 -56 -57 -58 58 59 60 -62 -63
leaf_value=-0.017583820426194208 0.029397503498239844 -0.0097263860468176852 -0.0071743451892772201 0.040755408554001948 0.021127186151775126 0.0063810680222114984 0.0031695223026998857 -0.010248280840866014 -0.0026438268018656977 -0.012755952586137645 0.00074404902238049664 0.02798429281944452 0.00064469503536047272 0.022151081679671288 -0.00081226622470778153 -0.0017677572688725171 0.00067561472224532588 -0.010875574030027587 -0.011465376824356076 0.015020055575432043 0.0042322497948548768 0.0021800134770305628 -0.009881905141947752 -0.011932439072184949 -0.010466179378998037 -0.011606118643501695 -0.013734543660724179 -0.0086314780943756685 -0.0091120213834438683 -0.01701230056113515 0.0065332968804541558 -0.014507235014242798 0.022892257956002287 0.014801793733333965 0.0039588567537987892 -0.015614250000180982 -0.0046015917414107526 0.020549453247616388 0.012222360230976536 0.027681690488238018 -0.0032730345410570548 0.028092378669692487 0.0084271572979430134 0.014278238754629691 -0.0096325136377128345 0.016260910912432983 -0.0080001817126406256 -0.0014892216977952569 0.0078184290587140319 0.013763770559757783 -0.0011914027961289696 0.024236144490380834 -0.0033102657104606007 -0.0083798432203025502 -0.0063184029458685743 -0.0070161244430892158 0.034207190283272362 -0.011826367288422851 -0.016597532323665939 -0.0061476410699172618 -0.0092243903290763051 0.00046746168741345202
leaf_weight=110.34941517934203 7.827430619858208 194.65960625372827 13.903540089726446 11.052118634805081 16.563253208994869 179.72908800654113 399.16800897009671 32.039054840803146 15.456647321581839 75.129305207170546 26.026391970925033 27.334903804585338 27.152430579066277 14.941790113225577 10.221055107191203 68.26378982886672 11.270200074650345 5.7610949352383605 4.1307033598423031 10.300127923488615 128.01268888451159 90.663131613284349 2.192432412877678 51.023115942254663 35.150422044098377 32.838109979405999 5.0454209074378005 6.1266102474182835 3.059077274054288 37.135819714516401 54.89117138646543 16.138138849288225 20.621091226115823 3.6059703249484292 85.176880920305848 57.082485301420093 64.278132321313024 18.952588282525539 203.85061067529023 34.979075465351343 7.9520542398095122 35.255259819328785 6.4726007189601651 27.839501792564988 13.534582916647194 54.352150434628129 53.478724895045161 35.04565411247313 16.651612260378897 8.3058039490133506 10.356593593955038 47.747451374307275 2.5955507066100862 1.8510675337165583 61.716361159458756 8.7432273710146529 9.2851865151897091 85.645581047050655 27.621379076503217 297.36173490993679 119.86581119522452 502.07251423411071
leaf_count=5681 161 6595 120 207 350 1915 3395 253 137 2755 486 224 158 183 150 2152 171 60 72 202 1515 1071 45 560 532 621 66 67 36 267 358 109 350 129 1351 1163 747 159 1646 387 42 238 252 534 112 476 568 281 559 58 146 398 43 78 1787 250 294 1669 399 7385 1674 5973
internal_value=0.000231891 -0.00490335 0.00135765 -0.00239037 0.00458196 2.51967e-05 0.00242816 -0.00132882 0.00714039 0.00145783 -0.00239588 0.00481106 0.0155596 0.00354125 0.00778061 0.00777201 0.0213939 -0.00195526 -0.00223322 -0.00254782 0.00170461 0.00813248 0.019164 -0.00239874 0.000848708 -0.00295424 0.011936 0.0169331 0.0144021 0.000637739 -0.00558649 0.00111313 0.0118033 -0.00503063 -0.000667856 -0.0128179 0.00345363 0.0137992 0.0108506 0.0245572 0.0197993 0.024413 -0.0158559 0.00335674 0.00397408 0.0107919 -0.000790524 0.00694877 -0.00819507 -0.00433232 0.0154761 0.0201058 0.0337344 -0.00685636 -0.00100143 0.0134577 0.0267252 -0.00396731 -0.00422819 -0.00348245 -0.00300074 -0.00201604
internal_weight=3645.85 652.527 2993.33 535.705 871.722 2121.6 653.967 1533.98 102.068 324.394 203.373 453.655 54.4873 587.62 235.448 121.021 24.9179 1431.92 1413.73 1390.65 347.782 133.596 42.9326 214.186 163.163 200.312 21.6087 64.0951 61.723 352.172 108.165 71.0293 46.6475 178.703 118.015 60.6885 244.007 23.0833 217.754 37.1715 46.2664 38.3143 116.822 96.1033 171.353 67.8867 103.466 49.9874 211.311 40.3449 18.184 57.9685 13.6477 156.725 81.5958 19.8795 11.1363 1042.87 1032.57 946.921 919.3 799.434
internal_count=59822 22194 37628 16261 9223 28405 7457 22774 764 9107 6000 3777 382 5631 2235 3107 421 22010 21703 21472 4170 1563 492 2607 2047 3680 416 615 453 3396 734 467 836 3264 1972 1292 2662 231 1766 432 316 274 5933 2686 1620 588 1032 464 7154 311 307 548 250 5164 2409 622 372 17302 17100 15431 15032 13358
is_linear=0
shrinkage=0.03


Tree=92
num_leaves=63
num_cat=0
split_feature=3 11 4 32 5 11 4 23 14 18 16 24 20 20 25 20 23 20 29 12 5 4 9 14 14 23 10 5 6 3 12 10 11 29 25 20 14 6 10 16 20 1 13 7 13 12 2 24 7 13 3 24 16 9 0 16 12 13 6 25 10 25
split_gain=19.0373 12.8506 11.7531 11.5121 10.9347 9.491 12.1916 9.86911 10.9759 9.74484 9.39029 10.417 10.186 9.28167 8.3651 8.24668 8.01553 7.75305 7.39241 7.35612 7.32183 7.27937 7.22358 7.42309 7.46335 8.30103 7.07923 9.06114 6.81439 8.43288 9.12269 7.10414 7.70032 7.15609 6.74856 6.60653 8.73486 8.44439 9.44795 8.46518 12.4968 7.80783 6.43373 8.92372 8.74116 6.25825 6.89128 6.42893 6.17506 6.13244 7.97956 7.89628 6.79588 6.12365 6.10719 5.97681 5.94136 5.88987 7.63359 5.8268 6.32307 8.85878
threshold=-0.91010287404060353 -0.28872761130332941 -0.037920959293842309 10.500000000000002 1.0556914806365969 0.024524024687707428 1.8828417062759402 0.54429334402084362 0.48057322204113012 2.1981574296951298 -1.9418054819107053 0.025706596672534946 1.5928686857223513 0.0096291690133512037 1.010866701602936 -1.0735331177711485 -1.3923645615577696 -0.17245735973119733 0.19375000149011615 0.88203129172325145 0.40654170513153082 1.7077614068984988 1.5080313682556155 0.71398851275444042 0.58479112386703502 0.37889650464057928 0.12236382439732553 -0.033235326409339898 1.3273013234138491 1.8322706222534182 -1.6415488123893736 -0.082563556730747209 0.37184321880340582 0.5419580638408662 -0.48042084276676172 0.32378385961055761 -1.3718235492706297 1.1352806091308596 0.050267828628420837 1.0851001739501955 0.7042379379272462 -0.13510543853044507 0.38817144930362707 -0.46614019572734827 -0.25609956681728357 0.49783983826637274 -0.64410510659217823 0.34697206318378454 -0.87310016155242909 -0.27392549812793726 0.70705479383468639 0.40255735814571386 -0.36749441921710962 0.70726463198661815 -1.2272031903266905 -2.9225628376007076 -1.4138873219490049 0.099796343594789519 0.65973821282386791 -0.37051321566104883 -0.24364149570465085 -0.38632380962371821
decision_type=2 2 2 2 2 2 2 2 2 2 2 2 2 2 2 2 2 2 2 2 2 2 2 2 2 2 2 2 2 2 2 2 2 2 2 2 2 2 2 2 2 2 2 2 2 2 2 2 2 2 2 2 2 2 2 2 2 2 2 2 2 2
left_child=1 4 13 19 -1 6 10 8 9 15 17 12 -12 20 -3 -7 -17 -5 -11 48 -2 -21 23 24 59 -26 49 -28 29 30 -9 32 -30 -34 -25 36 -15 38 57 40 -39 -38 43 -29 -45 46 -22 -47 -4 50 51 52 -18 -48 -32 -19 -20 -37 -59 60 61 -13
right_child=2 14 3 5 -6 7 -8 28 -10 18 11 22 -14 35 -16 16 26 55 56 21 45 -23 -24 34 25 -27 27 42 31 -31 54 -33 33 -35 -36 37 41 39 -40 -41 -42 -43 -44 44 -46 47 53 -49 -50 -51 -52 -53 -54 -55 -56 -57 -58 58 -60 -61 -62 -63
leaf_value=-0.015446614110409977 -0.011908692626863683 0.0014872930144896495 -0.0037596636308603153 -0.004827828578803527 0.013468942290116885 0.018874718284726148 0.012693388479315589 0.013329782024805852 -0.0019524625265594519 -0.0054227548362370832 -0.010387067963622296 0.0048350722366167585 0.013210422406575351 0.03651572512626506 -0.015766786736222206 -0.015113304176869836 0.025237254659568133 -0.0054251835226080064 -0.0022224795765984472 -0.0052121069410500757 0.016143554740058848 0.021728861829455673 0.0188071666362341 0.016306820898427152 -0.0080854839038128762 0.023545641238222288 -0.012197424786870253 -0.0089868239506706183 0.022602742348225058 0.0076894142681489452 0.022358260645173961 0.00028592129208769595 -0.00055833214265626748 0.01189425751363675 -0.012542390337452209 -0.0054224810819756188 -0.015331061605475586 -0.0077447122273613172 -0.013216407361547885 -0.0076363656248022325 0.0218298516968853 0.0091266742300367375 0.025820401950258327 0.027895325041571422 0.0037212218847672653 0.024398573748897492 -0.017007724105173847 -0.0019239894458105763 0.01003997640151608 -0.0012491079359101777 -0.0053667159466157591 0.03784186245617293 -0.01017131810323773 0.010273986645728154 -0.0028286736013384711 0.038437170740500431 0.044658013978726804 0.016887953344781402 -0.0088623596925460572 -0.0027940475582194702 -0.0011400049449817422 0.041603564027906131
leaf_weight=134.41935163922608 139.55365101899952 155.32614687643945 30.111575827002525 7.7745041679590967 9.0725934216752631 42.812829334288836 43.549362106248736 29.202120738103986 115.0604892494157 3.157417243346571 210.27267514541745 20.201796576380733 13.608125124126671 3.7683518594130865 25.062074642628431 11.970384128391741 2.5298957433551541 2.1873292094096541 2.3738713487982741 66.880829118192196 5.1613858835771671 5.3543248921632758 11.20921742916107 3.812755597755312 7.9787053205072906 18.280726499855518 8.8320443220436555 15.998550713062285 23.905284237116575 89.077538531273603 3.8215124681591979 223.01194939389825 85.704707697033882 74.815652646124363 68.514706457033753 55.440098071470857 10.333644928410648 15.973821207880972 77.197523706592619 23.938037801533937 34.437621494755149 47.427860533818603 28.905134122818708 19.784496383741498 33.499758335761726 10.151601303368809 30.419014909304678 17.122521407902241 266.83714961446822 118.75002118013799 12.221172560006378 8.7120965328067523 9.0544961448758858 5.7697982387617222 715.82501810975373 7.0802868539467436 9.5122075323015434 27.043022001162171 11.553481195122002 305.83704819343984 36.911297826096416 4.402417564764618
leaf_count=6421 4050 4556 450 348 294 934 384 344 2250 57 6785 264 281 47 395 346 63 69 50 588 168 31 126 56 172 230 141 309 179 575 46 1502 576 482 1020 1235 337 176 1618 166 326 911 387 299 513 290 676 229 2455 1806 137 117 175 119 7242 212 177 635 154 4121 489 58
internal_value=0.000199004 -0.00668798 0.000876921 0.00163903 -0.0132264 0.000888589 -0.00188336 0.00214076 0.00595896 0.00872093 -0.00284907 -0.00343293 -0.00869549 -0.00326855 -0.00127047 0.00728644 0.00514118 0.0164987 0.0293094 0.00654108 -0.00807794 -0.00193776 -0.000899138 -0.00156786 0.000100284 0.0141788 0.00634906 0.0120751 0.000763618 -0.000785878 -0.00183835 0.00392117 0.00819342 0.00542957 -0.0100655 6.86941e-05 0.00847129 -0.00216356 -0.00578579 0.00601768 0.0126054 0.00387835 0.0147437 0.00869552 0.0143201 -8.05735e-06 -0.00707024 0.0101355 0.00860156 0.0020412 0.0126221 0.0223736 0.00283888 -0.0119389 -0.00254158 0.0298115 0.0374094 0.000673517 0.00904747 -0.00108297 0.00699457 0.0173295
internal_weight=3658.52 323.88 3334.63 2819.34 143.492 2450.16 761.621 1688.54 443.175 328.114 718.072 701.029 223.881 515.291 180.388 313.071 270.258 17.0421 15.0435 369.184 208.178 72.2352 477.149 465.939 393.612 26.2594 258.288 107.02 1245.36 837.926 748.849 407.438 184.426 160.52 72.3275 307.113 61.5299 245.584 171.234 74.3495 50.4114 57.7615 98.1879 69.2828 53.2843 68.6243 41.3502 27.2741 296.949 151.268 32.5177 20.2965 11.5844 36.1888 719.647 9.26762 11.8861 94.0366 38.5965 367.353 61.5155 24.6042
internal_count=59649 11666 47983 36846 6715 33322 14615 18707 7761 5511 14231 13602 7066 11137 4951 5227 4293 629 284 3524 5532 619 6536 6410 5334 402 3947 1649 10946 8207 7632 2739 1237 1058 1076 5605 1295 4310 3642 668 502 1248 1508 1121 812 1482 963 519 2905 2298 492 355 238 795 7288 281 227 2024 789 4932 811 322
is_linear=0
shrinkage=0.03


Tree=93
num_leaves=63
num_cat=0
split_feature=5 16 32 11 21 4 9 17 10 5 4 24 8 25 13 35 32 17 15 11 16 15 1 17 10 10 4 5 12 11 17 15 9 22 22 21 8 12 12 15 25 8 8 16 3 29 16 9 6 34 12 27 1 0 27 22 23 13 15 23 9 6
split_gain=21.5764 14.995 11.1144 17.8056 9.37665 16.2577 8.3187 8.25599 8.0696 11.6713 9.79212 9.24173 10.7359 10.5198 8.90263 8.23439 8.06283 10.4625 9.36393 12.8089 8.04061 7.76147 7.45612 7.29542 9.10892 8.30134 9.67516 7.57919 8.62687 7.21222 6.63572 6.59885 6.1697 10.7167 8.91331 7.69184 7.21589 6.16325 6.51014 6.1497 6.45219 6.3938 8.29904 6.71309 6.2862 6.2687 6.0755 6.39923 6.56531 6.07458 7.48967 6.01759 7.41227 7.88801 7.81168 7.59423 6.96514 6.6411 10.184 6.27213 6.22451 7.13218
threshold=-0.20125912874937055 -1.0000000180025095e-35 12.500000000000002 -0.90915584564208973 -0.84830385446548451 0.011831153184175493 0.47991286218166357 0.050320535898208625 1.1333757638931277 0.97239843010902416 -0.55553704500198353 0.25125120580196386 -0.23700874298810956 -0.52157127857208241 -1.7205032706260679 1.0000000180025095e-35 14.500000000000002 -0.65442857146263111 -0.56459584832191456 -0.12966374307870862 -1.6251080632209776 0.55761152505874645 -0.0093692927621304972 1.8017661571502688 -0.47449319064617151 -1.0964785218238828 0.23875342309474948 -0.30008152127265925 -0.33119159936904902 1.2597640752792361 -0.12450055778026579 1.3416451811790469 0.50827404856681835 1.307377874851227 1.1820375919342043 0.2874405980110169 0.17380572110414508 0.75697174668312084 -0.65437734127044667 -0.37018938362598414 0.96852681040763866 0.25919985771179205 1.6023516654968264 0.76177459955215465 -0.092467091977596269 0.78174602985382091 1.3169785141944887 -1.1828377246856687 1.0693199038505556 3.5000000000000004 -0.56556910276412953 4.5000000000000009 1.229768753051758 1.1357834935188296 1.5000000000000002 0.038869975134730346 1.3431990146636965 -0.40757127106189722 1.5481797456741335 0.49687351286411291 0.81740686297416698 1.401394307613373
decision_type=2 2 2 2 2 2 2 2 2 2 2 2 2 2 2 2 2 2 2 2 2 2 2 2 2 2 2 2 2 2 2 2 2 2 2 2 2 2 2 2 2 2 2 2 2 2 2 2 2 2 2 2 2 2 2 2 2 2 2 2 2 2
left_child=1 21 4 6 5 -2 -4 -7 11 14 -11 12 29 30 -10 -16 18 -18 19 -14 -19 -1 -15 24 25 -3 -27 28 -28 -5 -13 -32 34 -34 46 -36 37 38 -37 -17 41 -41 43 44 -43 -46 47 48 -6 50 -20 52 54 -54 -24 59 57 58 -53 -56 -61 -62
right_child=2 23 3 8 32 7 -8 -9 9 10 -12 13 16 22 15 39 17 20 49 -21 -22 -23 51 -25 -26 26 27 -29 -30 -31 31 -33 33 -35 35 36 -38 -39 -40 40 -42 42 -44 -45 45 -47 -48 -49 -50 -51 -52 56 53 -55 55 -57 -58 -59 -60 60 61 -63
leaf_value=-0.017461501846710369 -0.011261936282696436 -0.0072027450744597057 -0.012242682173064946 -0.010727317203978359 -0.0075172820251732924 0.033151473233764051 -0.00098548210818281425 -0.0054179524735342276 0.031370561791677284 -0.013559143695730726 0.025262146613930059 -0.0068414775957993633 -0.0098254271315137039 -0.009394297796300452 -0.0047690891372862386 -0.010881315295114413 -0.015344800011582409 0.023688158047441867 -0.0075653433861795306 0.042608255164067889 -0.00092709633111714973 0.0058043180239216539 0.0049209076873571326 0.010663960382540045 -0.0070261238081072578 -0.0011823548629542231 -0.0040694778375839598 -0.01100373735529693 0.031184910576030539 0.0059898480164787505 0.025559013001609596 -0.0074597944031310507 0.0035102338121857663 -0.016378135899848257 -0.0069393443290535518 -0.012287577728780304 0.03582455126826594 -0.014202576952357519 0.023188528609532258 0.0010324753907143248 -0.0065218994535518344 0.025120977497297917 -0.00056499783535489661 0.040005194821256626 -0.011609557211071212 0.01730610686203532 -0.010684631758934955 0.0084244314093576758 0.0091706848435228663 -0.0085877665073166888 0.017939267811958926 0.013610882143609379 -0.0070404779306928776 0.016858281224391151 0.0028926645460579901 0.001394967825169706 0.010835233583473493 0.00084527956372490172 -0.015309427311822062 -0.011609386240432586 -0.0070557995094146361 0.017790230809053249
leaf_weight=102.13309825304896 69.23214958421886 42.295857686549425 138.3192645907402 170.71051608305424 49.198638144880533 8.3291087709367257 102.11692210659385 6.0301862955093375 4.5702135739848009 3.6520315911620846 33.757543697953224 7.1171724963933221 3.7861819863319388 53.546427765861154 94.486744359135628 11.607576567679642 40.567488208413124 7.6754308938980094 12.272187639959155 8.4880063300952298 202.37607944011688 12.246402045711873 115.7711573485285 29.21473250631243 252.03340132534504 42.15242210868746 6.6183258481323746 3.5898203775286666 23.867002623155713 23.495370795950294 28.875307038426399 4.1856164410710326 235.2008684547618 22.174346579238772 6.3859079480171195 2.6758578289300248 18.286254648119211 4.0202934052795163 14.295924931764603 32.543025975115597 16.969562707468867 13.521322367712854 16.762854745611548 12.145680988207458 11.607993867248302 6.3656481280922881 14.918248210102318 317.19412925466895 29.915955398231745 21.738301040604711 25.381432936526835 72.817149678245187 14.689257709309457 35.054774025455117 44.756335489451885 155.28045839071274 94.208655562251806 494.91917542926967 8.5072932206094247 165.68869629129767 24.517102053388953 11.117220904678105
leaf_count=4222 1790 877 4434 4968 719 135 2960 70 99 88 344 115 187 670 1514 445 1366 292 251 276 4718 173 1227 257 4662 922 94 42 263 473 282 30 2633 225 78 36 139 35 139 414 184 304 244 106 131 70 87 3509 203 410 439 920 121 227 725 1720 561 5181 60 1590 252 75
internal_value=0.000177779 -0.00548912 0.00111181 6.89855e-05 0.00415852 -0.00512328 -0.00757905 0.0197382 0.000958221 0.00587509 0.0203205 0.000257627 -0.00313015 0.00157899 0.0030291 0.00173333 0.00025017 -0.00231291 0.00877964 0.0282718 0.000502205 -0.0148317 0.00107666 -0.0026659 -0.00384481 0.00293065 0.00865055 0.0194091 0.0240363 -0.00860527 0.0158129 0.0209479 0.00527284 0.00151728 0.0073491 0.0193475 0.0239222 0.00865706 0.0160718 0.00677774 0.00903491 0.0120631 0.0174727 0.0237471 0.0128554 0.000169049 0.00580034 0.00654628 -0.00103696 0.00286881 0.00971431 0.00156578 -0.000707633 0.00980258 -0.00180282 -0.00377895 0.00347899 0.00219347 0.00987404 -0.00700655 -0.00922402 0.00193094
internal_weight=3657.98 514.151 3143.83 2345.97 797.858 83.5914 240.436 14.3593 2105.53 257.99 37.4096 1847.54 516.491 1331.05 220.581 216.01 322.285 250.619 71.6661 12.2742 210.052 114.38 1290.87 399.772 370.557 118.523 76.2276 34.0751 30.4853 194.206 40.1781 33.0609 714.266 257.375 456.891 45.6642 39.2783 20.9921 16.9718 121.524 109.916 92.9465 60.4035 43.6406 31.495 17.9736 411.227 396.309 79.1146 59.3919 37.6536 1237.33 566.875 49.744 517.131 401.36 670.452 576.244 81.3244 246.079 201.323 35.6343
internal_count=59783 11512 48271 38473 9798 1995 7394 205 31079 3943 432 27136 13380 13756 3511 3412 7939 6376 1563 463 5010 4395 13329 7117 6860 2198 1321 399 357 5441 427 312 7803 2858 4945 427 349 210 175 1898 1453 1269 855 611 505 201 4518 4431 922 1100 690 12659 5937 348 5589 4362 6722 6161 980 2642 1917 327
is_linear=0
shrinkage=0.03


Tree=94
num_leaves=63
num_cat=0
split_feature=3 4 32 8 15 20 16 3 16 13 12 29 32 11 32 11 14 1 29 29 14 25 5 14 14 22 12 2 5 0 24 24 8 23 5 26 23 12 11 8 12 31 34 16 14 26 0 20 12 6 24 24 14 14 25 26 20 20 26 2 29 8
split_gain=22.065 16.9235 9.96794 9.87564 9.01598 8.46117 8.74137 7.91939 8.92868 8.42252 9.73065 7.49782 8.25014 7.28156 8.96431 6.91094 6.88569 6.84625 8.32006 9.62951 9.5625 11.6583 16.4643 9.46211 9.18717 9.42899 8.78732 8.44279 8.30063 7.4151 10.4572 10.1432 8.18501 8.14749 7.50277 8.98907 6.68211 6.56163 6.53004 7.4013 6.50327 7.38927 6.47419 11.2896 8.2015 8.30256 6.41971 6.41903 6.36084 6.31354 7.80847 6.26341 7.95546 6.9216 6.17374 6.16067 6.47047 6.78927 6.32676 6.20954 6.15631 6.42129
threshold=-0.36640575528144831 0.84936901926994335 11.500000000000002 -1.3589149713516233 -1.3199901580810545 0.10250050574541093 -0.43029090762138361 1.4413411021232607 -0.059995567426085465 -0.26381953060626978 0.74928659200668346 0.40588235855102545 13.500000000000002 1.3354479670524599 12.500000000000002 -1.7223862409591673 -1.6551218032836912 -0.027302877046167847 0.57738095521926891 0.23303167521953586 -0.91759115457534779 -0.25776226818561548 0.85997521877288829 0.74928808212280285 -1.1852604150772093 0.75092762708663952 -2.0820100307464595 -0.2067543417215347 0.87654444575309765 0.12054675817489625 1.3180243968963625 1.1493052244186404 -0.86396509408950795 0.45983290672302252 0.39566045999526983 0.64835512638092052 1.0553156137466433 1.0593443512916567 1.0509038567543032 -1.0790501236915586 -0.23850131779909131 -0.21428572386503217 2.5000000000000004 0.74975574016571056 0.27779406309127813 0.61198264360427868 0.65674686431884777 -0.085398204624652849 0.20916330814361575 1.2870104908943178 1.0000000180025095e-35 1.4691410064697268 0.35931798815727239 -0.52455061674118031 0.037765258923172958 -0.41861012578010554 -0.29592159390449518 1.2306004762649538 0.90322747826576244 -0.16459606587886808 0.86190477013587963 -0.5087064504623412
decision_type=2 2 2 2 2 2 2 2 2 2 2 2 2 2 2 2 2 2 2 2 2 2 2 2 2 2 2 2 2 2 2 2 2 2 2 2 2 2 2 2 2 2 2 2 2 2 2 2 2 2 2 2 2 2 2 2 2 2 2 2 2 2
left_child=1 4 3 -2 -1 13 15 8 9 10 -4 -8 -13 14 40 -7 -5 55 19 27 24 22 23 -22 25 28 -21 -19 -20 31 32 -23 33 -31 -34 -36 -33 -26 39 49 -6 -42 46 44 45 -44 -40 -38 -43 50 -29 -41 53 -53 -28 56 -10 -58 -57 -60 61 -3
right_child=2 60 7 16 5 6 11 -9 17 -11 -12 12 -14 -15 -16 -17 -18 18 20 26 21 29 -24 -25 37 -27 54 38 -30 30 -32 36 34 -35 35 -37 47 -39 42 51 41 48 43 -45 -46 -47 -48 -49 -50 -51 -52 52 -54 -55 -56 58 57 -59 59 -61 -62 -63
leaf_value=-0.015647748037692515 -0.012887352259382553 -0.0057763845573652927 -0.0035778579782174609 0.016819963785965588 -0.0083861440282859169 -0.01385265902709383 -0.0087643885780029785 0.0038854477421740368 0.018688235957513896 -0.0098378582440286164 0.019554251574427393 0.017648880046293391 -0.0032347796966926308 0.0052168921587526403 -0.010960524611314696 0.016529342591835132 0.0050488783277153112 0.027014314833120324 0.00470809715310403 0.021360564580181929 0.014921203726497826 -0.0072047191069805347 -0.015822991699832943 -0.010766681353167827 0.027543686673988033 -0.013689316291038348 -0.0023967025221960335 -0.012884124050017993 0.02839263222087799 -0.0083316483519332643 -0.012003326265445976 0.014207490686820895 -0.0063820853264655126 0.028767082554270379 0.022879959628066687 -0.0095865212247587123 0.013201014856882557 -0.0064113722299917603 -0.0080704515677020878 -0.0047429729664671934 0.019035844157280032 0.016030838941811593 0.039177934048476526 -0.0035131487072110348 0.00015486859892940692 0.0021961446733709464 0.017838666937632128 -0.0092305803276955985 -0.010898636589113487 -0.0065498146453761095 0.022573806577225443 -0.00044477981743119605 -0.012964803685454296 0.030152944608281843 -0.010950553670083794 -0.013844605222654797 -0.0095300563701657126 0.019486665673477781 0.016328120725471778 -0.011552351257772623 -0.0085020662625167852 0.017014416454249191
leaf_weight=69.435142051428556 20.808812270872295 11.276242868974803 63.066304137930274 46.290241656824946 38.932587551884353 4.1095909569412461 77.549617058597505 582.92374146357179 11.510386797599493 145.13997447211295 16.615974271669984 22.039834051392972 42.680985402315855 36.797319961711764 263.79389432352036 36.687952408567071 454.5444455947727 7.6468706764280787 72.831722260452807 7.4682408031076184 121.05319688655436 192.60447583254427 16.990951610729098 10.809334471821783 30.104502381756902 14.564650351181625 355.77063916996121 3.4172639492899206 12.18712726421654 4.240179771557453 19.75541764870286 34.885184248909354 31.346461527049541 22.506645886227489 19.553073477000002 7.835598360747098 11.717337634414433 4.0488513223826876 28.323611322790384 189.38036420103163 20.163982844911516 6.4747962672263411 19.5120192617178 19.888038381934166 10.665299048647283 7.8294503651559344 6.632672891020774 32.244484435766935 20.869015385396779 11.246708199381827 25.779382094740868 11.274648938328031 6.823777124285697 10.746998429298401 93.17432532645762 71.957349036820233 29.599780800752342 4.3063034228980532 11.032482518814506 8.377545487135647 11.403296295553444 50.296806985512376
leaf_count=4096 299 217 1426 260 1169 207 1952 4253 218 3731 369 460 1174 745 9461 1504 4418 118 689 148 1933 3185 192 216 346 124 4802 88 96 85 175 381 470 266 200 84 126 37 319 2628 448 167 199 183 151 91 58 261 561 100 347 81 66 89 1093 1383 499 54 200 147 176 750
internal_value=0.000522829 -0.00419572 0.00167115 0.00541216 -0.00576825 -0.00443939 0.000863362 0.000855055 -0.000114778 -0.00564742 0.00211559 -0.00271957 0.00463255 -0.00692665 -0.00825798 0.0122907 0.00629234 0.000672098 0.00127349 -0.000752376 0.00376645 0.00189708 0.00885705 0.012499 0.0107793 0.00560892 -0.00362667 0.00289979 0.00949165 -0.000933241 0.00565971 -0.00354536 0.0101795 0.0224999 0.00324403 0.0135456 0.00529018 0.0232136 0.00200371 -0.00048435 0.000137863 0.00725666 0.00860564 0.0143652 0.0230413 0.0305646 -0.00153731 -0.00251425 -0.00302953 0.0105614 0.0171467 -0.00272215 0.00928595 0.0173039 -0.00427304 -0.0056286 0.00317676 -0.00381403 -0.00994326 0.0043932 0.00907151 0.0127202
internal_weight=3653.54 712.511 2941.03 521.643 639.535 570.1 183.068 2419.39 1836.47 224.822 79.6823 142.27 64.7208 387.032 350.234 40.7975 500.835 1611.64 1474.86 815.58 659.279 525.542 148.853 131.863 133.737 99.5835 456.413 359.167 85.0188 376.689 105.237 271.451 85.482 26.7468 58.7351 27.3887 78.847 34.1534 351.52 258.669 86.4404 47.5078 92.8511 57.8948 38.0068 27.3415 34.9563 43.9618 27.3438 40.4434 29.1966 218.226 28.8454 22.0216 448.945 136.784 45.4165 33.9061 91.3674 19.41 72.9763 61.573
internal_count=59771 23087 36684 4977 21944 17848 5297 31707 27454 5526 1795 3586 1634 12551 11806 1711 4678 21928 19427 10561 8866 7574 2341 2149 1292 909 6043 4518 785 5233 1280 3953 1105 351 754 284 768 383 4400 3399 2345 1176 1001 624 441 290 377 387 728 535 435 2864 236 170 5895 2501 771 553 1730 347 1143 967
is_linear=0
shrinkage=0.03


Tree=95
num_leaves=63
num_cat=0
split_feature=3 17 8 21 7 32 31 17 14 12 17 17 10 0 21 22 10 23 7 29 15 7 17 29 14 11 11 32 15 23 4 12 17 17 4 3 9 9 22 15 7 12 12 0 15 29 14 20 7 31 32 24 9 8 3 4 20 24 1 4 30 8
split_gain=18.2008 11.2708 10.6505 10.4857 8.9524 8.49511 8.27452 9.4409 8.17631 7.57167 9.62968 7.35396 7.43685 7.26006 6.97906 6.86484 6.78189 8.85919 9.1473 8.5927 7.87121 8.72887 6.86306 7.4476 6.74196 6.76363 7.73257 6.71064 6.6497 6.55639 6.55167 6.38764 6.30576 6.15852 6.08144 8.3047 8.66348 6.49138 10.6901 10.7779 7.15472 6.01741 6.81571 6.09254 6.01247 5.94848 5.94817 5.91153 6.59929 5.89278 5.87093 6.07257 5.8412 5.81104 5.69865 5.62879 5.56056 8.58007 6.19838 5.69306 5.51488 6.51488
threshold=-0.36640575528144831 -0.55161306262016285 -0.30845902860164637 1.4334087371826174 -0.3581834584474563 7.5000000000000009 -1.0000000180025095e-35 0.033197632059454925 -0.76831158995628346 0.088083058595657363 -1.1622477173805235 -0.33201079070568079 -0.27089118957519526 -0.071802720427513109 -0.26371635496616358 0.8414762318134309 0.49774681031703955 0.11899527534842493 1.3476807475090029 0.83974358439445507 0.9193224608898164 0.91336971521377575 1.7081036567687991 0.42261904478073126 -2.1423717737197872 -0.55980283021926869 -0.37812007963657374 15.500000000000002 0.73107045888900768 0.42008206248283392 0.44770708680152899 0.64890921115875255 -0.45688064396381373 1.333326041698456 -0.32360298931598658 0.45097060501575476 -0.15546920895576474 -1.3309161663055418 -1.8123565912246702 1.2889174818992617 0.69212937355041515 0.20916330814361575 -0.48023191094398493 0.93846508860588085 0.61679020524024974 0.27922078967094427 -1.1419542431831358 -1.9655183553695676 -0.5108426809310912 -0.92857143282890309 12.500000000000002 1.4463245868682864 1.0662485957145693 0.67165273427963268 -0.76712700724601735 0.88692310452461254 -0.9661736488342284 0.47050340473651892 -0.6708446443080901 2.1601321697235112 -1.0000000180025095e-35 1.0685743093490603
decision_type=2 2 2 2 2 2 2 2 2 2 2 2 2 2 2 2 2 2 2 2 2 2 2 2 2 2 2 2 2 2 2 2 2 2 2 2 2 2 2 2 2 2 2 2 2 2 2 2 2 2 2 2 2 2 2 2 2 2 2 2 2 2
left_child=1 4 6 5 -1 14 7 46 33 10 13 12 -4 -6 -2 -14 17 -10 20 -18 21 27 32 -24 50 54 60 29 -29 -19 -12 -11 -22 49 35 -7 -37 38 53 40 -40 42 43 -38 -42 -35 -3 48 -39 -5 -13 -52 55 -36 -26 -34 57 58 -28 -58 -27 -62
right_child=3 2 11 8 9 34 -8 -9 16 31 30 24 15 -15 -16 -17 19 18 -20 -21 22 -23 23 -25 25 26 56 28 -30 -31 -32 -33 52 45 37 36 41 47 39 -41 44 -43 -44 -45 -46 -47 -48 -49 -50 -51 51 -53 -54 -55 -56 -57 59 -59 -60 -61 61 -63
leaf_value=-0.01856172585299248 -0.0069921692988222286 0.01025425239479965 0.027049748962374786 -0.0099110045807416607 -0.0083369938124048613 -0.010789583451075013 -0.01479617925450467 0.018476939296980677 -0.011736430581187543 -0.020204653564121492 -0.010342375215634678 -0.0096523531763300606 -0.0077549361565628413 0.032016549294063675 0.018575684342347409 0.024227914042283881 -0.010320606799037985 -0.0050734093903267779 0.020004521686910574 0.012664159947359019 0.017224860600541732 -0.0070741467599788688 -0.0083058010307393952 0.02268609964213188 -0.015224447233146098 -0.010308952757322003 -0.0088833516437494021 -0.0057262605250156641 0.021409030004991135 0.030627442955361101 0.01879420299930722 -0.0032031286339414067 -0.020467864026199118 0.017683944899310071 0.028318237429905749 0.0069833402641899366 -0.017274824498245283 0.027944686985116256 -0.013350510031257271 0.0059115430483336262 0.010781876358763374 -0.010769685367723967 0.01481312596592905 0.013317092944370676 -0.011215290462506281 -0.0059410313440658264 -0.01201038426829933 0.00076236088657141905 -0.0028506502803657789 0.01883853942599727 0.024219052445160236 -0.0042202077935518667 0.010936166019971608 -0.0086014953251708371 0.001190295959331751 0.0023379173565827318 -0.0053483815844927634 -0.0077629465453953701 0.021377899265247167 0.018961128019086955 0.035794901307918216 -0.0011078912937023341
leaf_weight=72.906707392074168 9.8712789006531221 10.232491301372646 13.068424117751418 3.971112295985221 3.1670879852026692 103.04792530555278 82.591756044887006 12.932363010942934 19.904280327260494 31.094649967737496 28.424576273187995 6.3311191014945498 18.131691546179358 9.3489018967375142 33.269724344834685 3.1783246342092744 57.192346714437008 3.9963898230344084 36.22821281850338 14.547644117847083 3.405379243195056 16.156288366764784 8.5765106230974215 11.516643874347208 49.915588569827378 2.4070850750431427 4.665146253071728 19.06341204978526 7.5010191351175299 23.260696964338422 3.9549096496775737 49.485327390022576 33.860224820673466 8.8672115206718427 8.2821937510743719 78.658568277955055 13.21197519823909 10.084013372659685 119.91840505506843 46.984658394008875 21.441559401340783 68.81306960247457 18.313588820397854 4.3329201303422442 14.453455898910759 26.29563146084547 37.528049865737557 2007.0215446418151 9.2689326833933574 70.569644637405872 19.137772892601792 7.5561750940978518 5.562618024647235 2.7228672755882135 28.087249856442213 11.730406254529951 150.66446814779192 18.420507796108723 25.225979125127196 4.3363385442644349 8.0037674233317357 6.0004110801965007
leaf_count=3250 127 323 445 34 147 3162 2952 285 377 1221 1170 65 635 387 238 88 512 54 286 133 27 160 45 58 2207 75 170 229 60 205 79 1784 221 46 128 1222 221 192 2140 317 447 925 267 58 136 137 1437 23936 154 496 316 78 39 42 978 58 3377 312 765 44 260 175
internal_value=-0.000220468 -0.00452696 -0.00211586 0.00081658 -0.0105022 0.000122864 -0.00889686 -0.000353847 0.00541885 -0.00528742 0.00428745 0.000629388 0.0128879 0.0223404 0.0126068 0.000712997 0.00253765 0.00533875 0.00748313 -0.00513824 0.003783 0.010671 -0.0029383 0.0104385 -0.000817718 -0.00230169 0.000444517 0.0161463 0.00411353 0.025418 -0.00474563 -0.0105609 -0.00832752 0.0121531 -0.000114778 -0.00419213 -0.000295765 0.000414634 -0.00449629 -0.0062248 -0.00995446 -0.00583486 0.00379421 -0.00844188 0.00163623 0.00147646 -0.00672056 0.000942578 0.0156384 0.0167802 0.0111041 0.0167731 -0.0114109 0.0193501 -0.00959818 -0.0149488 -0.00132987 0.00709971 0.0160588 -0.00409701 0.0176039 0.0238517
internal_weight=3658.7 706.797 508.415 2951.9 198.382 2569.7 143.285 60.6929 382.206 125.475 44.8955 365.13 34.3784 12.516 43.141 21.31 272.502 200.762 180.858 71.74 144.63 69.9778 74.6518 20.0932 330.752 297.727 219.724 53.8215 26.5644 27.2571 32.3795 80.58 54.5586 109.704 2526.56 286.378 183.33 2240.18 213.803 202.798 155.813 104.672 35.8585 17.5449 35.895 35.1628 47.7605 2026.37 19.3529 74.5408 33.0251 26.6939 51.1532 11.0051 78.0028 45.5906 203.312 48.3116 29.8911 155.001 16.4113 14.0042
internal_count=59914 23025 14987 36889 8038 33712 4997 2045 3177 4788 1783 9990 1168 534 365 723 2464 1819 1442 645 1156 708 448 103 8822 8363 5178 548 289 259 1249 3005 345 713 33347 5855 2693 27492 3210 3040 2723 1471 546 279 583 183 1760 24282 346 530 459 394 318 170 3185 279 4668 1247 935 3421 510 435
is_linear=0
shrinkage=0.03


Tree=96
num_leaves=63
num_cat=0
split_feature=15 7 14 11 17 17 15 4 7 0 16 17 15 16 31 8 5 7 7 16 4 8 20 17 22 3 32 3 14 27 17 22 21 5 3 14 23 20 23 32 5 11 10 11 14 14 10 5 1 15 23 14 8 11 6 18 23 10 13 5 17 13
split_gain=21.2315 12.5873 10.454 10.8384 9.98827 13.9462 9.13295 8.43371 10.9734 7.61475 8.17877 7.45377 7.37429 9.14084 9.7503 7.31887 9.3029 7.30761 12.8608 8.3718 7.23972 7.23359 7.03571 6.76611 6.20463 8.41462 7.21506 6.71274 9.0492 9.5283 7.06047 6.26383 5.88878 5.72659 5.70855 5.68944 5.97303 5.68483 5.61138 5.53798 7.14424 5.51146 5.38958 7.28708 7.39054 5.60562 5.29941 5.57595 5.26172 5.61202 5.28257 5.93504 5.2406 5.95594 5.23286 7.83424 7.41673 7.41634 7.08801 5.2156 5.1998 5.19527
threshold=-1.0622653365135191 -1.551740229129791 -0.91759115457534779 0.049944764003157623 -0.48381713032722468 -0.23785565793514249 -1.6126128435134885 1.2038460373878481 1.0624173879623415 0.6092263162136079 0.57941630482673656 0.16906858980655673 0.76187613606452953 0.32154692709445959 0.78571429848670971 -0.1437997221946716 0.49199336767196661 0.21313384920358661 0.28965519368648535 0.49818708002567297 0.41867727041244512 1.1029195785522463 -2.4299429655075069 -1.0472307801246641 0.25842393934726721 -0.82417598366737355 10.500000000000002 -0.88344165682792652 -1.2124422788619993 2.5000000000000004 -0.3014837503433227 -0.97211927175521839 1.0838567614555361 -0.68267428874969471 -1.0167173147201536 -0.21979010105133054 1.064257085323334 -0.73122763633728016 0.49687351286411291 7.5000000000000009 0.10174472630023958 0.036560259759426124 -0.30627489089965815 -0.1658813804388046 0.49766954779624945 0.83673620223999035 0.72511258721351635 -0.7410098910331725 0.039999959990382201 -0.33441953361034388 1.244126617908478 0.26755440235137945 0.59749394655227672 -0.49575868248939509 -0.84627094864845265 -0.27230566740036005 0.60902729630470287 -1.7369838356971739 -1.5252721905708311 1.4602301716804507 1.6713738441467287 -0.28792919218540186
decision_type=2 2 2 2 2 2 2 2 2 2 2 2 2 2 2 2 2 2 2 2 2 2 2 2 2 2 2 2 2 2 2 2 2 2 2 2 2 2 2 2 2 2 2 2 2 2 2 2 2 2 2 2 2 2 2 2 2 2 2 2 2 2
left_child=4 20 24 7 -1 6 -6 11 9 -9 -11 17 13 -13 15 60 21 48 32 33 -2 34 -7 -21 25 -3 -26 -28 -29 -30 -31 38 -19 -20 -17 -25 -37 -36 41 40 -5 -27 54 44 52 -46 47 -8 50 -50 -4 -52 53 -44 -35 -56 57 -57 -59 -12 -15 -14
right_child=1 2 3 39 5 22 46 8 -10 10 59 12 61 14 -16 16 -18 18 19 23 -22 -23 -24 35 26 31 27 28 29 30 -32 -33 -34 42 37 36 -38 -39 -40 -41 -42 -43 43 -45 45 -47 -48 -49 49 -51 51 -53 -54 -55 55 56 -58 58 -60 -61 -62 -63
leaf_value=-0.016248216482474837 -0.012210434690429782 -0.0057906155477961728 -0.012229963164058442 0.0025941933421953687 -0.0095073693822387059 0.019346485542933271 -0.0052086282448582906 -0.008300802285272758 0.023800588039189489 0.024414998372806185 -0.012763889520751583 -0.005711794514757694 0.0093071250334142916 0.0077121320532982695 -0.0090154700333624441 -0.0072504025732967456 -0.0063290393021266569 0.025793158154197617 -0.012848481758133024 0.01089722636894056 0.0082591049379462794 0.003000173620580404 -0.010347196061243203 0.00067039506142271474 0.022962249175490577 -0.0024372062314679112 0.025086313909815493 -0.0011901024595473572 -0.011997256412129738 -0.0033571123205716515 0.02922728703026933 0.0031198618205722888 -0.0054448090714339691 -0.0089037854205827674 -0.004758994038055608 -0.020595711264034269 -0.00020809446809893714 0.037778218826509634 0.0068840700566359936 0.0016538408201853707 0.032028911632397919 0.036381289664492188 -0.014978441359694974 -0.019883848095734336 0.020928481268301592 -0.0031640283381451106 -0.0039322337631137391 0.048293803980835916 0.01679704202934423 -0.0056218833755035062 0.026945534614035919 -0.010577215909155143 0.0071650906777912908 0.0072468297220908348 -0.00092461016931862452 -0.010009441337507191 -0.0055191133530908577 -0.0085992859567138608 0.03490804215168488 0.016586501695900185 -0.016406554043956259 -0.0066253820081603474
leaf_weight=90.463759616948664 89.037356123328209 78.297115336172283 179.08386245090514 20.767551137134436 3.6465854793786994 3.4227734282612792 1.0138151077553619 36.918821739032865 19.504003055393696 13.427058774977924 12.167867340147493 47.585709662176669 17.188642164692283 44.624018877744675 18.264314356260002 1.4880005987361062 7.8628960922360411 15.464898798614742 22.915729646570981 8.399759376421569 14.979921033605931 11.196912437677382 61.967017154209316 21.899163676425815 26.131241722032428 3.4998406767845145 10.669918187893925 90.787781484425068 5.7531246002763501 6.4434417029842761 22.282253431156278 370.09749924764037 5.3319284953176966 10.175969947129486 1.9510516375303293 58.635085041634738 16.36113259755075 28.134433599188927 44.728235295042396 1741.4439680268988 7.4836096055805674 9.3205358274281007 37.487211003899574 13.076580675318835 17.853949652053419 12.150185642763971 1.8441470721736548 6.0387719832360736 8.895494841039179 31.353032287210226 2.6639787517487994 3.6003251746296883 19.861559394747019 11.180853817611931 27.005400684662163 2.2627769978716961 6.4798643514513961 1.8672617319971383 22.426742980256677 3.1541848704218856 4.7889111544936886 117.04719975404441
leaf_count=4723 2699 1829 5782 164 182 143 49 474 166 123 88 827 175 690 300 41 130 429 805 168 246 198 2746 261 166 112 228 786 56 97 251 3827 92 450 40 1111 172 437 401 21051 51 125 951 310 474 355 88 262 348 661 27 47 590 242 625 58 97 50 533 17 64 1128
internal_value=0.000509773 0.00101838 0.00134019 0.000508526 -0.00973734 -0.00165565 0.0223824 -0.00208468 0.00666801 0.000255525 0.0108452 -0.00298865 0.000815166 0.00497864 0.00933569 0.0129555 0.0204702 -0.00502936 -0.00213462 -0.00377249 -0.00901894 0.0255437 -0.00752907 -0.0104357 0.00468705 0.00299549 0.00972006 0.00645017 0.00396083 0.0159569 0.0225042 0.00465246 0.0182813 -0.000178692 0.0320352 -0.012729 -0.016439 0.0347346 0.0134714 0.00189048 0.0140351 0.0280737 0.0017192 -0.00237024 0.000802036 0.0121138 0.0341712 0.0416326 -0.00913615 0.000641583 -0.0112205 0.0102574 -0.00463755 -0.00967302 0.00794476 0.0112652 0.0200413 0.0261644 0.030667 -0.0041275 0.00408184 -0.00432429
internal_weight=3651.86 3483.46 3379.44 2711.43 168.397 77.9331 12.5433 941.737 85.1719 65.6679 28.7491 856.565 300.132 165.896 118.311 100.046 50.6333 556.433 330.836 310.039 104.017 42.7704 65.3898 105.295 668.011 505.943 162.068 135.937 125.267 34.4788 28.7257 427.646 20.7968 204.744 31.5735 96.8954 74.9962 30.0855 57.5486 1769.7 28.2512 12.8204 181.828 111.61 98.5338 30.0041 8.89673 7.05259 225.597 40.2485 185.348 6.2643 68.5296 48.6681 70.218 60.042 33.0366 26.5568 24.294 15.3221 49.4129 134.236
internal_count=59818 51625 48680 40802 8193 3470 581 19536 868 702 228 18668 4030 2727 1900 1600 846 14638 7773 7252 2945 716 2889 1712 7878 6294 1584 1418 1190 404 348 4465 521 5540 518 1544 1283 477 638 21266 215 237 4735 2922 2612 829 399 311 6865 1009 5856 74 1783 1193 1813 1363 738 641 583 105 754 1303
is_linear=0
shrinkage=0.03


Tree=97
num_leaves=63
num_cat=0
split_feature=15 7 25 20 4 5 32 3 8 16 26 8 1 22 8 16 9 12 15 3 25 1 13 16 1 23 33 8 10 3 25 21 15 5 31 3 15 13 9 21 21 3 8 32 7 9 5 3 3 7 16 6 26 26 6 32 6 13 10 4 20 10
split_gain=23.8121 12.4212 10.8701 11.2248 9.85685 8.76151 8.19868 11.723 10.1102 11.3084 10.7151 9.02825 8.76415 8.69848 11.2135 8.49018 8.17477 8.89294 7.88961 7.7942 7.37245 6.74045 6.7186 8.10998 7.48157 11.8434 6.59697 6.59248 6.70658 6.70153 6.52867 6.26152 6.2359 6.21066 9.45924 7.4937 9.52815 7.17202 7.07263 7.27405 8.10717 7.77263 7.75196 6.79579 6.74446 6.28641 9.63561 6.35678 6.43491 6.19245 6.03106 5.96595 6.54443 6.59354 5.88584 5.77714 6.62204 7.59412 5.77219 5.78627 5.75349 6.22775
threshold=-1.0622653365135191 -0.85574060678482045 -0.53351306915283192 1.3237347602844241 -1.0000000180025095e-35 0.15383957326412204 11.500000000000002 -1.1022443771362302 -0.42741020023822779 -0.24718429148197171 0.38634522259235388 0.67165273427963268 -0.93633028864860524 0.28686982393264776 -0.1437997221946716 0.61795890331268322 0.66698753833770763 -0.70610886812210072 0.36215279996395117 -0.58610415458679188 0.96852681040763866 -0.1868328973650932 0.51796811819076549 0.43961790204048162 0.31910443305969244 0.88137096166610729 1.0000000180025095e-35 1.6684588789939883 0.71075737476348888 1.7184820175170901 -0.57691955566406239 -1.7954724431037901 0.49782355129718786 -0.31853295862674708 1.0000000180025095e-35 1.2067101001739504 0.7943515181541444 0.38103754818439489 1.5080313682556155 1.5701983571052553 0.042540105059742934 1.4413411021232607 -1.170322000980377 15.500000000000002 -0.36641535162925715 -1.6834553480148313 0.16727872192859652 -0.73143267631530751 -0.50920531153678883 0.42972676455974584 0.35295392572879797 -0.88756141066551197 -0.74993509054183949 0.2466075196862221 -0.168356217443943 10.500000000000002 0.48485457897186285 -1.8050839304924009 -1.1941881179809568 1.6629860401153567 -1.3529747724533079 -0.50426310300827015
decision_type=2 2 2 2 2 2 2 2 2 2 2 2 2 2 2 2 2 2 2 2 2 2 2 2 2 2 2 2 2 2 2 2 2 2 2 2 2 2 2 2 2 2 2 2 2 2 2 2 2 2 2 2 2 2 2 2 2 2 2 2 2 2
left_child=51 4 3 5 -2 55 8 -8 -4 11 13 -10 16 14 15 -11 17 -9 30 -13 -19 -14 24 -24 60 58 31 28 29 32 -5 -25 -12 34 37 43 49 -23 45 40 -40 42 -42 -36 -44 46 -35 54 -49 -37 -7 -1 -53 -54 -47 -3 57 -57 -26 -60 61 -6
right_child=1 2 6 18 22 50 7 12 9 10 27 19 21 -15 -16 -17 -18 20 -20 -21 -22 33 23 26 25 -27 -28 -29 -30 -31 -32 -33 -34 38 35 36 -38 -39 39 -41 41 -43 44 -45 -46 47 -48 48 -50 -51 -52 52 53 -55 -56 56 -58 -59 59 -61 -62 -63
leaf_value=-0.01635152693687766 -0.014032869872821999 0.012466479095316878 -0.002330784790057413 0.044935905677472382 0.019100167553520335 0.027036495793308524 -0.0098742446937909161 -0.0058300947925001428 0.033819259132677942 -0.00068262752912866666 0.0016345579501572541 0.020208182728197157 -0.0072580945671153804 0.0180506093281863 -9.4608538806005251e-05 0.034313702302862202 -0.0063284195032041538 0.030730267809276787 0.005330598844366775 -0.013162949781450753 -0.010277814498329827 -0.01463274013021615 -0.0080539904118576942 -0.011455249650988255 -0.0087128165806876542 -0.010235535389817215 -0.0047846974598896317 0.016574006744372753 0.006569576212291566 0.010569517157527158 -0.0044474067301271628 0.02156324522126931 -0.016711925641026686 -0.010932706904185468 0.0050927351870665837 0.036753575447131863 -0.00033954252288480357 0.001263031748266884 -0.0059828332481238053 -0.01452378414127283 -0.0069232530668519041 -0.0052446737089406207 -0.0048423831911325304 -0.011110657878167909 0.043635923308569941 -0.0026826209797496392 0.010001148151857958 -0.0075157708063850626 0.0013401572420522004 -0.00052020921867201224 0.004270300178158614 0.0084816001515135141 -0.020374884544058263 -0.0014118612370429054 0.01375437187602486 0.018391573070337459 0.0091558121476688452 -0.0094252858751415133 0.038603423457042596 -0.0038387465990588395 -0.0089057394866862861 -0.004646283629323217
leaf_weight=81.198001764714718 72.018873641267419 25.820244662463665 142.28125293832272 10.482408663257955 10.488640663214026 18.278057311661541 95.731330006383359 7.9834229536354533 19.079879004508257 9.472515946254136 22.445664335042238 7.014095955528318 96.567073103040457 65.514428105205297 99.695987464860082 12.254732676781712 12.605217527598141 25.249399161897603 13.426227968186138 8.4104789365082961 2.1012137811630955 79.541517870500684 22.56163823325187 2.7900550570338956 1.7789475750178088 12.112158104777334 13.280374756082891 11.296611275523899 35.751180071383715 10.76952989771962 1.8561674701049948 34.114744561724365 51.672485157847404 78.938426588661969 41.128571366891265 10.05451140552759 26.280768867582083 35.535862079821527 7.5370804117992547 3.4128997139632693 2.3969583222642603 4.5660604834556571 1.8934340905398226 42.889795980416238 15.16322140581905 25.740713994018734 21.608884820714593 72.361569871194661 1647.1820132881403 5.2805495746433726 23.153692748397589 20.887646963819861 23.70445173792541 40.740968910977244 61.657772663980722 5.2800796413794151 28.748948615044355 74.149637442082167 9.3514049630612153 2.5658616833388797 160.29436304327101 23.811695422977209
leaf_count=4692 2276 344 1748 168 292 282 3062 228 308 110 333 133 1951 532 828 78 287 550 109 108 26 1460 480 60 26 102 203 96 311 56 36 487 350 1415 789 110 184 530 117 32 31 35 26 886 180 981 273 1847 18796 56 293 815 1010 1682 1337 123 293 1607 130 24 3545 595
internal_value=0.000189966 0.000725993 0.0013405 0.00799875 -0.00447197 0.0049097 0.00086869 0.00014635 0.00436367 0.00705399 0.00508646 0.0222918 0.000578752 0.00961311 0.00452677 0.0217828 0.0126462 0.0193606 0.0248156 0.00324421 0.0264782 0.000297874 -0.00192718 0.00572058 -0.00452233 0.0094375 0.0120818 -0.00144411 -0.00372377 -0.0081832 0.0383667 0.017998 -0.0114038 0.000647914 -0.00384884 0.0018385 0.0115269 -0.00987593 0.00121361 0.0137075 0.0183296 0.0256749 0.0325207 -0.00333826 0.0383766 0.000949321 -0.00617311 0.00136159 0.000946773 0.0269465 0.0161437 -0.010723 -0.00475862 -0.00935166 0.00903013 0.000980424 -0.00219071 -0.00659651 0.0249198 0.0310316 -0.0065638 0.0041213
internal_weight=3651.96 3485.43 3120.26 201.195 365.169 175.431 2919.07 2423.41 495.659 353.378 318.873 34.5045 2327.68 186.938 121.423 21.7272 47.9393 35.334 25.7648 15.4246 27.3506 2279.74 293.15 72.7468 220.403 25.8084 50.1852 131.935 120.639 84.8877 12.3386 36.9048 74.1181 2183.17 240.712 125.634 41.6158 115.077 1942.46 34.9697 31.5568 24.0197 19.4536 84.0184 17.0567 1907.49 100.547 1806.94 1719.54 15.3351 41.4318 166.531 85.3331 64.4454 87.3985 133.999 108.179 79.4297 13.6962 11.9173 194.595 34.3003
internal_count=59854 51655 43435 3255 8220 2942 40180 35189 4991 3243 2694 549 32127 1548 1016 188 1091 804 313 241 576 31036 5944 1230 4714 282 750 1146 1050 739 204 547 683 29085 4015 2025 350 1990 25070 421 389 272 237 1675 206 24649 1688 22961 20643 166 575 8199 3507 2692 2318 2367 2023 1730 180 154 4432 887
is_linear=0
shrinkage=0.03


Tree=98
num_leaves=63
num_cat=0
split_feature=4 15 14 9 21 4 11 10 21 12 24 14 34 20 12 10 31 32 10 7 23 7 31 12 27 9 8 1 15 3 13 13 21 11 20 16 23 23 7 6 12 6 4 9 8 10 8 14 0 3 9 12 12 17 6 16 15 13 12 23 14 17
split_gain=16.6547 13.871 12.1239 14.696 10.5928 9.50199 9.93001 9.22444 8.91453 7.74996 7.80699 7.12065 6.8658 6.5686 8.27823 9.47783 6.43461 6.18571 6.23468 10.2056 9.75666 10.8621 7.24106 6.96721 6.30987 6.2261 7.61828 12.6885 7.23485 6.72924 6.00463 10.6162 5.85989 7.13306 10.5559 9.96437 6.89131 6.85579 11.6416 10.8722 6.58813 6.33079 7.44662 8.12935 7.26556 6.29901 7.03612 5.96856 8.53493 8.13259 9.17825 7.81937 7.66128 9.36607 8.79203 8.34894 7.47652 7.40725 6.8952 10.431 6.28141 6.23331
threshold=-0.037920959293842309 -0.80403733253478993 -1.7817230820655821 -1.542561888694763 2.1238493919372563 2.1601321697235112 -1.14650422334671 0.82499328255653392 0.41548287868499761 -0.37465462088584894 0.91510096192359935 0.50697287917137157 1.5000000000000002 -1.9655183553695676 -0.27721859514713282 -0.73838320374488819 0.35714286565780645 17.500000000000004 -0.19896489381790158 -0.87310016155242909 1.1271724700927737 1.012822210788727 0.92857143282890331 1.1550969481468203 7.5000000000000009 0.36970537900924688 -0.54912319779396046 0.14273563772439959 0.82950487732887279 -0.36640575528144831 0.89862766861915599 0.44476972520351415 -0.84830385446548451 1.0640743970870974 -0.51800337433814991 0.48183305561542517 1.0722395777702334 0.73950770497322094 0.99609312415122997 1.201640844345093 1.3049329519271853 1.4368966221809389 0.076210848987102522 1.0783375501632693 0.36044721305370336 1.0095580220222475 -1.0387327075004575 0.58963707089424144 -0.030506875365972515 0.2499162703752518 0.87124556303024303 -1.458899140357971 -0.18481257557868955 -0.51880130171775807 0.64867913722991954 0.76177459955215465 -0.16586381942033765 0.9246003031730653 -0.86056876182556141 0.016755889169871811 -1.6036509275436399 0.033197632059454925
decision_type=2 2 2 2 2 2 2 2 2 2 2 2 2 2 2 2 2 2 2 2 2 2 2 2 2 2 2 2 2 2 2 2 2 2 2 2 2 2 2 2 2 2 2 2 2 2 2 2 2 2 2 2 2 2 2 2 2 2 2 2 2 2
left_child=1 -1 -2 -4 5 6 8 12 -5 -10 16 -9 -7 14 15 -8 30 18 -3 -20 23 22 -22 24 25 26 27 29 -28 -21 31 -11 33 41 35 -35 45 39 -39 40 47 42 43 -15 -44 46 -37 48 -34 -49 52 -50 -51 -54 55 57 61 -55 59 -58 -60 -53
right_child=2 17 3 4 -6 7 13 11 9 10 -12 -13 -14 32 -16 -17 -18 -19 19 20 21 -23 -24 -25 -26 -27 28 -29 -30 -31 -32 -33 37 34 -36 36 -38 38 -40 -41 -42 -43 44 -45 -46 -47 -48 49 51 50 -52 56 53 54 -56 -57 58 -59 60 -61 -62 -63
leaf_value=-0.016534329007453878 0.0074900572274824604 -0.0053300368526740466 -0.0081385549720248401 -0.015605941945921768 0.015713640919142874 0.019104877286352392 0.048358334918536833 0.030398320190859734 -0.013155174647020158 0.0064700117220098273 -0.012466815028035783 -0.0054712000540086013 0.00021538954106854505 -0.015775612103044515 -0.002263958900777613 0.0061793087895284093 -0.0046041332283942296 -0.012574379985475609 -0.013269651307830123 -0.0035909260089781714 0.025758542276580997 -0.012776650862157261 -0.011552847638429613 0.019749623077301822 0.011623388549975508 -0.0096391968510772703 -0.010325113853822917 -0.0033373477864798592 0.010758020327403072 0.041446837172479545 -0.010154964017799917 0.039025385302470808 -0.0066538131023126694 -0.0021734943927432704 -0.0078805351617497032 -0.0048526524766238982 -0.00029609577098358981 -0.001637434410399025 0.0062803958344119235 0.01979700431197521 -0.010755800223269177 0.016070229343155069 -0.010116987091327486 0.010143578737455753 0.014675010899946675 -0.0039349766139578886 0.044602553167326794 -0.010250203182992492 0.015824318561769215 -0.0045240649610464667 -0.0092845340547041064 0.014428409241085216 -0.0087461004987066104 0.040824467024306081 0.0023858678594216392 -0.00010372376554306534 0.0092861301763731714 -0.0058558241980359539 -0.015600255624039166 -0.017603609058800571 0.0043623737596614164 -0.0046083631151070696
leaf_weight=67.209638736210763 257.25827857200056 198.03772625513375 153.32397593650967 55.558164107613266 39.949365241453052 17.179863410070539 4.4559454685077098 19.725245226174597 30.010254165157676 29.96874189004302 16.66950099170208 4.5292096249759188 79.535598961636424 91.558631437830627 16.455641484819353 13.338398468680678 21.467955628409982 44.157484137453139 31.222574844025075 2.8705914644524482 33.571785775944591 6.496515115723013 2.4548626616597167 11.08124083932489 25.880376345477998 68.57021701708436 42.945852371864021 17.597180725075305 16.459516182541847 8.5633383868262154 4.7571574365720144 9.762366781011222 54.776407762430608 24.172218361869454 40.79099528491497 1.9726948849856878 8.0253465157002193 909.60458450578153 199.49652036651969 29.622383564710617 27.202138070948422 5.0450663268566123 15.965015828609465 8.8510976321995241 16.844318437390029 2.7763498891144982 12.189393857493998 60.672361621633172 53.179702680557966 28.171636756509542 35.626915410161018 87.422527071088552 10.766788592562078 19.520724626258023 19.945213995873928 7.3574958033859721 16.891314688138664 2.1784301158040753 9.8225154597312194 29.348575044423342 459.30028091091663 16.119154590182006
leaf_count=3729 2228 4343 3145 2631 324 115 120 138 780 763 194 34 585 3125 438 357 522 1052 955 139 317 61 26 192 583 1535 1192 296 183 188 87 185 973 499 686 36 97 8171 1471 266 414 66 372 288 349 46 186 1851 1094 452 502 2885 201 297 207 110 357 30 143 389 6513 350
internal_value=0.000441474 -0.00421342 0.00131934 0.00074454 0.00126919 0.00102025 0.000615097 0.00906106 -0.00631877 -0.00126922 0.00355215 0.0239099 0.00434498 0.00112601 0.0132998 0.0250322 0.00819392 -0.00244465 -0.0013609 0.0016191 0.00381882 0.0160036 0.022118 0.000812546 -0.0008299 -0.00317803 0.00207944 0.0134724 -0.0041019 0.0324873 0.0142109 0.0179373 0.000916748 -0.00359682 0.00288785 0.0117296 0.0233081 0.00142008 -0.000191442 0.00325814 0.00263383 -0.00776805 -0.00921949 -0.0131181 0.00286868 0.0320103 0.038245 0.00309012 0.00430675 -0.00169669 0.00273844 0.0052426 0.00784671 0.0135767 0.0188372 0.0281216 0.00421383 0.0359191 0.00267668 -0.00783322 0.00378429 0.011389
internal_weight=3656.28 577.119 3079.16 2821.9 2668.58 2628.63 2507.66 120.97 168.194 112.636 82.6257 24.2545 96.7155 2339.47 34.25 17.7943 65.9562 509.909 465.752 267.714 236.491 42.5232 36.0266 193.968 182.887 157.007 88.4365 29.0311 59.4054 11.4339 44.4883 39.7311 2305.22 228.191 89.927 49.136 24.9638 2077.03 1109.1 967.925 938.302 138.264 133.219 100.41 32.8093 16.9384 14.1621 911.1 726.86 184.24 123.567 672.084 87.9403 59.7687 49.0019 29.0567 618.904 21.6992 515.363 46.2399 469.123 103.542
internal_count=59863 14791 45072 42844 39699 39375 38503 872 5162 2531 1751 172 700 33341 915 477 1557 11062 10010 5667 4712 404 343 4308 4116 3533 1998 623 1375 327 1035 948 32426 5750 1550 864 365 26676 9642 17034 16768 4200 4134 3413 721 268 222 16354 12704 3650 1799 11731 1297 845 644 437 10637 327 7402 746 6656 3235
is_linear=0
shrinkage=0.03


Tree=99
num_leaves=63
num_cat=0
split_feature=6 25 32 3 3 14 14 9 8 25 24 14 9 17 3 10 21 24 4 24 31 31 10 26 3 8 8 3 6 31 11 25 26 32 9 9 14 6 19 16 21 26 3 17 15 15 9 8 3 26 4 12 27 13 8 24 16 21 12 23 10 16
split_gain=20.6093 13.8346 12.7257 12.0923 11.5328 11.0332 8.59454 9.81864 8.32562 9.11515 8.21455 7.98646 9.06225 9.43902 8.67814 7.18327 7.26648 6.98765 9.48797 9.42524 8.79943 10.2735 8.17164 9.56424 8.245 8.47845 8.35939 8.32109 6.85716 8.08782 7.2125 6.51503 8.09507 8.92681 9.40386 7.62824 6.82846 6.76703 6.41563 6.40238 6.56027 6.38894 6.31036 6.2824 8.35214 7.9514 7.36369 6.78881 8.68266 7.38933 6.22775 6.01185 7.53388 6.33595 5.9257 5.91456 7.00129 7.33106 6.03177 5.98146 5.88049 5.84493
threshold=-1.0034729242324827 -0.59580814838409413 14.500000000000002 -0.18320861458778379 -0.92257183790206898 0.15916776657104495 -2.0186604261398311 0.6535150706768037 0.11299882829189302 -0.079883679747581468 0.83001020550727855 0.9616278111934663 1.6135858297348025 0.55610880255699169 1.7516152262687685 0.46368919312953955 -0.032316787168383591 0.48140758275985723 -0.65612351894378651 -1.0372301936149595 0.5000000149011613 0.21428572386503222 -0.664364993572235 0.46508356928825384 0.99762001633644115 -1.1088464260101316 -1.652491509914398 0.64183306694030773 -1.4812018871307371 0.35714286565780645 0.25935269892215734 0.54386845231056224 -0.95342162251472462 10.500000000000002 0.8978787660598756 -1.2522140741348264 1.4980738759040835 1.6292738914489748 -0.039485968649387353 0.26893173158168798 0.34065386652946478 -0.059235161170363419 0.99762001633644115 1.871271073818207 1.64486300945282 0.46613910794258123 -1.0389060378074644 0.83901879191398632 -0.70912244915962208 -2.2638347148895259 -1.0000000180025095e-35 0.66188892722129833 6.5000000000000009 0.66740989685058605 -0.59160220623016346 0.41394643485546118 0.27789109945297247 -0.78515514731407154 -1.2489152550697324 -0.027577824890613552 -0.664364993572235 0.34108865261077886
decision_type=2 2 2 2 2 2 2 2 2 2 2 2 2 2 2 2 2 2 2 2 2 2 2 2 2 2 2 2 2 2 2 2 2 2 2 2 2 2 2 2 2 2 2 2 2 2 2 2 2 2 2 2 2 2 2 2 2 2 2 2 2 2
left_child=3 10 6 8 -4 28 7 39 -1 -10 15 12 14 60 17 16 54 18 -6 -20 21 43 23 -22 25 26 -24 -27 29 50 -30 32 33 34 35 -8 37 -34 -7 -3 -41 -26 -38 45 -45 46 -19 48 -47 -49 -5 52 -18 -53 -2 56 59 -58 -59 -35 -14 -32
right_child=1 2 4 5 11 38 31 -9 9 -11 -12 -13 13 -15 -16 -17 51 20 19 -21 22 -23 24 -25 41 27 -28 -29 30 -31 61 -33 36 55 -36 -37 42 -39 -40 40 -42 -43 -44 44 -46 47 -48 49 -50 -51 -52 53 -54 -55 -56 -57 57 58 -60 -61 -62 -63
leaf_value=-0.0207816420132277 -0.019123571711704819 0.032130407999607903 -0.0096480609677945528 -0.0055776795012331196 -0.016371735812832137 0.014043363791971693 -0.010661575837222133 -0.0097773156585895336 0.0030824598047775485 -0.014656800189456403 -0.014876253385829872 -0.0056043096754757995 -0.00032975200992598494 -0.0039195047053904655 0.0067922715582422206 0.024103182589022092 0.025784868426424832 -0.010032234794631896 0.023535030748307685 -0.0028613474558146315 0.022703172099246868 -0.0085694883852498634 -0.0025248570057153801 -0.00016494161101967026 0.0060117897939927552 -0.0033002399907582614 0.034441753934660861 0.013923478067967489 -0.011666434976468115 -0.0033329668930160653 0.02555591771402187 -0.002574109945848552 0.00057794530189726875 0.0094674437965998632 -0.0093046822723830396 0.024636348596148303 -0.002916848537002564 0.012098212817137993 -0.010718501550644631 -0.00051066475595732406 0.017225366662517849 -0.01007586376817677 0.020582946430210625 0.0014703548317988291 0.025821963179163097 0.028392645372772723 0.008475980041309044 0.017310860676423522 -0.0014910541754000065 -0.01360701885913404 0.037785637530296304 -0.015363000017297845 -0.0013907229386625943 0.016843378490733349 0.00584333501464361 -0.0013177257258491682 -0.010265258014462368 -0.0077422381236049286 0.028460946618927879 -0.015421377999511019 0.04285278461044105 -0.00072819748696680909
leaf_weight=62.177664721384645 9.6984130935743469 12.34595406334847 120.32847968488932 2.2187797492370036 41.984091474674642 6.3690192913636556 3.3415772542357436 13.580646654590963 46.032514318823814 51.045620023272932 6.2464522514492264 212.60127779375762 3.6157418070361018 8.9746824838221055 157.55645697191358 32.31572285387665 28.539269926957786 18.578586131334305 7.5877445098012677 396.57708793412894 39.564980385825038 123.02416916377842 7.1033902000635889 25.986531276255846 30.440062288194895 63.001187531277537 12.448065854609011 35.591599633917212 18.753421735949814 7.8517524264752856 8.0761393122375029 205.64111501537263 765.12007567100227 16.298598066903654 7.4108691783621898 51.154327587224543 13.538825716823338 43.866075489670038 72.096311811357737 30.716691607609391 42.149199200794101 57.249057970941067 26.832550475373864 35.659846073016524 15.247460201382635 4.0565255619585505 118.79944860935211 3.471346639096736 255.03443378955126 63.575692964717746 11.330613456666468 9.0499157970771176 11.964495757594703 4.1495329393073908 16.485046004876494 79.45709440857172 3.7224054476246264 2.6547928620129886 25.144701565615829 9.6933159036561829 7.0246704975143093 17.591636724770069
leaf_count=3594 239 118 4078 60 1488 194 47 104 1869 2764 55 2862 50 86 1022 539 403 362 184 9143 415 1406 90 270 243 909 163 339 464 178 157 2124 10742 533 86 492 283 244 2163 230 224 458 196 279 92 61 1848 34 2439 586 213 138 165 48 362 698 85 40 359 181 117 258
internal_value=0.000443493 0.00112796 0.000748647 -0.00697579 -0.000857723 -0.000617129 0.00295854 0.0112685 -0.0125427 -0.00650623 0.0109847 -0.000225652 0.000536491 0.0185933 0.000241835 0.0129977 0.00735017 -0.000542018 -0.00359529 -0.00208424 0.000968313 -0.000963135 0.00544038 0.0142684 0.00235724 0.00739895 0.0232321 0.00328938 0.00811281 0.020225 0.000821587 0.00226164 0.00321803 0.00859304 0.0176219 0.0217579 0.00191654 0.00127309 -0.00798772 0.0149787 0.010196 -0.00446821 0.0132492 0.000920902 0.0104211 -0.000222565 0.00570858 -0.00276939 -0.000494476 -0.010916 0.0310953 0.0132782 0.0184867 -0.0033924 -0.00498796 0.00403537 0.0109447 0.0194169 0.0243504 -0.000804981 0.0327645 0.0103601
internal_weight=3639.74 3336.2 3217.75 303.543 1865.08 144.288 1352.67 98.7925 159.256 97.0781 118.449 1744.75 1532.15 19.6151 1512.54 112.202 79.8867 1354.98 446.149 404.165 908.832 637.448 271.385 65.5515 205.833 118.144 19.5515 98.5928 65.8223 21.4011 44.4212 1253.88 1048.24 198.878 61.9068 54.4959 849.358 808.986 78.4653 85.2118 72.8659 87.6891 40.3714 514.423 50.9073 463.516 137.378 326.138 259.091 67.047 13.5494 53.7032 40.5038 13.1994 26.1835 136.971 57.5138 31.5219 27.7995 25.9919 10.6404 25.6678
internal_count=59673 47759 45810 11914 29024 3687 16786 676 8227 4633 1949 24946 22084 253 21831 1894 1355 20809 10815 9327 9994 7107 2887 685 2202 1501 253 1248 1330 451 879 16110 13986 2521 625 539 11465 10986 2357 572 454 701 479 5701 371 5330 2210 3120 2500 620 273 754 568 186 601 1896 1198 484 399 714 167 415
is_linear=0
shrinkage=0.03


Tree=100
num_leaves=63
num_cat=0
split_feature=7 15 25 20 4 32 14 9 7 15 9 26 21 23 7 25 25 29 32 8 5 16 25 3 14 16 14 12 16 9 3 3 13 26 20 9 8 15 21 6 20 4 7 25 26 14 16 8 21 16 26 13 13 8 25 34 7 12 16 10 5 15
split_gain=15.2648 14.5018 11.7227 13.5362 10.3048 9.31758 8.63384 8.95718 8.48922 11.804 11.5882 9.18666 7.84616 7.79263 7.38452 7.67772 7.13898 7.99149 12.3809 9.34637 7.12221 7.59299 7.09524 7.0785 10.9837 9.70839 8.89154 8.61861 7.4948 6.90829 6.63478 8.95194 6.55505 7.27488 8.83875 6.4701 6.20955 6.09365 6.20086 6.04041 5.99942 5.99935 5.99611 5.90967 5.83687 6.74677 5.94738 5.82623 12.588 7.00617 6.0705 8.70867 8.66912 7.67521 6.36762 6.17686 7.92336 5.98853 5.81198 5.88264 5.80873 12.1974
threshold=-0.60572963953018177 -1.440217077732086 -0.53351306915283192 1.4768175482749941 -0.21817633509635923 7.5000000000000009 -0.62010607123374928 -2.1104872226715083 0.52100068330764782 0.46613910794258123 0.30178619921207434 -0.11993728950619696 1.4334087371826174 -0.80263212323188771 0.031166020780801777 -1.0000000180025095e-35 1.0000000180025095e-35 0.63068181276321422 15.500000000000002 0.31552396714687353 0.15383957326412204 0.35295392572879797 -1.1089601516723631 1.7891547083854678 -0.27713291347026819 0.35295392572879797 1.0441294908523562 0.19435914605855945 0.57941630482673656 0.59013938903808605 0.29983514547348028 -0.18320861458778379 -1.1164876222610471 0.81574785709381115 -0.34313771128654474 -0.041099790483713143 -0.27428470551967615 1.2558429241180422 -0.43088333308696741 0.21774804592132571 0.37115101516246801 -0.63503384590148915 -1.8213496804237364 -0.56975421309471119 -0.55442753434181202 1.6332742571830752 0.88203388452529918 1.7060287594795229 0.40454058349132543 0.60180169343948375 -0.95342162251472462 0.47406791150569921 -0.27392549812793726 1.1545597314834597 0.28868220746517187 3.5000000000000004 0.50035893917083751 0.27777877449989324 0.78051510453224193 -1.0112839341163633 1.1865982413291933 0.31964823603630071
decision_type=2 2 2 2 2 2 2 2 2 2 2 2 2 2 2 2 2 2 2 2 2 2 2 2 2 2 2 2 2 2 2 2 2 2 2 2 2 2 2 2 2 2 2 2 2 2 2 2 2 2 2 2 2 2 2 2 2 2 2 2 2 2
left_child=4 -2 3 20 -1 36 8 -8 12 10 11 35 14 -9 15 -7 17 19 -19 -6 -3 29 -5 47 -25 -26 27 -27 -29 -22 31 -21 -11 34 37 -10 -4 -34 -39 -16 -36 -17 -20 -24 45 -28 -46 50 49 -49 51 52 -15 -54 55 -53 -57 -58 59 -18 -43 -62
right_child=1 2 5 22 16 6 7 13 9 32 -12 -13 -14 23 39 41 58 18 42 30 21 -23 43 24 25 26 44 28 -30 -31 -32 -33 33 -35 40 -37 -38 38 -40 -41 -42 60 -44 -45 46 -47 -48 48 -50 -51 -52 54 53 -55 -56 56 57 -59 -60 -61 61 -63
leaf_value=-0.012520886941890607 -0.013298944354770234 0.0019704500610537427 -0.0026950262584223852 -0.0070486992246895277 -0.0082426758043530092 0.01260824301458043 -0.013288964645657899 -0.0077504065270273832 0.025788888906333539 -0.013939550569627267 0.026288629631371501 -0.0045393934875603489 0.01163725414057961 0.0108706082849023 -0.015743716809255133 -0.016589348167638358 0.0045055826846347883 0.012383815685198933 0.0143468460099238 0.0015758738768379948 0.037420845058512044 0.0028410030407162302 0.040919578403545827 -0.014304340537835879 -0.011604853639200259 0.0003899539317699474 -0.005722841671955272 -0.0031191752444669997 0.02168042902049527 0.00024370238864969984 -0.005981503848740289 0.02553480212902344 -0.0023300172941965996 0.014342822294175999 -0.010765153287548774 -0.0047453912386438649 0.020228859070672196 -0.0067023825091865165 0.035091447002328906 -0.0021779448007008535 0.0024305457220043145 -0.00068136141605789811 -0.0073655242966414718 -0.0032174070389620643 0.016063106917395407 0.030713772866651549 -0.0087587539056680642 -0.0065050800139098324 -0.021135487152187365 0.020491339624795993 -0.00062316765774404141 0.023549315348609743 -0.0062165037472151274 0.013520257724644604 -0.0026172127650161401 -0.01218964792141825 -0.0050812156229730126 0.031419722830282569 0.0056812527887048023 -0.015443350022245962 0.037421318608307892 -0.0031904435287008932
leaf_weight=99.027356727048755 55.229854546487331 136.78599194437265 13.427011722698806 2.4671996049582985 150.31579066812992 49.349950364790857 41.118432755582035 102.79471312090755 17.68899840395898 13.844602119177578 43.727473733015358 32.96231179498136 48.130331574007869 48.569591247476637 34.975977389141917 13.210463821887968 13.771792782470582 84.67936774995178 8.9178643980994803 45.168878096155822 12.311999455094339 23.308463661000133 14.510377086699012 18.138277377933264 17.15012152120471 31.004406452178955 5.7898076288402063 11.248934891074894 80.385566111654043 6.1667309775948516 37.721993562765419 15.852639985270796 8.2459813579916972 47.050220135599375 39.417295217514038 6.7262731939554206 31.951082531362772 2.2609332129359236 10.077435556799172 121.36996174603701 98.491848513484001 155.38060320168734 64.892024278640747 2.3694575959816548 5.8415116667747489 5.4418554343283176 42.96396616473794 16.172286242246631 29.882466255687177 10.15268221311271 1299.0313117140904 37.728875156491995 114.55547564011067 16.017194214276969 17.927997961640358 11.108669691719117 4.7017521075904352 5.2276382930576801 17.052139014005661 71.069296901114285 6.6636066567152765 13.860748652368782
leaf_count=3578 2909 2507 138 38 3314 568 881 4155 303 102 799 664 365 789 864 408 253 1699 310 1548 183 291 174 100 150 198 38 76 442 108 453 298 72 322 268 96 239 22 63 1028 611 2557 1430 31 44 35 262 318 373 125 18613 469 1673 235 204 160 52 59 208 1193 114 96
internal_value=0.000411441 0.00128204 0.00157413 0.00853719 -0.00390597 0.00106428 0.000827352 -0.00022281 0.00352509 0.00720425 0.0154388 0.00572565 0.000812311 8.8886e-05 -0.000636359 0.0026705 -0.00212595 -0.00031214 0.00486551 -0.00363786 0.00550384 0.0156234 0.029655 0.000549394 0.00555932 0.00766752 0.00973783 0.0142163 0.0186322 0.0277081 0.00343141 0.00926255 0.00314992 0.0046047 0.00136362 0.0180001 0.0138516 0.0175717 0.0277087 -0.00560657 -0.00158574 -0.000180735 -0.00399841 0.0354046 0.00019995 0.015954 -0.00457121 -0.000143508 -0.00922252 0.00551545 0.000213202 0.00439047 0.000669454 -0.00338607 0.012509 0.0169669 0.00290705 0.0182226 -0.00902679 -0.0121346 0.001476 0.0147425
internal_weight=3643.39 3034.92 2979.69 197.92 608.469 2781.77 2736.39 1972.95 763.435 320.493 101.105 57.3776 442.942 1931.84 394.811 238.465 509.442 407.549 158.489 249.059 178.573 41.7872 19.347 1829.04 217.964 199.826 182.676 122.639 91.6345 18.4787 98.7435 61.0215 219.388 205.544 158.493 24.4153 45.3781 20.5844 12.3384 156.346 137.909 189.115 73.8099 16.8798 60.0371 11.2317 48.8055 1611.08 56.2074 26.325 1554.87 255.837 179.142 130.573 76.6949 58.7669 21.0381 9.92939 101.893 84.8411 175.905 20.5244
internal_count=59675 45391 42482 3332 14284 39150 38773 29451 9322 3322 1862 1063 6000 28570 5635 3743 10706 9052 3439 5613 3089 582 243 24415 1345 1245 1095 716 518 291 2299 1846 1460 1358 1036 399 377 157 85 1892 879 3175 1740 205 379 73 306 23070 816 443 22254 3641 2697 1908 944 740 271 111 1654 1446 2767 210
is_linear=0
shrinkage=0.03


Tree=101
num_leaves=63
num_cat=0
split_feature=15 11 14 11 25 20 14 23 4 25 9 2 26 9 32 26 23 7 29 8 6 25 16 6 0 11 10 33 23 14 16 16 11 24 3 10 20 9 16 10 9 15 16 8 25 8 23 23 3 29 7 12 11 25 26 20 5 0 10 5 22 3
split_gain=16.7096 18.2779 10.2525 9.20385 8.23186 13.6531 10.1041 8.11384 7.93595 8.11073 9.27735 8.3621 10.6239 8.55751 7.69058 11.0636 7.58631 7.52485 9.75498 7.56679 7.40888 7.388 10.3569 10.397 7.34129 7.07528 9.39061 10.8912 8.97929 9.372 9.09205 8.45368 11.9253 8.01117 7.76859 7.63257 7.45334 7.85167 6.99441 8.9421 6.95137 6.76503 9.73083 7.04768 6.73061 7.11583 6.5821 6.51673 6.48874 7.89742 6.32315 6.83419 6.29432 8.14498 6.21012 6.82416 11.1717 9.33757 7.82017 7.01954 6.75427 6.74237
threshold=-1.0622653365135191 0.70472145080566417 0.35321031510829931 -1.1629440188407896 -0.4708444476127624 1.5053957104682925 -1.0323850512504575 0.67899614572525036 -0.58886259794235218 -0.52157127857208241 1.4075691699981692 1.1341597437858584 0.25828680396080023 0.54471203684806835 9.5000000000000018 -1.2863872051239011 0.71306049823760997 -0.46614019572734827 0.64495798945426952 0.9864204227924348 1.3273013234138491 -0.070419464260339723 0.35869242250919348 1.5981845259666445 -0.65881773829460133 1.2010232806205752 -0.91108465194702137 1.0000000180025095e-35 0.67064848542213451 0.53468039631843578 0.86419004201889049 -0.14012216031551358 0.51335445046424877 1.4463245868682864 1.4207482337951662 2.2206721305847172 0.50816696882247936 0.6742423176765443 0.38149711489677435 0.41861034929752355 0.4083890318870545 0.3410117775201798 -0.30697529017925257 0.92694547772407543 -0.25848062336444849 0.53408616781234752 -0.21276343613862989 -0.83794051408767689 -0.10524026304483412 0.39230769872665411 -0.20916943997144696 1.0005776882171633 0.16483994573354724 1.0000000180025095e-35 0.32177597284317022 0.96950015425682079 0.52078905701637279 -0.62834450602531422 -0.664364993572235 0.8910522758960725 0.019689001142978672 0.33757752180099493
decision_type=2 2 2 2 2 2 2 2 2 2 2 2 2 2 2 2 2 2 2 2 2 2 2 2 2 2 2 2 2 2 2 2 2 2 2 2 2 2 2 2 2 2 2 2 2 2 2 2 2 2 2 2 2 2 2 2 2 2 2 2 2 2
left_child=1 -1 7 4 5 -2 47 24 17 10 38 14 44 -14 15 -11 46 -5 19 -19 25 22 -22 -24 -3 28 27 36 29 54 -31 32 -30 41 35 -33 37 -27 39 -10 -8 42 -28 -43 -13 -46 -17 -6 -18 -50 -15 -52 -36 -54 55 56 60 -58 -59 -57 -16 -56
right_child=3 2 -4 8 6 -7 40 -9 9 11 -12 12 13 50 20 16 48 18 -20 -21 21 -23 23 -25 -26 26 33 -29 31 30 -32 34 -34 -35 52 -37 -38 -39 -40 -41 -42 43 -44 -45 45 -47 -48 -49 49 -51 51 -53 53 -55 61 59 57 58 -60 -61 -62 -63
leaf_value=-0.014427182160764373 -0.0029304488629278706 -0.0087157246839153126 -0.0091144298600014158 -0.012962892427773107 -0.013636456407670607 0.036339383419912462 -0.016677895159662455 -0.0082934626902265701 0.0069146054629373134 0.023735008918685695 -0.017307886153693997 -0.0038131772216071867 -0.0064150319268703885 -0.0071200539599347605 0.0033434968324080601 0.010581626629530294 -0.0081199875048888776 0.0073557528514870164 -0.0099550222036711399 -0.012834774667232656 -0.010710558489528069 0.0019183626523419741 0.030009921700343386 -0.0072160068108742563 0.036133223262206832 0.033745278876946366 0.015815530218959432 -0.0057054202298959088 0.022356477346860658 -0.0079020346156515233 0.012442009631258097 -0.0072661716644574032 -0.010666590631328521 -0.02007615201068225 -0.010530760974532559 0.014298163591938055 -0.001374558902463555 0.00065276672316186648 0.0029854223167730294 0.02750319970464131 -0.0036353465409193881 0.0017043699178624454 -0.0092785214108881998 0.015461198345419341 0.020409509583691178 0.00052545947347277242 -0.0079986136879650477 0.014550331002636994 0.0008107540390841373 0.018971944407933934 0.021602985062762987 -0.0093387938952958285 0.0010896204708036325 0.023753542932294498 -0.0050384172580821797 0.01706063428589789 -0.011675649119973782 -0.0048439328316811922 0.024468072916157848 -0.0093230693657789139 -0.0064619808043333421 0.0045023703506960897
leaf_weight=127.71705608442426 30.009315278381109 1.9519101893529285 13.013178602792321 62.574672427028418 5.7584325661882785 5.5490556517615905 84.368673227727413 4.3086139541119328 58.206889476627111 22.075474050827324 8.7526627723127586 16.39538698643446 70.631518337875605 11.534404786303638 176.18005538266152 18.085665158927441 14.422003159299491 96.890218074433506 65.464301029220223 15.275720825418828 8.0579278841614705 447.56894005276263 24.157547321170572 6.6066589429974547 13.320770105347039 24.750491876155138 12.074674408882855 17.970462501049042 19.454135602340102 167.91122279129922 17.808338291943073 532.1941095739603 12.565236017107962 11.239642824977635 27.675834085792303 10.6981751807034 10.555621473118661 8.4954612236469966 101.43797626532614 27.317094595171511 68.436892414465547 166.84310701861978 76.271406454965472 37.45922570116818 68.60625939629972 21.113042123615742 64.561962472274899 21.957572319544852 37.071325995028019 48.054884772747755 26.540883053094152 5.0314940623939028 100.80024001002312 11.734379272907971 175.56197030935436 51.933726790361106 7.1421458888798943 8.3122248137369734 37.714151234366 7.4988133516162625 92.113046330399811 101.00071446876973
leaf_count=7072 812 74 471 1906 340 95 2492 94 1017 189 138 137 542 91 4398 363 151 2084 1403 361 70 3293 165 42 416 319 251 206 306 4037 284 6163 161 97 239 124 101 109 1355 465 1884 1483 1215 330 496 154 621 319 223 283 172 31 713 77 4355 775 155 137 523 79 1944 1361
internal_value=-8.50547e-05 -0.00940477 0.00957633 0.000356329 -0.00556885 0.0069222 -0.00814954 0.021325 0.000755719 0.00117405 0.00700301 0.000759951 0.00631166 -0.000128091 0.000281975 0.00579859 0.00304944 -0.00443789 -0.00116207 0.00417566 -0.000196581 0.00309244 0.0148647 0.0221244 0.0296654 -0.00103393 0.00269681 0.0128843 -0.00191519 0.000184928 -0.00567623 -0.00437545 0.009707 0.000450946 -0.00510128 -0.00671462 0.0203142 0.0264799 0.0085623 0.0146467 -0.0111368 0.00156333 -0.00518536 0.00453581 0.0129092 0.0160051 -0.00356102 0.00750503 0.00844546 0.0115467 0.00976929 0.0160694 0.00116163 0.00436282 0.00187095 0.00433257 0.00250294 0.0144216 0.0192185 0.0132666 -7.96497e-05 -0.00153604
internal_weight=3646.78 160.312 32.5945 3486.47 216.08 35.5584 180.522 19.5813 3270.39 3030.19 195.715 2834.47 219.853 113.738 2614.62 204.271 182.196 240.205 177.63 112.166 2410.35 486.391 38.8221 30.7642 15.2727 1923.96 365.66 61.772 1558.3 843.176 185.72 715.122 32.0194 303.888 683.103 542.892 43.8016 33.246 186.962 85.524 152.806 292.648 88.3461 204.302 106.115 89.7193 82.6476 27.716 99.5482 85.1262 43.1068 31.5724 140.21 112.535 657.457 380.894 321.462 53.1685 46.0264 59.4325 268.293 276.563
internal_count=59763 8127 1055 51636 5942 907 5035 584 45694 39940 2975 36965 1623 836 35342 1830 1641 5754 3848 2445 33512 3570 277 207 490 29942 4111 735 25831 18048 4321 7783 467 3376 7316 6287 529 428 2837 1482 4376 3279 1466 1813 787 650 984 659 657 506 294 203 1029 790 13727 8011 7157 815 660 854 6342 5716
is_linear=0
shrinkage=0.03


Tree=102
num_leaves=63
num_cat=0
split_feature=11 20 5 18 4 21 20 17 24 20 26 17 9 9 22 22 9 26 27 23 24 18 5 4 2 10 19 18 13 10 18 18 1 17 32 15 17 1 18 1 25 12 14 25 22 32 8 14 32 10 32 25 10 17 10 24 4 9 10 25 12 14
split_gain=16.2411 18.9136 10.9182 9.73558 8.4659 8.3437 8.54465 8.11511 7.7138 7.51837 8.42242 7.16619 7.13145 6.90569 6.61465 6.46814 9.72131 9.57495 7.88367 9.17456 8.37695 16.8201 8.73886 7.0424 6.25944 6.1663 6.43087 5.95742 5.90036 9.47407 5.68701 5.64783 7.85279 7.39785 6.80045 5.51911 11.0337 6.52119 8.02363 6.16398 6.12739 5.59167 5.505 6.21852 5.45866 6.72769 6.37367 7.1461 5.49979 5.43691 5.8148 8.50618 7.52127 7.57183 6.54571 7.50845 6.23383 5.55568 6.64811 5.79571 12.0316 6.90219
threshold=0.036560259759426124 0.030055848881602291 0.53456407785415661 1.622722387313843 -0.49911274015903467 1.4334087371826174 1.7138298749923708 0.69286668300628673 0.9824642837047578 0.45125491917133337 0.51748836040496837 -1.1622477173805235 -2.0064330101013179 0.57751688361167919 0.99583795666694652 1.7625053524971011 0.56841701269149791 0.72301873564720165 2.5000000000000004 -0.069158215075731264 0.49190737307071691 -0.262730062007904 -0.24527881294488904 1.8828417062759402 1.1483894586563113 -0.37484841048717493 0.3725841492414475 -0.5512113869190215 -2.2299249172210689 -0.020924362353980538 -0.32478055357933039 -0.61627307534217823 0.99529123306274425 1.0196615457534792 10.500000000000002 1.0424850583076479 0.32451866567134863 0.74293097853660595 -0.27230566740036005 0.062880739569664015 -0.2886137962341308 -0.45182338356971735 0.074332818388938918 -0.10151049867272376 -1.0000000180025095e-35 13.500000000000002 -0.45916798710823054 -0.11489746719598769 15.500000000000002 2.8056598901748662 15.500000000000002 -1.0000000180025095e-35 -1.2851891517639158 -1.2360360026359556 -0.99484986066818226 0.48140758275985723 2.5858197212219243 -1.0000000180025095e-35 1.0291125774383547 -0.5771735906600951 -0.30134941637516016 -0.42329020798206324
decision_type=2 2 2 2 2 2 2 2 2 2 2 2 2 2 2 2 2 2 2 2 2 2 2 2 2 2 2 2 2 2 2 2 2 2 2 2 2 2 2 2 2 2 2 2 2 2 2 2 2 2 2 2 2 2 2 2 2 2 2 2 2 2
left_child=1 2 8 12 7 6 28 11 42 10 -7 -2 -3 25 -11 18 17 24 19 -14 21 22 -21 44 -17 -9 -27 -16 29 -6 -4 32 33 -30 -35 37 41 40 -39 -38 -22 -37 43 -1 45 -20 -47 -48 -49 50 56 52 -52 -54 55 -55 -33 58 -56 60 -59 -62
right_child=4 3 30 -5 5 9 -8 13 -10 14 -12 -13 15 -15 27 16 -18 -19 23 20 35 -23 -24 -25 -26 26 -28 -29 31 -31 -32 49 -34 34 -36 36 39 38 -40 -41 -42 -43 -44 -45 -46 46 47 48 -50 -51 51 -53 53 54 57 -57 -58 59 -60 -61 61 -63
leaf_value=0.0019980596970305001 0.013772566939603818 -0.014335335610900238 -0.0087555172339292744 -0.015820401569305167 -0.0046681100177953447 0.030331661271750479 -0.013766192932198175 -0.0055275387156981763 0.0011737077984233333 0.0012705798522696825 -0.002175261764836216 -0.010416383977178307 -0.0065695026117444343 -0.011842426771227285 -0.0052899315513264449 0.039086455377531214 -0.0049533332187241402 -0.0090655918706624948 -0.0061117155676804853 -0.0042871711174024274 0.010296248484906432 -0.0017688209725112368 0.044416727636731511 0.011810404068534215 -0.0044447004054887808 0.022890002453625415 -0.0091344415748390861 0.019867201919592799 0.0083216153506569038 0.032604616827326571 0.0091081453696197079 0.0020572776656749177 0.023939758490952909 0.016433769379159007 -0.011561198346596668 -0.0023028684992804204 0.0096259875911294309 -0.009782558219509286 0.030562109447045609 -0.01976326327059022 -0.01255622473416044 0.041474737248995301 -0.016043877095338988 -0.01078397136726502 -0.0029492614295672419 -0.0027330019645519068 0.036244625984259649 0.02101840664387724 -0.0070006972177279617 0.021963396811975146 -0.011886422684883541 -0.0031292824447310581 -0.01866987916594464 -0.0018145917156345941 -0.0053258549111744906 0.034756142545300954 0.020515295581185072 -0.0069719040591188428 0.015467690737909354 0.0049828745367017967 -0.0036008895252903428 0.044034089595277423
leaf_weight=43.56504425778985 7.7722343541681758 23.186877472326159 19.239703565835953 29.2707126615569 9.0908882431685942 19.084532480686907 28.104090109467506 12.309474019333718 48.660770053043962 121.30986406840384 9.3141359332948905 124.39231114089489 34.006822261959314 12.094404259696601 8.5920245014131051 13.432679614983501 14.740396393463014 3.9825151963159433 22.875656304880977 2.9534812420606604 10.361516820266841 15.817873276770113 16.072712713852528 30.750381046906114 2.4143265858292571 24.175252500921491 4.1226125694811335 32.862739743664861 99.17974454537034 8.7864913018420321 43.93889835011214 964.79660601820797 16.223231935873628 5.1430449374020091 33.923922073096037 2.6864965818822384 12.394773785024883 4.3059153482317924 5.9184086453169567 5.2102028243243685 32.968677643686533 7.5017769038677233 138.07673178613186 134.36701902188361 514.35771006438881 14.455701511353253 9.4110603034496325 5.8795814067125347 10.878202669322489 6.0236553493887177 21.936656083911657 558.75303661450744 7.03783697169274 7.1575399516150382 72.933838734403253 9.0282268431037647 11.837847825139759 7.0292589012533453 11.873736260458825 121.90884285978973 2.5118789114058027 9.1374395191669429
leaf_count=1227 255 545 502 943 155 127 271 159 668 709 70 3021 1274 154 48 167 197 51 405 77 125 308 290 237 17 309 44 200 1301 137 1051 10914 105 28 243 21 93 52 67 36 495 59 5715 5615 9281 308 166 138 269 84 356 7142 182 142 1076 83 73 114 183 1645 28 133
internal_value=-3.63411e-05 -0.0027659 -0.00786628 -0.000154907 0.00142198 0.00194195 0.00136251 -0.00466391 -0.00984235 0.00785162 0.0209406 -0.00854371 0.000499507 0.004963 0.00501186 0.00102013 0.0128456 0.0244097 0.000400813 0.00643912 0.0103604 0.0217111 0.0375375 -0.00112971 0.032979 0.0107179 0.0175534 0.0146449 0.00161085 0.0167731 0.003425 0.00143081 0.00684583 0.00407426 -0.00642928 0.00452286 0.0142243 -0.00129663 0.0159386 -0.00151936 -0.00659168 0.0329733 -0.0115305 -0.00768533 -0.00191372 0.00607729 0.0128585 0.0205281 0.00540096 0.000951612 0.00082108 -0.00102318 0.00330423 0.00485248 0.00590242 0.0219726 0.00238436 0.00429661 -0.00171552 0.00785771 0.0216066 0.035766
internal_weight=3662.13 1273.68 427.848 845.834 2388.45 2203.58 2012.42 184.866 364.67 191.163 28.3987 132.165 816.564 52.7017 162.765 793.377 34.5699 19.8295 758.807 150.199 116.192 34.8441 19.0262 608.608 15.847 40.6073 28.2979 41.4548 1984.31 17.8774 63.1786 1966.44 154.47 138.247 39.067 81.3478 27.7933 53.5545 10.2243 17.605 43.3302 10.1883 316.009 177.932 577.858 63.5002 40.6245 26.1688 16.7578 1811.97 1805.94 829.308 270.555 248.619 241.581 16.1858 976.634 225.395 84.8076 140.587 18.6786 11.6493
internal_count=59890 30399 14778 15621 29491 25549 24395 3942 13225 1154 197 3276 14678 666 957 14133 432 235 13701 2897 1623 675 367 10804 184 512 353 248 24124 292 1553 23832 1677 1572 271 948 209 739 119 129 620 80 12557 6842 10567 1286 881 573 407 22155 22071 11084 3942 3586 3404 225 10987 3179 1259 1920 275 161
is_linear=0
shrinkage=0.03


Tree=103
num_leaves=63
num_cat=0
split_feature=6 11 25 21 8 9 24 22 11 16 14 16 13 11 5 22 25 32 21 5 15 13 14 22 9 6 17 14 8 33 20 26 12 17 29 6 15 14 15 17 26 1 24 6 22 16 14 20 13 15 25 9 25 20 14 5 23 31 30 8 26 26
split_gain=19.191 14.3694 10.1183 10.1872 12.5066 11.5862 10.5507 9.14102 11.0927 9.49135 8.85957 11.5098 8.76584 8.57019 8.21829 7.74305 7.33658 8.01402 9.15859 8.71423 7.26289 7.25894 7.20928 6.94099 8.279 7.36317 6.879 6.66763 6.65558 7.46656 7.44654 6.83735 6.99821 6.60712 9.03026 8.62468 7.21927 7.0417 10.7905 6.59468 6.31026 6.26179 6.89421 10.4141 6.21219 11.1392 12.1616 9.76348 8.92348 11.0957 9.8173 7.86842 7.76592 8.87137 6.98685 6.55578 6.48689 6.35682 6.27951 6.20855 6.31534 6.15614
threshold=-0.83271804451942433 -0.28872761130332941 -0.0082805575802922231 0.7952142357826234 -0.30845902860164637 -0.2661414891481399 0.34697206318378454 -0.1519554406404495 1.3891112804412844 0.66979369521141063 -1.8591957092285154 0.44926755130290991 -0.7981724441051482 -0.23932254314422605 1.4835093617439272 -0.80429109930992115 1.010866701602936 9.5000000000000018 0.7140810787677766 -1.2548898458480833 0.61679020524024974 1.4503771662712099 0.3561625480651856 -1.8123565912246702 -1.1543081998825071 0.28398400545120245 -0.70698443055152882 -0.81105265021324147 -0.20418705791234967 1.0000000180025095e-35 1.2306004762649538 0.70775419473648082 0.89577630162239086 1.1437456011772158 0.30384616553783422 1.201640844345093 0.24768622219562533 0.18064018338918689 1.0171946287155154 1.3152562975883486 0.94617876410484325 1.4358153343200686 0.83001020550727855 1.4559695124626162 0.028886667452752594 0.37615765631198889 0.30193264782428747 -0.31836405396461481 -1.1508895754814146 -0.50858402252197255 -0.66664767265319813 0.54878047108650219 -0.57691955566406239 1.0481646060943606 0.81482309103012096 -0.19092956930398938 -0.22632978111505506 -0.64285716414451588 -1.0000000180025095e-35 -0.41784365475177759 -1.3665250539779661 -1.7004948854446409
decision_type=2 2 2 2 2 2 2 2 2 2 2 2 2 2 2 2 2 2 2 2 2 2 2 2 2 2 2 2 2 2 2 2 2 2 2 2 2 2 2 2 2 2 2 2 2 2 2 2 2 2 2 2 2 2 2 2 2 2 2 2 2 2
left_child=1 -1 7 10 6 22 -5 8 9 61 11 12 -4 14 40 -11 17 -15 19 -19 -3 44 27 25 -25 -21 -8 -6 31 -30 -31 32 -7 36 35 -35 -28 39 -39 -36 -12 -26 -43 -44 45 47 57 51 -49 -50 -51 -9 53 55 -52 -46 -54 -47 -59 -14 -61 -2
right_child=2 20 3 4 5 28 26 21 -10 15 13 -13 59 16 -16 -17 -18 18 -20 23 -22 -23 -24 24 41 -27 33 -29 29 30 -32 -33 -34 34 37 -37 -38 38 -40 -41 -42 42 43 -45 52 46 -48 48 49 50 54 -53 56 -55 -56 -57 -58 58 -60 60 -62 -63
leaf_value=-0.012970113274413598 0.013249308760037807 -0.0036317726721804737 -0.00476776605794536 -0.016156554999514194 0.0012429029921586744 0.0347298850182374 0.016177839640853925 0.014108507425925433 0.014122912946093098 0.017671560717916878 -0.011166090764446034 0.00010027043171777592 0.001319439322136848 0.0094304816140254877 0.016059717941955841 -0.0038326441638677684 -0.006506329303908048 -0.019095397945409355 -0.013372828557000236 -0.007693827466918087 0.009583292557623484 -0.012122397708868507 0.010818509747683318 -0.0091418646562901815 0.00045059228998795871 0.024421287891650156 0.0062865652571419883 -0.014434925161734847 0.0044200618914134251 0.01981943521670413 -0.00017190547828482931 -0.0049163710500773677 -0.0064248273357868863 0.013072352910533757 0.018625838491799402 -0.015281008147311094 -0.0072655008756472173 -0.0030495189886268381 0.027104643989333991 -0.0057012949101699021 0.00325839032594485 -0.011035314855097907 0.036387303913631985 -0.0061590406548350926 -0.016127781092009668 -0.0049528457995234657 -0.0068443451236404095 -0.002500213940158941 -0.0098013326128056945 -0.0013804149405490141 0.042545765135129338 -0.012396213340800806 -0.0055151563443203346 0.026367610119476411 -0.0034666583908641744 0.009357794267270304 0.0039969347605073374 -0.0024261499530698954 0.017470569871126239 -0.00040125246507049839 0.043393851139605144 -0.0083847968513075868
leaf_weight=149.21038196887821 8.3234133124351484 191.4285107254982 7.7467629406601217 34.555279650725424 49.585209179669619 17.09163995273412 17.71676841750741 21.234196721576154 31.901809232309461 25.082269172184169 170.78719394281507 77.668746989220381 6.2773506306111875 69.82869931217283 8.0265971785411221 27.285646134056151 181.82526917569339 16.023737921379507 44.207825403660536 6.4842315604910281 41.295709358528256 16.261051175184548 23.911534735001624 75.787644196301699 660.40051465295255 15.739662420004604 41.402792109176517 41.748411691747606 264.91351721249521 60.126030226238072 22.46938955783844 5.2369306106120339 2.7924449089914551 9.4005387648940069 8.5605358481407148 27.2147525139153 152.96690521389246 14.40405325591564 28.057876400649548 33.562929913401604 30.000804975628853 3.7745798407122519 10.330293327569963 5.9031933583319178 6.8824602263048282 17.358857104554772 51.184371112845838 7.9790199901908627 3.6001339731737962 5.717090366408228 33.783864109776914 11.68124847114086 74.435893774963915 22.727152722887695 2.4371641073375931 35.630511785857379 346.8966270070523 16.319919713772833 68.555601457133889 3.4341806136071762 13.114566097035993 163.16602434031665
leaf_count=7954 169 6081 106 787 400 156 261 373 372 321 4763 611 83 656 136 354 2383 379 453 167 581 261 312 1464 9584 203 536 497 2299 557 187 48 22 73 53 155 1259 108 154 188 765 50 73 34 161 165 663 126 104 69 374 217 2273 282 30 581 4378 161 643 34 162 2953
internal_value=0.000452031 -0.00586622 0.00119977 8.77608e-05 0.00266024 0.00578592 -0.0015074 0.00370724 -0.0011677 -0.00360771 -0.00148026 0.00657949 0.0207119 -0.00217444 -0.00766835 0.00710957 -0.00109205 2.12561e-05 -0.000813432 -3.52819e-05 -0.00113459 0.00538262 -0.00244655 0.000476438 -5.89609e-05 0.015359 0.000227781 -0.00630066 0.00833069 0.00703265 0.0146816 0.0221389 0.0288206 -0.00090605 0.00448129 -0.00730561 -0.0042935 0.00970657 0.017632 0.000694298 -0.00898405 0.00101205 0.0157487 0.0231085 0.00585466 0.009778 0.00465884 0.0181129 0.0255099 0.0301795 0.0342901 0.00430803 0.0038409 0.0130933 0.0394048 0.0039689 0.00227148 0.0104686 0.0137227 0.0286622 0.0363212 -0.00698915
internal_weight=3643.46 381.935 3261.52 2263.08 855.718 487.875 367.842 998.444 255.759 223.857 1407.36 108.242 30.5729 1299.12 208.815 52.3679 1090.31 908.48 838.652 794.444 232.724 742.685 115.245 778.42 756.196 22.2239 333.287 91.3336 372.63 347.509 82.5954 25.121 19.8841 315.57 121.201 36.6153 194.37 84.5854 42.4619 42.1235 200.788 680.409 20.0081 16.2335 726.424 239.851 153.419 86.4327 53.5173 45.5383 41.9381 32.9154 486.573 65.2401 36.221 42.513 421.333 102.234 84.8755 22.8261 16.5487 171.489
internal_count=59804 14616 45188 30158 8052 4478 3574 15030 4169 3797 22106 996 385 21110 5664 675 15446 13063 12407 11954 6662 10861 1209 11575 11205 370 2787 897 3269 3043 744 226 178 2526 731 228 1795 503 262 241 5528 9741 157 107 10600 2925 1632 1293 703 577 473 590 7675 1024 404 742 6651 969 804 279 196 3122
is_linear=0
shrinkage=0.03


Tree=104
num_leaves=63
num_cat=0
split_feature=15 17 5 13 17 22 25 12 4 16 15 15 28 17 25 1 26 7 2 12 31 13 10 16 24 13 17 10 20 20 22 15 13 23 10 10 17 24 4 16 1 19 2 31 12 24 16 16 20 26 12 10 22 21 23 13 5 0 1 12 21 4
split_gain=17.4988 8.4021 7.61518 7.32435 6.81146 6.78906 6.51733 6.36385 6.24555 11.8632 10.4343 8.66716 7.91177 7.611 10.1378 11.3128 16.8337 10.7952 8.18213 7.0655 8.21153 6.75151 7.00511 10.7606 8.23909 6.74672 8.35012 8.30289 7.46523 8.66414 8.80723 7.99398 6.63672 6.63057 9.21407 6.4894 6.36693 6.87683 6.27671 6.00302 5.98908 5.8483 5.78433 5.5835 10.7678 6.24938 11.0068 7.10716 5.61191 6.19011 6.03758 5.5422 5.51967 5.48031 7.43692 6.67387 5.44336 7.38751 6.0088 6.39608 5.98465 6.99945
threshold=-1.0622653365135191 -0.44727680087089533 -1.2217898368835447 0.28009641170501715 -0.22289099544286725 0.35107421875000006 2.9170048236846928 0.96430805325508129 1.7077614068984988 1.2068328857421877 1.7307633161544802 0.84062969684600841 0.5000000149011613 0.33934748172760015 -0.50881838798522938 0.54117268323898327 0.59328180551528942 -0.030810480937361714 0.150190643966198 0.59754768013954174 -0.35714286565780634 -0.22875075042247769 0.46368919312953955 -0.45239078998565668 -0.78484120965003956 1.0029851198196413 -0.11205464601516722 1.1333757638931277 1.2306004762649538 0.12225593253970148 -0.23092316091060636 -0.37018938362598414 -2.2299249172210689 0.67899614572525036 0.3125439733266831 -0.51519581675529469 -0.72930032014846791 -0.43354919552803034 2.1601321697235112 0.35869242250919348 -0.6426585018634795 0.21967093646526339 -0.42236462235450739 0.6428571641445161 0.67441216111183178 1.3859409093856814 0.014005979523062708 0.92402580380439769 -1.3267962932586668 0.83427739143371593 0.90915051102638256 0.9929681420326234 -0.55430847406387318 -0.33305580914020533 -1.0210873484611509 0.27230566740036016 -0.13803075999021527 1.4856758713722231 0.70293352007865917 0.40207087993621832 0.68197187781333934 -0.50676548480987538
decision_type=2 2 2 2 2 2 2 2 2 2 2 2 2 2 2 2 2 2 2 2 2 2 2 2 2 2 2 2 2 2 2 2 2 2 2 2 2 2 2 2 2 2 2 2 2 2 2 2 2 2 2 2 2 2 2 2 2 2 2 2 2 2
left_child=1 -1 3 -2 -3 -5 8 -8 13 11 -11 12 51 14 17 21 18 -4 -17 40 -21 22 23 24 -16 27 -27 43 29 30 -29 -31 -24 34 42 -22 -20 -38 -36 -25 -13 -33 -14 45 -45 48 -47 -48 -23 50 53 -10 -26 -50 55 -55 57 60 -58 -60 61 -15
right_child=2 4 6 5 -6 -7 7 -9 9 10 -12 19 33 56 15 16 -18 -19 36 20 35 25 32 39 52 26 -28 28 -30 31 -32 41 -34 -35 38 -37 37 -39 -40 -41 -42 -43 -44 44 -46 46 47 -49 49 -51 -52 -53 -54 54 -56 -57 58 -59 59 -61 -62 -63
leaf_value=-0.015438905686477 -0.013977099733022047 0.016625183227156812 -0.0026870289545674656 -0.0077644037110858339 -0.0056299359643359782 0.015827079593808701 -0.013621454191710122 0.011811185528504901 -0.0058459154782938031 0.029238798756972897 -0.0089547084728351673 0.016291586726780952 -0.001566885493508936 0.01348466955715088 -0.01115405628565907 -0.0097933074064504213 -0.0063131729163768621 0.013822684342079207 -0.0038786130086246795 -0.010228059712643936 -0.0046221441848189665 0.0079276820229918898 0.015912812017065275 -0.0098877180687681355 -0.0061357920418011001 0.0037855606523391969 -0.016327335539305272 0.015525705174975145 -0.011886490011201147 -0.01069238138835533 -0.0065513894964754306 0.027093951867751011 -0.011993706914559824 0.0035254017180939533 -0.013320062565352023 0.020423504204485483 -0.013508523897786543 0.016474900690740413 0.018138351823502083 -0.00098361618664274454 -0.011548071744646065 -0.0065930498789125496 0.039794219364645805 0.0077520065633083189 -0.0092866921405127759 0.03151859567732921 -0.010941259903692912 0.01007615621471307 -0.013794787134546913 0.0023288791375491702 0.002942062786974768 0.016067758320580744 0.019070813603195368 0.028382679952510211 -0.0061041409800668455 -0.0094760073822605442 0.0039283677875864686 0.015584492987099371 0.0092355006377357416 -0.0055882742146824921 -0.013296509749535584 -0.0056303927036689006
leaf_weight=85.560937225818634 55.517151617445052 10.25295778736472 58.247411788441241 20.132503687404096 61.305693078786135 14.711287356913088 42.627397190779448 6.8259312752634278 37.120105691254139 24.600622892379764 5.7089560478925696 3.3916955702006808 3.1007285583764341 19.367252194322646 10.442782026715575 12.41566663328558 75.411398940719664 81.505799029953778 16.194181095808744 16.581186003983021 11.332199990749357 32.054367991164327 3.9123834045603862 122.02660646382719 7.1350274402648202 26.6354965493083 46.256732285954058 21.699066669680178 11.694327913224695 4.1109920283779493 36.908462180756032 35.051528296433389 134.48319010622799 26.643149107694626 6.9173107743263227 24.294316798448563 3.6711347894743076 117.95273669529706 6.0336604788899422 149.68458870705217 60.813755042850971 3.2936302591115227 17.113755399361253 130.1644276464358 39.715361912734807 7.7247665449976912 22.52172975987196 25.559334613382816 84.642296227626503 101.47429359611124 57.989870699122548 8.791010841727255 35.828469371423125 6.1725279362872225 263.62603275105357 3.5873232120648026 1033.4313624240458 11.948170546442269 28.50444601289928 118.03360637277365 47.739694596268237 53.95011361502111
leaf_count=4750 1498 496 1395 400 2832 268 467 68 350 121 26 24 45 365 505 236 1033 1523 288 102 65 907 88 3111 230 597 616 599 178 164 722 504 2923 202 68 139 91 1342 52 2305 375 44 152 2515 784 68 222 152 2351 1932 1099 77 1036 274 4697 141 9917 89 221 822 497 665
internal_value=0.000273334 -0.00936269 0.00071928 -0.00764486 -0.00156368 0.00293228 0.000952152 -0.00934885 0.00111767 0.00560889 0.0217955 0.00296908 0.00899221 0.000743823 -0.000528831 -0.00119329 0.00497772 0.00708651 0.0106661 -0.00264583 0.00528022 -0.00218486 -0.00513823 -0.00265429 0.00910732 -0.000740977 -0.00920667 1.60242e-06 0.00742694 0.0101167 0.00220042 0.0196614 -0.0106775 0.0157426 0.0238095 0.0128685 0.0127876 0.0150722 0.0023059 -0.00508889 -0.00900663 0.0237737 0.0343972 -0.00111909 0.00361699 -0.00246692 0.00670766 0.000128073 -0.00345066 -0.00422458 -0.00583176 -0.00048398 0.0146815 -0.0072738 -0.00504335 0.0159712 0.00247408 -0.00319157 0.00312348 -0.00249518 -0.00558939 -4.24931e-05
internal_weight=3652.14 157.12 3495.03 90.3609 71.5587 34.8438 3404.66 49.4533 3355.21 252.442 30.3096 222.133 105.72 3102.77 1789.79 1650.04 225.645 139.753 150.234 116.413 52.2077 1424.4 463.513 325.117 53.4063 960.883 72.8922 887.99 112.758 101.064 58.6075 42.4562 138.396 59.8086 33.1655 35.6265 137.818 121.624 12.951 271.711 64.2055 38.3452 20.2145 775.232 169.88 605.353 55.8058 48.0811 549.547 517.492 416.018 45.9111 42.9635 358.028 273.386 9.75985 1312.97 133.005 1179.97 146.538 121.057 73.3174
internal_count=59825 8078 51747 2166 3328 668 49581 535 49046 1798 147 1651 946 47248 34672 31754 2990 2918 1957 705 306 28764 10198 7187 1771 18566 1213 17353 2211 2033 1321 712 3011 519 317 204 1721 1433 120 5416 399 548 197 15142 3299 11843 442 374 11401 10494 8562 427 1266 7463 5112 415 12576 1616 10960 1043 1527 1030
is_linear=0
shrinkage=0.03


Tree=105
num_leaves=63
num_cat=0
split_feature=4 11 32 15 5 7 32 14 18 7 12 7 2 5 18 21 20 12 21 22 8 5 4 25 11 14 11 26 18 4 16 16 14 5 11 26 25 5 8 22 11 16 29 26 13 2 20 8 10 8 25 14 13 20 8 16 14 7 11 11 11 6
split_gain=16.8837 15.3517 10.3841 10.2123 9.83068 9.09159 11.5284 9.11604 10.1005 8.80453 8.7508 7.68624 7.32443 6.92383 6.76941 6.73952 10.8505 10.8275 8.62286 8.22369 7.75064 7.65556 8.27742 7.02098 8.98151 10.8057 10.1602 7.34107 6.75083 6.42643 7.03449 6.39913 6.29798 6.18953 6.18794 6.09079 7.56586 7.57648 6.47365 6.50532 7.87693 8.71415 7.27177 8.26742 6.12324 6.06305 7.28248 5.93096 6.62845 6.91678 5.83234 6.47085 6.24316 5.82645 9.75368 6.14975 8.50532 8.38805 9.66106 15.0438 7.21014 7.23506
threshold=-0.49911274015903467 -1.7223862409591673 8.5000000000000018 0.39302809536457067 -0.14900672435760495 -0.85574060678482045 9.5000000000000018 -0.56972739100456227 1.4487265944480898 0.77462247014045726 0.89577630162239086 0.53186443448066723 1.7691940665245058 -0.61569809913635243 -0.60769757628440846 -0.086916554719209657 0.81382939219474804 0.75070902705192577 -0.23036158829927442 -0.97211927175521839 1.7060287594795229 -0.33081199228763575 2.1601321697235112 -0.44716548919677729 -1.1629440188407896 -0.15035419166088101 -0.62722161412239064 0.70775419473648082 -0.51111647486686695 -1.2486637830734251 0.53058320283889782 0.3150652945041657 -0.58815285563468922 -1.4469791054725645 0.83979991078376781 -1.117840528488159 0.51139450073242199 0.71292531490325939 -0.34270763397216791 0.20979528129100802 0.14258944243192676 0.74975574016571056 0.36038962006568914 -0.13307904452085492 -0.27392549812793726 0.17900781333446505 0.46925982832908636 -0.58010929822921742 -0.49425697326660151 -0.71074476838111866 -0.22433977574110028 -0.79740256071090687 -1.2006369829177854 1.6272351741790774 0.61037188768386852 0.62177503108978283 0.34602554142475134 0.22266384959220889 0.8508099913597108 1.1448631882667544 -0.55980283021926869 0.68319934606552135
decision_type=2 2 2 2 2 2 2 2 2 2 2 2 2 2 2 2 2 2 2 2 2 2 2 2 2 2 2 2 2 2 2 2 2 2 2 2 2 2 2 2 2 2 2 2 2 2 2 2 2 2 2 2 2 2 2 2 2 2 2 2 2 2
left_child=3 9 10 4 -1 6 34 11 12 -2 -3 32 15 29 45 16 20 31 19 -19 -9 22 47 -23 27 26 -26 -25 -28 -5 -31 -18 -7 -32 -4 36 37 -13 -37 40 -40 42 -42 -44 -45 -8 -47 48 -17 -50 -41 52 -52 55 -55 56 -27 58 -57 -60 -59 -62
right_child=1 2 5 13 -6 7 14 8 -10 -11 -12 35 -14 -15 -16 21 17 18 -20 -21 -22 23 -24 24 25 53 28 -29 -30 30 33 -33 -34 -35 -36 38 -38 -39 39 50 41 -43 43 44 -46 46 -48 -49 49 -51 51 -53 -54 54 -56 57 -58 60 59 -61 61 -63
leaf_value=-0.016280266964297709 -0.023700985296646392 0.01225027950851631 -0.0019573770582466286 -0.013116348428432909 -0.0029421556411461419 0.0010319259080300836 -0.0012563396891989123 -0.0054686175257164082 -0.0094761797583626187 -4.9616314309785719e-05 -0.0052920595728760036 0.027361971738214037 0.01452228282921998 -0.0039098915274599034 -0.0068566286665679007 0.014426942058761575 0.015429925575779279 -0.0080776935140679535 -0.0057128000290025439 0.044499713870969203 0.013647392279991604 0.0084426917272594233 0.015288953968354233 -0.014769381781293783 0.015205537211932126 0.0058048117227078267 0.0024904463898463018 0.0080915941979912663 -0.012321664161302662 -0.0014131248225084699 -0.0073354988107635034 -0.008329766045194897 0.023403291560532304 0.030819001454185296 0.03210939977221243 -0.0020629353847403625 -0.003655941785214814 -0.0010039703751911818 -0.010108082458319708 0.0008929763814331937 -0.00035773875271322462 -0.0055406874152308635 0.0008428291802534991 0.0025661352201442056 0.035964835750516268 0.036243595141518939 -0.0084804240424605319 -0.012710883602970832 -0.013107680725128809 0.01614786854319325 -0.0099390754810749129 -0.00018816577526780588 0.027474655055374653 -0.01125942714103443 0.014577795355522845 -0.0054337945581722589 -0.0025731356484953844 -0.0058057196890180943 0.025103762664404641 -0.0013637950570551483 0.021228447530562567 0.0081343481322015479
leaf_weight=108.90633533708751 30.682618820108473 118.97794204950333 7.1318191820755583 4.8819970451295367 92.990952447988093 484.06587629392743 26.644029525108635 373.64080139249563 87.895653501152992 23.526415579020977 29.180013032630086 34.363233954645693 28.68152734823525 103.59141187369823 276.46298449859023 15.17253118753433 10.380294584669171 1.601239489391445 4.1536226132884613 9.8055923487991077 15.412725799717007 136.45773243065923 11.134234320372341 46.727650298736989 14.282717391848562 194.73625894915313 36.368736270815134 13.166649745777248 94.157643580809236 13.737451560795305 2.630882982164624 25.310337676666677 6.6194759458303443 16.17306362465024 6.9066447839140892 73.25580236222595 12.25429470464587 10.359625315293668 24.708623659797013 20.17640970274806 22.599546547979116 28.343179363757372 14.003355026245115 7.1967865601182011 19.624627476558089 4.9945403691381207 2.5227227471768856 74.738267661072314 26.676893381401896 4.8697296278551248 1.9403842063620675 11.527150440029798 39.515159253962338 50.064150364138186 12.623335666954516 92.291349109262228 235.74786471948028 22.363407105207443 25.821182500571012 50.544819694012403 46.640566266141832 203.81312726810575
leaf_count=4830 1306 1159 157 86 3144 6283 595 8100 2158 607 253 361 209 1381 6782 237 273 22 61 165 354 2035 92 1133 233 2725 321 325 922 268 46 406 83 221 81 768 82 84 406 184 194 164 106 67 166 51 23 1159 417 69 19 145 358 438 124 1013 3668 289 200 345 547 1397
internal_value=0.000173523 0.000834479 0.00110874 -0.00611318 -0.0103565 0.000730829 -0.00398174 0.00128818 0.000181212 -0.0143074 0.00873531 0.00395459 0.000657322 0.000108767 -0.00529491 0.000403625 -0.00281604 0.00956546 0.0269074 0.0369067 -0.00454776 0.00141658 -0.00531773 0.00213449 0.00134538 0.00198863 -0.00551072 -0.00950759 -0.00825493 0.0103825 0.0151853 -0.000372597 0.00156675 0.0250612 0.0188339 0.00753711 0.0161117 0.021351 0.0054127 0.00827934 0.00360582 0.00762982 0.0134903 0.0203588 0.0288145 0.00660567 0.0238424 -0.00773661 0.000680453 -0.00700025 0.0150133 0.0198499 0.0248422 0.00317367 -0.00536408 0.00381456 0.00123989 0.00628313 0.000974993 0.00857823 0.00948805 0.0109406
internal_weight=3645.78 3302.86 3248.65 342.912 201.897 3100.5 324.663 2775.83 1965.28 54.209 148.158 810.554 1877.38 141.015 310.624 1848.7 440.305 51.2511 15.5605 11.4068 389.054 1408.4 132.592 1275.81 1139.35 1079.46 144.809 59.8943 130.526 37.4234 32.5414 35.6906 490.685 18.8039 14.0385 319.868 56.9772 44.7229 262.891 189.635 116.476 91.7675 63.4243 40.8248 26.8214 34.1613 7.51726 121.457 46.7192 31.5466 73.1591 52.9827 41.4555 934.646 62.6875 871.959 430.484 441.474 168.657 76.366 272.817 250.454
internal_count=59897 49921 48008 9976 7974 46596 7689 38907 29437 1913 1412 9470 27279 2002 7451 27070 9381 927 248 187 8454 17689 1974 15715 13680 12222 1476 1458 1243 621 535 679 6366 267 238 3104 527 445 2577 1809 1103 697 533 339 233 669 74 1882 723 486 706 522 377 10746 562 10184 6393 3791 1558 545 2233 1944
is_linear=0
shrinkage=0.03


Tree=106
num_leaves=63
num_cat=0
split_feature=15 11 11 14 9 1 21 7 16 14 29 13 13 11 10 7 23 14 7 15 13 9 8 11 7 12 11 7 23 24 7 19 14 15 10 29 7 9 1 13 21 13 29 18 21 8 26 22 29 26 22 29 26 10 12 7 26 22 8 22 7 12
split_gain=18.4368 14.3205 8.18234 7.90893 13.3468 8.74533 6.91667 9.46362 9.6545 9.71851 9.59305 7.89067 7.16987 6.90551 11.6362 10.6066 6.80746 8.01996 6.47902 6.3229 6.29548 6.20858 6.61037 6.15225 7.27569 8.16009 9.61 8.82227 7.02388 6.75154 6.50059 7.64501 6.95712 9.82133 7.0704 6.74371 7.43892 6.42834 6.15086 6.12733 7.08434 12.1793 6.58576 10.2456 12.1226 7.28415 7.26538 6.30036 6.41583 9.63901 5.81641 5.77679 5.95214 5.64693 5.71419 5.60729 5.59494 6.78578 6.95209 6.52927 5.57871 5.44912
threshold=-0.98977747559547413 0.89920526742935192 -1.7223862409591673 -2.6278655529022212 -2.1104872226715083 -0.17501153051853177 -0.84830385446548451 -1.3124920129775999 -0.64327010512351979 0.6689126491546632 0.48529411852359777 -1.8743776679038999 0.47855788469314581 -0.072313152253627763 -0.48532354831695551 -0.60572963953018177 0.66197091341018688 0.35321031510829931 0.78535380959510814 1.2889174818992617 0.40757127106189733 0.75640910863876354 0.7412950098514558 0.89920526742935192 -0.3100960105657577 0.3561625480651856 1.773987412452698 -0.37563815712928766 1.2586392164230349 -0.079476308077573762 0.56197017431259166 -1.0865150690078733 -0.67811366915702809 1.0000000180025095e-35 0.95789876580238353 0.41421568393707281 0.6346033811569215 -0.19411889463663098 0.60333117842674266 0.35479393601417547 0.13441967964172366 0.38817144930362707 0.25833334028720861 1.8142587542533877 -0.15244280546903607 -0.61240980029106129 -0.43635335564613337 -0.075368631631135927 0.20714285969734195 0.91295722126960765 0.91502514481544506 0.73030304908752453 0.76722934842109691 -0.18152247369289395 1.0327181220054629 1.4326497316360476 0.83427739143371593 1.3275449275970461 -0.53009775280952443 0.56532523036003124 -0.16472330689430234 0.81706321239471447
decision_type=2 2 2 2 2 2 2 2 2 2 2 2 2 2 2 2 2 2 2 2 2 2 2 2 2 2 2 2 2 2 2 2 2 2 2 2 2 2 2 2 2 2 2 2 2 2 2 2 2 2 2 2 2 2 2 2 2 2 2 2 2 2
left_child=1 -1 18 21 19 13 20 -8 9 10 11 -9 -13 50 15 -15 17 -3 -2 -5 60 22 -4 30 25 26 29 28 -27 -25 31 -10 33 35 51 -32 -37 56 -29 42 41 -41 45 -44 -45 -26 -47 -42 49 -49 -6 53 -53 -35 -55 -16 57 59 -59 -34 61 -7
right_child=2 16 3 4 5 6 7 8 23 -11 -12 12 -14 14 55 -17 -18 -19 -20 -21 -22 -23 -24 24 39 27 -28 38 -30 -31 32 -33 37 34 -36 36 -38 -39 -40 40 47 -43 43 44 -46 46 -48 48 -50 -51 -52 52 -54 54 -56 -57 -58 58 -60 -61 -62 -63
leaf_value=-0.012493563831224101 -0.019227141532447731 0.028301269933754723 0.0041350004821248294 -0.01520712049935511 -0.015001833870094287 -0.0050305867831278179 -0.008934762296671726 -0.0087944557254869531 0.019661512950277214 -0.0083543694362295685 0.0044728476788614786 0.030883842555245202 0.0012272425603653565 -0.010286798935726649 -0.0077548553317422801 0.018647102078791132 -0.011944447236397936 -0.0051229050741515873 0.0017290446245366571 0.0058470065081577633 0.0040973317093431086 -0.0072356400962197516 0.01874469489928297 -0.0018202023674461145 -0.005899140380626831 0.0048752792299443992 -0.010620983774423476 0.030008530501214423 -0.010711857012823067 0.02275937339441985 0.0034219505719076575 -0.0010066480911122186 0.0029273906960063188 0.0033158411105290941 -0.0082298119220916219 -0.0084178505969677141 0.038445933083301041 0.0032913280436147139 -0.0039233873849459722 0.027637065478298129 -0.0011110701536045798 -0.0069052580834684163 -0.0036984321792646272 0.048954872895275836 -0.004260376460840193 0.025010810774828716 0.0046572984841694171 -0.0095299711507978238 0.016773100759316883 0.024465394105216361 0.0023817834815045669 -0.010326261824216846 0.014392257809353893 0.024824836002513333 -0.0058253810918474751 0.017206878262357506 -0.015139738443419856 -0.0057829299357944038 0.029722572468630724 -0.012363905894977044 -0.013410744935047274 0.010168492411235873
leaf_weight=147.834995418787 26.973160187713802 13.181030280888086 67.383594420738518 60.580880277790129 65.062956888228655 111.09431010391563 63.688572212122381 4.2752885380759826 11.381137050688265 18.113275294192135 57.250905042514205 38.279462804086506 9.3465421246364695 12.083019596524535 98.818045544438064 36.22914957255125 5.9903305713087311 7.9570277128368607 21.403272809460759 13.121156379580496 76.696928498335183 16.693074226379395 47.569101801142097 10.978500239551066 28.864119127392769 98.370980376377702 7.8582031708210698 12.423528078943493 29.80502475053072 62.844891164451838 12.111748618073763 976.84768246393651 53.830821034498513 34.555108238011599 26.36187638156116 1.7251154184341455 15.359436599537728 423.2673115124926 5.1897555813193312 5.773421023041009 36.144305963069201 58.106848271563649 267.0973197594285 2.4664002321660519 6.4740313924849016 18.66512643545866 57.1179478187114 21.477414995431904 87.885355385020375 5.4767516851425162 21.363965190947056 21.928195081651214 8.1029889918863756 29.608498834073544 4.5187790356576434 4.1110754748806349 27.054934642277658 6.1287280768156052 6.9833305682986957 39.811309720389545 55.876816322095692 21.14821396023035
leaf_count=8103 971 397 527 1405 2217 3021 1315 83 257 499 1359 997 186 313 1795 579 133 304 536 103 1525 138 390 188 256 1029 72 99 188 634 201 15006 774 255 185 33 248 5017 33 56 271 565 2235 35 70 146 472 140 571 34 452 162 56 208 33 65 385 74 87 580 1366 463
internal_value=0.000514569 -0.00884935 0.000998801 0.001179 0.000883821 0.00118077 0.00162462 0.00207707 0.00235807 0.0102673 0.0135881 0.0223663 0.0257333 -0.00430022 -0.000353595 0.0111246 0.0098634 0.0171462 -0.010662 -0.0113255 -0.00296423 0.00825298 0.01071 0.00193952 0.00406079 0.00857083 0.0159025 0.00407199 0.000984681 0.0192205 0.000903401 -0.00067084 0.00307981 0.00861391 0.00451484 0.0229464 0.0328794 0.00148425 0.0213536 0.00228115 0.00626854 -0.00200382 -2.14783e-05 -0.00245412 0.0227133 0.00621463 0.0109081 0.00972056 0.0130338 0.000124831 -0.0108095 0.00815103 -0.00255447 0.0126877 0.0205407 -0.00600691 -0.00414459 -0.000805368 0.0161118 -0.00387078 -0.0058748 -0.00231805
internal_weight=3644.72 174.963 3469.76 3421.38 3289.74 3216.04 2978.37 2713.55 2649.86 127.265 109.152 51.9013 47.626 237.668 151.241 48.3122 27.1284 21.1381 48.3764 73.702 264.816 131.646 114.953 2522.6 823.02 227.471 81.6816 145.789 128.176 73.8234 1699.58 988.229 711.348 154.272 125.075 29.1963 17.0846 557.076 17.6133 595.549 214.864 63.8803 380.685 276.038 8.94043 104.647 75.7831 150.984 114.84 26.9542 86.4269 98.7136 30.0312 68.6824 34.1273 102.929 133.809 106.754 13.1121 93.6421 188.119 132.243
internal_count=59897 8937 50960 49453 48398 46890 41469 35094 33779 3124 2625 1266 1183 5421 2752 892 834 701 1507 1508 6375 1055 917 30655 7094 2243 894 1349 1217 822 23561 15263 8298 1381 899 482 281 6917 132 4851 1637 621 3214 2340 105 874 618 1016 745 174 2669 714 218 496 241 1860 1900 1515 161 1354 4850 3484
is_linear=0
shrinkage=0.03


Tree=107
num_leaves=63
num_cat=0
split_feature=15 21 4 15 16 11 8 11 32 2 21 2 31 7 30 9 9 15 20 6 23 6 7 1 23 14 20 8 0 12 26 21 11 11 8 9 7 16 7 9 9 0 6 12 9 12 8 23 32 6 10 4 34 21 26 32 7 8 20 22 16 10
split_gain=16.3228 9.96742 10.2343 12.5228 10.6399 10.1335 7.63874 7.26532 7.12301 6.32501 6.23955 5.80199 7.54951 10.2172 7.92516 10.3617 6.62928 6.16615 6.43507 5.98671 7.05928 6.99551 5.954 7.1732 5.84565 5.73449 11.522 9.3934 6.27999 6.38509 5.72886 5.91871 5.62449 5.55015 6.00355 5.4193 5.27658 5.15688 5.07415 5.01247 4.99384 4.9465 4.8902 6.02613 4.86199 6.37599 4.7841 4.77737 4.70427 4.66969 4.96706 4.91619 5.74362 4.72342 4.66642 4.64777 7.24393 6.52959 6.47315 5.91474 4.99813 7.54285
threshold=-1.0622653365135191 1.265677869319916 2.1601321697235112 0.57750803232193004 0.86419004201889049 -1.3079199790954588 1.5402956008911135 0.70472145080566417 7.5000000000000009 -1.1339114904403684 -0.33305580914020533 0.97366338968276989 -1.0000000180025095e-35 1.211091220378876 -2.6333333253860469 0.79091298580169689 -0.15546920895576474 0.25752581655979162 1.8740578889846804 0.068752482533454909 0.42008206248283392 -0.80387198925018299 0.48178569972515112 0.54117268323898327 1.1489902138710024 0.49766954779624945 1.0000000180025095e-35 0.92694547772407543 0.87821230292320263 -0.88156995177268971 -0.13307904452085492 0.29831467568874365 0.63317885994911205 1.0000000180025095e-35 0.58566677570343029 0.61546391248703014 -0.48710039258003229 0.28697177767753607 1.2715573310852053 0.72971028089523327 -0.1684572100639343 0.14027492702007296 1.091432571411133 0.75070902705192577 -0.46155804395675654 0.60550022125244152 -0.15617907792329785 -0.31874150037765497 13.500000000000002 -1.0870629549026487 0.92064908146858226 -0.39602310955524439 1.5000000000000002 1.0000000180025095e-35 1.7229972481727602 16.500000000000004 0.90027219057083141 -1.5722793936729429 -1.0365051031112669 0.36136089265346533 -0.30697529017925257 0.18809426575899127
decision_type=2 2 2 2 2 2 2 2 2 2 2 2 2 2 2 2 2 2 2 2 2 2 2 2 2 2 2 2 2 2 2 2 2 2 2 2 2 2 2 2 2 2 2 2 2 2 2 2 2 2 2 2 2 2 2 2 2 2 2 2 2 2
left_child=7 2 5 36 6 30 -5 -1 10 -3 -7 12 13 -11 42 16 24 18 41 21 -21 -18 23 -22 -16 55 28 33 54 -30 -2 -32 44 34 -28 -31 -4 -24 -39 -33 -19 -15 -14 -44 -13 -46 -17 -41 -36 -9 51 -51 -53 -54 -27 57 58 -10 -57 -58 61 -59
right_child=1 9 3 4 -6 8 -8 49 25 11 -12 32 14 17 15 46 19 40 -20 20 22 -23 37 -25 -26 26 27 -29 29 35 31 39 -34 -35 48 -37 -38 38 -40 47 -42 -43 43 -45 45 -47 -48 -49 -50 50 -52 52 53 -55 -56 56 59 60 -60 -61 -62 -63
leaf_value=-0.012367446239088699 -0.018654170096043483 -0.019029812285656759 -0.0029088430845355213 -0.011429349636800753 0.015064802096553915 -0.0054906786358261354 0.01678997700142228 -0.010120666904955451 -0.0080805032063923105 -0.00341666563375328 0.017384468457493026 -0.011688502795639599 -0.008960576269403369 0.036289867387163992 -0.00046040272261370623 0.0067395593397355487 -0.0053450639817711259 -0.0094189371170182914 -0.0094853695104071562 -0.0038548891003207077 0.0030338514834137883 0.042373671316857375 -0.0018184001778502907 0.026324808598357872 0.018370295317232208 -0.010739346432233692 -0.0062046692530034137 -0.012234243471247592 0.02746260207387036 -0.014503369192531711 -0.014358230062595935 -0.0029193233277498855 -0.011718088214039302 0.00348230281246937 -0.0081245787756115441 0.013778667079840148 0.026783128191840953 0.035380770644749447 0.0098667844240673697 -0.006938070512497607 0.0097448821488115289 -0.0047372848278201931 0.017337553047380831 -0.0089340775599773669 0.01740286483604633 -0.004271746342210587 -0.010333377187025004 0.028170586612457089 0.025268167012345372 -0.0082529536964764533 -0.010868306966732832 -0.0089849323469912267 0.03497449936019939 -0.0047166249033281519 0.015308096887706157 0.008506946279784355 0.020122821140842045 0.011457666457306965 -0.0080409102315773303 -0.0046242218311360475 0.00085605596511147608 -0.0013720633996850728
leaf_weight=122.69780104979873 34.991528000682592 5.5564928082749239 5.3073152508586636 42.933784179389477 27.100339815020561 12.274510847404597 5.9236445352435103 11.050188190303741 63.059111714363098 136.67433692328632 32.40099205635488 10.156582156196235 30.041133561171591 11.572681083343921 46.784231179393828 27.33853904902935 2.0970330266281954 12.798512011766432 1.9754779087379564 14.73892157524824 46.641170715913177 11.029684783890842 5.2310862056910983 11.773819394409655 16.569138366729021 188.22598436754197 107.55272228457034 45.781932055018842 3.6470083799213198 10.180228119716046 22.217847228050232 29.300990713760257 31.449944792315364 311.27086257562041 2.9232359575107676 5.3898150622844687 29.120222665369511 26.376130104064941 15.612276982516049 2.7033665236085653 36.739860458299518 1.8854128979146469 15.084255864843728 8.9306219480931741 22.311526859179139 19.195044528692961 22.265300361439586 5.9773249896243197 5.6416365010663867 3.1406953856349018 4.0747524080798021 1.9932879582047487 10.440025275573133 1.954012868925928 2.1737885000184169 20.349260906688869 14.459409074857833 96.755457766354084 156.20412215776742 12.938688533380626 1530.9671920416877 67.71727960370481
leaf_count=7089 1310 77 63 296 147 182 36 416 956 1392 258 85 418 158 557 266 54 98 29 214 327 191 42 74 99 4359 2251 749 61 154 1083 841 165 3541 59 60 243 169 96 124 246 29 100 58 179 136 231 113 137 125 113 55 288 41 49 479 169 2594 2733 174 21227 1783
internal_value=0.000234641 0.000664171 -6.28612e-05 0.00869266 0.00147164 -0.000424835 -0.00676683 -0.00912483 -7.57649e-05 0.00419778 0.0111795 0.00457763 0.00578592 0.00124701 0.0087613 0.0110036 0.0140237 0.0106006 0.0245986 0.0177497 0.014493 0.0353789 0.0171115 0.00943372 0.00544801 -0.000286588 -0.00264413 -2.87729e-05 -0.0084096 0.00662602 -0.00979282 -0.00360654 -0.00263681 0.00140503 -0.00407728 -0.00374363 0.0224174 0.024797 0.0279535 0.00362144 0.0043842 0.0308159 -0.00152794 0.00771172 0.00343761 0.00799766 -0.00116833 0.0186972 0.0150773 0.00308403 0.0104711 0.0167431 0.0229208 0.0291599 -0.0100579 0.000538297 -0.00369443 0.00103829 -0.00595188 0.00952604 0.00140021 0.00629073
internal_weight=3641.67 3486.32 2895.49 110.385 75.9578 2785.1 48.8574 155.351 2689.91 590.829 44.6755 585.273 502.16 201.646 300.513 246.457 196.853 64.9719 15.4336 133.5 120.373 13.1267 105.634 58.415 63.3534 2645.24 682.787 473.17 209.617 19.2171 95.1911 60.1995 83.1131 427.388 116.118 15.57 34.4275 47.2195 41.9884 37.9817 49.5384 13.4581 54.056 24.0149 51.6632 41.5066 49.6038 8.68069 8.56487 32.653 21.6028 17.528 14.3873 12.394 190.4 1962.45 203.951 1758.5 176.553 27.3981 1695.44 164.473
internal_count=59848 51721 46231 785 479 45446 332 8127 41975 5490 440 5413 4848 1952 2896 2320 1823 560 216 1167 922 245 708 401 656 41535 11420 6737 4683 275 3471 2161 565 5988 2447 214 306 307 265 1078 344 187 576 158 400 315 497 237 196 1038 622 509 384 329 4408 30115 3555 26560 3212 343 25604 4377
is_linear=0
shrinkage=0.03


Tree=108
num_leaves=63
num_cat=0
split_feature=15 3 25 11 32 6 5 7 8 20 9 22 9 22 15 20 9 31 32 5 23 2 9 16 6 9 11 23 24 7 9 7 7 15 26 8 15 22 16 20 26 26 26 0 7 16 13 30 30 15 8 26 5 8 19 7 7 20 3 11 0 11
split_gain=17.5764 9.35709 8.43706 7.78815 7.50226 9.69551 7.76298 7.73024 8.00987 9.74869 7.48374 7.42124 8.60253 6.70505 6.44321 6.54744 8.72059 6.23739 11.21 10.1541 9.18744 8.49621 8.04819 7.48158 8.14492 7.46689 8.44753 7.18745 6.35307 6.31031 6.22454 8.23959 6.18397 8.44186 12.2068 6.47927 6.9107 6.17289 6.00068 5.9854 5.87737 5.80527 5.79209 6.03372 5.66521 7.35669 5.6466 5.46249 5.44896 5.41236 6.32944 5.31479 5.25956 6.81445 5.37029 5.56041 6.12139 5.20044 5.77557 5.17495 5.39873 5.14722
threshold=-1.0821889638900755 -0.91010287404060353 -0.50881838798522938 0.70472145080566417 15.500000000000002 0.95199352502822887 1.4602301716804507 1.654106140136719 0.53408616781234752 0.79054814577102672 -0.65126872062683094 1.1397050023078921 0.63310286402702343 -2.1659055948257442 1.0171946287155154 1.181358337402344 0.34613369405269628 0.6428571641445161 11.500000000000002 0.37425498664379125 -0.19759795069694516 -0.62886583805084217 1.0098257064819338 0.9130220115184785 -0.78889381885528553 -1.1543081998825071 -1.0813010931015012 0.15706679224967959 1.201741695404053 -0.22651425749063489 -0.31017819046974177 0.6570396125316621 2.4018330574035649 0.73107045888900768 0.44739785790443426 1.3506327271461489 -0.27189111709594721 -0.93142798542976368 0.68931186199188244 -1.182455778121948 0.90322747826576244 0.37266267836093908 -1.0938715934753416 0.82193171977996837 -1.0231593847274778 -0.32749749720096583 0.69081121683120739 -19.749999999999996 -3.7321428060531612 0.14049225300550464 1.0685743093490603 -1.4723684787750242 0.0081878043711185473 0.25919985771179205 0.67172327637672435 0.76338607072830211 1.4053932428359988 -0.07447385415434836 1.0920122265815737 -1.0492325425148008 0.37313900887966162 -0.53484097123146046
decision_type=2 2 2 2 2 2 2 2 2 2 2 2 2 2 2 2 2 2 2 2 2 2 2 2 2 2 2 2 2 2 2 2 2 2 2 2 2 2 2 2 2 2 2 2 2 2 2 2 2 2 2 2 2 2 2 2 2 2 2 2 2 2
left_child=3 2 30 -1 7 10 42 8 9 47 13 52 14 -6 15 -13 41 18 21 20 29 -10 -21 24 -19 38 27 -27 -25 -20 -2 51 33 34 35 36 -9 39 -23 -12 49 -17 43 -7 -26 -46 57 -3 -39 -8 -51 -32 53 -11 55 -54 -57 -47 59 -59 -61 -4
right_child=1 4 61 -5 5 6 40 32 17 11 37 12 -14 -15 -16 16 -18 23 19 22 -22 25 -24 28 44 26 -28 -29 -30 -31 31 -33 -34 -35 -36 -37 -38 48 -40 -41 -42 -43 -44 -45 45 46 -48 -49 -50 50 -52 -53 54 -55 -56 56 -58 58 -60 60 -62 -63
leaf_value=-0.013207922442394215 -0.010259236980282012 0.020894197849475327 -0.013439853504764997 0.0031951835158120054 0.017368820082279114 -0.010032844638348814 -0.0081203120814169281 -0.0024410736332438903 -0.016228348159618121 0.011703400960461281 0.022955881241828388 -0.0057649607463231634 -0.013340890348108623 -0.0095003003193437838 -0.0078919961799003378 0.013681710808925534 0.033704505707332306 -0.0073859000687328275 0.024617163322578399 0.0039918627081689684 -0.0073461396196652633 -0.014902103065100784 0.033104634552721321 0.011841596896070963 -0.0059942218860765577 -0.0033008644177261533 0.010153769388539206 0.045902907841293708 -0.016201359746708298 -0.0021350919627669803 -0.0077264650364328481 -0.0096876824660356003 -0.0094447763813618572 0.0030401049670955162 0.00082888013513080319 -0.0052286696030034649 0.047024782528451645 -0.0098781697843476884 0.012700071752508963 0.0020344317666723647 -0.006804326705531002 -0.013151411216421133 0.0020835685641960771 0.011024182395648823 -0.006732375310360114 0.038550678367367745 0.0052819892071069418 -0.0017560226327443457 -0.001189277200821269 0.023600575245505205 -0.0048749076218853214 0.031779342121033949 -0.0089315215940254863 -0.0057525606528343633 0.018177622653538089 0.013961575384091257 -0.015971302488448691 -0.0093098560361209119 -0.0037108313050628794 0.030244974000074438 -0.0021054916537551318 -0.003666706801434559
leaf_weight=118.71791649702936 6.6631197128444937 4.7251442596316329 69.758854224346578 30.842128960415721 4.3121026121079913 64.280468553304672 4.6948181912302962 2.360779530368748 6.9833861114457241 165.94609249290079 11.563133375719188 13.523747581988571 35.286806638352573 164.02777706552297 22.877176433801651 12.708452887833124 10.925349140539764 11.297741389833389 10.02579875290394 48.552334439009428 155.41102988831699 13.871306546032431 5.8967963214963666 8.0154604595154542 6.6322342846542588 2.6397509053349477 123.66959090717137 6.725128848105669 12.145491819828747 15.284100961871443 1.6505191409960431 4.9360741069540373 7.8715891418978563 34.182561103254557 13.450577483512459 1.8716290080919851 15.286488472484054 69.488641454838216 6.733220934867858 52.5009441729635 9.4912017956376058 7.4567646998912087 554.67962305806577 10.555925926193593 6.8141890596598378 19.219033190049231 18.087235441431403 766.14419293869287 524.27399420645088 37.095626186579466 6.6020985320210448 13.076079783029851 43.255057223141193 19.78282580152154 7.914508130401372 20.96746971085668 3.544301100075244 1.9232800882309629 8.8201427496969682 22.212070206180226 4.847828645259141 155.0586862033233
leaf_count=7008 220 97 3147 994 102 661 49 48 81 1673 297 181 382 3913 142 168 121 316 282 494 1764 146 68 70 119 59 989 52 74 369 59 153 125 231 213 20 184 1352 48 1094 68 107 4931 81 124 195 173 10878 9801 227 43 390 373 186 51 154 29 38 60 258 51 4136
internal_value=6.89113e-05 0.000506559 -0.00501472 -0.00983135 0.000941673 -0.00059925 0.00202504 0.00229085 0.00184333 0.000427998 -0.0027818 0.00443917 -0.0023107 -0.00833088 0.00397866 0.0102476 0.0170464 0.00492382 0.00303272 -0.00115464 -0.00458655 0.00901328 0.00966386 0.0107897 0.0140436 0.0106359 0.0131814 0.0357121 -0.00491462 0.0107748 0.00980498 0.0173056 0.011408 0.0143375 0.0241079 0.0367092 0.0413295 -0.00130964 -0.00516352 0.00719916 0.0120793 0.00311771 0.00101265 -0.00655827 0.0170261 0.0191274 0.0217472 -0.00148343 -0.00228014 0.0160733 0.0192395 0.0265155 0.00708656 0.00974203 0.000369939 -0.00281595 0.00766078 0.0261231 0.0160398 0.0217119 0.0250248 -0.00692565
internal_weight=3640.16 3490.6 251.143 149.56 3239.46 1513.57 687.4 1725.89 1650.87 1135.06 826.167 364.189 102.778 168.34 67.4915 44.6143 31.0906 515.807 395.792 235.17 180.721 160.622 54.4491 120.015 99.8538 153.639 133.034 9.36488 20.161 25.3099 26.3258 19.6627 75.0236 67.152 32.9695 19.5189 17.6473 657.827 20.6045 64.0641 57.8837 20.1652 629.516 74.8364 88.556 81.9238 75.1096 770.869 593.763 48.3925 43.6977 14.7266 261.41 185.729 75.6813 67.7668 24.5118 57.0224 37.8033 28.9832 27.0599 224.818
internal_count=59919 51917 8105 8002 43812 22619 6060 21193 20372 14542 16559 3567 1101 4015 719 577 396 5830 4352 2977 2415 1375 562 1478 1334 1294 1100 111 144 651 822 602 821 696 465 252 232 12544 194 1391 387 275 5673 742 1018 899 775 10975 11153 319 270 449 2466 1859 607 556 183 602 407 347 309 7283
is_linear=0
shrinkage=0.03


Tree=109
num_leaves=63
num_cat=0
split_feature=11 21 26 25 12 25 13 25 24 21 14 5 10 19 6 9 12 12 21 32 21 12 31 21 11 8 11 23 15 13 14 6 12 9 32 5 8 2 15 29 26 29 5 14 4 12 9 16 10 26 8 15 5 15 8 8 9 14 8 32 23 26
split_gain=13.7823 15.8901 11.4331 11.6961 10.0946 8.93632 8.54238 7.97749 7.56914 7.11813 6.94912 6.94082 6.92072 6.91672 6.69827 6.69233 6.85703 6.56811 8.27697 6.2667 7.36936 6.57471 6.16908 6.14623 5.87696 6.29432 5.52178 5.92183 6.3694 5.43333 9.51439 8.65775 5.40628 5.4038 6.4196 6.58121 7.71471 6.27878 7.0671 6.68779 5.72599 5.69436 6.87324 5.93182 5.88968 6.19674 8.31805 8.00383 7.31675 6.48847 6.87972 6.42806 6.29234 5.79538 6.03158 9.63611 5.66576 5.31887 5.31606 5.28001 8.7901 6.68244
threshold=0.036560259759426124 -0.19741194695234296 -1.0938715934753416 -1.0000000180025095e-35 -1.6415488123893736 2.6461292505264287 -2.343907237052917 -0.86487606167793263 1.0740335583686831 0.59447747468948375 -1.716747462749481 -1.7889676094055174 -0.020924362353980538 -1.0865150690078733 -1.6587309241294859 -0.38799214363098139 0.67441216111183178 0.6202562451362611 0.062305234372615821 14.500000000000002 -0.042673526331782334 -2.8219176530838008 0.6428571641445161 1.9256711602211001 -0.11688621342182158 1.3506327271461489 0.16483994573354724 0.26603899896144872 -0.59267374873161305 0.14436107128858569 0.059922223910689361 0.5097789764404298 -1.568534731864929 -0.4779557585716247 15.500000000000002 0.49199336767196661 0.38490168750286108 0.88031867146492015 0.19543035328388217 0.75735294818878185 1.0236056447029116 0.67708334326744091 -0.14900672435760495 -0.71619588136672963 0.75685957074165355 0.85379028320312511 0.49961508810520178 0.59741446375846874 -0.94676041603088368 -0.071581862866878496 -1.0943310260772703 0.9572044610977174 0.04810826666653157 1.3057796359062197 0.087294165045022978 0.51137530803680431 0.98737704753875744 -1.40824419260025 -1.4587825536727903 11.500000000000002 1.1927740573883059 1.3795962333679201
decision_type=2 2 2 2 2 2 2 2 2 2 2 2 2 2 2 2 2 2 2 2 2 2 2 2 2 2 2 2 2 2 2 2 2 2 2 2 2 2 2 2 2 2 2 2 2 2 2 2 2 2 2 2 2 2 2 2 2 2 2 2 2 2
left_child=1 8 3 4 -3 6 12 9 13 -4 -5 -8 -2 -1 -13 16 -7 18 -6 58 21 -21 26 33 25 -20 27 28 -23 -15 31 -31 -30 34 35 40 -37 41 39 -39 -9 42 43 -35 45 46 51 48 -47 -49 -51 -44 -52 54 -48 -56 -43 -46 -16 -25 61 -61
right_child=5 2 7 10 17 15 11 23 -10 -11 -12 14 -14 29 19 -17 -18 -19 24 20 -22 22 -24 59 -26 -27 -28 -29 32 30 -32 -33 -34 37 -36 36 -38 38 -40 -41 -42 56 44 -45 57 47 53 49 -50 50 52 -53 -54 -55 55 -57 -58 -59 -60 60 -62 -63
leaf_value=0.01048332799709812 -9.2567539427071882e-05 -0.014064951604846422 -0.005227803424885308 0.020177430832732525 -0.0071670352664746882 -0.0085570660888446247 -0.019102331826907598 -0.0088008726910572387 0.0075131148234484826 0.027187540665013537 -0.0034917069899527975 -0.011614432814168586 0.033682769510130106 -0.015148856684722664 -0.0071481203922937045 -0.017583583734982772 0.018121272113390329 0.0043634925838968728 0.039266836741020848 0.023531810985565765 0.0025548627795105856 -0.0094639612805085954 0.003985835844540383 0.024548261830837595 -0.0018766152477467989 -0.0022600642285175751 -0.005432864913487748 -0.0069010576073011663 -0.0066967763015070084 0.018577377804621837 -0.012334858270929028 -0.013718211089874867 0.038424329764996677 0.0076214320340531154 -0.012627824796790962 -0.0038008985159059326 0.031043161486661155 0.0046164717012487436 0.00015578774554470136 0.040536299400913932 0.010022402290884662 -0.0087335273109771933 0.010499296164126809 -0.014303027215696288 0.01142556386064196 0.022636015633157799 -0.011799740158417601 9.3357666479762391e-05 -0.0060572600277605864 -0.004848243497917612 0.043781932790754971 -0.0069757201412453257 -0.0046130919745272459 0.013458373608584744 0.017251156533738803 -0.0084849516202232002 0.0046398237493231621 -0.013680906757596289 0.0045622480188486584 -0.010489445913824268 0.021785306411144071 0.022580723217307256
leaf_weight=9.6435845782980305 8.9413048876449484 5.1634844606742254 7.6372619979083565 7.980215471237897 3.8617065139114848 17.907129898667339 9.0063102673739177 67.21428866032511 19.537726063281298 10.946209917776285 74.78632879909128 26.684966139495373 8.9142336184158903 137.20475285034627 31.916809264570475 31.686430959030986 9.0035078674554807 18.776256521232426 26.732306441292167 3.8314775126054874 865.00479571986943 2.2332348767668009 94.509267701767385 7.8511675707995883 3.7576329112052944 3.0779471779242149 328.5798164466396 8.3874147441238147 1.3691127160564063 18.496323377825323 44.674510851502419 6.7072199489921323 6.248813336715104 10.964052649214862 91.456422418355942 9.9478082843124849 5.9838362503796807 12.062107709236445 38.856514977291226 4.566612663678824 13.78220393322408 159.92984504904598 81.809335061348975 43.143521607853472 5.5310715474188319 5.5816399743780485 69.095508286729455 8.3866661060601491 27.862837176769972 2.8459540214389589 12.032316093333064 20.444884348660707 1.7811423074454058 9.9565733447670919 16.826781899668276 27.889831847511232 31.163064385764301 31.437754904851317 926.93631163518876 29.926741988398138 9.4883951805531961 1.722125370055436
leaf_count=564 152 123 204 66 105 191 195 1465 297 183 1434 794 141 6951 475 353 79 328 500 100 8489 121 1772 62 46 57 6357 164 46 614 1866 111 174 315 2370 140 77 229 358 73 260 3155 1971 1246 46 123 1578 93 561 33 135 181 23 81 361 660 614 364 9855 413 59 27
internal_value=0.000534937 -0.00199939 -0.00036318 0.00732177 0.0167038 0.0018758 0.00217536 -0.0016589 -0.00892466 0.0155818 -0.000190085 0.00198982 0.0204493 -0.0105425 0.00211391 -0.00923526 0.00180954 0.0204486 0.0270524 0.00230054 0.000945609 -0.00217504 -0.00265933 -0.00211961 0.0314079 0.0352704 -0.00450107 0.00984282 0.0216226 -0.0117457 -0.00449838 0.00913462 0.0308748 -0.00275767 -0.00714216 -0.00160062 0.0135755 -0.00138375 0.00782661 0.0215714 -0.00520144 -0.00234613 -0.000180275 -0.00959148 0.00152633 0.00302748 0.000685614 0.0113104 0.00105262 0.0225532 0.0312283 0.006843 0.0379742 -0.00446963 -0.00653838 0.00196048 -0.00648993 -0.00901093 0.00413739 0.00771529 0.00219047 -0.0058548
internal_weight=3639.69 1258.52 1022.26 144.136 61.3693 2381.16 2322.56 878.124 236.264 18.5835 82.7665 2304.71 17.8555 216.726 2295.7 58.5971 26.9106 56.2058 37.4296 2269.02 1310.16 445.159 441.328 859.541 33.5679 29.8103 346.818 18.2386 9.85116 207.083 69.8781 25.2035 7.61793 810.553 188.385 96.9281 15.9316 622.168 55.4852 16.6287 80.9965 566.683 375.59 54.1076 321.482 284.513 226.023 58.4906 33.4445 25.0461 16.6594 102.254 13.8135 123.769 113.812 44.7166 191.093 36.9688 958.853 48.9884 41.1373 31.6489
internal_count=59980 30522 20119 2659 1159 29458 28835 17460 10403 387 1500 28542 293 10106 28347 623 270 1036 708 27553 17223 8734 8634 17073 603 557 6862 505 341 9542 2591 725 220 16512 4312 1942 217 12200 660 302 1725 11540 7771 1561 6210 5800 4832 968 684 284 191 2152 158 2680 2599 1021 3769 410 10330 561 499 440
is_linear=0
shrinkage=0.03


Tree=110
num_leaves=63
num_cat=0
split_feature=6 25 22 10 23 7 18 17 17 8 29 12 6 26 0 26 7 0 11 9 9 30 4 21 25 11 19 17 12 21 32 4 8 3 7 26 29 13 22 9 29 4 21 29 6 6 12 16 23 3 16 7 17 10 22 21 6 16 17 7 32 1
split_gain=15.0764 11.9525 9.06715 7.92739 6.99679 6.82612 6.7872 6.73342 9.41929 8.68433 8.00249 7.84815 6.68591 9.48534 7.98714 8.06203 9.51798 7.81018 7.65685 7.39328 12.6613 10.761 7.80751 7.18929 6.71334 7.53564 8.69669 6.77062 6.75279 6.83217 7.22679 8.27435 6.70379 7.65851 9.92425 6.6809 9.4675 8.11896 6.54447 6.51718 6.47481 8.37823 6.55012 8.00106 7.27443 8.86448 8.34372 6.58729 6.88748 6.40802 6.3954 10.1822 6.95936 6.3781 6.35211 6.29711 6.25449 6.91042 6.22987 7.41484 6.18459 8.04442
threshold=-1.0588424205780027 -0.5810696780681609 0.82130536437034618 0.80936542153358471 1.0069981813430788 -1.0860579013824461 -0.35935087502002711 0.033197632059454925 0.53844395279884349 1.1029195785522463 0.44949495792388922 -0.62220141291618336 1.2137548923492434 -1.3933371901512144 1.1033436059951784 -1.2863872051239011 0.21313384920358661 0.11218704283237459 0.236484169960022 0.72313570976257335 0.88198497891426098 -3.0833333730697627 0.65473631024360668 -0.11923277378082274 -0.018762397579848763 1.130693316459656 1.1770462989807131 2.5629298686981206 -0.724065601825714 0.17553300410509112 12.500000000000002 1.938448488712311 0.71311047673225414 -0.21713111549615857 -0.19191205501556394 -0.71357065439224232 0.19375000149011615 0.26273006200790411 0.41585597395896917 -1.9144167304038999 0.64495798945426952 1.2930394411087038 -0.23036158829927442 0.53589746356010448 -0.35569941997528071 0.77047204971313488 0.58846619725227367 -1.5864195823669431 0.36801271140575414 0.96761018037796032 0.55950063467025768 0.79741230607032787 1.1254220604896548 -0.028835852630436417 -0.95040616393089283 -0.11923277378082274 0.99522429704666149 -0.85692596435546864 0.64628791809082042 -0.17414200305938718 15.500000000000002 -1.0000000180025095e-35
decision_type=2 2 2 2 2 2 2 2 2 2 2 2 2 2 2 2 2 2 2 2 2 2 2 2 2 2 2 2 2 2 2 2 2 2 2 2 2 2 2 2 2 2 2 2 2 2 2 2 2 2 2 2 2 2 2 2 2 2 2 2 2 2
left_child=4 2 3 49 -1 7 -4 9 -9 -3 11 -11 14 53 15 16 17 32 39 35 21 -21 38 -18 -15 28 27 -27 -26 -30 58 50 -7 -34 -35 36 37 -20 -22 -17 42 -42 54 47 -45 46 60 -44 55 -2 51 52 -32 -14 -41 -49 57 -25 -31 -60 61 -46
right_child=1 5 6 -5 -6 12 -8 8 -10 10 -12 -13 13 24 -16 18 23 -19 19 20 22 -23 -24 56 25 26 -28 -29 29 30 31 -33 33 34 -36 -37 -38 -39 -40 40 41 -43 43 44 45 -47 -48 48 -50 -51 -52 -53 -54 -55 -56 -57 -58 -59 59 -61 -62 -63
leaf_value=-0.0082491506888338374 -0.0061306428062840902 -0.012372299105106187 -0.0061687946003241012 0.019251481453043656 0.0075102942139527373 -0.012431496782023871 0.028286504493945076 0.018810744218860424 -0.0038920025892875435 -0.0089415146698946773 -0.0082790301767613067 0.033085643138076819 -0.018197401775198116 0.011333875606259626 0.006486663280153745 -0.01597267225712691 -0.0055652953571065375 0.012724087898422932 0.020185193850359835 -0.011765923828351827 0.0068195224647154959 0.017783828420968321 -0.014197523572009709 -0.0079176986641335163 -0.0066018526202419872 -0.0046183972368944214 0.016337322264070919 0.015454493921531828 0.013483135945383177 0.0013639992693729743 -0.0094318129698027116 0.016420946863401491 -0.012220580070901921 0.027958399684087351 -0.010765118002161948 0.00018575377953990724 -0.012779783814779495 -0.011279227361210531 -0.010089290603283452 0.0068393293202481048 -0.007758479038131174 0.0095027644988863666 0.016457448380585781 -0.011409665351835126 -0.0075987258371877893 -0.001312312625315396 0.00064594469789278086 0.016056036888064833 0.001764734434720337 0.010716268374731799 -0.0027809017701481841 0.025429110296323568 0.016157568638510825 0.0010797549395359003 -0.01344591610805752 -0.007957518672307656 -0.0020647970834947451 0.017642531569611087 -0.0037931740023223214 0.023176557016366138 0.0048874026216591858 0.044417150300508496
leaf_weight=239.02820944786072 51.351837682537735 107.68758407328278 4.3141996646299985 20.32463791873306 24.396295898593962 53.867260370403528 24.65561936236918 17.40036906208843 57.539091185666621 3.3165906062349677 12.958555891178547 7.4259951682761329 25.562013957649469 89.418160544708371 145.73734828550369 31.073230247013271 21.554623411037028 19.108691604807973 13.188239274546506 9.3443970512598735 85.261845297180116 74.759332627058029 24.877389173954725 7.7509890897199503 37.684078572317958 210.71015667170286 17.401732500642538 11.413898244500158 84.208758005872369 34.763448474928737 24.237394286319613 24.995403625071049 10.521781520918013 11.6033329712227 5.9537895070388904 631.28576923161745 77.137114164419472 8.2580456323921663 21.957661861553788 14.696627735160289 280.57281442638487 23.556863360106945 13.200080353766678 8.7962930928915721 1.5683749280869985 23.103524861857295 12.441963100805877 5.9015423953533164 191.00250136572868 26.779722413048148 192.31097741797566 15.659040942788122 9.2370893247425538 30.169464208185673 54.715673765167594 152.0853194091469 21.485618503764272 89.08158300165087 9.9751012399792653 39.118100814521313 8.3104283139109594 14.857041904702784
leaf_count=10459 1090 3099 63 328 476 1023 341 328 802 98 333 169 223 668 1355 942 441 275 159 123 1178 895 228 206 329 1412 101 55 865 232 262 131 259 145 72 8101 946 92 280 471 6232 239 507 310 38 242 248 207 2519 272 1346 132 80 248 1860 4231 163 1098 58 201 217 253
internal_value=0.000165442 0.000711133 0.00954511 0.00466501 -0.00667693 0.000348614 0.0230027 -0.00486523 0.00222625 -0.00884329 0.00655304 0.0213916 0.000711622 0.00294686 -0.000176312 -0.000671153 0.0044239 -0.00253122 -0.00137048 0.00047853 0.00528491 0.0140247 -0.000588095 0.00936274 0.00379338 0.00277355 -0.00154005 -0.00326943 0.0049549 0.00602091 0.00406254 0.00156008 -0.0066157 0.00473409 0.0153514 -0.000971478 -0.00803316 0.00822772 0.00306149 -0.00345362 -0.00287464 -0.0062894 -0.000758711 0.000652251 0.00964003 0.0133502 0.0215374 -0.00116984 -0.00205961 -5.90985e-05 -0.000280332 0.00885987 -0.00118845 -0.00853223 -0.00897997 -0.00659546 0.0121976 0.0153083 0.0114785 0.0178526 0.0301702 0.0388362
internal_weight=3622.66 3359.24 127.426 98.4562 263.425 3231.81 28.9698 206.328 74.9395 131.389 23.7011 10.7426 3025.48 856.865 2168.62 2022.88 240.928 101.055 1781.95 946.07 216.201 84.1037 132.097 139.873 801.133 711.715 239.526 222.124 472.189 434.505 350.297 266.44 81.9462 28.0789 17.5571 729.869 98.5834 21.4463 107.22 835.882 804.809 304.13 500.679 431.267 69.0776 60.2813 37.1778 362.189 348.989 78.1316 241.445 49.1335 33.4745 55.7315 69.4123 157.987 118.318 96.8326 83.8567 49.0932 24.7358 16.4254
internal_count=59756 48821 2094 1690 10935 46727 404 4829 1130 3699 600 267 41898 6343 35555 34200 3682 1774 30518 12002 2704 1018 1686 1908 5872 5204 1568 1467 3636 3307 2442 1951 1499 476 217 9298 1197 251 1458 18516 17574 6471 11103 8772 1308 998 756 7464 6957 1362 1820 474 342 471 2331 4438 1467 1304 491 259 508 291
is_linear=0
shrinkage=0.03


Tree=111
num_leaves=63
num_cat=0
split_feature=6 16 14 7 4 29 9 25 3 14 12 4 29 25 15 11 25 16 24 3 10 3 23 30 14 18 1 11 16 11 0 2 14 9 22 29 12 4 0 16 4 25 12 15 9 9 17 13 18 24 10 13 7 11 12 18 29 16 34 18 10 15
split_gain=14.0037 9.51393 8.50136 11.1799 8.49549 8.05692 8.03051 8.03 9.56116 10.2403 7.87106 7.24209 7.22983 7.22029 6.70331 6.55361 6.20372 8.97452 7.09976 7.67466 6.32016 7.42287 7.10363 7.83609 5.93348 7.8764 6.71281 9.04864 8.78073 9.65448 6.79167 6.4501 6.42936 10.8523 9.21011 7.67635 7.47834 6.48157 7.34431 6.46323 8.33711 6.92046 6.36024 6.18696 6.54121 8.84048 14.8758 8.11549 9.80236 8.9406 8.0907 8.15558 7.64248 7.14786 6.60101 5.95915 6.43726 5.89813 5.86337 8.36498 7.00481 7.71115
threshold=-1.0870629549026487 0.43961790204048162 0.074332818388938918 -0.32832045853137964 1.3776036500930788 0.93095237016677868 -2.1104872226715083 0.54386845231056224 0.18914813548326495 -1.8591957092285154 0.052217373624444015 1.0026745796203616 0.59411767125129711 2.3726763725280766 -0.34570795297622675 -1.7223862409591673 -0.57664090394973744 -1.9948765039443968 0.86134296655654918 0.96761018037796032 0.75266388058662426 0.29983514547348028 0.43978464603424078 -7.7750000953674308 -1.0704640746116636 -0.66066017746925343 1.0423846244812014 0.27024970948696142 -0.014298725407570599 0.16483994573354724 1.4177333116531374 0.080429606139659895 0.50077518820762645 1.5080313682556155 1.7625053524971011 0.76696833968162548 0.12244937196373941 1.2038460373878481 -0.28760144114494318 0.34709627926349645 0.55493766069412243 0.17063122987747195 0.50891572237014782 -1.6765313744544981 1.0402650833129885 0.72313570976257335 -0.2715818434953689 -1.0000000180025095e-35 -0.262730062007904 1.257693946361542 -0.2619365900754928 0.52837771177291881 1.2956362962722781 1.4805163741111758 -0.53867638111114491 1.5967952013015749 0.74166667461395275 0.40128864347934728 2.5000000000000004 -0.63897636532783497 1.219083368778229 0.19543035328388217
decision_type=2 2 2 2 2 2 2 2 2 2 2 2 2 2 2 2 2 2 2 2 2 2 2 2 2 2 2 2 2 2 2 2 2 2 2 2 2 2 2 2 2 2 2 2 2 2 2 2 2 2 2 2 2 2 2 2 2 2 2 2 2 2
left_child=1 4 3 -3 -1 -4 -2 15 11 12 13 -9 -10 14 -11 -8 18 -18 19 20 22 -22 23 -17 25 -19 27 32 -28 30 -30 55 33 34 37 -35 -36 -26 -39 41 -41 -34 -40 -29 45 52 47 -47 49 57 -48 54 58 -54 -52 -27 -57 -49 59 -45 -61 -62
right_child=6 2 5 -5 -6 -7 7 8 9 10 -12 -13 -14 -15 -16 16 17 24 -20 -21 21 -23 -24 -25 26 31 28 43 29 -31 -32 -33 39 35 36 -37 -38 38 42 40 -42 -43 -44 44 -46 46 50 48 -50 -51 51 -53 53 -55 -56 56 -58 -59 -60 60 61 -63
leaf_value=-0.012551043504754767 -0.0081882275870626981 -0.0082631026050522804 -0.01261154931695326 0.018829806463219464 0.016306903432232647 0.016747083168367025 -0.0094905976899257519 -0.01042599952165499 0.00073166888486210957 -0.014454643214213811 -0.0057034011521076202 0.0064415706180971539 0.020280813999415327 -0.012753651921956115 0.014872629702331145 0.018181506253717714 0.015486639574408061 -0.015700797245349171 -0.012638232250192035 0.018462481663178706 0.02555959660535791 -0.0084388099478677446 0.010152557166870821 -0.012013580375232267 -0.0027715911318700495 0.0067339479808109616 -0.014019319271173104 0.026844313831196325 0.023101762380016638 0.0031822701325438618 -0.00071566797707230286 -0.002623464082750103 -0.013536643205852003 0.033885368799530233 -0.0062477527207250479 -0.0087678904550611177 0.030759328635469135 -0.013418997184232189 0.02189879263445681 0.0011602819859370434 -0.015981121584927978 0.012840004747652976 -6.0136505505854462e-05 0.012304260167954445 -0.0048758773069441123 0.0034015502667072216 -0.0043286363354812785 0.010204302662093741 0.0032783402362027867 -0.0041523925623029243 -0.0043933197878747131 -0.0058516411182687319 0.014745307628341081 -0.011363145679147205 0.017230157812919589 0.033295151767897671 -0.0060535478988258543 0.060991894300597989 0.0023021194089841704 -0.0060303886916304537 -0.01189759497083301 0.015944430145475273
leaf_weight=147.13105879444629 81.673545579425991 18.230217071250081 41.75756329856813 31.681357397697866 5.5744007388129821 5.7424122467637053 41.791304918937385 150.39798810239881 33.280952047556639 4.0909537263214579 161.35402573272586 23.402285913005471 30.714242512360215 9.6786622013896686 45.256276186555624 4.6951258741319171 35.649177289567888 10.968188584782181 10.165008183568714 49.076579773798585 15.334679354913535 5.2542389612644902 29.842442447319627 41.122503106482327 517.92882280051708 230.37875327002257 14.345082016661761 3.8855983102694145 40.909243716858327 152.46185282059014 13.695655016228555 58.976773074828088 99.90176584944129 8.4985728906467539 5.2872671652585259 2.8894776208326212 9.3079851660877448 7.7468301504850379 23.357901684939861 134.20867607183754 26.378103183582425 5.8954580230638376 20.37196484580636 25.010056707076728 118.58834842126817 14.211173782125114 65.287194699048996 5.1728008436039117 8.6752072032541054 2.356111165136098 13.441837975755332 22.958563869819045 53.355102948844433 7.436904549598693 63.164705460891128 10.350091079249976 3.1532289683818808 9.05114255286753 504.26594483666122 258.69966635107994 8.7296263314783555 23.909793978556991
leaf_count=7675 1565 471 1414 614 103 184 1341 2343 199 78 1594 200 173 107 451 126 1272 139 84 464 326 71 399 995 11145 3173 258 135 417 1056 117 469 2964 118 67 41 106 104 222 2210 296 159 177 254 1414 235 644 112 161 18 176 202 539 61 580 171 54 112 6009 3167 186 213
internal_value=0.000318537 -0.00645978 0.00086873 0.00908277 -0.011014 -0.00780536 0.000829231 0.00106472 -0.00260129 0.000803003 -0.00230701 -0.00803815 0.010904 0.00669776 0.0113352 0.00166008 0.00184337 0.00149216 0.00757588 0.00936312 0.00404081 0.0169297 -0.000298593 -0.00743491 0.00127137 0.00510685 0.000736086 0.00019916 0.00564054 0.00730096 0.0175691 0.00610317 -0.00214233 -0.000394502 -0.00106126 0.0236898 0.0191797 -0.00174253 0.00794006 -0.00596961 -0.00205292 -0.0115537 0.0127125 0.00187122 0.00167999 0.00241512 0.00795945 0.0233985 0.0322291 0.0431077 0.0036833 0.00889268 0.00109224 0.0109305 0.0133993 0.0082238 0.0249538 0.04998 0.000301632 -0.00287338 -0.00436193 0.00790662
internal_weight=3628.11 250.117 97.4116 49.9116 152.705 47.5 3377.99 3296.32 458.175 284.375 220.38 173.8 63.9952 59.0259 49.3472 2838.14 2796.35 2640.86 155.491 145.326 96.249 20.5889 75.6601 45.8176 2605.21 313.827 2291.38 2069.97 221.412 207.067 54.6049 302.859 861.773 595.389 584.001 11.3881 14.5953 569.406 51.4767 266.384 160.587 105.797 43.7299 1208.2 1204.31 1085.73 204.319 39.4664 25.2553 16.5801 164.852 99.5651 881.407 60.792 76.6065 243.882 13.5033 14.2239 820.615 316.349 291.339 32.6394
internal_count=59930 10461 2683 1085 7778 1598 49469 47904 5145 2602 2230 2543 372 636 529 42759 41418 38953 2465 2381 1917 397 1520 1121 37681 4006 33675 31827 1848 1590 534 3867 17609 11980 11821 159 173 11648 503 5629 2506 3123 399 14218 14083 12669 2240 638 403 242 1602 958 10429 600 756 3398 225 224 9829 3820 3566 399
is_linear=0
shrinkage=0.03


Tree=112
num_leaves=63
num_cat=0
split_feature=6 11 25 11 4 11 4 12 29 22 11 2 12 23 9 6 11 20 10 17 19 13 13 11 23 16 13 22 7 2 18 9 17 10 18 26 17 2 20 24 12 12 16 14 26 11 23 25 23 16 7 23 7 31 13 23 9 17 16 29 4 23
split_gain=13.6181 13.7876 10.1491 9.90058 10.002 7.80595 7.65352 7.6204 8.63054 7.61226 9.25525 8.294 7.05403 7.0287 8.65329 7.01205 6.86453 6.64829 6.49055 9.33397 7.67578 7.09029 8.21599 7.15309 7.72018 6.65264 6.47346 6.36127 7.28466 6.33492 9.35128 6.27361 9.99516 8.39944 11.3987 11.6646 8.34906 7.77265 7.74736 7.02083 6.84717 6.80867 6.18338 6.06892 5.98264 6.59239 6.44263 6.32356 7.70192 7.34745 5.96161 7.89372 7.57533 6.67307 5.94978 5.79324 5.74332 5.68036 5.67992 11.2946 5.81164 5.5645
threshold=-0.92880016565322865 1.3354479670524599 -0.018762397579848763 0.37184321880340582 1.0026745796203616 -1.1629440188407896 -0.53084102272987355 -0.42628189921379084 0.82085561752319347 -0.16238173097372052 1.3891112804412844 0.080429606139659895 0.40207087993621832 1.2297234535217287 1.2573761940002444 -0.25670668482780451 -0.6534120738506316 0.041525570675730712 -0.29796378314495081 1.8419355750083926 -0.43536709249019617 -1.6302300691604612 0.20425720512866977 -0.41638375818729395 0.8891386389732362 0.040900737047195442 -0.24956821650266645 -0.68099862337112416 1.2715573310852053 0.98682820796966564 -0.51111647486686695 0.31642414629459387 -0.3014837503433227 1.3155029416084292 -0.52837771177291859 0.82435524463653576 1.1095293164253237 1.656048119068146 0.93376669287681591 1.6081447005271914 -0.724065601825714 0.75697174668312084 0.49818708002567297 0.18064018338918689 -0.83952859044075001 0.13139581680297854 -0.22632978111505506 -0.37051321566104883 0.25508962571620947 0.45722979307174688 -0.89266744256019581 0.8891386389732362 -0.77594074606895436 -0.35714286565780634 0.57540631294250499 0.91261956095695507 -1.0063593387603758 -0.84792250394821156 -0.59414979815483082 0.57738095521926891 0.56957736611366283 -0.62429556250572193
decision_type=2 2 2 2 2 2 2 2 2 2 2 2 2 2 2 2 2 2 2 2 2 2 2 2 2 2 2 2 2 2 2 2 2 2 2 2 2 2 2 2 2 2 2 2 2 2 2 2 2 2 2 2 2 2 2 2 2 2 2 2 2 2
left_child=1 5 9 4 13 -1 -5 8 15 10 11 27 -9 14 29 -6 -15 -7 21 20 25 -11 -23 61 -25 -20 -16 -2 -29 -4 -31 32 38 50 -35 36 40 39 -8 -34 -36 -41 -12 -32 47 46 -46 48 49 -22 51 53 -52 -33 55 -27 -44 -48 59 60 -54 -24
right_child=2 -3 3 6 7 17 31 12 -10 18 42 -13 -14 16 26 -17 -18 -19 19 -21 44 22 23 24 -26 54 -28 28 -30 30 43 33 37 34 35 -37 -38 -39 -40 41 -42 -43 56 -45 45 -47 57 -49 -50 -51 52 -53 58 -55 -56 -57 -58 -59 -60 -61 -62 -63
leaf_value=-0.017504227679797518 0.0047217328378908463 0.011782701623828894 -0.0059650383528825285 -0.0068955345585756849 -0.0094080548644934064 -0.0088177319879160498 -0.0133799285140922 -0.0096976624173031531 -0.00826423785340109 -0.0092450357428951035 -0.0019883188387363731 -0.013949930475900697 0.0068453687697503027 -0.0099926665509917183 -0.0086607289606522048 0.032730870987606069 0.0076484821278630976 0.0013548072824453759 -0.004206631785205142 0.019479998153512115 -0.0028628359142895193 0.016121294654485013 -0.006809076871240132 -0.0038710478884027314 0.011629551248498888 0.0464151653788571 0.020254537396295142 -0.0093826121767341814 0.016552223653566078 0.027435346378516093 0.010484387579434857 0.022786962846171481 0.00070263308086497285 -0.0093939123119711303 0.00045029632853112335 -0.0071729425575037149 0.0045820788566493962 -0.015705111265004474 0.011872683893642016 0.017571178499946664 0.038397002114526013 -0.0016646812421500306 -0.0053112042940455855 -0.012377070847361067 -0.015275436476413055 0.0029965190648252745 0.012129526621891996 0.015602352154364419 -0.011041966571165652 0.029276339073548832 0.021318399651905351 -0.015618133872936061 -0.017481469270413 -0.0035543912917583801 -0.0023568750070059349 -0.0059311417455734728 0.029146242172284623 -0.0043524969622095672 0.0026050773055912402 0.038507718339205056 0.018439232450402143 0.017242292960992868
leaf_weight=52.187864794395864 101.36220463365316 33.268431536853313 656.21187594439834 84.099371790885925 1.9736236855387748 146.09075956512243 67.588683623820543 29.98989274725318 5.7164547853171817 15.378823918290434 14.354896482080219 45.115414365194738 64.114604176953435 21.212314859032631 6.8945627119392183 16.718183597549796 80.442289194092155 91.747042479924858 6.167239302769306 23.382601086050272 12.486384432762863 104.06089408323169 7.5224785571917883 84.731548490934074 37.729786694049835 6.1540407799184305 16.584982331842184 71.702342717908323 6.5390929467976084 7.8819471504539242 13.978484131395815 7.1826351396739474 389.12700056470931 12.507037499919532 5.1071606911718801 10.127187825739382 14.898721899837254 17.674873359501362 8.8880584519356471 42.31457638554275 25.873667595908053 24.240534633398056 3.8356788177043226 18.511390290223062 37.711988911032677 180.52780874166638 17.515433804132044 40.364835734479129 23.269757758826017 6.6256716111674896 16.840960625559092 29.636224564164877 6.0196324791759235 26.359075887128711 3.3643344286829233 1.0474097374826667 14.61652930639684 111.6740302965045 534.79417363926768 6.4042189754545689 1.6304899137467144 49.149897973053157
leaf_count=3497 1863 716 14351 1496 36 6047 1149 297 59 288 201 620 553 196 161 146 645 2789 193 170 253 1664 289 1153 307 126 316 1393 115 102 168 150 3840 109 70 92 107 118 103 316 255 165 38 283 1234 2017 390 556 250 103 172 328 142 503 67 15 135 1533 4394 108 19 747
internal_value=0.000493691 -0.00533463 0.00107225 -4.82074e-05 -0.00239786 -0.00746455 0.00161398 0.00559034 0.0189295 0.00354018 -0.00091125 -0.00315848 0.00135004 -0.0035768 -0.00461833 0.027235 0.00367141 -0.00494653 0.00502741 0.00278306 0.0017036 0.0084585 0.0095636 0.00541984 0.00117348 0.0191027 0.011734 -0.000143317 -0.00635105 -0.00524921 0.0057612 0.00221301 -0.000185336 0.0040918 0.0137147 0.0192221 0.0251807 0.00147068 -0.0098966 0.00230012 0.0330734 0.0109384 0.0128636 -0.00245465 0.000815101 -0.000939844 -0.0051609 0.00781729 -0.000461301 0.0120395 0.00294349 -0.00549753 0.00392611 0.00431073 0.0296891 0.0394911 0.0223783 -0.00174918 0.00320481 0.0193537 -0.00556344 0.0137566
internal_weight=3621.23 323.294 3297.94 2271.54 940.231 290.026 1331.31 118.513 24.4083 1026.39 257.526 224.719 94.1045 821.718 720.063 18.6918 101.655 237.838 768.865 470.292 446.909 298.573 283.195 179.134 122.461 16.733 23.4795 179.604 78.2414 696.584 40.3718 1247.21 549.834 697.381 68.5138 56.0067 45.8796 473.357 76.4767 455.682 30.9808 66.5551 32.8071 32.4899 430.176 347.429 166.901 82.7466 42.3818 19.1121 628.867 63.1779 565.689 33.5417 10.5658 7.20145 18.4522 129.189 548.849 14.0543 7.65012 56.6724
internal_count=59718 13049 46669 30949 17313 12333 13636 1091 241 15720 4365 3991 850 16222 15381 182 841 8836 11355 6907 6737 4448 4160 2496 1460 401 477 3371 1508 14904 553 12140 5691 6449 633 524 432 4439 1252 4321 325 481 374 451 6336 5174 3157 1162 606 356 5816 981 4835 653 208 141 173 1923 4663 269 161 1036
is_linear=0
shrinkage=0.03


end of trees

feature_importances:
Column_11=430
Column_14=413
Column_4=370
Column_3=354
Column_7=341
Column_15=330
Column_21=330
Column_8=306
Column_32=305
Column_9=297
Column_25=296
Column_6=264
Column_23=246
Column_26=228
Column_10=219
Column_5=216
Column_16=215
Column_20=205
Column_17=200
Column_24=199
Column_12=191
Column_22=174
Column_13=150
Column_29=139
Column_18=99
Column_0=89
Column_2=87
Column_31=85
Column_1=84
Column_30=43
Column_19=35
Column_27=25
Column_34=18
Column_33=14
Column_35=8
Column_28=1

parameters:
[boosting: gbdt]
[objective: binary]
[metric: binary_logloss]
[tree_learner: serial]
[device_type: cpu]
[data_sample_strategy: bagging]
[data: ]
[valid: ]
[num_iterations: 800]
[learning_rate: 0.03]
[num_leaves: 63]
[num_threads: 0]
[seed: 0]
[deterministic: 0]
[force_col_wise: 0]
[force_row_wise: 0]
[histogram_pool_size: -1]
[max_depth: -1]
[min_data_in_leaf: 20]
[min_sum_hessian_in_leaf: 0.001]
[bagging_fraction: 0.8]
[pos_bagging_fraction: 1]
[neg_bagging_fraction: 1]
[bagging_freq: 1]
[bagging_seed: 101]
[bagging_by_query: 0]
[feature_fraction: 0.8]
[feature_fraction_bynode: 1]
[feature_fraction_seed: 201]
[extra_trees: 0]
[extra_seed: 6]
[early_stopping_round: 0]
[early_stopping_min_delta: 0]
[first_metric_only: 0]
[max_delta_step: 0]
[lambda_l1: 0]
[lambda_l2: 5]
[linear_lambda: 0]
[min_gain_to_split: 0]
[drop_rate: 0.1]
[max_drop: 50]
[skip_drop: 0.5]
[xgboost_dart_mode: 0]
[uniform_drop: 0]
[drop_seed: 4]
[top_rate: 0.2]
[other_rate: 0.1]
[min_data_per_group: 100]
[max_cat_threshold: 32]
[cat_l2: 10]
[cat_smooth: 10]
[max_cat_to_onehot: 4]
[top_k: 20]
[monotone_constraints: ]
[monotone_constraints_method: basic]
[monotone_penalty: 0]
[feature_contri: ]
[forcedsplits_filename: ]
[refit_decay_rate: 0.9]
[cegb_tradeoff: 1]
[cegb_penalty_split: 0]
[cegb_penalty_feature_lazy: ]
[cegb_penalty_feature_coupled: ]
[path_smooth: 0]
[interaction_constraints: ]
[verbosity: -1]
[saved_feature_importance_type: 0]
[use_quantized_grad: 0]
[num_grad_quant_bins: 4]
[quant_train_renew_leaf: 0]
[stochastic_rounding: 1]
[linear_tree: 0]
[max_bin: 255]
[max_bin_by_feature: ]
[min_data_in_bin: 3]
[bin_construct_sample_cnt: 200000]
[data_random_seed: 301]
[is_enable_sparse: 1]
[enable_bundle: 1]
[use_missing: 1]
[zero_as_missing: 0]
[feature_pre_filter: 1]
[pre_partition: 0]
[two_round: 0]
[header: 0]
[label_column: ]
[weight_column: ]
[group_column: ]
[ignore_column: ]
[categorical_feature: ]
[forcedbins_filename: ]
[precise_float_parser: 0]
[parser_config_file: ]
[objective_seed: 5]
[num_class: 1]
[is_unbalance: 0]
[scale_pos_weight: 1]
[sigmoid: 1]
[boost_from_average: 1]
[reg_sqrt: 0]
[alpha: 0.9]
[fair_c: 1]
[poisson_max_delta_step: 0.7]
[tweedie_variance_power: 1.5]
[lambdarank_truncation_level: 30]
[lambdarank_norm: 1]
[label_gain: ]
[lambdarank_position_bias_regularization: 0]
[eval_at: ]
[multi_error_top_k: 1]
[auc_mu_weights: ]
[num_machines: 1]
[local_listen_port: 12400]
[time_out: 120]
[machine_list_filename: ]
[machines: ]
[gpu_platform_id: -1]
[gpu_device_id: -1]
[gpu_use_dp: 0]
[num_gpu: 1]

end of parameters

pandas_categorical:null
