tree
version=v4
num_class=1
num_tree_per_iteration=1
label_index=0
max_feature_idx=35
objective=binary sigmoid:1
feature_names=Column_0 Column_1 Column_2 Column_3 Column_4 Column_5 Column_6 Column_7 Column_8 Column_9 Column_10 Column_11 Column_12 Column_13 Column_14 Column_15 Column_16 Column_17 Column_18 Column_19 Column_20 Column_21 Column_22 Column_23 Column_24 Column_25 Column_26 Column_27 Column_28 Column_29 Column_30 Column_31 Column_32 Column_33 Column_34 Column_35
feature_infos=[-3.9905214309692383:3.2175517082214355] [-3.9109416007995605:2.9676697254180908] [-3.9079253673553467:3.2470386028289795] [-3.3669755458831787:3.3159775733947754] [-3.4599771499633789:3.6952447891235352] [-3.4641015529632568:3.4048402309417725] [-3.7619295120239258:2.7283148765563965] [-4.035773754119873:4.1087937355041504] [-3.6942248344421387:3.7089192867279053] [-4.123105525970459:3.872983455657959] [-3.455817699432373:3.8223538398742676] [-3.3484282493591309:3.0333809852600098] [-4.123105525970459:3.872983455657959] [-4.123105525970459:4.123105525970459] [-4.123105525970459:3.872983455657959] [-3.779984712600708:2.8088884353637695] [-4.1142840385437012:2.4390368461608887] [-3.3166248798370361:3.6055512428283691] [-2.6457512378692627:4.123105525970459] [-3.071666955947876:2.6456985473632812] [-3.7004332542419434:3.0676600933074951] [-3.6732778549194336:3.3143525123596191] [-3.6786110401153564:2.9239792823791504] [-4.0098056793212891:2.7074906826019287] [-3.5454251766204834:2.9662940502166748] [-4.123105525970459:4.123105525970459] [-4.0441117286682129:3.7416574954986572] [1:8] [0:1] [0:1] [-51:0] [-1:1] [5:18] [0:3] [1:4] [0:1]
tree_sizes=6696 6909 6883 6904 6912 6911 6899 6894 6887 6923 6919 6909 6939 6930 6946 6950 6940 6944 6915 6929 6910 6926 6906 6943 6910 6925 6927 6934 6927 6927 6947 6944 6931 6930 6923 6964 6937 6924 6945 6951 6954 6900 6967 6943 6933 6936 6923 6956 6973 6968 6953 6952 6956 6961 6969 6963 6962 6929 6942 6957 6928 6926 6944 6942 6945 6978 6960 6961 6975 6957 6958 6983 6980 6950 6975 6989 6946 6974 6965 6940 6973 6959 6935 6960 6962 7001 6955 6949 6962 6961 6957 6958 6977 6923 6942 6984 6945 6955 6940 6922 6966 6961 6953 6954 6930 6941 6925 6935 6967 6945 6963 7005 6952 6935 6967 6951 6975 6962 6973 6955 6965 6987

Tree=0
num_leaves=63
num_cat=0
split_feature=15 3 3 6 24 15 32 6 14 3 15 23 14 25 11 20 23 20 15 9 7 25 11 3 23 3 23 5 3 14 18 5 5 7 11 6 14 11 7 25 9 20 11 24 35 14 3 20 7 15 32 7 15 25 32 32 7 7 20 0 2 5
split_gain=1998.23 523.195 458.31 177.327 147.143 96.108 84.9924 75.1439 66.6422 59.7463 49.3359 42.8572 39.6986 41.4073 35.9121 34.4243 27.7486 26.777 42.2438 27.3279 25.741 22.5836 22.227 22.1489 21.8741 21.7814 22.045 21.7311 21.4517 19.9119 19.0483 21.5392 18.9007 24.0116 17.7068 17.1806 16.9723 16.7879 15.9876 15.7514 16.252 15.6461 15.4635 16.9212 14.8687 14.4601 14.1264 14.09 13.2368 13.1192 13.0532 14.4548 12.9837 12.9033 12.163 11.8978 12.1485 11.6575 11.5296 14.4299 11.5276 12.4244
threshold=0.7943515181541444 0.38644681870937353 1.1233904361724856 -0.34253501892089838 1.1099837422370913 0.087022006511688246 12.500000000000002 0.65973821282386791 -0.34251622855663294 0.21291141957044604 -0.067129451781511293 0.27820223569870001 -0.90419462323188771 0.28868220746517187 0.061053849756717689 -0.085398204624652849 0.49687351286411291 0.28593853116035467 0.85103580355644237 -2.2353019714355464 -0.55664002895355214 0.26748909056186682 -0.011559306178241966 -0.72122421860694874 0.24323514103889468 0.64183306694030773 1.0000000180025095e-35 0.74050915241241466 1.2230356931686404 0.21859091520309451 -0.60769757628440846 -0.38210467994213099 0.028301054611802105 -0.11386926099658011 1.6585459113121035 1.3273013234138491 -0.70650210976600636 -1.0015843510627744 -0.49957396090030665 1.2435487508773806 -1.9703051447868345 1.149778485298157 0.46498152613639837 0.68660536408424389 1.0000000180025095e-35 -0.60638168454170216 -0.22708977013826367 -0.18348116427659986 -1.0434810519218443 0.12986619025468829 17.500000000000004 -1.0039436221122739 1.2087481617927553 2.3726763725280766 13.500000000000002 15.500000000000002 -0.87310016155242909 0.17512354999780658 -0.77797907590866078 -0.33219288289546961 0.93689990043640148 -0.24527881294488904
decision_type=2 2 2 2 2 2 2 2 2 2 2 2 2 2 2 2 2 2 2 2 2 2 2 2 2 2 2 2 2 2 2 2 2 2 2 2 2 2 2 2 2 2 2 2 2 2 2 2 2 2 2 2 2 2 2 2 2 2 2 2 2 2
left_child=1 5 6 29 14 11 9 -8 15 38 28 22 13 20 -4 55 41 53 -19 -20 -9 35 -1 -15 -16 -17 -27 39 -10 32 -22 -32 -3 -34 -33 52 46 -21 -2 40 -18 -12 47 -44 54 -40 -13 -42 -26 -29 51 -39 -14 -6 -7 56 -5 -48 -50 -60 61 -11
right_child=2 3 4 8 17 44 7 12 10 60 16 36 21 23 24 25 27 18 19 37 30 -23 -24 -25 48 26 -28 49 -30 -31 31 34 33 -35 -36 -37 -38 50 45 -41 42 -43 43 -45 -46 -47 57 -49 58 -51 -52 -53 -54 -55 -56 -57 -58 -59 59 -61 -62 -63
leaf_value=-2.5854670010075496 -2.5646747105137537 -2.5672075911618188 -2.5452162963794107 -2.5705853330934034 -2.495344124074419 -2.5491999461333439 -2.5601449383284396 -2.551994837736812 -2.5680614933060428 -2.5465993573212224 -2.5572352414692894 -2.5665623077715076 -2.5491831736804471 -2.5715883488515399 -2.5545052120305018 -2.5434486427226495 -2.5725024445393414 -2.5564192344927497 -2.5599062462887741 -2.5572955855820481 -2.5636607967700966 -2.5573717301455798 -2.5773917966994317 -2.5271904557518097 -2.5518429983629285 -2.5580715627456674 -2.491861738329554 -2.5500482217283729 -2.5425978060597547 -2.5778704275814017 -2.5610678930881425 -2.4636276918446711 -2.5759251063340907 -2.5126772483022171 -2.5619350005441364 -2.5147249516668611 -2.5737914540683238 -2.5534420938006472 -2.5140912058112534 -2.5622622391835121 -2.5724852459424796 -2.5338138976823079 -2.5466413050515579 -2.5187546674123071 -2.5701696122652811 -2.5538564295120518 -2.560264826333718 -2.5410898527026249 -2.5481836985480597 -2.5041626726143713 -2.5204628025154356 -2.4419487688109323 -2.5267448223380455 -2.5564192344927497 -2.5640538115722995 -2.5680201232785178 -2.5239162353917699 -2.5197623365433386 -2.5641922395697647 -2.4937894604336979 -2.5442795473441793 -2.4830348542405596
leaf_weight=985.57530107349157 14.396717727184294 59.519763566553593 28.260223686695099 4.132391199469569 38.457898743450642 68.917620971798897 129.03724777698517 6.6651470959186545 111.64121385663748 5.2654662057757369 121.17237420380116 42.257032588124275 77.382357783615589 10.59758388251066 8.2647823989391309 17.062776565551758 8.1981309279799444 3.8657853156328192 1.9995441287755955 1.4663323611021031 1.866241186857226 54.120994418859482 533.41172208636999 34.325507543981075 5.8653294444084159 5.1988147348165503 42.656941413879395 9.7311147600412351 35.058673724532127 168.89482741057873 2.2661500126123455 22.994757480919365 5.3321176767349252 9.5978118181228602 1.4663323611021031 28.726783983409405 279.20301184803247 1.5996353030204762 17.99589715898037 24.061181016266346 11.330750063061712 27.926966331899166 35.325279608368874 66.851425372064114 222.68256447464228 15.196535378694533 11.664007417857649 84.380762234330177 6.3318897411227217 24.994301609694958 8.6646912246942502 87.513381369411945 33.592341363430023 3.8657853156328192 145.90006992965937 13.330294191837309 13.796854488551618 8.5313882827758771 1.9995441287755955 89.312971085309982 6.6651470959186545 48.455619387328625
leaf_count=14787 216 893 424 62 577 1034 1936 100 1675 79 1818 634 1161 159 124 256 123 58 30 22 28 812 8003 515 88 78 640 146 526 2534 34 345 80 144 22 431 4189 24 270 361 170 419 530 1003 3341 228 175 1266 95 375 130 1313 504 58 2189 200 207 128 30 1340 100 727
internal_value=-2.55937 -2.56998 -2.51706 -2.55062 -2.487 -2.57756 -2.53451 -2.54125 -2.54255 -2.51127 -2.54673 -2.58053 -2.53249 -2.51501 -2.51185 -2.51999 -2.54149 -2.46573 -2.45523 -2.45168 -2.49217 -2.54066 -2.5827 -2.53785 -2.50438 -2.50816 -2.49826 -2.53572 -2.56163 -2.57231 -2.48138 -2.47584 -2.55932 -2.53378 -2.46898 -2.53447 -2.57068 -2.44958 -2.53943 -2.53985 -2.53722 -2.55217 -2.53547 -2.52736 -2.56483 -2.52921 -2.5567 -2.54528 -2.50078 -2.51425 -2.44813 -2.44354 -2.54128 -2.50003 -2.55917 -2.54822 -2.5348 -2.53871 -2.49822 -2.49551 -2.49229 -2.48766
internal_weight=3996.82 3198.34 798.485 900.195 287.468 2298.14 511.017 403.041 656.85 107.975 560.672 1860.64 274.004 80.1817 140.035 96.1781 413.972 147.433 105.109 101.244 35.2586 193.822 1518.99 44.9231 111.775 64.9185 47.8558 264.873 146.7 243.345 28.5935 26.7272 74.4497 14.9299 24.4611 139.701 341.655 99.244 47.5892 230.148 206.086 149.099 197.888 102.177 437.5 33.1924 62.4524 95.7115 103.51 34.7254 97.7777 89.113 110.975 42.3237 214.818 31.2595 17.9292 20.1954 97.6444 91.3125 60.3862 53.7211
internal_count=59966 47986 11980 13506 4313 34480 7667 6047 9855 1620 8412 27916 4111 1203 2101 1443 6211 2212 1577 1519 529 2908 22790 674 1677 974 718 3974 2201 3651 429 401 1117 224 367 2096 5126 1489 714 3453 3092 2237 2969 1533 6564 498 937 1436 1553 521 1467 1337 1665 635 3223 469 269 303 1465 1370 906 806
is_linear=0
shrinkage=1


Tree=1
num_leaves=63
num_cat=0
split_feature=15 23 6 23 15 7 6 7 17 20 17 14 14 8 15 23 11 18 11 2 11 0 11 6 14 7 25 26 14 7 25 15 23 5 17 11 17 25 0 20 11 25 7 23 14 5 20 8 7 17 11 10 22 30 16 20 11 5 25 7 16 7
split_gain=1858 367.24 312.968 127.903 102.472 81.1844 76.823 58.6509 50.5972 47.0569 46.0607 42.1496 34.6437 33.2726 28.2713 26.6839 24.384 22.9082 21.6458 20.94 20.8999 19.9897 19.7131 17.4606 17.3331 21.2437 16.9084 16.631 16.2932 16.2643 15.6472 15.4836 15.3361 15.1831 14.7989 17.2183 14.7365 14.7372 14.5737 14.38 19.2133 13.358 13.2157 14.9881 14.0159 13.1016 12.3961 16.9156 11.9529 11.8689 11.831 11.8569 11.4084 13.1779 11.3562 11.3512 11.2243 10.9421 13.5039 10.8542 10.9316 10.7658
threshold=0.73107045888900768 0.33359599113464361 0.73624765872955333 1.1380447745323183 0.045292682945728309 -0.80568778514862049 -0.25670668482780451 0.69212937355041515 0.16906858980655673 0.61775311827659618 0.43828025460243231 -0.78310251235961903 -1.0100318193435667 -1.9191123247146604 1.2087481617927553 0.84280914068222057 0.63317885994911205 -0.32478055357933039 -0.80681017041206349 -0.37942311167716974 -0.90915584564208973 -0.18944817036390302 0.4772974848747254 -0.45703840255737299 0.27779406309127813 -0.59333956241607655 1.5729056596755984 1.3379955291748049 0.21859091520309451 0.53186443448066723 0.17063122987747195 0.55761152505874645 -0.39517264068126673 -0.8608281910419463 -1.0000000180025095e-35 -0.2511975616216659 0.37150834500789648 0.17063122987747195 -0.071802720427513109 0.92117333412170421 0.89920526742935192 3.1635932922363286 -0.85574060678482045 0.81128612160682689 -0.76831158995628346 0.79980093240737926 0.83788928389549266 -0.34270763397216791 1.7015676498413088 -0.10051433742046355 0.66872319579124462 1.545998275279999 -0.78657361865043629 -6.1714284420013419 0.69977340102195751 -1.6537529826164243 0.34792445600032812 0.83122432231903087 -0.14611823111772534 -0.069285489618778215 0.29413552582263952 0.26012976467609411
decision_type=2 2 2 2 2 2 2 2 2 2 2 2 2 2 2 2 2 2 2 2 2 2 2 2 2 2 2 2 2 2 2 2 2 2 2 2 2 2 2 2 2 2 2 2 2 2 2 2 2 2 2 2 2 2 2 2 2 2 2 2 2 2
left_child=1 4 12 10 16 -5 28 8 17 34 24 19 29 -11 26 45 23 42 -16 -9 -15 -20 -10 -1 25 -4 50 52 61 -2 -24 -19 -14 -23 -7 -36 37 57 -27 49 -41 55 -8 -44 -45 -13 56 -48 -31 -34 -12 -52 -22 -54 -18 -37 -17 -6 -59 60 -35 -3
right_child=2 6 3 5 36 9 7 11 22 13 14 15 32 20 18 46 54 31 21 -21 27 33 30 -25 -26 38 -28 -29 -30 48 -32 -33 39 59 35 41 -38 -39 -40 40 -42 -43 43 44 -46 -47 47 -49 -50 -51 51 -53 53 -55 -56 -57 -58 58 -60 -61 -62 -63
leaf_value=-0.025771152680961171 0.017024197143619992 -0.0093050769723802395 0.0036976611945046894 0.0092620460970030665 -0.010897597649752202 0.0099118704846128287 -0.011784235398786019 -0.0102115774546653 0.0050873041128308965 -0.0040794553332421084 0.026503531882108654 0.0013999392344262193 -0.013408644465103333 0.0097756025138269233 0.0034369924673375131 -0.00053469179716437315 -0.01436742562105979 -0.012393381074225241 -0.0027345228775742737 0.066293798070879609 0.015333514158121798 0.0075337586304140194 0.031590251356446365 -0.01856532777312539 0.012545527386302801 -0.00047166136104115895 0.0063463703013482151 0.013224537344606931 -0.01805769525031441 0.061672244819244347 0.0058508459260008328 0.0097369387338065352 -0.011518655500865834 -0.0047110442667511881 0.0054568007737940847 -0.0035449019915754373 0.0073118834571932424 0.016444196852879577 0.042537816493466399 0.010366468865067473 0.053422609181877044 0.0092844366841333143 0.0009253859361683859 0.048088603967756161 0.01127981569489302 0.030621456089700103 0.014465930599494978 0.065001460078988091 -0.0048893481522939907 0.0082380100588909707 0.055352989566913591 -0.0034859695913870212 0.016787660839752427 0.10370569244303783 0.0072145466696482054 0.066148472032565575 0.029010509952410914 0.026924061406245064 -0.012368993429349428 0.08057251619423543 0.047860664278655034 0.0097310583853447239
leaf_weight=855.84952709078789 35.943985566496849 65.941589951515198 19.460584089159966 20.490581758320332 222.49284046143293 8.7516375035047513 30.627191267907619 2.3043662235140827 93.905483447015285 2.829547367990016 56.314250700175762 91.411552093923092 27.328425616025925 3.8213372305035582 6.2188338488340369 19.900208972394466 240.10037745535374 189.80732602626085 3.4946909472346297 19.441744640469551 3.4138541296124449 5.0669532790780059 72.110212750732899 593.21934074908495 66.029752165079117 7.5918386802077285 17.776250451803207 3.8042552247643462 132.82904777675867 14.265481658279898 33.015939086675644 29.502344578504562 30.139804191887379 3.0174243673682204 6.4087304919958106 1.6530831605195988 83.107299014925957 17.999746881425381 83.220898598432541 40.208324946463108 8.7725490629672986 6.0886607542634001 94.608770318329334 8.1976770684123021 50.28273019939661 11.384093470871447 14.471582032740118 12.992280796170233 1.9798307642340649 123.13212757557631 44.349430605769157 2.6774186193943015 3.7740310430526725 82.734879218041897 21.107882112264633 73.311024896800518 22.076027303934097 11.907119654119015 10.623065553605556 54.03129406273365 30.27796533703804 38.077855058014393
leaf_count=13106 533 996 289 299 3350 127 460 34 1400 40 820 1369 409 56 91 298 3652 2851 51 285 48 74 1064 9055 966 111 262 54 2017 210 493 440 449 44 93 24 1249 270 1210 594 128 90 1420 121 748 169 214 192 29 1823 640 39 53 1155 320 1047 326 179 160 773 439 571
internal_value=2.10903e-05 -0.0110298 0.0378728 0.0497752 -0.0183462 0.0686226 0.00355502 0.00801398 0.00331718 0.0744265 0.038813 0.0221417 0.0114126 0.0905848 0.0480781 0.016137 -0.0213518 -0.00281306 0.0606694 0.0577933 0.0933958 0.0640269 0.0154952 -0.0228952 0.0260797 0.0332881 0.0354786 0.0961373 -0.0112872 0.0323672 0.0241392 -0.00926565 0.0060607 0.0665629 0.0539266 0.0575567 -0.00340249 -0.00686116 0.0391053 0.00895142 0.0223119 0.0611197 0.00493107 0.0085421 0.0198209 0.00590632 0.029868 0.044702 0.0543187 0.00411185 0.0399656 0.05199 0.0987636 0.101038 -0.0125207 0.0644861 0.0164376 -0.00886782 0.00951562 0.0693944 0.0431033 -0.00220992
internal_weight=3987.67 3089.3 898.38 616.609 2056.41 217.082 1032.89 796.04 602.058 196.591 399.528 193.982 281.771 100.378 223.225 172.236 1710.28 403.026 102.107 21.7461 97.5484 95.8883 199.032 1449.07 176.303 110.273 121.117 93.727 236.848 52.1893 105.126 219.31 229.581 92.3936 96.2131 87.4615 346.13 263.023 90.8127 202.253 48.9809 81.0528 183.716 153.089 58.4804 102.796 69.4401 27.4639 16.2453 153.272 103.341 47.0268 89.9228 86.5089 261.208 74.9641 41.9762 245.023 22.5302 87.3267 33.2954 104.019
internal_count=59879 46809 13070 8895 31341 3086 15468 11884 8997 2787 5809 2887 4175 1406 3233 2568 26133 6040 1472 319 1366 1381 2957 22161 2576 1610 1761 1310 3584 772 1557 3291 3403 1330 1381 1254 5208 3959 1321 2994 722 1161 2749 2289 869 1538 1030 406 239 2272 1499 679 1256 1208 3972 1071 624 3689 339 1256 483 1567
is_linear=0
shrinkage=0.03


Tree=2
num_leaves=63
num_cat=0
split_feature=15 3 3 6 6 15 4 32 3 4 24 6 7 32 3 15 11 14 15 11 11 8 4 25 18 14 4 25 14 26 14 8 32 0 8 32 7 14 8 8 4 17 14 3 32 15 7 17 13 31 11 7 0 15 6 4 8 3 4 14 8 7
split_gain=1772.06 454.013 341.629 142.649 124.295 117.697 99.8252 91.987 57.755 51.8497 51.0136 38.6386 35.879 33.197 32.8555 28.131 27.7011 26.2374 25.085 24.0027 23.7059 23.5961 23.0555 22.8202 35.1045 27.7093 22.46 21.9923 21.9722 20.1764 19.7147 18.4428 25.3504 20.8516 17.4799 17.3704 15.995 15.9065 15.8587 15.7961 17.2443 15.5885 15.3296 15.2409 14.9185 14.5267 14.0862 13.3783 13.8908 13.3509 12.9989 12.9108 12.2908 12.0576 11.3771 10.7445 10.5829 10.4672 10.3959 11.3978 10.3685 10.2421
threshold=0.7943515181541444 0.38644681870937353 1.1403037309646609 -0.3289418071508407 0.78147754073143016 0.045292682945728309 1.2038460373878481 12.500000000000002 1.4865180850028994 -0.27684679627418513 0.85097411274909984 0.52198198437690746 -0.55664002895355214 8.5000000000000018 -0.42061558365821833 0.88642296195030224 -0.90915584564208973 -0.70650210976600636 -0.23545891791582105 0.44222675263881689 0.036560259759426124 -0.47009916603565211 0.72386312484741222 0.34611792862415319 -0.60769757628440846 -0.8340325355529784 0.44770708680152899 2.6461292505264287 0.21859091520309451 -1.5628060102462766 0.37779803574085241 -1.609866678714752 17.500000000000004 -1.0000000180025095e-35 -1.3589149713516233 14.500000000000002 -0.92921462655067433 0.27779406309127813 -0.083661079406738267 0.1623354181647301 -0.46991141140460962 0.58624929189682018 -1.40824419260025 -0.12844875454902646 15.500000000000002 0.077576376497745528 -0.69763499498367298 -0.442232996225357 -1.3214128017425535 1.0000000180025095e-35 1.4063847064971926 -0.96671149134635914 -0.40958376228809351 -0.29607845842838282 1.3273013234138491 2.3550682067871098 -1.7905676364898679 0.68077734112739574 -0.41279281675815577 -0.20280228555202481 1.7417139410972597 1.4981490373611452
decision_type=2 2 2 2 2 2 2 2 2 2 2 2 2 2 2 2 2 2 2 2 2 2 2 2 2 2 2 2 2 2 2 2 2 2 2 2 2 2 2 2 2 2 2 2 2 2 2 2 2 2 2 2 2 2 2 2 2 2 2 2 2 2
left_child=1 5 7 28 41 11 8 9 13 -2 42 20 -12 -5 -11 -6 -17 21 -15 -10 55 -16 35 24 -14 -26 -22 31 38 -23 43 -18 33 -33 -8 58 -35 -25 -3 -21 -41 -4 -9 -13 50 -40 -19 -38 -49 -24 -20 -45 -36 -53 -27 -1 -56 -46 -7 -60 -50 -48
right_child=2 3 4 6 15 22 34 10 19 14 12 30 23 18 17 16 27 46 44 39 26 29 49 37 25 54 -28 -29 -30 -31 -32 32 -34 36 52 -37 47 -39 45 40 -42 -43 -44 51 57 -47 61 48 60 -51 -52 53 -54 -55 56 -57 -58 -59 59 -61 -62 -63
leaf_value=-0.025153571330608471 -0.0059420838046244946 -0.014063234478681182 0.0048602898446880689 0.042369153241167884 0.028468734574765602 -0.013640215234926849 -0.00093271396580864047 0.024031540305883194 0.011198389667802205 0.0149820591674589 0.0017127876830784943 -0.008159924116693194 -0.0060916219924896618 -0.0083272254904425674 0.0095447035319208284 -0.00094205365703199932 0.030191761379427071 0.0020490594559888567 0.011300443269968354 0.027956474295265047 -0.018529322943490072 -0.0002026575149592354 0.026739944424881486 0.022387361218102114 0.071525973708327195 0.022769593610375248 0.0041004436034329638 0.0075498816826518218 -0.01780451575376572 0.10040777072444058 -0.019494840500755648 0.0097349002877708847 0.035237281136820918 0.02500336197000097 -0.00078587595873485529 -0.010851100938290018 0.018531395044761974 -0.011937395206020459 -0.0019837750008666749 -0.0077262258515852257 0.075068451188226776 0.035261142885471886 0.0014323206638224848 -0.017820819065073809 -0.0065876267176359768 0.029918926618126895 0.051359546952400123 0.0078237046990099601 0.093571862065451622 -0.0037460811894646051 0.036085174694240593 -0.0032200632372335401 0.060636994318112813 0.030507438154129859 -0.0074423764657591349 0.015542401311331923 0.054765857952356334 0.0074853403703460568 0.01636235236839682 -0.0014323093452257157 0.011107814419720955 -0.0016961079380774082
leaf_weight=1079.8605194687843 13.564625822007654 30.18872445076704 26.693003304302692 18.037694819271564 19.792622648179531 27.754116922616959 4.9166099950671187 27.629627890884876 37.959685668349266 19.937381252646446 44.596049398183823 80.055381305515766 12.524498380720614 93.096202969551086 4.5659726560115841 3.965283825993537 14.312323145568369 7.52895963191986 175.92099234461784 42.895774431526661 439.84744071215391 1.885312058031565 27.70292890816927 57.571984179317951 25.941524103283882 61.488900922238827 41.526448212563992 5.0425177142024031 164.09478394687176 25.327258266508576 78.099596790969372 4.5152763724327079 19.517179161310196 8.2653762772679311 2.9746892899274817 262.70705134421587 5.2268562018871298 11.713908120989798 28.045237459242344 1.5667453482747102 14.927946217358111 36.819059357047081 161.35634133964777 6.1635400205850592 66.478938065469265 17.83839175850153 39.493018418550491 2.740619145333766 159.25827527791262 19.567977733910084 18.390641294419765 12.940833322703837 46.392004549503326 23.831155605614185 1.4855698794126535 2.7691147252917281 22.627987414598465 139.03411943465471 46.384572364389896 85.726338490843773 2.8379821404814711 3.1962716877460471
leaf_count=16864 194 458 384 266 275 418 72 400 559 289 650 1221 178 1409 63 58 194 108 2590 620 6792 26 415 821 349 878 640 70 2537 349 1196 61 267 118 44 3976 71 171 426 23 216 525 2387 94 986 267 551 37 2098 296 268 197 674 357 21 43 312 2044 696 1291 37 45
internal_value=0.000358913 -0.0100664 0.0386132 0.00785814 0.063634 -0.017308 0.0150108 0.0239096 0.0112836 0.0472637 0.0171177 -0.0208523 0.0262249 0.00708396 0.0542907 0.0732673 0.076494 0.0624381 0.00538026 0.0319032 -0.0224469 0.08524 -0.00391377 0.0316928 0.0393984 0.0445484 -0.016555 0.0778692 -0.0117788 0.0944879 -0.00820614 0.0792984 0.0819598 0.0858764 0.0523038 -0.00617642 0.0874862 0.0161713 0.00151567 0.0432396 0.0672363 0.0237714 0.00527057 -0.000556249 0.00863537 0.0121404 0.041597 0.0897221 0.0913675 0.014969 0.0144926 0.0129935 0.0572039 0.0196733 0.0328769 -0.0249785 0.0503134 0.0028847 0.00160162 0.0051843 0.0925037 0.0476258
internal_weight=3989.12 3137.7 851.422 902.759 308.986 2234.94 662.592 542.435 608.309 115.499 426.936 1765.09 237.95 510.959 101.934 245.474 225.682 81.9968 492.921 97.3502 1564 31.7785 469.843 193.354 124.068 111.544 481.374 221.716 240.167 27.2126 201.091 216.674 202.362 182.844 54.2833 422.572 178.329 69.2859 76.0724 59.3905 16.4947 63.5121 188.986 122.991 399.825 45.8836 50.2182 170.064 164.837 47.2709 194.312 42.9355 49.3667 36.772 85.6025 1082.63 24.1136 205.513 159.865 132.111 162.096 42.6893
internal_count=59942 47955 11987 13459 4195 34496 9771 7792 8981 1625 6167 27404 3380 7563 1431 3286 3011 1142 7297 1418 24339 438 7092 2730 1738 1560 7432 2953 3688 375 3065 2883 2689 2422 790 6381 2361 992 1151 859 239 909 2787 1869 5888 693 704 2243 2172 711 2858 648 718 554 1211 16907 333 3030 2405 1987 2135 596
is_linear=0
shrinkage=0.03


Tree=3
num_leaves=63
num_cat=0
split_feature=15 3 3 24 23 32 24 32 15 15 24 8 7 3 15 32 15 15 3 14 3 8 23 14 7 32 3 14 3 11 14 11 20 9 25 24 24 31 14 25 25 3 9 3 14 11 11 9 18 11 14 17 20 7 20 17 31 23 25 15 17 8
split_gain=1577.41 385.129 293.751 128.28 92.0679 84.8771 80.0222 52.6605 42.8782 37.7077 36.5643 35.9115 35.0635 31.896 31.5691 30.0878 28.567 26.6889 21.5249 21.4467 29.5511 21.4188 20.7839 20.1678 20.023 18.9607 18.6467 18.4971 17.3086 16.7046 16.5916 16.0948 14.7816 14.5767 14.2526 14.2092 13.7589 13.7075 13.6211 13.9696 13.4272 12.6517 12.315 12.211 12.058 11.9466 11.5777 11.5745 12.1744 11.1055 11.0679 10.9141 11.8807 10.6061 10.4422 10.3967 10.2757 10.0594 9.91878 9.73072 9.64784 9.5843
threshold=0.75143995881080639 0.38644681870937353 1.1233904361724856 0.72805076837539684 0.24323514103889468 12.500000000000002 0.72805076837539684 13.500000000000002 -0.15470967441797254 0.26813761889934545 0.48140758275985723 0.63392513990402233 -0.94820669293403614 1.4865180850028994 1.2087481617927553 9.5000000000000018 1.2558429241180422 -0.35810057818889612 1.2597366571426394 0.3561625480651856 -0.023729142732918259 0.1968776732683182 0.79597467184066784 -0.39050057530403132 -0.58111324906349171 10.500000000000002 1.2067101001739504 -0.65232509374618519 1.4413411021232607 0.049944764003157623 0.91773140430450451 -0.69436243176460255 -0.7004188299179076 -0.66642004251480091 0.96852681040763866 -0.091450687497854219 -0.11820696666836737 1.0000000180025095e-35 0.74928808212280285 1.7373704314231875 -0.57730805873870839 1.0000000180025095e-35 1.0783375501632693 -0.10524026304483412 -0.43974521756172175 -0.23932254314422605 -1.289753198623657 -1.0389060378074644 -0.34344336390495295 0.22568751126527789 0.47479432821273809 0.16906858980655673 0.28593853116035467 -0.85574060678482045 1.5053957104682925 -0.53793901205062855 -0.92857143282890309 1.2586392164230349 2.6461292505264287 0.74079480767250072 1.2550242543220522 -0.17989873141050336
decision_type=2 2 2 2 2 2 2 2 2 2 2 2 2 2 2 2 2 2 2 2 2 2 2 2 2 2 2 2 2 2 2 2 2 2 2 2 2 2 2 2 2 2 2 2 2 2 2 2 2 2 2 2 2 2 2 2 2 2 2 2 2 2
left_child=1 4 5 8 9 11 22 53 28 29 50 41 60 33 34 21 26 -6 35 20 -16 -10 47 -13 -19 37 -9 49 -3 -1 45 -18 -33 -5 46 -17 -30 -26 39 -35 -20 -2 59 -25 -31 -28 -14 -4 -49 -27 61 57 -53 -8 -29 -55 -24 -37 -34 -15 -12 -7
right_child=2 3 6 13 17 10 7 16 15 -11 12 23 14 42 19 18 31 24 40 -21 -22 -23 56 43 25 27 30 54 36 44 -32 32 58 38 -36 51 -38 -39 -40 -41 -42 -43 -44 -45 -46 -47 -48 48 -50 -51 -52 52 -54 55 -56 -57 -58 -59 -60 -61 -62 -63
leaf_value=-0.024192759857018801 0.0064098358259010732 -0.016309538540690012 -0.017243851927209952 0.0024066293357135472 -0.01864272534093462 -0.0073287136677332608 0.016773750986395757 -0.00026610886523327102 0.006395901657917165 -0.0032028391464928047 -0.018246860799619624 0.077627191352079877 -0.014629575427161786 0.047263872471826673 0.01146948089811501 -0.010495461060142866 -0.003097873990456558 -0.013637315139119872 0.040200244258573985 0.006783265986146347 0.049101103185333374 0.059999206778921066 -0.006614714597487502 -0.007525527382802627 0.030692957838468229 -0.00069493358761608471 0.004730422424159551 -0.0076325263057737793 -0.0092100500884419213 -0.0084825562883410598 0.017256918991793532 0.012427781517498336 0.072051154248753482 0.027740729307622773 -0.0024271684947066384 -0.0049586647735910781 0.031659699707038101 -0.0088546487123506729 0.0043955393986781629 -0.002004708463698109 0.008325382920595828 0.034278713053540293 -0.0029769676230479362 0.038698394301907531 -0.019954577935823489 0.054309248644740925 0.02002008747961068 -0.0071028945677721845 0.028215091859040597 0.022707492922289851 -0.015816624410530916 -0.0022609371256161015 0.025191029196297114 0.0047016030823996144 0.015730148284237827 0.09294874012965712 0.045784473610728023 0.030353636583477023 0.0023759998774755477 -0.0079837304427853185 0.014074570727853021 0.011802662141994526
leaf_weight=1057.837601095438 23.098101437091827 172.69117894768715 7.6235947757959357 52.237359583377838 130.48415078222752 32.639589227735996 4.3782434016466132 10.226172901690004 15.418370522558691 103.68209076672792 23.444502130150799 29.66011368483305 5.7874750196933737 53.067902885377407 29.37006501108408 115.37441851943731 2.557311810553073 121.23502817749977 10.047112777829168 24.330281607806683 75.195410683751106 9.08922580629587 2.4339257329702368 5.1316613703966167 23.744407348334789 35.197148770093918 5.78662185370922 225.53779298067093 12.425681486725809 128.21793858706951 25.835275515913963 6.6032869145274153 88.5788579210639 130.8169402256608 37.393227130174637 98.340624399483204 8.7685128226876241 8.2904283031821233 40.15212456882 15.146547414362429 80.056601092219353 53.925135843455791 4.5659997686743727 13.695484258234499 301.9451696574688 57.49953069537878 131.22119801491499 10.854510881006719 20.405324161052704 32.269671440124512 24.777356781065464 23.271638236939907 28.541656509041786 1.780346319079398 13.982981100678442 65.193956799805164 30.391213707625866 2.8387312069535247 2.2299383282661429 1.6205050721764553 7.5200004875659934 60.480255663394928
leaf_count=16868 330 2670 108 764 2025 485 60 137 226 1573 345 395 83 745 409 1765 35 1859 149 342 1024 132 34 75 355 527 78 3442 193 2006 331 88 1095 1891 539 1455 128 126 583 223 1180 728 64 187 4730 741 1862 154 288 481 371 340 415 24 213 813 420 41 30 22 109 895
internal_value=-1.55218e-05 -0.0103874 0.0343155 0.00640855 -0.0171167 0.0209695 0.0562073 0.0637265 -0.00187421 -0.0208658 0.0146131 0.0424317 0.0196146 0.022229 0.0226966 0.00394895 0.0531225 -0.00692472 0.00153017 0.0338386 0.039537 0.0330741 0.0255215 0.0624038 -0.00343799 0.000354496 0.0380785 -0.00205974 -0.0131867 -0.0220817 0.0422587 0.0655471 0.0674124 0.0166979 0.0137482 -0.00276864 0.0105144 0.0206446 0.0205412 0.0246899 0.0138063 0.0268214 0.0414474 0.0271639 -0.0166719 0.0504543 0.0180929 0.00880791 0.0166631 0.011293 0.000211675 0.00320604 0.0137473 0.0879293 -0.00597487 0.0910925 0.0415384 -0.00258522 0.0705535 0.0450951 -0.00953188 0.00506515
internal_weight=3976.94 3056.9 920.048 874.471 2182.42 577.67 342.378 270.67 576.864 1591.68 452.159 125.51 334.262 297.607 303.298 382.978 199.317 590.742 358.471 128.896 104.565 24.5076 71.7086 48.4873 460.257 339.022 99.3476 306.988 193.885 1488 89.1214 99.9694 97.4121 238.353 174.402 268.367 21.1942 32.0348 186.116 145.963 90.1037 77.0232 59.2544 18.8271 430.163 63.2862 137.009 38.8834 31.2598 67.4668 117.897 152.993 51.8133 71.3525 239.521 66.9743 32.8251 101.179 90.8088 54.6884 30.9645 93.1198
internal_count=59806 47191 12615 12986 34205 8179 4436 3432 8694 25177 6464 1715 4713 4292 4259 5703 2535 9028 5345 1775 1433 358 1004 657 7003 5144 1287 4663 2991 23604 1150 1248 1213 3461 2484 4016 321 481 2697 2114 1329 1058 831 262 6736 819 1945 550 442 1008 1751 2251 755 897 3655 837 454 1496 1125 767 454 1380
is_linear=0
shrinkage=0.03


Tree=4
num_leaves=63
num_cat=0
split_feature=6 3 3 14 24 3 21 4 21 6 6 32 32 14 3 14 5 4 4 16 14 32 8 4 8 3 4 16 8 4 5 20 17 3 8 17 18 33 4 6 25 14 22 17 18 25 25 0 8 20 17 10 25 6 14 16 5 26 26 12 3 14
split_gain=1424.01 454.884 165.057 133.708 106.512 96.0965 69.8055 67.6749 48.3244 41.5767 37.1266 36.9198 32.7438 37.468 30.6125 29.3076 24.7882 24.3083 24.057 23.5408 23.118 22.8326 24.2257 20.8487 20.8105 21.6423 20.7316 19.9022 19.7156 18.7319 18.575 19.1484 18.3323 17.0888 16.8961 16.2834 14.1541 14.0391 14.0044 13.4801 18.6473 13.0503 12.9973 12.9073 12.4133 12.3885 12.2819 12.2381 11.8147 11.7652 11.7184 13.8334 11.3603 17.7548 11.2862 11.1395 11.0617 10.3806 11.2403 11.2438 10.2343 9.90795
threshold=0.53417712450027477 1.1403037309646609 1.0000000180025095e-35 -0.91759115457534779 1.1362311244010928 0.27477781474590307 0.2371373847126961 1.0000000180025095e-35 1.175360441207886 -0.3289418071508407 -0.41294224560260767 15.500000000000002 13.500000000000002 0.32196933031082159 -0.011525097303092478 -1.0100318193435667 0.10174472630023958 -0.085485760122537599 -0.17573804408311841 0.62838467955589306 -2.1423717737197872 11.500000000000002 -0.40614736080169672 -0.4039864689111709 -0.34270763397216791 -1.1322949528694151 0.72386312484741222 0.32154692709445959 -0.71074476838111866 -0.46991141140460962 0.0081878043711185473 -0.41625730693340296 1.871271073818207 0.21291141957044604 -0.012351117562502621 0.015351164620369675 1.2779527306556704 1.0000000180025095e-35 1.2038460373878481 1.2743144631385805 1.665272653102875 0.45944936573505407 -0.29497428238391871 1.5165284872055056 -0.75064244866371144 0.17063122987747195 3.1635932922363286 0.030569249764084819 -1.295476973056793 1.0773187875747683 -0.79314801096916188 -1.6100209355354307 0.037765258923172958 1.0157400369644167 1.8709186315536501 0.42040936648845678 -1.0000000180025095e-35 1.0021815299987795 -2.0478987693786617 0.93562710285186779 0.81220680475234996 2.0079534053802495
decision_type=2 2 2 2 2 2 2 2 2 2 2 2 2 2 2 2 2 2 2 2 2 2 2 2 2 2 2 2 2 2 2 2 2 2 2 2 2 2 2 2 2 2 2 2 2 2 2 2 2 2 2 2 2 2 2 2 2 2 2 2 2 2
left_child=2 3 10 6 15 17 14 9 29 34 -1 19 13 27 -2 -3 49 -5 -8 28 -12 22 -22 -10 -20 -26 35 -11 -7 -6 39 -32 52 -29 -4 -17 -18 -33 -23 -19 -41 -24 -16 -36 -37 -30 -27 -35 -28 -9 -31 -52 53 -13 -25 -44 -14 58 -21 61 -57 -60
right_child=1 4 7 5 8 11 18 16 23 12 20 32 56 -15 42 26 36 30 24 57 21 38 41 54 25 46 48 33 45 50 31 37 -34 47 43 44 -38 -39 -40 40 -42 -43 55 -45 -46 -47 -48 -49 -50 -51 51 -53 -54 -55 -56 60 -58 -59 59 -61 -62 -63
leaf_value=-0.023666277749775061 -0.0038341405950272295 0.06543579846384788 -0.021605976718834425 -0.019097327743535789 0.011344504974109175 -0.0025919618832885489 0.0081374604690045583 -0.0052513750937962806 0.013863146901691697 0.0058806623049454665 0.018192896609091392 -0.00063591763776902027 -0.018866780334828043 -0.0029193492420085255 0.0040939105404329086 0.0094008260780917251 0.027432167943225619 -0.0068880024751108247 0.023927696706310689 -0.010002648535205756 -0.018448897962754094 -0.01794155968201332 0.023881951665721143 0.092633665046064267 -0.00016163039437161252 0.068676132573796247 0.0042440829038031041 -0.0066905132856006702 0.029587939389538288 -0.003452574348171979 -0.011745769867043751 0.036113608851941724 0.03657691972582388 0.060993101319166861 -0.010313843364234737 -0.011465697142966125 -0.0090484608934887287 -0.0066603929263403883 0.0066946224871935909 0.029485579380449978 -0.0077771852310098213 -0.010346161962321795 0.0025401979788230965 0.018575760958688254 0.031052776421957643 0.0046387499412218541 0.00073730837236361617 -0.0010387241550421943 0.053853091082467129 0.022183487936660896 -0.002491079754639081 0.055562008891269034 -0.0081217640530839245 0.018429699298968219 0.012211043817394166 0.057808004383430298 -0.0030396241755385085 0.0082532449183426015 0.048373284202630214 0.012524050668004849 0.0058214112350435413 -0.0078541484951229201
leaf_weight=945.21025101467967 47.8855693154037 19.258683644235134 168.83507428690791 77.807133730500937 13.655138835310934 39.653353832662106 13.753507766872643 61.92560201510787 5.5557763800024977 18.861904181540012 15.427613593637941 96.410880517214537 45.022481340914965 57.603783700615168 14.180671289563177 66.772892661392689 80.996692106127739 218.52669916301966 25.998974073678255 2.2194420844316474 28.556256350129843 531.2677878588438 31.013249032199383 60.003242060542107 4.669301461428403 64.95830038189888 5.9169443920254698 3.6395580843091038 59.958641152828932 2.6485963463783255 13.050004027783869 25.402985479682684 12.533307209610937 20.797978341579441 176.23655846714973 4.1057092174887648 8.3797808438539487 7.1403689309954634 19.177368316799402 18.935752861201763 21.119834527373314 10.611467238515614 6.4809229671955135 10.542733218520878 105.75787393003702 27.657845258712769 2.5927477180957785 3.0333162471652022 31.868875004351139 12.815359570086001 3.358321286737918 143.60224983841181 46.144314557313919 75.311480440199375 3.2985184565186492 16.699127987027172 207.44534495472908 14.41320528835058 62.972558006644249 15.234721519052981 5.4819197356700888 1.5969655364751805
leaf_count=15229 695 245 2660 1189 175 575 193 933 67 284 234 1405 685 862 198 922 1204 3306 354 31 452 8450 481 707 67 859 78 54 851 36 195 377 171 292 2748 54 125 107 298 274 315 168 91 156 1397 393 36 44 414 190 41 1775 673 1054 41 224 3116 198 867 209 74 23
internal_value=-1.7598e-05 0.022924 -0.0140821 0.0117713 0.0474064 0.00637701 0.0333323 -0.00360812 0.0619521 -0.00761627 -0.0198557 0.0156325 -0.000344778 0.0134474 0.0127478 0.0319627 0.0134922 -0.00468583 0.0487536 0.0242031 -0.0140527 -0.0149932 0.00105708 0.0848818 0.0537713 0.0622699 0.0275336 0.0320979 0.0148011 0.0500465 -0.000750192 0.015913 0.00697349 0.0464217 -0.0147981 0.0220752 0.0237136 0.0270914 -0.0170307 -0.00393438 0.0111556 0.0149824 0.0297452 -0.00824139 0.0290339 0.0223878 0.066299 0.0542866 0.0474885 0.000548719 0.0530978 0.0541971 0.00448809 0.00801046 0.0896437 0.0399432 -0.00617365 0.0352699 0.0392703 0.0411496 0.0483941 0.0465181
internal_weight=3961.99 1504.59 2457.4 1038.79 465.803 836.089 202.701 876.136 232.122 712.019 1581.26 454.107 356.404 103.937 90.7282 233.681 164.117 381.983 111.973 223.707 636.054 620.626 70.181 68.8575 98.2193 72.2203 214.422 46.3328 127.27 163.264 304.176 45.5934 230.4 27.4709 355.614 176.636 89.3765 32.5434 550.445 258.582 40.0556 41.6247 42.8426 186.779 109.864 87.6165 67.551 23.8313 37.7858 74.741 149.609 146.961 217.867 171.722 63.3018 28.662 252.468 96.4369 82.0237 79.8042 22.181 64.5695
internal_count=59621 20956 38665 15004 5952 12213 2791 13353 2842 10901 25312 6450 5337 1536 1282 3110 2452 5763 1509 3147 10083 9849 1101 815 1316 962 2865 674 1819 2027 4574 679 3303 390 5564 2373 1329 484 8748 3895 589 649 587 2904 1451 1244 895 336 492 1123 1852 1816 3132 2459 748 389 3801 1328 1130 1099 298 890
is_linear=0
shrinkage=0.03


Tree=5
num_leaves=63
num_cat=0
split_feature=15 3 3 15 15 14 7 32 15 32 11 3 20 4 22 3 9 4 4 3 17 31 7 17 4 7 4 11 3 26 0 32 1 7 14 32 9 14 17 4 5 3 27 20 11 9 12 4 13 19 26 11 14 15 29 14 20 7 32 13 0 13
split_gain=1458.16 371.227 273.619 111.892 59.4825 59.2533 58.1004 55.4603 40.0871 39.009 38.7944 36.8762 31.7786 29.3995 28.33 26.2401 23.8377 26.1268 22.5462 22.0317 21.5611 20.5646 19.7539 19.079 18.3118 18.1911 17.7771 17.515 16.8509 15.7889 15.6979 15.0403 14.7904 14.6109 14.3759 14.1493 19.3676 13.2419 12.9531 12.8371 12.6317 12.0252 12.0026 11.8444 11.8374 11.6908 14.682 11.4386 12.0537 11.2456 10.9555 10.8777 10.7504 10.7357 10.6791 10.6316 10.5928 10.4689 10.0531 9.61489 10.0549 9.6087
threshold=0.75143995881080639 0.14172088354825976 1.1233904361724856 -0.067129451781511293 0.087022006511688246 -0.56972739100456227 -0.55664002895355214 13.500000000000002 1.1367890834808352 13.500000000000002 -0.23932254314422605 0.82590156793594371 0.64915120601654064 0.84936901926994335 -0.29497428238391871 -0.15107209235429761 -0.37445831298828119 -0.36327910423278803 -0.20811595767736432 1.3169611096382143 0.48511023819446569 -0.35714286565780634 -0.63015946745872486 -0.53793901205062855 2.0992439985275273 0.50972247123718273 -0.11035111173987387 0.24782812595367434 -1.1322949528694151 1.3097661733627322 0.21191209554672244 13.500000000000002 0.76394763588905346 -1.0039436221122739 -0.3753096312284469 12.500000000000002 0.16943491250276568 -0.93344339728355397 -1.0000000180025095e-35 -0.39602310955524439 -0.19092956930398938 -0.12844875454902646 4.5000000000000009 0.37115101516246801 0.097150135785341277 1.2573761940002444 -1.2183021306991575 -0.085485760122537599 0.25609956681728369 -0.1633505895733833 -1.6637870669364927 -0.049112197011709206 -1.6036509275436399 0.7943515181541444 0.97058823704719555 1.8082212805747988 0.57894822955131542 -0.63015946745872486 14.500000000000002 -1.0029851198196409 -0.030506875365972515 1.0501660704612734
decision_type=2 2 2 2 2 2 2 2 2 2 2 2 2 2 2 2 2 2 2 2 2 2 2 2 2 2 2 2 2 2 2 2 2 2 2 2 2 2 2 2 2 2 2 2 2 2 2 2 2 2 2 2 2 2 2 2 2 2 2 2 2 2
left_child=1 4 5 19 13 6 41 20 31 23 -11 29 38 27 -10 -7 -13 -18 -14 37 25 -16 -19 -4 47 51 -23 -1 -28 32 52 39 -9 -20 -24 -17 -37 -3 -12 -8 -38 -2 -32 -25 -36 46 -35 -6 54 -21 -30 -5 -15 -42 -49 -48 -40 -45 -43 -22 -61 -41
right_child=2 3 9 7 24 15 8 11 14 10 12 16 18 30 21 35 17 22 33 49 59 26 34 43 -26 -27 28 -29 50 -31 42 -33 -34 45 44 36 40 -39 56 61 53 58 -44 57 -46 -47 55 48 -50 -51 -52 -53 -54 -55 -56 -57 -58 -59 -60 60 -62 -63
leaf_value=-0.023627702926159934 -0.01213669088468179 0.011392960850610558 -0.0034908731158551061 -0.0086530638333236123 -0.017902320310053187 -0.0052164594209174152 -0.011238326831813694 -0.0072858964111414412 0.014088967569799972 0.0066997223816144301 0.00095510512566103966 -0.00081203168045215302 0.01369121335426118 0.022997943407055615 0.03280016200750635 0.028345526207997455 -0.0096624333864347139 -0.002837857888707951 -0.0050557633574929515 0.041193939605055942 -0.0055335893502582115 0.012766487573582183 0.050934997096547356 0.044563899562193789 0.033355770555058242 0.028587271476589685 -0.0013772715212068722 -0.015690838898255 0.0034755786430132052 0.025972948633562323 -0.005728359636234347 0.0081250860986136712 0.01403516443152277 -0.00018679427904587655 0.0071988099501870762 0.00029620889116486359 -0.0020379459145760874 -0.014103527317173329 0.039969909700149062 0.046834005348364037 -0.0056539161192618531 0.03197636837069133 0.040637863870845448 0.015594252056752071 0.027741725252405158 0.0085712856091004971 0.072776526348405909 -0.011355494113401221 0.004381416432365187 0.0022508172454506216 0.084650838544179111 0.013177331220225873 -0.0131751860817249 0.024289636833677783 0.015449768694236154 0.021307342374119988 0.0033288931881247075 0.085708972314369442 -0.0012736666292735962 0.00040209274755937508 0.043476106008058395 -0.0061143244668930901
leaf_weight=1110.1797658130527 23.716719768941402 15.861156471073626 2.6577299833297721 25.859856408089399 71.171149998903275 68.351760432124138 2.6307130455970791 225.54385805502534 20.282730408012867 24.232947804033756 9.6599850542843324 81.681360296905041 12.014690138399599 3.8943123519420615 35.891417130827904 55.636545836925507 23.212503258138895 22.748956996947527 2.0036398172378531 2.9065380394458762 3.2513566613197318 6.5209893435239783 17.051614820957184 34.242871381342411 5.2218097671866408 54.665209345519543 2.1466575339436522 382.06617790833116 2.0032054185867301 11.149523235857485 6.7403107918798906 47.627982325851917 28.848418314009905 2.7792785689234725 41.473824717104435 88.778259009122849 23.009107306599617 307.12744459882379 109.13126122951508 22.658250063657764 10.011981450021265 10.515543393790724 7.0931714735925198 4.5625257492065421 83.808930084109306 4.7281383424997321 90.807847663760185 150.50715325400233 86.971134021878242 47.320358194410801 39.016131766140461 60.386037673801184 50.8960498906672 111.91655165702105 10.325578346848486 9.0768069699406606 8.590102553367613 58.656744569540024 16.545400150120258 5.4067951366305342 55.553849879652262 2.2668609097599974
leaf_count=18290 346 241 36 383 1107 1009 36 3395 268 317 128 1177 145 61 458 730 337 325 27 42 46 88 230 415 77 786 30 6128 26 167 105 654 421 35 598 1270 329 4820 1343 287 144 140 111 55 1175 56 1048 2310 1329 699 488 875 816 1570 158 109 101 664 235 76 778 29
internal_value=6.59951e-05 -0.0102513 0.0320934 0.00347228 -0.018348 0.0191073 0.0308162 0.0102005 0.038581 0.052086 0.0444884 0.00502208 0.0479646 -0.0207745 0.0503787 0.0111987 0.0127274 0.0184697 0.0597417 -0.00983821 0.0232788 0.0577271 0.0225932 0.0697029 -0.00652741 0.0157647 0.0710879 -0.0216548 0.0776585 -0.00290232 -0.00146287 0.0198639 -0.00464413 0.0639799 0.0266161 0.0150991 0.0114181 -0.0126969 0.0349072 0.0357895 0.0179935 0.00215432 0.0225231 0.0717718 0.0214784 0.0654355 0.0675347 -0.00768504 -0.00445452 0.00802987 0.0814949 0.00651625 -0.00889591 0.021705 -0.00922064 0.0693381 0.0375408 0.0821626 0.0146187 0.0374382 0.0399758 0.0418015
internal_weight=3961.6 2998.92 962.671 1113.86 1885.07 589.527 231.823 740.642 181.045 373.145 273.025 535.519 248.792 1560.87 105.861 357.704 269.977 188.296 121.41 373.215 205.123 85.5784 165.083 100.12 324.197 140.911 49.687 1492.25 43.166 265.542 68.6238 75.1838 254.392 109.396 142.334 289.352 233.716 322.989 127.381 27.5558 144.938 50.7777 13.8335 97.4621 125.283 107.392 102.664 318.975 247.804 50.2269 41.0193 86.2459 54.7904 121.929 160.833 99.8847 117.721 63.2193 27.0609 64.212 60.9606 24.9251
internal_count=59679 47063 12616 16571 30492 8137 3085 10769 2364 4479 3309 7825 2992 25511 1358 5052 3842 2665 1420 5802 2944 1090 2328 1170 4981 2044 632 24418 544 3983 1093 1006 3816 1275 2003 4043 3313 5061 1572 352 2043 721 216 1134 1773 1248 1192 4904 3797 741 514 1258 877 1714 2468 1157 1444 719 375 900 854 316
is_linear=0
shrinkage=0.03


Tree=6
num_leaves=63
num_cat=0
split_feature=24 3 3 14 3 14 4 4 3 3 17 14 6 25 4 32 32 4 24 16 6 21 8 5 14 11 7 0 5 6 18 3 22 4 7 6 7 32 8 14 21 32 7 3 7 17 0 25 11 14 4 18 14 19 10 14 14 7 8 24 7 5
split_gain=1189.53 346.056 176.512 116.106 103.312 84.549 67.2522 37.8744 36.3435 35.7196 34.6014 33.901 33.85 35.1401 33.3629 31.2596 28.5839 27.2737 27.1781 22.8346 21.6126 20.017 19.8746 19.2526 18.4352 18.2663 19.3023 17.1472 20.9427 17.411 16.384 16.2286 15.8855 14.9876 14.7141 14.4519 15.1689 13.9772 16.3201 13.5671 13.2685 13.1548 13.1102 12.5555 12.2132 12.212 12.133 12.5153 11.9293 11.7812 12.4394 13.092 12.5719 11.6333 11.2626 11.1001 10.9363 10.9284 10.911 10.7393 13.6226 10.8082
threshold=0.47050340473651892 0.64183306694030773 0.012079695705324413 -0.3753096312284469 1.7184820175170901 -0.91759115457534779 1.0000000180025095e-35 0.84936901926994335 -0.60825031995773304 0.82590156793594371 -0.37790286540985102 0.21859091520309451 0.92198249697685253 0.25834591686725622 0.25287762284278875 10.500000000000002 13.500000000000002 -0.48399214446544642 0.99246901273727428 0.34108865261077886 -0.41294224560260767 0.30889563262462622 0.33667333424091345 0.12134637683629991 -1.6036509275436399 0.56066706776618969 -0.46614019572734827 -1.0000000180025095e-35 0.66897583007812511 1.4368966221809389 -0.45506182312965388 1.4619360566139223 -1.1523145437240598 -0.17573804408311841 0.051398042589426048 -0.70254066586494435 0.26012976467609411 11.500000000000002 -0.40614736080169672 0.47479432821273809 -0.23036158829927442 11.500000000000002 0.60444775223732006 0.92317384481430065 -0.47647547721862787 -0.54403159022331227 -0.0619407370686531 1.2016422748565676 1.0640743970870974 1.7479221224784853 -0.88464871048927296 -0.27230566740036005 -0.23849282413721082 1.5730871558189394 1.8386355042457583 -2.1423717737197872 0.15916776657104495 0.24135378003120425 0.061857214197516448 0.88272625207901012 -0.75932401418685902 -0.3408242911100387
decision_type=2 2 2 2 2 2 2 2 2 2 2 2 2 2 2 2 2 2 2 2 2 2 2 2 2 2 2 2 2 2 2 2 2 2 2 2 2 2 2 2 2 2 2 2 2 2 2 2 2 2 2 2 2 2 2 2 2 2 2 2 2 2
left_child=2 5 7 10 12 8 9 20 -2 39 -3 16 43 27 19 -16 30 -12 -6 -7 48 44 42 -8 -9 -21 -27 -14 29 34 -11 56 -30 -24 -29 -13 -37 38 -22 41 -34 -4 -10 -5 -19 -38 -35 -48 -1 50 -20 52 -52 54 -23 -39 -25 -40 -42 -17 -61 -62
right_child=1 3 6 4 18 14 23 24 22 11 17 35 13 -15 15 59 -18 21 49 25 37 53 33 31 -26 26 -28 28 32 -31 -32 -33 40 46 -36 36 45 55 57 -41 58 -43 -44 -45 -46 -47 47 -49 -50 -51 51 -53 -54 -55 -56 -57 -58 -59 -60 60 61 -63
leaf_value=-0.025248834680582231 0.0017480759757934484 0.0036032220454751953 0.0077613002055231728 -0.0041869833010477987 0.023549743516440107 -0.011443091979295821 0.002530290541806189 0.037460426425749344 0.0058882705816427818 -0.008059762814186907 0.011218209115377261 -0.018343979104543044 -0.0047171081365252462 0.0047012054460446595 0.052731927654304588 -0.0031804550693300521 0.0032417937683643645 0.011549588494345371 -0.0022400058916563865 -0.0044736771812347777 -0.01752667945244497 0.067172994547075912 0.0010875076898652573 0.028446028162420329 -0.0045206421067567849 -0.0042218829727748717 0.020584703254096049 0.0085310694930589882 -0.0073038612919682422 0.042133808716614075 0.047828615439981494 0.053610278670487545 0.0022788381413160474 -0.0027082891250423324 0.027399384910774809 -0.0095424202671215239 -0.013155825723832466 0.0090956350546550803 -0.0037407001014985648 -0.019266252499360537 0.074142555298935611 -0.010564053532611526 0.037414628916537872 0.013137333368949414 0.045393030923682437 0.017394303626682563 0.065448090046472035 0.026389055772420216 -0.010768541281254367 0.017775087390228952 0.0084897772982275056 0.032761404818265887 0.076210157179613158 -0.0014712796623942974 -0.0011135696071965984 -0.018697791046545474 0.0055402979901343716 0.027047818176095476 0.018183117689775239 -0.014455552797516426 -0.0028201983012375066 0.030375960020619357
leaf_weight=818.21412048116326 50.60326224565506 13.542349249124525 37.16514528170228 54.839415431022644 39.899636410176754 206.10684267058969 72.765287987887859 5.9139777645468703 39.744633823633194 4.0935135670006302 15.063097946345804 49.975828588008881 11.570413894951342 68.38558191806078 11.327003255486487 45.80676269903779 50.894147273153067 17.653081245720387 2.3204073831439009 173.89136851578951 30.655301939696074 127.21242220699787 6.988638710230588 32.631090987473726 63.751460343599319 44.47950042784214 65.921755645424128 65.790723621845245 2.6020114719867697 48.25147844851017 23.517418783158064 9.7638775259256345 3.9498902559280387 3.4411437213420859 104.3087564855814 63.86486966535449 11.271401103585957 10.494117587804793 20.68087388202548 156.21717339754105 20.899736903607849 251.85787193849683 13.567976377904413 102.80557516217232 39.960122957825661 46.428383957594633 28.41797686740756 23.584459960460663 65.731651872396469 11.207687892019747 3.9804308116435996 23.416437886655331 53.156212158501148 2.1145539954304686 2.0457252487540236 477.31341039761901 43.567187912762165 13.912353850901125 8.1709060892462713 7.3917948082089415 10.594715181738133 31.451446037739519
leaf_count=13742 729 179 556 784 502 3196 1091 89 545 57 192 792 155 921 157 684 747 231 29 2574 497 1468 100 467 1017 664 947 861 33 582 327 133 51 45 1342 947 171 159 325 2487 258 3950 175 1402 488 675 368 298 1065 131 42 268 584 24 24 7842 642 217 98 110 152 443
internal_value=-0.000499075 0.0193804 -0.0140396 0.0325714 0.0256412 0.00469272 -0.0031172 -0.0201999 0.0232685 -0.00714782 0.0514718 0.00190844 0.0189293 0.0242943 -0.000633764 0.0141927 0.0176259 0.0544866 0.0487 -0.00396652 -0.0212438 0.0575573 0.0322152 0.0142175 0.00131308 0.00155795 0.0108405 0.02916 0.0307647 0.0261588 0.0395774 0.0234276 0.0523018 0.0434753 0.0205535 -0.00558011 0.000184567 -0.0162828 -0.00298149 -0.0121985 0.0573415 -0.0081157 0.0164318 0.00716734 0.0367736 0.0108533 0.0482863 0.0516023 -0.0242387 0.0576395 0.0617126 0.0635781 0.0725552 0.0649895 0.066091 -0.0180137 0.016497 0.0104935 0.0633907 0.00720785 0.0162412 0.0226005
internal_weight=3967.15 1606.47 2360.68 843.147 625.555 763.319 854.013 1506.67 166.348 695.286 217.591 250.046 491.574 333.929 596.971 106.572 78.5051 204.049 133.981 490.399 1437 188.986 115.745 158.727 69.6654 284.293 110.401 265.544 253.974 218.351 27.6109 85.9622 35.6225 62.4322 170.099 171.54 121.565 553.056 65.2485 445.24 33.0205 289.023 53.3126 157.645 57.6132 57.6998 55.4436 52.0024 883.946 94.0812 82.8735 80.5531 57.1366 131.373 129.258 487.808 76.1983 34.5932 29.0706 95.2447 49.438 42.0462
internal_count=59831 21836 37995 10649 8043 11187 13042 24953 2260 10709 2606 3716 6487 4301 8927 1546 1131 2427 1556 7381 23847 2235 1531 2333 1106 4185 1611 3380 3225 2785 384 1242 440 811 2203 2585 1793 9040 1039 6993 407 4506 720 2186 719 846 711 666 14807 1054 923 894 626 1516 1492 8001 1109 542 356 1389 705 595
is_linear=0
shrinkage=0.03


Tree=7
num_leaves=63
num_cat=0
split_feature=15 3 3 15 6 6 15 4 32 21 4 15 14 6 21 21 4 11 3 32 32 20 11 4 21 11 5 17 7 3 7 11 21 17 3 10 24 17 4 5 24 25 5 24 11 0 4 21 11 5 14 21 20 0 5 32 13 7 17 15 7 0
split_gain=1246.76 257.37 184.741 90.4325 83.0602 67.3454 53.6803 50.8682 55.6972 49.477 44.5692 35.7951 30.2326 30.2178 28.3104 25.1114 23.8094 23.5688 22.2785 21.7714 21.1859 21.0845 21.007 18.6184 17.9976 17.437 15.8272 15.6043 15.1602 15.0716 14.9942 14.8241 13.9425 13.5416 13.4523 13.0204 14.5162 12.478 12.2731 12.2015 12.0868 20.9277 12.0336 14.0407 11.6327 11.1634 10.9221 14.1882 11.337 10.9194 10.897 10.8192 10.8156 13.1772 10.6346 10.6084 10.4127 10.3095 10.6476 10.2269 15.7383 10.1559
threshold=0.31027793884277349 1.0756298303604128 0.43804301321506506 1.2087481617927553 0.73624765872955333 0.23237492889165881 -0.34570795297622675 -0.037920959293842309 10.500000000000002 -0.40558201074600214 0.86763000488281261 1.0424850583076479 0.25846868753433233 0.53417712450027477 -0.10891399532556532 1.1924432516098025 1.6629860401153567 0.79166421294212352 1.2413458824157717 11.500000000000002 14.500000000000002 0.23348858952522281 0.036560259759426124 -0.49911274015903467 1.4086498618125918 0.6794613003730775 -0.4868269264698028 -0.72930032014846791 -0.74332183599472035 0.92317384481430065 -1.2532851099967954 1.2010232806205752 -0.51700475811958302 0.033197632059454925 1.590842664241791 -1.0964785218238828 0.53726312518119823 -1.0000000180025095e-35 0.67351880669593822 -0.088460400700569139 0.91510096192359935 0.28868220746517187 -0.35908848047256464 -0.50455302000045765 -0.6534120738506316 -0.12465076521039008 -0.16545493155717847 -0.010693989694118498 -0.27547349035739893 -0.3408242911100387 -0.077876452356576906 -0.4424684196710586 0.072296746075153365 -0.0619407370686531 0.04810826666653157 13.500000000000002 -1.3214128017425535 -0.41524133086204523 -0.1881332844495773 0.045292682945728309 0.52100068330764782 -0.77471926808357228
decision_type=2 2 2 2 2 2 2 2 2 2 2 2 2 2 2 2 2 2 2 2 2 2 2 2 2 2 2 2 2 2 2 2 2 2 2 2 2 2 2 2 2 2 2 2 2 2 2 2 2 2 2 2 2 2 2 2 2 2 2 2 2 2
left_child=2 3 6 7 20 18 -1 -2 21 -5 13 19 28 22 -13 17 24 38 54 49 32 -9 -8 -16 30 -21 -25 -17 -11 -14 -10 40 -3 -22 -27 -34 37 -37 -7 -15 -32 44 -30 -44 -42 -18 -35 -48 -49 -6 -41 -24 53 -12 59 -43 -29 -19 -59 -4 -61 -45
right_child=1 4 5 9 11 15 10 8 16 12 52 14 29 39 23 27 45 57 -20 25 33 -23 51 26 -26 34 -28 56 42 -31 31 -33 35 46 -36 36 -38 -39 -40 50 41 55 43 61 -46 -47 47 48 -50 -51 -52 -53 -54 -55 -56 -57 -58 58 -60 60 -62 -63
leaf_value=-0.023463743878839264 -0.0090300338452951445 -0.0041396273300823615 -0.020411616842875683 -0.00025802603615738417 -0.0018480608695485208 -0.0030835801293122049 -0.021092905585246496 0.01456567921903921 -0.01600619642626365 0.005374454999606244 -0.0026275149243495778 0.019437168611349018 0.0031149057875275448 -0.01881949756942395 0.01310689011729281 -0.008702312390113754 -0.0045546923235603972 0.0046654958613119345 0.0072547062592216195 0.012547870667884748 -0.0080382002229779578 0.049074735373611143 -0.015757495216970386 0.018041772901451422 0.021483460860439757 0.019341315741396161 0.059015923706972555 -0.0095967986914173315 0.010444322893518175 0.03981227596161175 -0.0011934151954974329 0.017234071968916395 -0.0063594931659272753 -0.01150304050346165 0.048281755092231635 0.0056126117873392407 0.0055837279847873343 0.05664436273431591 0.020754656924354423 0.012172243843077388 -0.0079336824962369535 0.0140887161030215 0.0035294626473110504 -0.0075441457535510769 0.02323390230674275 0.035976365631008637 -0.003395126752783458 -0.0043307271908012337 0.037089669921997054 0.063569878349059472 -0.0050959734169440749 -0.0034329233119647844 -0.0053460158938712955 0.031374041746453911 0.00088597520888979359 -0.015576223705049448 0.041520829664803895 0.0025137037318347672 0.03390174787454947 -0.014275084311682487 0.023932724078318975 0.051155303520115866
leaf_weight=880.56564097851515 147.25858211144805 8.1183323413133603 131.35112059488893 45.537281453609467 2.2293919995427158 129.30949730426073 473.84135614708066 35.30989608168602 28.851550944149494 11.152590736746786 14.645885631442068 30.611521303653717 40.737594440579414 29.45198006555438 12.818265810608862 5.6374567858874789 6.177758276462554 30.045835927128792 55.971725050359964 67.941426672041416 32.282100334763527 36.963486008346081 138.94408641383052 14.550288990139959 50.205653179436922 41.173312492668629 200.44937405735254 2.0969274528324595 11.968492232263086 8.8337108045816404 267.82710518315434 67.026836358010769 4.6179817691445342 8.4480878561735135 34.226249299943447 6.3484998308122114 10.202860146760939 27.03899729624391 17.728792868554592 46.511393722146749 10.137826748192309 11.320413514971731 6.9949446320533744 1.4905537590384472 67.169760033488274 29.291290488094091 14.989709474146364 6.0923881754279092 27.42640029639006 19.34087148308754 86.148721877485514 121.91590663045645 21.03394853323698 24.397079776972532 36.954171985387802 29.508625358343124 36.440475564450026 13.360404539853333 41.60904048755765 23.991421394050121 9.602702680975197 105.99361184239388
leaf_count=14966 2195 113 2108 634 28 1872 8045 480 438 155 231 351 562 464 146 83 87 426 852 858 455 487 2288 158 704 510 2100 30 154 116 3991 951 61 119 398 90 130 356 242 703 141 152 98 19 908 397 209 86 363 224 1353 1983 321 373 566 425 496 191 557 370 144 1287
internal_value=0.000176755 0.0207062 -0.0135902 0.0115919 0.0368001 0.00192786 -0.0180938 0.00664524 0.0102952 0.0278303 -0.0130559 0.0435155 0.0344928 -0.0147369 0.0508798 0.0121159 0.00697231 0.00779301 -0.00900828 0.0308173 0.0164735 0.0342484 -0.0173098 0.0545965 0.00523045 0.0249575 0.056716 0.0317228 0.0416221 0.012703 0.00333371 0.00472679 0.0301328 0.00671066 0.0346639 0.0357509 0.0404074 0.0489358 0.000378682 -0.00290734 0.00236214 0.0101441 0.0444931 0.0474667 0.018913 0.0292264 0.0150442 0.0203104 0.0299762 0.0577332 0.00118057 -0.0101704 0.0112407 0.019769 -0.0135832 -0.00671147 0.0379567 0.0198831 0.0271185 -0.0167555 -0.00166794 0.0500421
internal_weight=3960.22 1588.66 2371.56 1019.76 568.906 534.1 1837.46 787.049 639.79 232.709 956.89 423.341 187.171 896.813 258.429 276.228 567.517 232.054 257.871 164.911 145.565 72.2734 734.701 227.818 532.048 143.341 215 44.1749 137.6 49.5713 481.842 452.991 56.3267 89.2387 75.3996 48.2083 43.5904 33.3875 147.038 162.112 385.964 118.137 126.448 114.479 77.3076 35.469 56.9566 48.5085 33.5188 21.5703 132.66 260.86 60.0769 39.043 201.899 40.829 38.5374 85.0153 54.9694 164.945 33.5941 107.484
internal_count=59800 21136 38664 14381 6755 7937 30727 11356 9161 3025 15761 4773 2391 14836 2755 3897 8194 3288 4040 2018 1982 967 12316 2404 7710 1766 2258 609 1713 678 7006 6568 750 1232 908 637 576 446 2114 2520 5617 1626 1558 1404 1049 484 777 658 449 252 2056 4271 925 604 3188 577 526 1174 748 2622 514 1306
is_linear=0
shrinkage=0.03


Tree=8
num_leaves=63
num_cat=0
split_feature=15 23 15 21 32 21 4 4 21 4 0 6 17 23 20 6 32 11 11 4 6 11 11 22 5 4 25 6 11 17 9 14 10 24 20 11 24 22 14 0 7 17 9 0 15 19 9 17 32 7 25 14 32 32 8 11 11 6 25 30 11 7
split_gain=1170.83 211.228 192.17 94.2573 60.79 60.3585 51.1979 45.7844 35.2971 33.2749 32.994 32.8246 34.6375 31.5378 30.783 28.7535 27.8123 23.3062 22.8367 21.2345 20.7596 20.2248 20.1131 20.015 19.1454 17.8516 17.1886 19.585 16.9574 15.8458 18.1492 15.3941 17.3083 15.0219 14.3991 13.7575 13.7277 13.4913 13.2461 13.2424 13.0634 14.8896 12.8227 12.6566 12.7697 12.4328 12.3024 12.2735 11.9559 12.9656 11.622 12.7679 11.3014 11.2691 12 10.9538 10.9245 10.9005 10.717 10.5543 10.2384 10.173
threshold=0.36215279996395117 0.24323514103889468 1.0171946287155154 0.76015359163284313 9.5000000000000018 1.0396947860717776 1.2038460373878481 0.4327028095722199 -0.19741194695234296 -0.73874974250793446 0.7038404941558839 -0.3289418071508407 -0.1881332844495773 -0.04272628761827945 0.7558145821094514 -0.34253501892089838 15.500000000000002 -0.17728971689939496 0.012656308244913818 0.44770708680152899 1.2619948983192446 -0.36548389494419092 -1.14650422334671 0.66457420587539684 -0.31853295862674708 -0.57279050350189198 -0.2886137962341308 1.5222473144531252 0.236484169960022 -0.72930032014846791 0.83403253555297863 -0.63376373052597035 1.0719824433326723 0.76815342903137218 -0.73122763633728016 0.79166421294212352 1.1362311244010928 0.9855959713459016 -2.8263701200485225 -0.0096082100644707662 0.20366187393665316 0.18573821336030963 0.043622942641377456 0.94941943883895885 1.0677745342254641 0.46831491589546209 1.1003385186195376 -0.62181267142295826 17.500000000000004 -0.60572963953018177 1.1605503559112551 -0.54160332679748524 11.500000000000002 11.500000000000002 -0.1930495351552963 0.96078786253929149 0.08535808697342874 1.3573565483093264 0.058717029169201858 -5.2916667461395255 0.22568751126527789 -0.87310016155242909
decision_type=2 2 2 2 2 2 2 2 2 2 2 2 2 2 2 2 2 2 2 2 2 2 2 2 2 2 2 2 2 2 2 2 2 2 2 2 2 2 2 2 2 2 2 2 2 2 2 2 2 2 2 2 2 2 2 2 2 2 2 2 2 2
left_child=1 6 4 8 25 11 15 14 38 -5 -9 -3 55 -11 28 60 21 53 33 26 31 -7 -22 40 -20 -2 -14 35 -6 -23 61 32 43 -10 -27 -28 -18 47 -4 -8 41 -19 -30 44 -15 52 56 -26 49 -24 -49 -52 -17 54 -16 -13 -21 -40 -57 -51 -1 -31
right_child=2 5 3 9 7 16 39 10 18 13 -12 12 19 20 17 45 36 23 24 46 22 29 48 -25 37 34 27 -29 42 30 -32 -33 -34 -35 -36 -37 -38 -39 57 -41 -42 -43 -44 -45 -46 -47 -48 50 -50 59 51 -53 -54 -55 -56 58 -58 -59 -60 -61 -62 -63
leaf_value=-0.025079915883112692 -0.0091730351399929213 -0.01485748876276027 0.036541210001959333 -0.0068366166447499377 -0.0065239173719620659 0.012028242838486464 -0.0078140247276952401 0.012046163682957285 -0.012442872211085854 -0.013963857481702757 0.041867726100595179 -0.013750322476795335 0.018718189176928041 0.002252396070368372 -0.0094922843113786296 -0.0040274905294073729 -0.0033995914584342033 -0.0072471854276649327 0.0058927641782245792 0.0024394754825564392 -0.0081447154243462667 -0.0081293663524960279 0.010761042423177802 0.008248749927683454 -0.00023967847065620352 0.0036508818394695628 -0.0098462719993910059 0.026516546001048674 -0.0017993376816093972 -0.0031692086292346138 -0.00059488994593102213 0.027251039844921335 0.0098226551069052707 0.020107667415496876 0.05008896744685104 0.0064460513958207516 0.027623623333817061 0.00066769500543909454 0.00043548840065335738 0.023522682986536429 0.045657804594302333 0.031042469921253462 0.01084328282505587 0.0080560907694265747 0.069595902570860652 0.0065178462934019649 -0.014415404896777255 0.04330565915063786 0.019496254936777441 0.012458979187258348 0.031846849365579404 -0.00184650118538906 -0.016940234765251073 -0.0014388166855764817 0.045105967803954462 0.014402100815938136 0.035732872471153657 0.020431705301504389 -0.017118163376079572 0.06769043546160762 -0.017080861873743101 0.066055324252855818
leaf_weight=722.02160827815533 4.5310968272387973 169.56745936349034 9.4652908742427808 9.3760384991765005 168.32926964387298 32.438822075724602 16.398231767117977 95.360995687544346 16.52010140568018 5.3905116692185393 52.181835651397705 140.13003570213914 43.970836590975523 3.0757894963026038 3.3485813848674297 73.18775749579072 52.431969653815031 13.252908021211626 23.948338631540537 12.5422385931015 2.8478625044226638 2.9255748949944964 6.2780990600585929 51.750672571361065 7.414377234876155 7.759426672011613 122.33358163759112 16.042842734605074 126.24491944909096 1.5739904642105162 4.7839375324547282 87.723111100494862 9.9998029917478544 28.058637671172619 45.401191059499979 69.325361352413893 11.650556378066538 9.6188698858022672 93.307054847478867 26.916051141917706 35.302478834986687 16.353028334677219 159.87515527382493 5.5276861637830725 33.888097055256367 21.637623053044081 3.9779293946921817 138.96102431416512 11.76680890470743 5.8094249069690695 23.846886478364468 14.788667626678942 519.70893205702305 78.609500844031572 5.2006160579621774 24.766531810164452 33.357572540640831 28.398916199803352 9.6099775023758394 107.42246956378222 244.39528846740723 22.784852795302868
leaf_count=12655 64 2779 120 120 2493 486 264 1306 231 77 663 2193 654 37 46 1170 792 183 300 180 35 45 74 699 97 105 1850 226 1787 24 67 1063 115 348 570 999 161 111 1269 411 455 212 2256 60 373 345 56 1604 130 62 280 188 8699 1139 70 370 452 349 148 1082 4109 308
internal_value=0.000256526 -0.0128594 0.0205683 0.0324123 0.0110615 4.18856e-05 -0.0189901 0.00878537 0.0223991 0.045457 0.0236198 -0.00372971 0.000347136 0.047299 0.0053074 -0.0198767 0.0184092 0.0148425 0.0286802 0.00647193 0.0487312 0.0315734 0.0584291 0.0233342 0.0326232 0.0396176 0.0027271 -0.00101867 0.000915984 0.047055 0.0529741 0.037762 0.0514302 0.00800666 0.0442073 -0.00393908 0.0038317 0.0356823 0.00920743 0.0120781 0.0339114 0.0153317 0.00532988 0.0591569 0.0649283 -0.0145754 0.0233975 0.0374373 0.0601192 0.0631754 0.0389737 0.0202161 -0.0153933 0.00282733 0.0281095 -0.0101221 0.0277687 0.00572355 0.00453582 0.0655035 -0.0231554 0.0618043
internal_weight=3945.42 2398.48 1546.94 683.434 863.502 774.214 1624.27 805.81 394.328 289.106 147.543 645.624 476.057 279.73 658.267 1580.95 128.59 203.818 263.157 301.55 274.339 64.5072 134.125 116.659 218.578 57.6917 251.673 207.702 454.449 32.0684 29.1428 140.214 52.4914 44.5787 53.1606 191.659 64.0825 194.63 131.171 43.3143 64.9084 29.6059 286.12 42.4916 36.9639 614.534 49.8777 185.011 131.277 119.51 177.597 38.6356 592.897 87.1587 8.5492 174.507 45.8998 121.706 34.3765 113.232 966.417 24.3588
internal_count=59616 39443 20173 8125 12048 11790 27653 11309 4897 3228 1969 9907 7128 3108 9340 26978 1883 2804 3159 4417 3031 930 1383 1549 2580 739 3729 3075 6536 444 399 1648 585 579 675 2849 953 2280 1738 675 850 395 4043 470 410 10214 688 2169 1348 1218 2072 468 9869 1255 116 2711 632 1618 518 1144 16764 332
is_linear=0
shrinkage=0.03


Tree=9
num_leaves=63
num_cat=0
split_feature=23 17 6 4 24 20 17 23 4 11 23 32 25 6 11 4 4 4 14 5 32 6 26 32 4 11 20 14 24 23 20 14 25 24 11 6 26 32 1 4 14 8 4 17 10 22 13 11 14 5 13 14 32 8 11 26 22 14 31 17 13 26
split_gain=1034.16 217.534 100.228 93.4144 68.494 58.9714 54.2049 50.4805 48.3599 36.8693 36.1212 31.0944 31.8872 26.697 26.4197 26.2952 26.219 26.1943 24.5553 23.4238 20.843 19.0557 18.1415 18.063 17.9761 17.7061 17.399 17.1439 17.0352 16.7767 16.7284 16.6628 25.5771 20.4731 15.8321 15.7656 15.6088 15.4693 15.326 14.8108 14.5773 13.6687 13.2682 13.2377 13.0938 13.0809 12.8533 12.7151 12.3185 11.593 11.3103 11.149 11.0362 10.9366 10.9819 10.7055 10.3276 10.913 10.2684 11.9627 10.0931 11.7243
threshold=0.41017347574234014 0.9556616246700288 -0.36978991329669947 0.72386312484741222 0.20086015760898593 0.64915120601654064 0.015351164620369675 1.244126617908478 1.2038460373878481 0.22568751126527789 0.95249816775321972 10.500000000000002 0.32743325829505926 1.4763169884681704 0.049944764003157623 -0.14386478811502454 0.44770708680152899 -0.42972947657108301 -1.7817230820655821 0.79980093240737926 17.500000000000004 -0.45703840255737299 -1.117840528488159 14.500000000000002 -0.56525394320487965 0.91171324253082286 -0.011165145318955181 0.48057322204113012 0.35731723904609686 -0.42747335135936732 0.18245398253202441 -0.56972739100456227 0.75996875762939464 0.73731112480163585 0.77945005893707286 -0.096383370459079729 0.77502509951591503 10.500000000000002 -1.0000000180025095e-35 -0.21817633509635923 1.0000000180025095e-35 -0.024969761259853836 1.6629860401153567 0.40815417468547827 0.76567834615707409 -1.771652817726135 0.5783371925354005 0.15361523628234866 -1.2571579217910764 -0.50907158851623524 0.66740989685058605 0.21859091520309451 11.500000000000002 -1.4068744778633115 -0.36548389494419092 -1.7378582358360288 -0.20747904479503629 -0.99842306971549977 0.35714286565780645 0.43828025460243231 1.0029851198196413 -0.62546792626380909
decision_type=2 2 2 2 2 2 2 2 2 2 2 2 2 2 2 2 2 2 2 2 2 2 2 2 2 2 2 2 2 2 2 2 2 2 2 2 2 2 2 2 2 2 2 2 2 2 2 2 2 2 2 2 2 2 2 2 2 2 2 2 2 2
left_child=2 3 9 4 40 15 8 11 14 42 35 25 13 26 37 -3 43 -9 -14 23 21 -17 -23 41 -12 -6 -13 52 -21 -8 -31 45 33 50 56 -7 55 -4 -30 -37 46 -5 -1 48 -41 -24 -2 -26 -11 -10 -33 -18 -16 -15 -55 -32 -28 -58 59 -59 61 -19
right_child=1 5 6 19 7 10 29 17 49 16 24 12 18 53 27 20 51 60 -20 28 -22 22 31 -25 47 -27 34 -29 38 30 36 32 -34 -35 -36 39 -38 -39 -40 44 -42 -43 -44 -45 -46 -47 -48 -49 -50 -51 -52 -53 -54 54 -56 -57 57 58 -60 -61 -62 -63
leaf_value=-0.024499988839098558 -0.003244622820299148 0.0021491412099603783 0.0013651529167114417 0.010189420025484133 0.013246157327068044 -0.010332874813677473 -0.0096222055068881877 -0.0078342375206536096 -0.0073307749943033254 0.0092478800862359576 0.0043527261078663343 -0.0010993086149187177 0.023039684456853792 -0.0057554337541375605 0.015966393999608204 0.0010363997307489714 0.029598712598987217 0.0086729507852916932 -0.010584964835733426 0.0057932176413882115 0.0010151677190598785 0.010505520445213173 -0.0055588893939466496 0.0088744171461316666 0.033501854129061245 0.044870423986736352 -0.0097718437891323451 -0.016225905782161352 0.005138941062731904 -0.00069449084870825707 -0.0091999131256855042 -0.0057823218832713432 -0.0010449383411427018 0.039243987522602747 0.021368889635280264 -0.0061194930422697157 -0.0071165177263802946 -0.018345448931067918 0.052893204408403907 0.03962891136101418 -0.012264958758599462 0.04620065982512013 0.010732213270658326 0.0033155180857711141 0.002323953161516101 0.048615074935986699 0.021568521886078454 0.062323170250045759 -0.018314654774310594 0.030266690793417397 0.030737948095635823 -0.0048660769110511239 -0.0031824978584069599 -0.0040471810380859228 0.05271817695477797 0.026759420620090912 0.031365414439091556 -0.0028477872582399746 0.015037460939479311 0.019744059986308831 0.0015158545166945717 0.041393159370966284
leaf_weight=760.64203475043178 88.473258376121521 46.109518252313137 38.244651664048433 19.022396933287382 51.985676903277636 7.7315322794020167 43.210436832159758 13.561074238270519 7.4561101570725432 12.670581631362436 7.4364831671118727 151.95518336072564 17.794117819517851 3.2543390728533295 26.904753878712654 20.511492993682623 14.094876244664194 14.747954264283178 140.83304586261511 11.757176999002693 26.362917721271515 38.143348805606365 3.1993646062910548 73.078422632068396 40.567282434552908 23.346194311976433 25.881345972418785 82.274811748415232 7.9996136948466292 69.154908586293459 5.8251465298235408 18.948702976107601 24.765290927141905 83.730725895613432 92.570015951991081 7.8974263183772555 15.582833383232353 440.64916799589992 55.136739782989025 52.09892612695694 162.8200861774385 25.13891613855958 7.1347944624721995 32.507072579115629 10.702810473740099 77.191073164343834 18.555875055491924 98.045233752578497 219.14939800277352 26.28685324639082 6.5559227317571631 12.96432103961706 174.47386668249965 2.7940910607576432 16.160883337259289 72.586930919438601 13.391178473830221 107.74515400826931 77.872019417583942 20.978976849466562 8.3849439620971662 75.574184726923704
leaf_count=13508 1378 615 611 246 687 110 671 176 111 210 91 2160 229 40 404 308 218 180 2040 164 332 480 40 961 466 298 368 1321 102 1018 82 258 328 963 1184 104 223 7453 656 622 2607 320 113 521 132 879 272 988 3730 381 86 205 2805 37 197 1019 163 1548 1100 278 97 888
internal_value=0.000457874 0.0164594 -0.0142208 0.00970951 0.00634939 0.0318799 -0.00736776 0.0104786 -0.010906 -0.0206431 0.043976 0.00754473 0.00538808 0.009007 -0.0125002 0.023506 -0.011268 0.0288345 -0.00622432 0.0287867 0.0267057 0.0291232 0.0313401 0.0190618 0.0529817 0.0252297 0.0073185 -0.00511993 0.0418646 0.00622029 0.0105775 0.034723 0.0263867 0.0323794 0.011059 0.0250361 0.0184869 -0.0167735 0.0476637 0.029331 -0.00674379 0.0333029 -0.0241053 -0.014174 0.0339115 0.0462598 0.00182792 0.0553482 -0.0166447 0.022085 0.0071047 0.0149027 -0.000299311 0.038094 0.0452524 0.0236967 0.00682875 0.00895556 0.00679616 0.00143472 0.0340072 0.0367857
internal_weight=3952.62 1890.81 2061.81 1320.81 1128.68 569.998 1002.65 858.83 796.29 1059.16 224.48 746.562 671.23 512.603 762.547 345.518 291.386 112.268 158.627 192.133 299.409 273.046 252.534 117.24 146.049 75.3319 490.394 283.653 74.8935 206.36 163.15 214.391 134.001 109.235 338.439 78.4307 93.9949 478.894 63.1364 70.6992 269.849 44.1613 767.777 264.327 62.8017 80.3904 107.029 138.613 231.82 33.743 25.5046 27.0592 201.379 22.2093 18.955 78.4121 245.869 219.987 206.596 128.724 98.7071 90.3221
internal_count=59782 25178 34604 18376 15927 6802 16099 11670 13086 18505 2513 10329 9344 7075 12594 4289 4884 1341 2269 2449 3674 3342 3034 1527 1545 985 6801 4530 922 3013 2342 2554 1635 1307 4641 968 1324 8064 758 858 4257 566 13621 4461 754 919 1650 1454 3940 492 344 423 3209 274 234 1101 3457 3089 2926 1826 1165 1068
is_linear=0
shrinkage=0.03


Tree=10
num_leaves=63
num_cat=0
split_feature=6 3 3 23 14 32 14 21 21 23 3 7 7 3 14 32 4 4 1 11 4 5 4 32 32 11 23 4 9 3 10 7 8 14 3 9 11 17 4 4 21 14 23 4 14 3 9 23 8 11 10 0 10 11 5 21 9 5 8 7 0 4
split_gain=982.298 264.68 136.518 107.728 66.2904 56.7668 53.7066 40.5005 37.0813 36.6176 35.2 29.0749 28.4969 27.2172 25.8079 23.4747 23.3994 22.8514 25.0685 21.1151 18.9716 18.5972 18.2542 17.3623 17.2631 16.7539 16.2318 15.9129 15.6762 15.659 16.1846 15.4518 15.1962 16.317 14.9789 19.1792 14.7959 14.7284 14.2647 13.8021 13.2073 12.8688 12.7332 12.6218 12.431 12.2852 12.2144 11.3936 15.5607 11.3234 11.2249 11.1352 11.1035 11.0623 11.166 12.54 11.0098 10.927 10.89 10.8791 10.5426 10.3978
threshold=0.5097789764404298 0.64183306694030773 0.057279193773865707 1.1380447745323183 -0.66242766380310047 10.500000000000002 -0.67811366915702809 0.53318053483963024 0.78259679675102245 -0.027577824890613552 1.2413458824157717 0.17512354999780658 1.0000000180025095e-35 -0.37728126347064966 0.31255255639553076 12.500000000000002 0.47716286778450018 -0.027378956787288185 0.38483691215515142 -0.024152327328920361 0.10340107604861261 -0.10845717415213584 1.1460446119308474 15.500000000000002 14.500000000000002 0.20119599997997287 1.2586392164230349 -0.49190726876258845 -0.20833356678485868 0.27477781474590307 1.0902373790740969 0.50972247123718273 0.28183160722255712 -1.0505042076110838 1.6190043687820437 0.4909075796604157 1.214486360549927 0.31026449799537664 2.3550682067871098 0.67351880669593822 -0.29750637710094446 -2.2773716449737544 0.42008206248283392 -0.78708472847938526 0.34361904859542852 -0.011525097303092478 1.0000000180025095e-35 0.8891386389732362 -1.0157986879348753 -0.024152327328920361 0.7807506024837495 -0.071802720427513109 -0.76392787694931019 0.57219555974006664 0.26876352727413183 1.0545833110809328 -1.0593020915985105 -0.20125912874937055 -0.21593847870826718 -0.47647547721862787 -0.45066887140274042 -0.085485760122537599
decision_type=2 2 2 2 2 2 2 2 2 2 2 2 2 2 2 2 2 2 2 2 2 2 2 2 2 2 2 2 2 2 2 2 2 2 2 2 2 2 2 2 2 2 2 2 2 2 2 2 2 2 2 2 2 2 2 2 2 2 2 2 2 2
left_child=2 4 9 6 7 14 60 22 21 16 20 -9 25 -6 40 29 37 47 23 -10 26 -5 41 42 -13 -8 57 -21 -26 30 -15 -25 -11 61 46 -36 50 -1 44 56 -4 45 -19 -23 53 -2 -27 -14 -49 -31 -18 -45 -51 54 55 -17 -12 -7 -42 -58 -3 -34
right_child=1 3 5 8 13 10 12 11 19 32 39 24 17 15 -16 38 36 18 -20 27 -22 43 -24 31 28 34 -28 -29 -30 49 -32 -33 33 -35 35 -37 -38 -39 -40 -41 58 -43 -44 51 -46 -47 -48 48 -50 52 -52 -53 -54 -55 -56 -57 59 -59 -60 -61 -62 -63
leaf_value=-0.023073030475529069 -0.0012382386052498279 -0.0096569930931122688 0.0042053017933656404 0.0032970157985932019 -0.012379558044640544 -0.022436240595678354 -0.0084088522924246761 0.009326636941596609 0.025500623713226936 -0.015321426915294407 -0.011075533435280008 0.060196368410826276 -0.0071253062430064558 -0.0058822589098814623 0.0038613513567344981 -0.014148307978141263 -0.015779481927064472 0.0028182256412541047 0.043020744398362988 0.0072401577725836538 0.0031346687719190415 -0.01199398188417318 0.033019246595107909 -0.0032497513218165521 -0.0045139983613686251 -0.0051110397156049724 0.016742248618660378 0.061751053945934609 0.035928548071343623 0.0054624178170021949 0.034031376291568639 0.019496284117523185 -0.012713532538006795 -0.008309374715833413 0.04733705952102385 -0.00092711226102688967 0.029995178734057562 -0.0066144360831484001 0.03412803905598806 0.030147153528410273 0.012134924331236863 -0.0028594195664280895 0.033226435291477258 -0.0089294783393243215 -0.0081157007600829879 0.041898646604363876 0.013960684640204763 0.044775593200586591 -0.0027708993114436979 0.00096364666287855681 0.010064719548690202 0.037302554531066519 0.050757694972167644 0.013832685957695951 0.01666899869936439 0.010926047581112442 -0.010637969587568408 -0.0097730685067612694 0.057544993605249631 0.014134782409978714 0.040904934459546821 0.019839576638738116
leaf_weight=925.79313150793314 10.70745422691107 2.0635305792093268 10.065674610435961 20.895968176424503 142.26784978806973 73.768287986516953 45.053424384444952 37.970102798193693 31.865042194724083 234.54380218312144 27.950097352266312 28.870353788137436 33.097935937345028 35.003806043416262 45.876799918711185 58.217638950794935 47.285523120313883 15.636995233595369 56.188228588551283 6.4967947602272025 101.70827520638704 2.8791827484965316 14.777827605605124 42.966530185192823 11.319155361503361 46.521143704652786 14.167021449655293 119.03257945179939 21.328570008277893 13.43858168274164 6.9149800129234782 61.599656298756599 7.9091514460742465 148.12827840819955 15.666293658316137 11.257940009236334 5.3044839836657038 56.800394672900438 5.0722418427467337 17.157190848141909 10.055261474102737 98.271269608289003 80.626131407916546 3.0632745027542105 151.55666780471802 7.6153555959463111 71.507569439709187 6.3855381533503559 12.404244415462015 5.1709157675504711 17.324514970183372 127.81492152065039 17.070746529847383 56.119560923427343 17.211471050977707 20.851570930331945 16.244097150862217 393.30829222127795 18.391833230853081 71.129604950547218 107.33965893834829 30.875638872385025
leaf_count=16701 146 25 147 244 2240 1219 614 487 347 3990 416 333 447 512 697 869 799 208 655 73 1499 37 185 541 141 616 209 1139 265 181 100 769 129 2457 179 128 83 968 66 225 143 1360 956 35 2284 94 908 81 157 65 291 1395 223 796 244 298 241 6317 241 1007 1181 471
internal_value=0.000277235 0.0176436 -0.0125655 0.0284192 0.00448971 -0.00256312 0.0207762 0.0177172 0.0427559 -0.0179661 -0.00534602 0.0316966 0.0163031 -0.00139589 0.0200089 0.00275224 -0.0209703 0.02188 0.0254874 0.0534653 -0.00851186 0.0305237 0.00635666 0.019656 0.0437649 0.00690792 -0.0109802 0.0593152 0.0231696 0.0169609 0.00362691 0.0104281 -0.0103057 -0.00377652 0.0117902 0.0301717 -0.00388795 -0.0221599 -0.00102888 0.00838747 0.03659 0.00175848 0.02867 0.0345051 -0.00215837 0.0218291 0.00654133 0.00334183 0.019402 0.030255 -0.00862445 0.0359317 0.0414828 0.00383559 -0.00238668 -0.00727933 0.00403197 -0.0119895 0.0457073 0.00920263 0.0395709 0.0125075
internal_weight=3953.91 1680.12 2273.79 920.363 759.756 799.822 608.315 230.86 312.048 1473.96 715.433 99.4882 498.912 528.896 84.3896 386.628 1052.51 308.905 257.018 157.394 582.952 154.653 131.372 200.829 61.5181 190.006 481.244 125.529 32.6477 77.599 41.9188 104.566 421.457 186.913 144.953 26.9242 69.9145 982.594 309.029 132.481 38.5128 116.594 96.2631 133.757 303.957 18.3228 118.029 51.8877 18.7898 35.6802 64.61 130.878 22.2417 152.4 96.2807 79.0692 115.324 467.077 28.4471 87.3737 109.403 38.7848
internal_count=59874 21624 38250 10735 10889 12361 7465 3011 3270 25889 11133 1226 6259 7878 1228 5638 18842 3814 3129 1559 9244 1711 1785 2474 739 2445 7745 1212 406 1081 612 1310 7047 3057 1831 307 1173 17669 4557 1889 531 1600 1164 1467 4491 240 1524 685 238 469 1090 1430 288 2207 1411 1167 1664 7536 384 1248 1206 600
is_linear=0
shrinkage=0.03


Tree=11
num_leaves=63
num_cat=0
split_feature=15 3 6 6 3 4 14 32 3 3 14 7 3 11 7 14 32 15 4 21 21 14 4 32 11 21 16 15 21 11 5 14 9 27 16 15 11 6 14 4 12 4 13 11 9 6 1 12 14 21 4 32 32 11 20 0 14 13 16 16 26 2
split_gain=1013.01 213.254 165.987 102.647 61.7599 49.6973 49.3335 44.588 44.7801 42.8208 45.8184 31.2807 29.1534 27.8138 22.785 21.4308 20.2822 18.937 18.5279 18.1932 17.525 17.4665 17.245 17.2211 16.7787 25.3595 16.3938 15.6089 15.1711 16.0097 15.2634 14.491 13.1288 12.964 13.6079 12.7911 12.726 12.9466 12.3964 14.0279 12.1869 12.1502 12.1652 11.8948 12.1692 11.6474 12.9057 11.5469 11.5103 11.3617 10.8996 10.4227 10.3226 10.0746 11.2395 12.3614 9.90924 11.2704 9.6034 9.53716 9.53694 12.1816
threshold=0.36215279996395117 0.70705479383468639 0.5097789764404298 0.78147754073143016 1.2413458824157717 0.44770708680152899 -0.98038837313652027 10.500000000000002 1.5103702545166018 -0.092467091977596269 -0.54160332679748524 0.67947480082511913 0.2499162703752518 0.024524024687707428 -0.71408048272132862 -1.281393229961395 14.500000000000002 -0.34570795297622675 -0.027378956787288185 0.7952142357826234 -0.41761195659637446 0.15916776657104495 0.2793459445238114 13.500000000000002 0.86423179507255565 0.031016836874186996 0.5629662573337556 -0.23545891791582105 1.6344172954559328 -0.85189408063888539 1.5400419831275942 -0.40769925713539118 -0.38799214363098139 1.5000000000000002 0.44926755130290991 0.023382865823805336 -0.7931595742702483 0.61455959081649791 1.7479221224784853 -0.20811595767736432 -0.33119159936904902 -0.17573804408311841 -1.0793811082839964 0.8508099913597108 0.30178619921207434 1.4189823865890505 1.0999195575714114 1.104895353317261 0.82920244336128246 1.3633279800415041 0.4327028095722199 9.5000000000000018 16.500000000000004 0.70472145080566417 -0.91031241416931141 -1.0000000180025095e-35 -0.66242766380310047 -0.40757127106189722 1.0184576511383059 0.014005979523062708 0.21580513566732409 -0.53885591030120839
decision_type=2 2 2 2 2 2 2 2 2 2 2 2 2 2 2 2 2 2 2 2 2 2 2 2 2 2 2 2 2 2 2 2 2 2 2 2 2 2 2 2 2 2 2 2 2 2 2 2 2 2 2 2 2 2 2 2 2 2 2 2 2 2
left_child=2 6 4 16 5 13 11 -5 15 56 14 26 22 35 -11 -9 21 -15 -16 43 -19 36 33 40 25 -12 -2 -7 30 -30 45 -22 -6 34 -8 58 -3 47 39 -21 -14 -13 -43 44 -10 -17 -47 -38 -23 -18 -27 -33 -45 -28 -55 -56 57 -4 -1 -35 61 -29
right_child=1 3 9 7 32 27 12 8 19 10 24 41 23 17 18 28 49 20 -20 38 31 48 -24 -25 -26 50 53 60 29 -31 -32 51 -34 59 -36 -37 37 -39 -40 -41 -42 42 -44 52 -46 46 -48 -49 -50 -51 -52 -53 -54 54 55 -57 -58 -59 -60 -61 -62 -63
leaf_value=-0.023399981830452464 0.0013586279799044337 -0.0049690265484392225 -0.018606965662193758 0.060665287500850471 -0.0065335858693148117 -0.012180160102604387 -0.010665401702847665 0.04526605184285086 -0.0038406806763888507 -0.0078309459215939719 -0.015628882970198068 -0.002840990066330748 -0.00032367537193460946 -0.01983812781548603 -0.0022427030045976261 0.011744305010540685 0.0023270874877552852 -0.015311661425167288 0.048022843835918247 0.0076321648396327942 0.011939657164898844 0.0015276956366785444 0.011036634436721768 0.0051720323525856838 0.014642162140249644 0.0019516150352531705 0.0081798428972249416 -0.0095448740785050688 -0.0057211187281817873 0.050341036587781697 0.045195094955401985 0.019700676583475452 0.018573970571264118 0.0062291884222339536 0.024158719668311408 -0.010860103591916696 0.053295574544194362 0.0081532417270245173 0.009937232034901539 0.057533823135681242 0.030456305836703078 -0.0049364792809893608 0.050321941898157335 0.041198179582710256 0.029432168035249801 0.032413390249994352 -0.0050229196483353158 -0.0081873215025630476 0.030348834231614302 0.025739669469996888 0.021502821480376928 -0.009715427896260672 0.0029186409716285312 0.004756441296430834 -0.0078438594657462939 0.046865157524017355 -0.013417375562492027 0.014146967681481902 0.010018424551043605 -0.011117504908788465 -0.004210901661258511 0.021987784460847579
leaf_weight=916.67580404505134 66.620221015065908 5.1722720563411704 8.9763494618237001 59.206677958369255 25.747332695871592 60.495023343712091 13.558945450931786 38.885982945561409 17.789763487875462 8.8518133834004384 65.664110235869884 4.4907364025712004 14.810883440077303 241.56438269466162 7.2806480079889289 190.99303142726421 139.52992693334818 164.58119992911816 38.123191330581903 7.069472797214984 46.31012200191617 43.589252546429634 57.229140546172857 163.86572152003646 85.868496391922235 130.55839619413018 34.730033800005913 11.423820920288561 4.3554200828075436 22.662771835923195 14.278331577777861 7.3334016650915137 48.200236912816763 29.604659307748079 19.056758902966976 97.282288767397404 29.235375203192238 11.308854348957537 8.4700964689254743 100.49784249812365 46.364934395998716 3.0020837001502505 36.063653908669949 67.539367020130157 14.757401943206785 51.594457000494003 8.2678916081786138 1.6564380228519429 12.802407175302504 16.780700668692589 27.328853208571672 108.10462317615747 7.8202789500355712 12.17016690596938 2.7675933539867428 24.054516419768333 130.4746895506978 24.933359168469906 5.2396764382719985 210.31346484646201 38.23912463709712 39.997637748718262
leaf_count=16873 887 64 136 584 397 1025 207 401 191 123 984 60 192 4275 100 2257 1909 2819 468 75 757 582 801 2292 1149 1901 438 188 54 233 156 112 710 461 276 1615 358 128 87 904 587 36 409 672 152 550 93 21 167 223 362 1787 83 162 36 285 2146 374 92 3155 603 620
internal_value=0.000573331 0.0188316 -0.0120295 0.0288208 -0.0163345 -0.0174796 0.00689498 0.0354934 0.0322903 0.00275092 0.00846466 0.020141 0.00236369 -0.0190357 0.0326531 0.0245998 0.0126907 -0.013495 0.0405397 0.0428731 -0.00857101 0.0226823 -0.00331024 0.0105692 0.00377148 -0.000633038 0.0124167 -0.000948599 0.0211337 0.0418215 0.0182904 -0.00145884 0.0099718 -0.00646749 0.0101883 -0.022042 0.0353717 0.0403186 0.0520142 0.0547389 0.0235429 0.0411879 0.0459972 0.0311751 0.0131561 0.0159058 0.0272543 0.0493175 0.0100097 0.00556046 0.00589192 -0.00710642 0.0376546 0.0216885 0.0314234 0.0408746 -0.00976658 0.00419969 -0.023157 -0.00889354 0.00687255 0.0147574
internal_weight=3952.22 1612.97 2339.25 874.264 1811.19 1737.25 738.704 614.189 554.982 528.06 363.676 183.899 554.805 1587.09 54.2557 331.038 260.075 567.894 45.4038 223.944 326.329 103.765 329.763 225.042 309.42 223.551 140.343 150.156 292.152 27.0182 265.134 161.748 73.9476 272.534 32.6157 1019.2 47.3729 42.2007 116.037 107.567 61.1758 43.5565 39.0657 107.907 32.5472 250.855 59.8623 30.8918 56.3917 156.311 157.887 115.438 75.3596 73.7223 38.9923 26.8221 164.384 33.9097 921.915 239.918 89.6606 51.4215
internal_count=59844 20228 39616 9944 31873 30766 10284 6492 5908 7743 5087 2313 7971 28330 691 3744 3452 9750 568 2164 5475 1320 4900 3071 4396 3247 1808 2436 3343 287 3056 2656 1107 4099 483 18580 571 507 1066 979 779 505 445 1098 343 2900 643 379 749 2132 2263 1899 755 921 483 321 2656 510 16965 3616 1411 808
is_linear=0
shrinkage=0.03


Tree=12
num_leaves=63
num_cat=0
split_feature=23 3 3 6 14 4 21 14 21 21 14 6 4 4 32 11 4 7 17 32 3 11 7 4 3 17 11 11 4 4 7 4 12 6 21 11 14 6 22 6 32 11 26 11 3 30 17 32 4 7 11 6 4 11 7 5 11 14 6 11 13 26
split_gain=853.625 255.92 94.53 87.4146 69.4323 54.4006 46.0498 43.1993 39.2637 32.3575 32.2116 30.9533 28.0376 27.5837 27.4204 26.8525 26.2534 23.2526 22.2554 22.2058 20.587 20.3799 18.7672 18.3267 18.3174 17.9405 16.3307 16.1696 18.1437 15.5069 15.0573 14.8951 13.8285 15.2546 13.8069 16.7794 16.6359 15.5285 12.8245 12.726 12.6373 12.5585 12.0737 12.4769 18.1793 12.0646 11.9066 11.6412 11.5284 11.2787 11.1695 11.0818 10.4815 10.555 10.299 11.7697 10.1652 10.1448 10.9977 12.3741 10.6664 9.99933
threshold=0.41017347574234014 0.64183306694030773 -0.1959760785102844 1.2619948983192446 -0.90419462323188771 1.5478326082229616 0.031016836874186996 -0.39050057530403132 0.76015359163284313 0.87905642390251171 -1.0704640746116636 -0.35569941997528071 0.15862626582384112 -0.063147414475679384 11.500000000000002 1.3026249408721926 -0.20811595767736432 0.79741230607032787 0.33934748172760015 9.5000000000000018 0.2499162703752518 0.049944764003157623 -1.1993432044982908 1.2643251419067385 0.90905573964118969 -0.019407703541219231 1.3354479670524599 0.22568751126527789 0.062171373516321189 -0.20811595767736432 0.19387686252593997 -0.063147414475679384 1.1769987344741824 1.3716483712196352 -0.54266214370727528 -0.22824385762214658 0.3561625480651856 0.45968402922153478 0.99583795666694652 -0.83271804451942433 14.500000000000002 0.012656308244913818 1.0021815299987795 0.8508099913597108 0.85275113582611095 -5.7083332538604727 -0.58913344144821156 13.500000000000002 -0.30689410865306849 -0.17414200305938718 1.547984302043915 -0.28569704294204706 1.0000000180025095e-35 1.2457470297813418 -0.92921462655067433 -0.76602783799171437 1.214486360549927 0.53468039631843578 -0.026751670986413952 0.049944764003157623 -0.27392549812793726 1.0000000180025095e-35
decision_type=2 2 2 2 2 2 2 2 2 2 2 2 2 2 2 2 2 2 2 2 2 2 2 2 2 2 2 2 2 2 2 2 2 2 2 2 2 2 2 2 2 2 2 2 2 2 2 2 2 2 2 2 2 2 2 2 2 2 2 2 2 2
left_child=2 4 11 5 9 6 56 14 25 26 16 27 18 38 -4 17 -8 42 57 20 -15 49 -21 47 41 -5 30 -1 -29 -27 -2 -11 33 61 -24 -36 37 -37 -6 -20 -30 -16 43 -12 -45 -23 -7 -13 -17 -10 -28 -19 53 -46 -35 -56 -3 58 -9 -60 -61 -31
right_child=1 3 7 8 13 46 10 12 21 31 15 23 -14 19 24 48 -18 51 39 22 -22 45 34 -25 -26 29 50 28 40 32 -32 -33 -34 54 35 36 -38 -39 -40 -41 -42 -43 -44 44 52 -47 -48 -49 -50 -51 -52 -53 -54 -55 55 -57 -58 -59 59 60 -62 -63
leaf_value=-0.025576741872812822 -0.0033498511173264077 -0.0034662639593565606 0.034894142039692551 -0.00091945103056620099 -0.017481714597363522 -0.0036658290827309079 -0.011320692751575705 -0.015355686669520864 -0.013642892988884976 -0.0025293413237663159 0.0057065257425444387 -0.0054732546130397495 0.0054559681998505591 0.0016842330671494371 -0.013566972868460748 -0.0039828532793690207 0.050077765355472474 -0.0029875061921551191 -0.017203926968344215 -0.018241797033778331 0.045596243977318214 0.0067117950787406984 -0.010405266872452709 0.014137696175155007 0.025442660507458373 0.0039584952100572349 0.044044137958500928 -0.017774014742776276 0.031803810640271289 -0.0039247731178239957 0.017441451550197586 0.041279519515141291 0.0018216957325282292 0.0071603369308830258 -0.0050307310810723035 -0.002126648417586397 -0.0017391365300451283 0.019418025233428164 0.0071198745401737052 0.0054485253213611357 -0.0079717214729828935 0.0072229770417998052 -0.011364238613644101 -0.012253099543134581 0.040672256858887056 0.054327208806886573 0.047260129770381437 -0.016763459004280695 0.040897701034812939 0.028859158278167336 0.006929042217273273 0.027818966050566565 -0.00017005610058056281 -0.0036575906789782322 -0.0053805705847215788 0.046538613893198751 0.011028753252578526 -0.020058452867259716 -0.011768562209362185 0.026462705327375845 -0.0013603405804742453 0.025701815576766814
leaf_weight=539.37934991717339 81.54705960676074 114.52655428647995 24.956692036241293 20.705361802130938 120.13911175355315 3.689684994518756 5.3498835712671271 160.00137377157807 3.4181589856743804 7.3826141729950896 165.44917974993587 115.14857086166739 102.31642901524901 20.818648885935545 47.409607816487551 4.8032084554433814 41.684855874627829 10.689564675092695 23.929549034684896 45.26086101308465 13.507525581866501 6.5395052433013907 73.789012487977743 17.823289394378662 19.976216066628695 22.082715883851051 13.516095381230118 140.23040204867721 7.8434592336416271 13.871054649353026 44.684517551213503 49.022590190172195 13.203192815184591 9.5110694691538793 134.97856711596251 39.211296577006578 97.251937918365002 112.79276087507606 19.676029291003942 92.716220512986183 12.867358621209858 47.672144904732704 22.02380009368062 8.8301845379173738 32.507853660732508 129.4952559992671 56.461990259587765 351.66247545182705 45.233135379850864 42.698781862854958 15.735385295003651 97.500981364399195 9.0320857092738134 4.6511492654681197 3.0926390811800948 81.43031095713377 63.697927352041006 176.24455914273858 60.28392680734396 13.076330650597809 38.068062078207731 24.634042136371136
leaf_count=10297 1134 1557 351 255 1914 45 64 2800 37 100 2115 1967 1522 300 801 58 425 156 398 721 167 65 1152 263 267 262 175 2525 131 154 565 549 135 110 2052 613 1455 1541 308 1359 216 737 275 116 373 1162 612 6231 501 447 206 1153 100 53 34 831 827 3000 977 204 588 264
internal_value=0.000217715 0.0143293 -0.013573 0.0242733 0.00244271 0.0177113 0.0148467 -0.00560256 0.0360223 0.0172188 0.0199327 -0.0189525 -0.00878081 -0.00227132 0.00931068 0.0167699 0.0426774 0.0134629 -0.0113873 0.000851339 0.0225641 0.0461973 -0.000836958 -0.012895 0.00253937 0.025252 0.00957018 -0.0230232 -0.0139525 0.0284141 0.00439414 0.0358065 0.0318653 0.0346832 0.00106136 0.00336881 0.00792686 0.0139696 -0.0138933 0.000285316 0.0103473 -0.0033032 0.00801614 0.0101612 0.0219652 0.0523573 0.0440947 -0.014066 0.036619 0.0246826 0.0280047 0.0247777 0.0290645 0.0353478 0.0412253 0.0444445 0.00187389 -0.0143983 -0.0104267 -0.00299357 0.00747646 0.0158047
internal_weight=3937.73 1946.13 1991.61 1056.81 889.314 686.132 625.98 806.651 370.682 211.888 447.756 1184.95 666.636 677.426 140.015 400.721 47.0347 350.685 564.32 537.611 34.3262 182.152 503.284 484.634 115.058 188.53 155.483 700.321 160.941 167.825 126.232 56.4052 145.742 132.539 458.024 384.235 249.256 152.004 139.815 116.646 20.7108 95.0818 242.494 220.47 55.0213 136.035 60.1517 466.811 50.0363 46.1169 29.2515 108.191 46.1911 37.159 94.034 84.523 178.224 447.674 271.43 111.428 51.1444 38.5051
internal_count=59772 25138 34634 12186 12952 8430 7773 13004 3756 2729 5389 21630 10848 10223 2156 4900 489 4341 9326 8001 467 1711 7534 8461 1805 2045 2080 13169 2872 1790 1699 649 1528 1393 6813 5661 3609 2154 2222 1757 347 1538 3032 2757 642 1227 657 8198 559 484 381 1309 526 426 975 865 2384 7569 4569 1769 792 418
is_linear=0
shrinkage=0.03


Tree=13
num_leaves=63
num_cat=0
split_feature=15 3 3 6 23 32 15 4 15 4 4 32 21 4 5 21 21 3 11 9 6 21 8 4 24 4 15 15 11 24 8 20 0 23 6 1 9 25 3 3 4 8 21 11 25 21 8 7 6 7 11 24 18 8 21 12 21 18 11 7 0 9
split_gain=864.515 181.641 173.407 65.4768 58.523 52.1223 45.979 36.7473 33.4911 28.1172 26.6233 23.6146 21.3799 21.103 19.4241 18.9491 18.0247 17.7437 17.6842 17.492 16.7419 16.5162 16.4177 14.9719 14.7539 14.5791 14.2308 13.816 13.5224 13.4035 13.1826 12.7966 12.2893 12.2567 12.0059 11.9754 11.8676 11.6411 11.4671 10.9449 10.5756 10.2419 10.214 9.96397 10.2644 9.70569 14.8414 11.1687 9.43214 13.5476 12.1486 13.1549 11.7338 9.85699 9.16423 9.03511 9.02421 8.96529 8.85999 8.8363 8.71606 10.8013
threshold=0.36215279996395117 0.45097060501575476 0.99762001633644115 -0.27249692380428309 0.24323514103889468 13.500000000000002 1.2087481617927553 0.41867727041244512 0.88642296195030224 -0.05152961611747741 -0.013657241128385065 10.500000000000002 0.15478920191526416 0.94409903883934032 0.26876352727413183 -0.7704004943370818 -0.40558201074600214 1.2413458824157717 -0.22824385762214658 -0.32731302082538599 1.401394307613373 0.39408384263515478 -0.68114569783210743 -0.85092490911483754 0.025706596672534946 -0.013657241128385065 -0.33441953361034388 0.64805662631988536 0.65716460347175609 -0.025194101966917511 -0.66185823082923878 1.4768175482749941 -0.10349560901522635 1.0151652097702029 1.4763169884681704 0.66208350658416759 0.88198497891426098 -0.49638220667839045 -0.20680647343397138 1.0000000180025095e-35 0.81050148606300365 0.061857214197516448 1.4857981801033022 -0.082777958363294588 1.2435487508773806 1.3856074810028078 1.2273285388946535 1.5306591391563418 1.0263257622718813 -0.45480038225650782 -0.57354065775871266 1.4691410064697268 -0.27230566740036005 1.0345758795738222 -0.7704004943370818 0.79630258679389965 -0.88190791010856617 -0.79414671659469593 2.104078054428101 -0.60572963953018177 0.65674686431884777 -0.56224769353866566
decision_type=2 2 2 2 2 2 2 2 2 2 2 2 2 2 2 2 2 2 2 2 2 2 2 2 2 2 2 2 2 2 2 2 2 2 2 2 2 2 2 2 2 2 2 2 2 2 2 2 2 2 2 2 2 2 2 2 2 2 2 2 2 2
left_child=1 4 6 17 7 15 10 28 19 -6 42 22 -10 21 38 -4 39 40 -14 34 26 43 -12 -17 -24 -18 -11 -25 -1 -21 -15 35 -9 37 -7 -28 -31 55 -13 -8 -3 -19 -2 -5 -45 47 57 -20 53 -50 -51 52 -52 -40 -30 -23 -26 -47 -29 -22 61 -35
right_child=2 3 5 13 9 8 16 32 12 20 11 14 18 30 -16 23 25 41 45 29 59 33 24 27 56 -27 31 58 54 36 -32 -33 -34 60 -36 -37 -38 -39 48 -41 -42 -43 -44 44 -46 46 -48 -49 49 50 51 -53 -54 -55 -56 -57 -58 -59 -60 -61 -62 -63
leaf_value=-0.022543517052842292 -0.010081400690882722 -0.019428407402511137 -0.00044413988535757807 -0.011980202670391026 -0.020009703732153241 -0.0092550417085805643 -0.011824448322086316 -0.013614355283308689 0.011895231678101656 -0.013957089138316588 -0.0048574842060413771 -0.0054639437624126926 0.0076842160818604323 0.0027974437083636396 0.017945317056831861 -0.00065565097680194036 0.0013935840126435507 -0.0082995836610670528 0.030873083372242212 -0.0060110153178506596 -0.0050442253279081029 0.040436331701570995 -0.0028716830892197161 0.019793760397454636 -0.0037553114870566072 0.026496387765019874 -0.0039128401054754651 0.049757397675530314 -0.018425280203955969 0.026429982631705397 0.0384787772064464 0.026235966644601424 0.0062857399584710302 0.00039917482700121536 0.027333591277013652 0.021653861391016917 0.00094625723475575741 0.0048039723539640301 -0.00099321442799712284 0.015074645507617526 0.009357281080869034 0.018942096334184776 0.016534306030352681 0.0073081324255195737 -0.016938559184670327 0.0008338396247099865 -0.0083565355601926301 -0.0048452266491150371 -0.0067195437183403262 -0.0063577282378479687 0.041524941435553499 -0.0018603354287949443 0.0094610004472314938 0.015956396806022212 -0.0042372288028519082 -0.0046782937088551179 0.040123451587826063 0.053777809158531462 -0.0012242569954371719 0.035789959661879235 -0.0017068667783512121 0.041893435798748532
leaf_weight=1032.6140471771359 122.25173549354076 124.72545804828405 9.2011149227619153 38.372701279819012 105.70425662398338 45.329498257488012 21.748026505112648 44.575936827808619 69.459079336374998 88.724984295666218 13.72586442530155 120.46230006590486 28.202001258730888 13.896445669233797 80.396286558359861 6.5518173798918715 24.311365753412247 21.830171588808298 176.39751916751266 16.987391822040081 5.3509773910045615 10.805611617863176 9.509646747261284 27.041396137326956 3.7466052621603003 168.61045169830322 201.14440139755607 147.18061050027609 102.69240687042475 76.84589496999979 29.569496016949415 10.574784997850655 59.356502052396536 7.131771411746743 4.6780103221535674 12.954260796308516 21.058847680687904 115.06342920660973 190.72538030892611 22.837917685508728 9.6813385188579542 18.649723704904318 9.9333919510245305 123.25289762765169 13.119790077209471 3.2115611508488646 2.6967306211590758 6.9209991693496695 22.105049610137939 12.520393293350933 28.61802531406283 13.733383081853388 20.135559014976028 31.734889607876539 72.189920287579298 4.0722180977463713 41.406590953469276 48.104833722114563 2.889087311923503 10.116316147148607 6.976111836731433 23.991081863641739
leaf_count=19637 1850 2148 107 586 1796 597 313 778 774 1529 177 1822 312 176 1050 77 313 347 1681 242 85 156 126 324 49 1921 3199 1388 1850 913 352 163 982 89 54 185 258 1635 2744 294 148 287 141 1734 184 26 23 65 299 161 354 165 256 445 1260 58 479 419 27 144 86 287
internal_value=4.02469e-05 -0.0118109 0.0165842 0.00301784 -0.0165716 0.0279739 0.00824996 -0.0197301 0.0224527 -0.00692427 0.00441413 0.00714129 0.0278882 0.00988163 0.00484197 0.0413556 0.0195633 -0.0119947 0.0317745 0.0109147 -0.00248166 0.00713988 0.0231169 0.043406 0.0299597 0.0234481 -0.00413739 0.0450092 -0.0211983 0.0171461 0.0285366 -4.01068e-05 -0.00248242 0.0137101 -0.0036589 -0.00190704 0.0212609 0.00869608 0.00227322 0.00208458 -0.0170937 0.00495375 -0.00755157 0.000616162 0.0044589 0.0344195 0.0474198 0.0294317 0.00522897 0.0127841 0.0185927 0.0236926 0.0303941 0.00172232 -0.0128491 0.0300173 0.0364712 0.0508326 0.0487681 0.023882 0.0278182 0.0337564
internal_weight=3958.41 2307.14 1651.27 561.138 1746 692.756 958.513 1311.43 499.892 434.57 721.005 588.82 334.993 386.252 520.431 192.864 237.508 174.887 265.534 164.9 328.866 342.786 68.3887 183.663 54.6628 192.922 313.398 177.111 1207.5 114.892 43.4659 224.673 103.932 168.04 50.0075 214.099 97.9047 129.941 440.035 44.5859 134.407 40.4799 132.185 174.745 136.373 237.332 54.0131 183.319 319.573 97.1124 75.0074 62.487 48.7536 222.46 174.882 14.8778 45.1532 51.3164 150.07 15.4673 38.099 31.1229
internal_count=60127 39881 20246 8273 31608 7287 12959 24507 5364 7101 10118 8127 3300 5343 7296 1923 2841 2930 2526 2064 5305 4815 831 1816 654 2234 5076 1739 22747 1413 528 3547 1760 2311 651 3384 1171 1849 6246 607 2296 634 1991 2504 1918 2214 468 1746 4424 1235 936 775 610 3189 3110 214 528 445 1415 229 462 376
is_linear=0
shrinkage=0.03


Tree=14
num_leaves=63
num_cat=0
split_feature=15 3 23 15 4 4 3 14 14 21 21 3 14 3 35 20 7 14 6 25 8 10 3 17 20 16 11 6 11 3 14 15 22 23 10 8 6 8 9 4 3 24 34 24 29 11 22 11 21 14 8 3 11 20 11 11 11 10 11 15 30 17
split_gain=823.527 170.423 127.265 74.5293 49.3175 42.1764 37.2744 45.152 35.6304 35.2282 32.0643 30.252 24.8214 26.2335 23.5793 22.8761 22.18 20.6521 17.8816 18.4306 17.3203 18.0236 16.1034 15.5356 15.4786 14.809 14.1534 13.9702 13.4026 12.7275 14.801 11.9703 13.0062 11.8378 11.4698 11.2501 11.2083 11.4889 11.1451 10.9624 11.0655 10.6847 10.6579 10.6579 10.5557 10.5102 10.4362 10.3196 10.2574 10.2186 11.4092 10.2863 10.1206 10.0243 10.0125 9.81013 12.1359 9.65513 9.51214 9.39979 9.1397 9.11713
threshold=0.087022006511688246 0.78486108779907238 0.33359599113464361 0.89735013246536266 1.4478222131729128 0.44770708680152899 -0.081116169691085802 -0.3753096312284469 -2.4485961198806758 0.37320302426815039 0.2371373847126961 1.2413458824157717 -0.75554636120796193 1.8322706222534182 1.0000000180025095e-35 0.7558145821094514 0.32943235337734228 1.1211717128753664 1.0480196475982668 1.6240814924240115 0.54657480120658886 -0.15334291756153104 1.7516152262687685 0.25112006068229681 0.2029594033956528 0.42556470632553106 0.82725638151168834 -0.31440876424312586 -0.49575868248939509 -0.54103490710258473 -0.90419462323188771 -0.63661375641822804 0.8414762318134309 0.26603899896144872 -0.96095046401023854 0.7804735302925111 1.0000000180025095e-35 -0.38532106578350062 -1.5150947570800779 -1.0000000180025095e-35 -0.87155097723007191 -0.37792298197746271 2.5000000000000004 0.9824642837047578 0.79285714030265819 -0.63997438549995411 0.30590699613094335 -0.10536131262779234 -0.25300312042236323 -0.043234279379248612 -0.53938835859298695 1.0756298303604128 1.2010232806205752 -1.4913994669914243 -0.1658813804388046 0.33632096648216253 1.5227683782577517 -0.94676041603088368 1.0509038567543032 0.63712415099143993 -5.2916667461395255 -1.0000000180025095e-35
decision_type=2 2 2 2 2 2 2 2 2 2 2 2 2 2 2 2 2 2 2 2 2 2 2 2 2 2 2 2 2 2 2 2 2 2 2 2 2 2 2 2 2 2 2 2 2 2 2 2 2 2 2 2 2 2 2 2 2 2 2 2 2 2
left_child=2 4 5 15 8 11 -4 9 33 -8 14 27 28 16 25 49 47 54 29 55 21 -6 31 35 -18 -10 -7 -1 -5 -12 -31 -9 42 -2 -22 -17 -32 -38 -11 -27 -41 -29 -33 59 -24 -25 -42 -14 -49 50 -3 -52 -16 -35 -15 -20 -57 -56 -51 -39 -26 -53
right_child=1 3 6 12 20 26 7 22 10 38 18 -13 13 17 52 23 24 -19 19 -21 34 -23 44 45 60 39 -28 41 -30 30 36 32 -34 53 -36 -37 37 43 -40 40 46 -43 -44 -45 -46 -47 -48 48 -50 58 51 61 -54 -55 57 56 -58 -59 -60 -61 -62 -63
leaf_value=-0.023320267155673667 -0.0033672366550993142 -0.0015451848183311893 -0.011862833843146542 0.0040794390541436382 0.029934602604760004 -0.0057082648361616662 0.0027334765393087503 -0.01444776726397793 -0.0071167401295210908 -0.004124665275253985 -0.0091710952002137854 0.0060953005727146176 -0.0099993782609962764 -0.00080423454438383979 -0.013837743728138301 0.0047498801208199753 0.0091919650843007936 0.012937154142513847 0.013463836341545665 -0.00047318243971993554 -0.0033514878538646277 -0.007629973184791224 0.035862901534385642 0.0045470616903941505 1.190390138173509e-05 -0.0071813110084138921 0.020414638479408519 0.016353374780370061 0.044642189723879289 0.020610226583680221 -0.007581003925772648 -0.013022198971854826 0.014361970012222334 -0.0053908670410481368 0.048735779210563719 0.034500935520326327 -0.0019307956228014583 0.0067290885549907324 0.051452278520344293 -0.0095937404539754266 0.020524709941682324 -0.016812142984847234 0.002624989059318749 -0.0057051542132086665 -0.0088101130475356226 0.033993703388549984 -0.0042671039197518653 -0.0006071121104414607 0.018632084260464886 -0.0010934369762138731 0.0038799000522794134 -0.0037035203835513028 0.0018180160135909612 0.037363822812412996 0.0085852776625264318 0.040079684167157209 -0.0093026750845946089 0.051874185903766842 0.012626122760825902 0.027246648541065493 0.035023026017730864 0.041984915549095086
leaf_weight=799.56280560046434 8.8206756934523565 19.303779743611813 182.7932635396719 8.9322697147726995 18.593984108418226 94.464286513626575 31.032064065337181 54.784106362611055 78.868176765739918 2.8084539510309723 55.217083059251308 36.717020474374294 13.778072029352186 3.7172790095210066 179.17855437844992 66.296159584075212 35.378860302269459 26.97699348628521 54.081278443336487 40.667449109256268 3.5908030793070784 19.273124642670155 11.748090624809267 14.603125862777231 7.087671995162963 27.726036958396435 17.986320812255144 5.150611173361539 116.49976519495249 46.684400249272585 63.68502164632082 57.529361717402935 43.949838668107986 4.276142042130231 28.863759577274323 9.4440363720059377 79.937155701220036 44.446550954133272 28.866216562688351 13.95155096799135 81.60687242820859 459.93286188319325 101.4357529617846 19.882404573261738 4.3183134384453288 74.594942852854729 16.690561078488827 31.404261816293001 110.64383961260319 134.70556458458304 14.963411968201397 3.7148858383297947 45.208549562841654 36.836960162967443 7.3110383450984946 33.265336457639933 3.1830556392669669 68.526927586644888 63.132160276174545 39.795531876385212 122.28998459875584 21.503677610307932
leaf_count=15626 128 237 3089 90 231 1599 436 877 1216 37 860 563 163 37 2755 846 383 237 679 514 44 242 141 184 74 429 276 95 1057 580 1011 857 640 57 340 119 1164 672 351 208 1134 8394 1495 261 55 861 241 373 1127 1790 190 47 654 429 64 390 36 584 796 544 1193 245
internal_value=0.000121833 0.0135048 -0.0138557 0.0224955 0.00504536 -0.0185066 -0.00113692 0.00477846 0.00321917 0.0267149 0.00181358 -0.0200242 0.0297402 0.0256893 -0.00398458 0.0127784 0.0208064 0.0387917 0.00714417 0.0163835 0.0284468 0.0121555 -0.000635187 0.0213716 0.0284489 0.00299909 -0.000838745 -0.0208035 0.0420207 0.00349522 0.00598411 -0.00264793 0.000808691 0.0266984 0.0432947 0.0103663 0.00287483 0.00659734 0.046634 0.00874767 0.0128207 -0.0162748 -0.00326214 0.0129329 0.0246145 0.0296701 0.0163124 0.0120927 0.0145026 0.00696799 0.0173741 0.0256282 -0.0107126 0.0328146 0.0462755 0.0235843 0.0351651 0.0484901 0.00348794 0.017405 0.0331768 0.0357555
internal_weight=3952.22 2019.14 1933.08 974.809 1044.33 1413.81 519.265 336.472 974.009 62.7067 924.076 1301.36 552.547 427.115 443.23 422.262 320.583 106.532 480.845 131.197 70.3217 37.8671 273.765 164.938 164.757 218.843 112.451 1264.65 125.432 349.648 294.431 257.699 202.915 49.9338 32.4546 75.7402 247.747 184.062 31.6747 139.975 112.249 465.083 158.965 104.124 16.0664 89.1981 98.2974 155.826 142.048 257.323 59.4858 40.182 224.387 41.1131 79.5552 90.5297 36.4484 75.838 197.838 84.2421 129.378 25.2186
internal_count=60047 25516 34531 10697 14819 26553 7978 4889 13962 824 13348 24678 5382 4235 6637 5315 3313 922 6711 1619 857 473 4065 2010 1650 3228 1875 24115 1147 5092 4232 3869 2992 614 384 965 3652 2641 388 2012 1583 8489 2352 1477 196 1045 1375 1663 1500 3305 719 482 3409 486 685 1105 426 648 2586 1216 1267 292
is_linear=0
shrinkage=0.03


Tree=15
num_leaves=63
num_cat=0
split_feature=15 6 15 32 4 21 21 23 4 21 21 11 11 11 21 4 4 6 17 4 11 11 20 15 26 25 4 9 23 25 4 11 32 17 32 15 20 22 21 7 32 4 25 32 9 7 24 8 5 14 8 10 32 20 14 15 25 1 4 2 14 16
split_gain=755.805 146.006 134.896 61.0624 46.4576 40.8602 40.6613 37.6793 37.2278 32.2233 25.8745 25.5335 25.2021 23.4517 21.7058 20.7081 20.5858 19.6923 19.6396 22.1181 18.8667 18.0781 19.0151 16.9213 24.7057 15.9946 15.7343 15.4596 15.1629 14.9931 14.8976 14.8806 13.5124 14.3908 13.3359 13.2403 13.0916 12.7845 12.7001 12.3635 12.0949 11.9531 11.7312 11.2865 11.1249 10.9868 10.7944 10.6788 10.5668 10.3565 13.1595 12.5465 12.1984 10.4664 10.1056 10.097 9.87155 9.86757 9.8207 9.78582 9.76704 11.7384
threshold=0.31027793884277349 0.20169790089130404 1.2087481617927553 13.500000000000002 0.44770708680152899 1.0396947860717776 0.77142310142517101 0.48739866912364965 0.29325987398624426 1.3856074810028078 -0.59560349583625782 1.4063847064971926 0.061053849756717689 0.65716460347175609 -1.1451964974403379 2.1601321697235112 -0.73874974250793446 1.4189823865890505 -0.42631796002387995 -1.0000000180025095e-35 -0.011559306178241966 -0.1658813804388046 0.68330061435699474 0.73107045888900768 0.2466075196862221 -0.25848062336444849 -0.23698300123214719 0.70002666115760814 -0.012348851189017294 0.46502372622489935 -0.6638805866241454 -0.72160318493843068 17.500000000000004 0.93529978394508373 11.500000000000002 -0.067129451781511293 0.11265872418880464 -1.2002351284027097 -0.5057750642299651 -1.3124920129775999 9.5000000000000018 1.3776036500930788 1.7373704314231875 10.500000000000002 0.53528937697410595 -0.44514885544776911 0.36757738888263708 -0.44902868568897242 0.87654444575309765 -0.74262171983718861 -0.27428470551967615 -1.0000000180025095e-35 15.500000000000002 -1.4073493480682371 -0.23849282413721082 1.1075673103332522 2.5383567810058598 -1.0000000180025095e-35 0.58387064933776867 0.030822188593447212 -0.55504992604255665 0.7060753107070924
decision_type=2 2 2 2 2 2 2 2 2 2 2 2 2 2 2 2 2 2 2 2 2 2 2 2 2 2 2 2 2 2 2 2 2 2 2 2 2 2 2 2 2 2 2 2 2 2 2 2 2 2 2 2 2 2 2 2 2 2 2 2 2 2
left_child=1 4 3 10 12 13 14 -7 9 11 -2 17 38 26 -4 34 -8 36 -9 -20 -16 -10 -23 24 27 45 -3 47 -18 55 -25 -11 33 56 -6 -27 -5 -22 -1 -37 -14 49 57 -40 -38 -15 -33 -12 -28 52 58 -52 53 -39 -42 -19 -30 -21 60 -48 -51 -62
right_child=2 5 6 8 15 7 16 18 21 31 23 -13 40 25 20 -17 28 29 19 42 37 22 -24 30 -26 35 48 -29 32 -31 -32 46 -34 -35 -36 39 44 41 43 -41 54 -43 -44 -45 -46 -47 59 -49 -50 50 51 -53 -54 -55 -56 -57 -58 -59 -60 -61 61 -63
leaf_value=-0.02662516790885406 -0.00068542492225875918 -0.019523947831700045 -0.0085646005220942449 -0.010408980373748065 0.018157246279962392 -0.0037378470561971831 -0.0089152978152715352 -0.00099535260355788804 -0.00093249370976537446 -0.00012690476230881541 0.011302732233409742 0.016151960545309794 0.006503517284991862 -3.4627226143736562e-05 0.001783687634294658 0.034365423406051754 -0.012364570737779518 0.033514129596317915 -0.0020038927037260607 -0.0076873461054109337 0.0013435210103683198 0.012747837661647431 0.036146180316217719 -0.0040917434676365199 0.00019071976235532628 -0.011442677203572425 -0.006393340359560639 0.0015203255386714641 0.030661356942985808 -0.0076382609342708595 0.031641831256292198 -0.0042928094653629234 0.010182180019112377 0.048881268479657326 -0.0077307182357675454 -0.015546267572822315 -0.0052759049357673088 0.00025749407587375691 -0.0046555844206601308 0.010334058496982573 -0.0063558898507180784 0.045774312850710978 -0.0051914900891635437 -0.019730860992810424 0.0065791062129237181 0.031828681579671954 0.03770204538051735 0.040981844523593006 0.01341017188474981 -0.0095227242631960429 -0.0092465005005095188 0.016642684157707775 0.015561742209911026 0.049247076528586023 -0.016611425295607343 -0.0074412042749091127 -0.011815514624871896 0.05002556026207329 -0.004701939397082161 1.6545673260511985e-05 0.010522198993465352 0.043640825313877848
leaf_weight=306.14485701546073 47.914298433810472 79.708458296954632 20.349475011229515 202.64755068346858 16.663432870060205 56.51376461610198 6.7698320373892775 16.353811752051115 40.591262653470039 24.953356590121984 21.178655151277781 66.671462744474411 25.637284390628338 14.876634407788513 37.559870097786188 9.5501177646219713 3.051522407680749 23.834431085735563 11.087600082159041 1.5206763967871655 19.627678830176592 97.539406828582287 48.938025567680597 10.07740508392453 62.735589347779751 53.078895200043917 260.49537758529186 19.895230926573277 80.882978834211826 14.647271569818257 157.67666196450591 7.1425547413527957 17.117284201085567 123.99003930389881 101.29723155498505 15.375534825026987 171.68808296695352 4.4497986137866965 52.715063828974962 93.531809195876122 131.53497580438852 27.519171513617039 3.1239987611770621 530.21588623523712 114.39868941158056 23.14447471126914 38.980517383664846 38.609007056802511 22.014651458710432 3.1423381417989722 25.274348594248295 34.179445028305054 32.511162728071213 31.992674686014652 309.99720979481936 4.7055449038743964 2.7200191840529433 42.432552132755518 6.9454915076494208 7.2244935519993296 18.680461086332798 30.752756386995316
leaf_count=6162 654 1358 271 2996 267 914 80 237 530 346 281 844 444 229 458 139 42 252 152 19 222 1208 526 130 834 821 4195 265 744 196 1686 102 165 1059 1683 237 2367 53 982 1267 2354 264 43 10296 1559 328 426 487 310 30 278 382 346 320 5635 43 30 515 70 87 222 303
internal_value=0.000329457 -0.0114585 0.0149883 0.00944839 -0.0167541 -8.57181e-05 0.0276128 0.0146812 0.00507545 0.00175406 0.0197839 -0.000673216 -0.0183761 -0.00362637 0.0195858 0.000540449 0.0370222 -0.00291287 0.0280066 0.0355942 0.0218033 0.0167351 0.0215003 0.0229066 0.0144747 0.0045462 -0.0081395 0.0250454 0.0385498 0.0154412 0.0294389 0.0192367 0.0394953 0.041616 -0.00348409 0.000220928 -0.00467468 0.0248982 -0.0213777 0.00615825 -0.0124979 0.026965 0.0437915 -0.0184188 -0.000503812 0.0208064 0.0275287 0.0321522 -0.00464377 0.0230957 0.0165184 0.00577343 0.0325603 0.044018 -0.0136616 0.0266589 0.0286906 0.0474476 0.0259721 0.0323866 0.0300807 0.0332417
internal_weight=3926.58 2177.01 1749.57 1222.05 1483.76 693.258 527.516 131.032 863.963 676.894 358.087 598.593 1356.25 562.226 292.985 127.511 234.532 531.922 74.5186 58.1648 272.635 187.069 146.477 310.173 142.418 200.007 362.218 79.6829 227.762 43.1872 167.754 78.3009 224.71 207.593 117.961 161.986 488.734 235.075 889.076 108.907 467.169 215.448 47.0772 582.931 286.087 38.0211 53.3476 59.7877 282.51 187.928 118.975 59.4538 68.9536 36.4425 441.532 28.54 83.603 43.9532 59.521 46.205 52.5756 49.4332
internal_count=59745 38587 21158 15819 27962 10625 5339 1880 11482 9218 4337 8257 25873 8745 3219 2089 2120 7413 966 729 2948 2264 1734 3683 1867 2882 5863 1033 2040 491 1816 961 1998 1833 1950 2325 6922 2490 17440 1504 8433 2268 577 11278 3926 557 615 768 4505 2004 1285 660 719 373 7989 295 774 534 625 513 555 525
is_linear=0
shrinkage=0.03


Tree=16
num_leaves=63
num_cat=0
split_feature=15 15 6 3 21 3 4 11 3 14 4 21 21 3 4 23 15 21 4 6 6 18 14 14 18 11 18 3 14 0 12 31 5 31 2 10 11 25 8 22 29 21 13 11 4 12 0 21 23 11 12 13 12 14 8 14 18 22 15 12 1 10
split_gain=760.584 150.561 109.619 80.4182 50.5573 39.8804 39.7842 34.7662 31.4673 38.9276 26.8099 25.8603 25.0125 22.8756 22.4047 18.5816 15.5953 15.2197 15.1013 13.7954 13.5298 12.9642 12.5686 12.5091 12.9539 11.7014 12.3333 11.2668 16.7336 11.1486 10.9238 10.4335 10.379 10.3514 10.3281 10.1555 10.1421 9.9394 9.81465 12.1171 9.96729 9.69501 12.579 12.4411 9.47349 9.38377 12.2228 9.32056 9.29493 9.0628 9.0064 9.23687 10.5111 10.358 10.2662 8.94613 10.3586 8.87099 9.39164 10.5325 8.72107 10.9856
threshold=0.087022006511688246 1.2087481617927553 0.5097789764404298 0.99762001633644115 0.15478920191526416 1.2597366571426394 -0.037920959293842309 0.24782812595367434 -0.12844875454902646 -0.52455061674118031 0.44770708680152899 -0.064421165734529481 -0.18604057282209394 -0.31207790970802302 1.6629860401153567 -0.37806342542171473 -0.12157407775521277 1.4086498618125918 -0.24644867330789563 0.78147754073143016 -0.36978991329669947 -0.262730062007904 0.040406191721558578 -0.34251622855663294 -0.34344336390495295 0.8508099913597108 0.8265783190727235 0.79972311854362499 -1.7817230820655821 0.24789469689130786 0.71823149919509899 -0.35714286565780634 -1.0000000180025095e-35 0.5000000149011613 0.80292546749115001 -0.090601876378059373 1.0640743970870974 1.1109222173690798 0.46006560325622564 -2.0503125190734859 0.87083333730697643 -0.59560349583625782 0.59568554162979137 0.024524024687707428 -0.027378956787288185 -0.1092720404267311 0.13104329258203509 0.72498425841331493 0.73950770497322094 0.9865756928920747 -0.97338220477104176 0.35479393601417547 0.52511355280876171 1.0000000180025095e-35 -0.62246045470237721 -1.6036509275436399 -0.27230566740036005 1.4484056234359743 0.49782355129718786 0.42676126956939703 0.69299569725990307 0.10263026505708696
decision_type=2 2 2 2 2 2 2 2 2 2 2 2 2 2 2 2 2 2 2 2 2 2 2 2 2 2 2 2 2 2 2 2 2 2 2 2 2 2 2 2 2 2 2 2 2 2 2 2 2 2 2 2 2 2 2 2 2 2 2 2 2 2
left_child=2 3 5 6 13 10 -2 17 -4 11 15 -10 48 -3 20 36 47 29 -6 33 22 -16 30 24 -15 -18 31 28 -20 -5 -8 -27 -17 -14 -26 -19 -1 -33 39 -34 -40 42 -22 -43 -13 -30 -47 -11 -9 -50 -21 52 53 54 -52 -12 -57 58 59 -53 61 -25
right_child=1 4 8 7 18 -7 14 12 9 16 55 44 19 23 21 32 25 35 27 50 41 -23 -24 60 34 26 -28 -29 45 -31 -32 37 38 -35 -36 -37 -38 -39 40 -41 -42 43 -44 -45 -46 46 -48 -49 49 -51 51 57 -54 -55 -56 56 -58 -59 -60 -61 -62 -63
leaf_value=-0.023214788464237721 -0.0094349672689058479 -0.01194563386871559 -0.011399546219034469 -0.0059617270970200951 0.010425123465861526 0.00811218613041342 -0.0013723935014503732 -0.005846619766733922 -0.0038315856998242213 -0.0116276259015937 0.020403883294634349 0.00099778836267140104 0.0078207832890737506 0.0054256199573209825 0.0077622728723684082 -0.022803633031280648 0.0015779722572730325 0.034437351737121029 0.042280448762982127 3.0876370558606824e-05 -0.0084686768210352672 0.039161566622315548 -0.012429592337499457 0.012528782134410381 0.042494651667321907 0.0011367424137938122 -0.0044127564346101962 0.037957756928283376 -0.00092038802911669068 0.012799797219976768 0.029070563140051065 0.049069593538736217 0.016921888567239161 0.030638001085377189 -0.0043920430355979881 0.0039152015387010726 -0.0090107086748829977 -0.0060348140055253218 -0.0087805590205773994 -0.016496495405472402 0.011968394112540959 0.0024190990697038456 0.016989480006595878 0.011595907221144992 0.049615665962223818 0.026827299940831998 -0.0071763823514605397 0.0069267901646318355 -0.0031400981368298101 0.022714678809444812 -0.0039483155537377588 0.036920614122305961 0.032771499987517091 0.0011715757745783411 0.039564129731080949 -0.016838552754162621 0.00089334875806390784 -0.0024361688865207204 0.050074340148947905 -0.008389103001785898 0.025992848674036863 -0.011960798755289014
leaf_weight=742.50996326655149 184.84763412177563 27.602851204574108 120.47612528130412 83.202707346528769 32.212889838963747 51.636122807860374 39.032736085355282 28.94419065117836 13.113791134208439 79.670182880014181 7.1762509085237971 4.3010756000876453 62.808187443763018 19.212013337761164 26.194883894175291 112.83137079700828 65.704109288752079 18.206925705075264 28.608530215919018 7.9614295512437812 71.963286682963371 22.586980435997248 70.304560836404562 31.373455177992582 29.526887439191341 7.7690663561224964 10.153032105416058 245.77572411298752 23.253793809562922 37.11690965294838 9.3604583553969842 15.281725749373438 6.2604804448783389 23.454134572297335 3.8136655911803237 19.51159606128931 57.229529734700918 2.2606213130056849 118.90168736129999 267.65313755720854 20.526781413704157 235.53628793358803 17.693195164203644 310.28148601204157 26.922380413860083 48.47440205141902 9.3493787571787816 30.357086546719074 16.513435613363981 32.245944108814001 5.6247689053416279 2.9276248067617399 71.427938736975193 30.643685460090637 12.310886085033415 46.897138170897961 68.065860562026501 3.212088204920291 52.817190371453762 7.6914207562804222 12.363339334726332 25.211319886147976
leaf_count=15046 2902 386 2042 1049 354 778 603 382 175 1219 112 58 762 201 314 2137 934 201 272 82 1068 267 1166 371 319 99 121 2059 268 448 143 189 115 278 40 218 1067 31 2187 4997 374 3360 256 4120 290 534 103 446 199 373 55 34 689 314 112 789 1133 31 493 87 128 293
internal_value=0.000251932 0.0129093 -0.01352 0.00799351 0.0264859 -0.0171407 0.00294514 0.0175254 0.000956329 0.00688873 -0.018066 0.0308839 0.0226447 0.0111359 0.00583591 -0.0193031 0.00125356 0.0055717 0.0321727 0.0267708 0.00446889 0.0245899 -0.00468051 0.0166446 0.0271033 0.00951899 0.0222182 0.0339716 0.0237743 0.000105709 0.00668693 0.0318664 -0.0146405 0.0153633 0.0372581 0.0209547 -0.0222606 0.042205 -0.0121663 -0.015443 -0.00541729 0.00620107 -0.00281261 0.00769375 0.0439806 0.0151676 0.0211958 -0.0064298 0.0070132 0.0144807 0.0313156 0.0326144 0.0255134 0.0127792 0.0280323 -0.00440585 -0.00674041 0.0427278 0.0450256 0.0119228 0.00737931 0.00153225
internal_weight=3916.9 2041.2 1875.7 1504.42 536.778 1499.69 987.802 516.621 376.009 255.533 1448.05 44.3372 358.583 149.104 802.954 1325.91 211.196 158.038 387.675 280.879 754.172 48.7819 118.698 121.501 52.5526 101.169 35.4644 355.462 109.686 120.32 48.3932 25.3114 526.173 86.2623 33.3406 37.7185 799.739 17.5423 413.342 273.914 139.428 635.474 89.6565 545.818 31.2235 81.0776 57.8238 110.027 77.7036 48.7594 194.617 186.656 120.007 48.5793 17.9357 122.139 114.963 66.6483 63.4362 10.619 68.9481 56.5848
internal_count=59673 25334 34339 20006 5328 28735 14199 5807 5604 3562 27957 523 3891 1738 11297 25923 3039 1916 3590 2937 10716 581 1912 1352 560 1374 440 3236 1177 1497 746 319 9810 1040 359 419 16113 220 7673 5112 2561 8804 1324 7480 348 905 637 1665 954 572 1897 1815 1170 481 167 2034 1922 645 614 121 792 664
is_linear=0
shrinkage=0.03


Tree=17
num_leaves=63
num_cat=0
split_feature=15 15 6 32 6 25 11 4 17 4 32 17 17 15 24 7 4 31 7 14 14 23 14 13 32 9 25 9 15 11 11 11 7 25 14 9 32 15 11 4 22 16 15 22 4 15 7 4 7 11 25 24 16 24 13 32 5 11 1 16 9 16
split_gain=705.942 151.332 104.105 62.0757 52.08 35.8674 34.6507 33.5664 29.4277 27.4542 27.2229 25.8926 25.3646 18.8117 18.2669 17.9804 17.4053 16.919 16.8018 15.3485 15.2186 20.0969 14.5762 14.4331 13.4919 13.4405 12.5791 16.456 12.534 12.4413 12.0043 11.7129 11.5165 17.343 11.3559 12.055 11.1603 10.4377 9.63369 9.59813 10.0397 9.8955 9.50134 9.48287 9.83772 9.18887 9.09521 8.80472 8.62271 9.99862 10.1298 13.7591 8.6166 8.47441 8.40274 12.9012 9.04637 9.10787 8.38334 8.30801 8.30315 8.43901
threshold=0.087022006511688246 0.82950487732887279 0.48485457897186285 12.500000000000002 0.78147754073143016 0.27829262614250189 0.24782812595367434 1.2038460373878481 -0.40841364860534662 -0.33339558541774744 8.5000000000000018 -0.31620675325393671 0.15071965754032138 -0.85489994287490834 -0.091450687497854219 0.69212937355041515 0.46180415153503424 0.5000000149011613 0.64591196179389965 -3.0694205760955806 1.8082212805747988 1.1808839440345766 0.37779803574085241 -1.0662275552749632 9.5000000000000018 0.70002666115760814 -0.11852892860770224 -0.081244777888059602 -0.35810057818889612 0.75509366393089306 -0.36548389494419092 0.036560259759426124 0.16574596613645556 -0.53450030088424672 0.76687127351760875 -0.54422825574874867 13.500000000000002 0.14049225300550464 1.9719099998474123 1.0742965340614321 1.1820375919342043 1.0184576511383059 1.3793569803237917 0.99583795666694652 -0.074642501771450029 1.2558429241180422 0.53186443448066723 -1.0000000180025095e-35 -1.3124920129775999 1.0367280244827273 -0.33790612220764155 0.72805076837539684 -0.69243815541267384 -0.37792298197746271 -0.097365859895944581 16.500000000000004 -0.14900672435760495 -1.0492325425148008 -0.047893766313791268 0.57941630482673656 -1.0593020915985105 0.49818708002567297
decision_type=2 2 2 2 2 2 2 2 2 2 2 2 2 2 2 2 2 2 2 2 2 2 2 2 2 2 2 2 2 2 2 2 2 2 2 2 2 2 2 2 2 2 2 2 2 2 2 2 2 2 2 2 2 2 2 2 2 2 2 2 2 2
left_child=2 7 6 8 43 20 13 10 -3 46 -2 25 15 -1 22 48 32 18 30 59 21 26 29 -16 47 -4 54 -28 -19 -14 -13 -17 -8 -34 35 -20 -25 -9 -11 40 41 -26 -21 44 -5 -45 -10 -15 -12 50 51 -50 -18 -35 -6 56 -56 -58 -30 -7 -51 -62
right_child=1 3 11 4 5 19 16 37 9 38 12 17 14 24 23 31 52 28 34 42 -22 -23 -24 36 39 -27 27 -29 58 -31 -32 -33 33 53 -36 -37 -38 -39 -40 -41 -42 -43 -44 45 -46 -47 -48 -49 49 60 -52 -53 -54 -55 55 -57 57 -59 -60 -61 61 -63
leaf_value=-0.025531288448545689 0.027446718014738147 -0.0055645868540809091 -0.015533886335578629 -0.014066678227006371 0.010362379223597097 0.004657734707319742 -0.01528725988677289 -0.012605850636608764 -0.013813079419063411 0.040076357787019977 -0.021547254973794075 -0.021180243982781115 -0.0057571151902870588 -0.017399064787569637 -0.015056071824761902 -0.0014293552119030507 0.026411080386630433 -0.003341024039045311 -0.0075621452882626023 -0.0038745386097483263 -0.00089838874683317675 0.034053613473943083 -0.019582760441886556 0.02189206133962009 -0.019917052376778301 0.0053405983644570732 0.00031238853531206207 0.020154318403881967 -0.0099678778693756652 0.020543141989852475 0.000136545636789191 0.017140056808517053 0.02427514302921828 -0.015348790297887447 -0.011823706082918477 0.027989129914931538 0.0080795957430383463 0.024079665769770491 -0.0028451806278074988 0.00061650564160867661 -0.0049096930569217006 0.014525799736641226 0.011775251125450317 0.0043499191571410353 0.0035199796089214041 0.03841525683039318 0.020112091654421425 0.010628742486473889 -0.002930349175572148 -0.014771295570855504 -0.010183395061058479 0.033191146431476741 -0.00052922547552714807 0.00079254648235014072 0.0049129687329039981 -8.6385495835807275e-05 -0.0035278084948666627 0.047926158999799857 0.027155531427786761 0.0453923596259974 -0.0022858927554186086 0.01974688858706785
leaf_weight=365.98231518268585 31.459268469363451 15.023654147982596 96.807763170450926 29.964689057320356 21.311714313924313 8.7005161643028277 262.14963075518608 4.5851180739700785 11.33819814771414 203.20555628463626 27.137839362025261 25.902725465595722 39.552273984998465 10.259191721677778 14.502939272671936 69.098676688969135 9.5212121494114381 18.176320921629667 8.6631311587989313 73.320049867033958 20.005825512111187 168.33004605025053 31.579292830079794 73.857876788824797 553.74769461899996 35.278202854096889 50.928786389529705 140.67579783126712 3.5391443073749533 20.714658714830875 102.82090780511498 48.850867133587599 12.249094739556311 59.250912059098482 8.5750376842915994 34.123638421297073 194.13881389051676 78.526091173291206 4.1604544296860686 24.591190740466118 50.017460100352764 4.2510551996529093 58.684355027973652 20.402503162622455 152.97829981893301 7.3742844983935347 7.6106184646487227 24.844684425741434 48.704256631433964 10.881153021007774 235.24466670677066 6.6025273948907843 39.731753412634134 52.913057807832956 7.1292282193899146 8.060178302228449 2.6065959557890883 42.80178339406848 52.724402546882629 8.4322805255651456 27.24044618755579 29.021071348339319
leaf_count=7576 393 172 1590 441 230 86 4879 59 139 1905 441 415 615 202 199 1049 152 281 120 893 194 1410 507 903 11062 575 538 1451 51 307 1488 673 218 1102 119 445 2552 925 36 393 957 77 629 267 2000 88 83 454 784 153 3597 93 608 913 77 87 30 428 704 78 401 399
internal_value=0.000130071 0.0122302 -0.0132617 0.0200679 0.0159656 0.0203717 -0.0168949 0.00377008 0.0334279 0.0360807 0.00204379 0.00058739 0.000982273 -0.0198962 0.00684633 -0.00340824 -0.00963144 0.00615119 0.00103413 0.00726613 0.0244806 0.0256269 -0.00459033 0.0105798 -0.0166407 -0.00996718 0.0199225 0.0150224 0.0176862 0.00416394 -0.00478453 0.00664576 -0.0117619 -0.00403012 0.0147477 0.0207529 0.0122174 0.0214553 0.0391685 -0.017638 -0.0183753 -0.019528 0.00325862 0.00301365 0.000341824 0.0178742 0.00116687 0.00128955 -0.00653546 -0.00511519 -0.00750725 0.00377617 0.00663278 -0.00802529 0.0298614 0.0354064 0.040386 0.0449156 0.0241974 0.0304316 0.005039 0.00976326
internal_weight=3910.86 2054.74 1856.12 1063.05 821.707 610.987 1469.51 991.698 241.338 226.315 908.587 386.611 877.127 1033.69 374.346 502.782 435.816 254.525 180.085 149.137 461.85 441.844 91.8462 282.5 667.711 132.086 273.514 191.605 74.4399 60.2669 128.724 117.95 386.563 124.413 51.3618 42.7868 267.997 83.1112 207.366 632.607 608.016 557.999 132.004 210.72 182.943 27.7768 18.9488 35.1039 384.832 357.694 290.551 55.3068 49.253 112.164 81.9095 60.5978 52.5376 45.4084 56.2635 17.1328 67.1427 56.2615
internal_count=59693 25312 34381 11262 8927 6131 28593 14050 2335 2163 13066 5788 12673 20721 5083 7590 7872 3623 2587 1686 4445 4251 1429 3654 13145 2165 2841 1989 1036 922 1903 1722 7112 2233 684 565 3455 984 1941 12489 12096 11139 1522 2796 2441 355 222 656 5868 5427 4474 877 760 2015 852 622 535 458 755 164 953 800
is_linear=0
shrinkage=0.03


Tree=18
num_leaves=63
num_cat=0
split_feature=15 6 15 32 21 21 1 15 6 23 32 20 32 25 26 21 26 0 17 16 17 26 10 6 6 25 15 9 17 0 9 31 26 16 9 25 10 15 9 22 2 23 17 23 12 32 21 24 25 13 9 16 12 21 0 20 25 6 30 18 32 0
split_gain=645.086 117.741 90.0887 49.9077 42.4534 37.719 34.4443 32.9518 29.4998 26.1887 24.9802 19.6913 19.0036 18.7783 17.1071 16.5381 19.2382 19.3367 16.3855 15.1864 15.0717 14.9384 13.4995 12.7137 12.7132 13.692 12.5789 11.4541 11.2742 11.0069 10.7696 10.6563 10.5598 12.0487 10.4242 10.4013 10.0571 9.81086 13.0546 9.76268 9.49863 9.21212 9.15955 9.05628 15.717 8.89139 9.07013 8.75819 9.59872 9.33124 8.94756 9.68677 8.75439 8.74198 9.69719 8.65277 8.51677 8.4505 8.35401 8.33797 8.13906 7.9036
threshold=0.31027793884277349 0.12443699315190317 1.1639965176582339 14.500000000000002 -0.39210999011993403 0.76015359163284313 1.0266554951667788 -0.70932689309120167 1.201640844345093 1.1380447745323183 10.500000000000002 0.11265872418880464 12.500000000000002 0.24256984889507296 -1.3933371901512144 -0.84830385446548451 -0.83952859044075001 0.73848736286163341 -0.23785565793514249 0.53058320283889782 -0.1881332844495773 0.63271719217300426 -1.059039771556854 0.73624765872955333 1.6700643897056582 -0.30156783759593958 -0.48016989231109614 -1.2083337903022764 0.13502205908298495 0.81176829338073742 0.95807054638862621 0.5000000149011613 0.75286248326301586 0.71557229757308971 0.54471203684806835 2.2106661796569829 1.3696413636207583 0.73107045888900768 -1.0389060378074644 -0.46810300648212427 -0.2513673454523086 0.4783340990543366 1.0944492220878603 0.24323514103889468 -2.0324670076370235 15.500000000000002 -0.99986994266509999 -0.065289530903100954 -0.29798562824726099 0.29213695228099829 0.87124556303024303 1.1499729752540591 0.94375747442245495 0.46923436224460607 1.277509391307831 -0.64371916651725758 -0.5473370850086211 -0.39866860210895533 -3.0833333730697627 -0.76526281237602223 17.500000000000004 0.81176829338073742
decision_type=2 2 2 2 2 2 2 2 2 2 2 2 2 2 2 2 2 2 2 2 2 2 2 2 2 2 2 2 2 2 2 2 2 2 2 2 2 2 2 2 2 2 2 2 2 2 2 2 2 2 2 2 2 2 2 2 2 2 2 2 2 2
left_child=1 7 3 8 45 20 11 -1 15 26 39 -5 18 23 -10 -2 30 37 -6 -8 56 59 -19 -14 25 34 -7 -13 43 -27 40 41 33 -33 55 -11 47 -18 -39 -9 -17 61 -38 -12 -45 46 -4 -29 49 -49 51 -50 -15 -20 -55 -22 -3 -42 -43 -21 -25 -28
right_child=2 5 4 6 12 9 19 10 14 35 28 27 13 52 -16 16 17 22 53 21 24 -23 -24 60 -26 29 31 36 -30 -31 -32 32 -34 -35 -36 -37 42 38 -40 -41 57 58 -44 44 -46 -47 -48 48 50 -51 -52 -53 -54 54 -56 -57 -58 -59 -60 -61 -62 -63
leaf_value=-0.022454434779784243 -0.0064220283187736548 0.011695641758280095 -0.0065083611808652124 -0.0052487441511246211 -0.0058076917559254527 -0.01074605939676038 0.0022604700178939989 -0.011505120812865012 -0.010584749321723272 0.041037781223695641 -0.017262833187077824 -0.0095983515804208674 0.011190115147701147 0.0051149270039615611 0.034086941207111809 -0.0045361650257428653 0.00048578700519275525 -0.013230412697923098 0.021678261668991793 -0.0033008716285070671 -0.0041370455448067715 0.0032163039346625407 0.03556299172559016 0.030425230772531078 0.026762186706297052 -0.0075856189069122238 -0.010534265050645922 -0.0061205244732606707 -0.0049405814694344725 0.011638550324092809 -0.0016159061209468559 0.032102754491988877 -0.0057133964610509907 -0.010097042828192888 -0.0059378117522666798 -0.0099374415639499683 0.031141315575484451 -0.0099998309748180123 0.01665820517876274 0.0098150414090628305 -0.00047155445850416151 -0.012706674956751426 -0.0054235247847256047 0.024213129169983381 -0.010912038616970522 -0.0082988771491869177 0.020419184534840963 0.0034360821545607414 0.0051075423020619385 0.030715946291577159 -0.0065587409278995996 0.026441405343639982 0.027426690139370692 0.049225461520997209 0.0094437365346646159 0.028737644183548926 -0.012959679966382576 0.0374484257476927 0.015209641197475286 0.048060294661184173 0.01165563436061089 0.018764741134133667
leaf_weight=496.68519940599799 36.825887411832809 9.6344651356339437 14.795225981622933 249.26461689174175 6.4506558179855338 33.461133718490601 20.951080396771431 23.473300389945507 6.1737416312098494 22.131435945630077 559.05321551859379 37.042885575443506 55.637867845594883 81.690139655023813 87.784676771610975 5.0523605309426776 121.0856786891818 3.3243328668177119 35.051202155649662 2.4495282918214789 8.200750797986986 11.823432069271801 30.437146972864866 232.4652886390686 8.8204069621860963 230.2692920640111 45.43866440653801 46.977219365537167 108.57248449325562 25.757518067955971 9.8340790793299657 32.806263111531734 9.9896733909845334 4.8362294957041732 18.193311013281345 2.183346737176179 21.040310986340049 16.226142391562462 98.327370274811983 56.258648101240396 5.6617454402148715 7.741171419620513 6.3421317860484114 7.9921814724802962 112.27323986962438 36.957483112812042 25.438811283558607 21.016053665429354 180.6722264289856 23.50574604794383 46.327096719294786 17.123306650668383 15.78250543028116 68.278724178671837 8.8930224478244764 22.657800726592541 209.35550358891487 55.374142222106457 49.608375243842602 26.391364414244894 32.036305956542492 5.2021548934280863
leaf_count=10297 526 165 187 3569 71 574 266 441 67 239 11192 502 679 853 903 68 1657 41 336 23 131 134 345 1972 114 3535 749 720 1919 357 127 482 144 62 283 30 287 187 1124 1002 78 111 75 141 1968 471 296 277 2246 301 568 170 154 550 68 338 3592 641 657 284 303 78
internal_value=0.000213915 -0.0110275 0.0133854 0.00850161 0.0226899 -0.00143077 0.00342447 -0.0162526 0.0159685 0.00909454 -0.0125939 0.00130642 0.0256587 0.0221209 0.0307652 0.0119801 0.0140062 0.00991382 0.0367105 0.0239713 -0.00569105 0.0336849 0.0296716 0.0256357 -0.0014247 -0.00265803 0.00486493 0.00540525 -0.0142055 -0.00546568 0.0270175 0.00845155 0.0195456 0.0261328 0.0111465 0.0355462 0.0070459 0.00652529 0.0126219 0.0032298 0.0310922 0.00290983 0.0231426 -0.0156393 -0.00770451 0.0017581 0.0108923 0.00541218 0.0073614 0.0194858 0.00480349 0.00756082 0.00988956 0.0392979 0.0454947 0.0206424 -0.0116381 0.0341616 0.0107246 0.0438549 0.0284103 -0.00610871
internal_weight=3911.11 2110.6 1800.51 1187.03 613.477 746.287 710.927 1364.31 476.107 213.398 867.623 649.312 536.286 417.612 93.9584 382.149 345.323 269.401 118.674 61.6154 532.889 40.6643 33.7615 320.139 313.899 305.079 189.084 400.047 787.891 256.027 75.9223 155.623 47.6322 37.6425 49.0519 24.3148 363.004 235.639 114.554 79.7319 66.0882 107.99 27.3824 679.319 120.265 77.1915 40.234 335.622 288.644 44.5218 244.123 197.796 97.4726 112.223 77.1717 30.8586 218.99 61.0359 57.3495 28.8409 264.502 50.6408
internal_count=59727 38601 21126 15186 5940 11641 9422 26960 5764 3126 16663 8715 4986 3961 970 4794 4268 3354 1025 707 8515 441 386 2954 4758 4644 2857 5146 15220 3892 914 2283 688 544 752 269 4644 2968 1311 1443 787 1595 362 13301 2109 954 483 4282 3562 578 2984 2416 1007 954 618 469 3757 719 768 307 2275 827
is_linear=0
shrinkage=0.03


Tree=19
num_leaves=63
num_cat=0
split_feature=15 6 6 4 4 21 4 32 15 21 11 15 32 11 0 32 9 5 14 20 9 24 11 0 4 7 20 14 12 4 11 21 18 14 11 11 14 11 7 17 11 15 29 7 14 9 17 7 8 16 7 2 16 7 4 11 8 14 11 14 24 5
split_gain=632.991 128.572 85.2525 65.9953 39.8842 38.9912 30.5435 30.4577 28.751 24.2238 23.2299 21.8687 19.4176 19.1471 17.8737 18.6892 17.4935 16.4488 17.5432 20.3222 15.7624 15.4419 14.7958 13.9038 13.4883 13.4426 13.2526 14.6063 17.6133 12.6505 12.6182 16.2252 11.8471 11.7782 11.7129 11.5597 11.0252 11.4097 10.9636 15.01 10.8336 10.6608 10.2162 10.096 10.004 9.72671 9.62917 9.60746 9.58993 9.20794 9.13493 9.13216 9.04147 8.99565 8.99327 8.9099 9.67397 8.84008 8.7491 8.69685 8.69196 8.57026
threshold=0.38315512239933019 0.16466777026653293 1.2137548923492434 0.4327028095722199 0.44770708680152899 1.0972294211387636 0.72386312484741222 11.500000000000002 -0.87416577339172352 0.99842476844787609 -0.45576441287994379 1.2087481617927553 9.5000000000000018 0.08535808697342874 0.79128259420394909 13.500000000000002 -0.27864751219749445 -0.1692342013120651 -2.6278655529022212 0.64915120601654064 0.54471203684806835 0.27726155519485479 0.8508099913597108 0.96266800165176403 2.1601321697235112 0.26012976467609411 0.73438477516174328 -0.058174533769488328 0.75697174668312084 -1.0000000180025095e-35 1.5750464200973513 0.19623119384050372 -0.76526281237602223 -1.716747462749481 -0.54803919792175282 0.049944764003157623 0.074332818388938918 -0.77892315387725819 -0.30110234022140497 -0.61601614952087391 0.22568751126527789 -0.12157407775521277 0.62019231915473949 -0.98499676585197438 0.50697287917137157 0.043622942641377456 -0.50009769201278675 -0.89266744256019581 -0.68114569783210743 0.18054693937301639 1.8214670419692995 0.55263173580169689 0.44926755130290991 -1.3124920129775999 0.25287762284278875 1.2729757428169253 -0.60255795717239369 -3.7366889715194698 0.27024970948696142 -0.63376373052597035 -0.61520540714263905 0.52078905701637279
decision_type=2 2 2 2 2 2 2 2 2 2 2 2 2 2 2 2 2 2 2 2 2 2 2 2 2 2 2 2 2 2 2 2 2 2 2 2 2 2 2 2 2 2 2 2 2 2 2 2 2 2 2 2 2 2 2 2 2 2 2 2 2 2
left_child=1 4 3 7 8 17 9 25 -1 22 -11 16 34 -7 15 20 58 -4 57 47 44 -13 33 61 36 -2 35 49 -29 -12 31 -18 -15 45 -10 -14 37 -6 -16 -40 42 -24 -33 -31 51 -3 -45 -20 -27 -28 60 -5 -17 -43 -48 56 -25 -19 -9 -37 -50 -8
right_child=2 6 5 14 24 13 23 11 12 10 29 21 26 32 38 52 30 18 19 -21 -22 -23 41 55 -26 48 27 28 -30 43 -32 40 -34 -35 -36 59 -38 -39 39 -41 -42 53 -44 46 -46 -47 54 -49 50 -51 -52 -53 -54 -55 -56 -57 -58 -59 -60 -61 -62 -63
leaf_value=-0.024539618305186247 0.007867512148933449 0.031702157747787771 0.0012080518526699857 0.050408697353541893 -0.014412101550316265 0.018498379276701671 -0.00163749976541535 -0.014973880267312679 -0.011941700078139925 -0.0040136979264326451 -0.0033925575210881059 -0.0049749063484092783 -0.020601589465561527 0.0079066692015416027 0.010578931514654829 -0.0040868684617299013 -0.005657142164466087 0.0049980581722391514 -0.0044596140504928111 0.029261292287875565 0.0052037050610431084 0.016619523033032602 -0.0094614343180866815 0.0047446314374934581 0.027520017436354193 0.0029930845161506322 -0.0051454180309271676 -0.017427866344359461 0.010254292203483109 -0.012173253203708495 0.022724632882958926 0.0071986294011719661 0.045365764843348123 -0.0099561055641380122 0.015740555871004216 -0.0024625431600580573 -0.011977392861713653 0.012930686753010921 -0.0061943238256228824 0.044718123936329714 0.013021046687137076 -0.012004883602250969 -0.00912524073675176 0.00091813892371955851 -0.0017100638118555868 -0.013120811104351095 0.039860420874914392 0.014279510749358057 -0.0018530794448444522 0.026276843064200937 -0.0087335151013845438 -0.0016333049943751989 0.013876828713586776 0.010489357437300796 -0.0039667258559050386 -0.0052745361548239503 0.055413402158696147 0.052941231883409837 -0.0017168396850677102 -0.015083767234034545 0.037386575913133699 0.01789876960956702
leaf_weight=397.88850097730756 78.40312784165144 6.8696725666522962 49.640376105904579 28.002381436526779 14.39409803599119 57.270467419177294 40.844634063541889 77.951350316405296 19.657660268247128 70.675210013985634 14.980122480541466 35.477329332381487 412.65426130592823 10.715122543275355 18.440639063715935 32.966247458010912 153.22515914589167 5.4644475355744389 25.787156257778406 89.751115899533033 17.813692439347506 133.48106838390231 46.968900356441736 5.7235108204185972 9.1949393004178983 14.389647178351877 13.392312478274109 87.518222481012344 23.023943074047565 2.9997771978378287 23.182916108518839 80.549435619264841 103.47137939557433 386.67587653920054 26.596081685274839 65.715873159468174 59.719950933009386 44.472196716815233 4.4752509817481032 54.136205330491066 117.34635870158672 14.808734592050312 52.851092770695686 8.877066455781458 4.0817904844880095 3.4162170402705669 35.410703856498003 192.4410508275032 5.0893708728253833 12.665670882910488 2.9269857332110396 3.0030608102679244 81.13086186721921 92.446458980441093 3.7495223470032206 3.0343043431639662 9.7047311514616013 16.498074173927307 100.65482156351209 219.5764395929873 50.262087527662516 33.578454993665218
leaf_count=8520 926 99 542 297 260 553 561 1139 382 1109 215 478 8603 81 197 422 2244 51 308 793 191 1369 760 71 130 163 267 1678 436 45 283 1139 799 6457 458 1206 1010 726 52 522 1416 233 725 136 48 53 428 1918 63 218 31 29 945 1249 44 32 108 149 1355 4114 508 422
internal_value=-7.18105e-05 -0.0107707 0.0135183 0.00887171 -0.0161743 0.0232144 -0.000995663 0.00515188 -0.0177654 -0.00320566 0.00790386 0.0026971 -0.014584 0.0351193 0.022596 0.0162431 4.68171e-06 0.0174502 0.0198394 0.017428 0.0302883 0.0120725 -0.00600708 0.0146986 -0.000183245 0.0172507 -0.0156292 -0.00674765 -0.0114679 0.0200466 0.00330056 0.00192167 0.0423298 -0.00903991 0.00395845 -0.0173071 -0.00335779 0.0056399 0.0345359 0.0406494 0.00657295 0.00183797 0.000635355 0.0266152 0.0407862 0.0173929 0.0299567 0.0120149 0.0262163 0.0118991 0.0312608 0.0458413 0.00873287 0.0069872 0.0356901 0.0350917 0.0423785 0.0441515 -0.00775299 -0.012269 0.033924 0.00774883
internal_weight=3908.11 2187.23 1720.88 1169.84 1406.47 551.039 780.764 925.791 1278.69 687.878 136.692 774.72 880.8 171.457 244.05 166.998 605.761 379.582 329.942 307.979 52.9009 168.958 551.186 92.8856 127.781 151.071 834.547 136.6 110.542 66.0172 427.155 403.972 114.187 396.962 46.2537 697.947 118.586 58.8663 77.0521 58.6115 250.747 154.224 133.401 51.0371 35.0872 10.2859 48.0373 218.228 72.6681 26.058 58.2784 31.0054 114.097 107.255 39.1602 18.4625 15.4282 21.9625 178.606 285.292 55.3515 74.4231
internal_count=59766 40030 19736 14542 28008 5194 12022 11839 25882 10828 1977 10148 17362 1433 2703 1932 8301 3761 3219 3019 565 1847 8851 1194 2126 1691 16522 2599 2114 868 5807 5524 880 6609 840 13923 1996 986 771 574 3280 2242 1864 653 374 152 608 2226 765 485 602 326 1367 1482 472 211 179 200 2494 5320 571 983
is_linear=0
shrinkage=0.03


Tree=20
num_leaves=63
num_cat=0
split_feature=15 3 3 14 32 15 15 6 3 6 32 32 3 7 14 11 3 32 23 14 11 25 20 14 27 26 21 26 14 1 17 32 3 3 14 26 15 5 7 14 11 20 26 1 25 15 3 6 7 15 20 7 14 23 0 31 10 29 5 14 14 11
split_gain=556.165 123.477 118.923 45.1412 38.9957 33.5422 32.6977 31.1458 28.8661 22.1671 19.2379 18.1942 17.0351 21.0878 16.7369 16.703 16.3109 15.9702 15.7762 15.5363 15.3486 16.8818 15.22 15.1325 16.6977 17.8268 15.0105 15.3574 16.2518 14.3658 12.9226 12.6053 12.4127 12.0918 11.7885 11.6216 16.231 12.3496 11.7598 13.6619 13.624 11.2164 10.9359 10.7907 11.016 10.6596 10.6547 10.5539 15.1587 10.5085 11.2507 9.95414 9.93816 9.75894 9.66264 9.64895 11.4046 9.48798 9.19706 9.35964 9.19525 8.7305
threshold=0.087022006511688246 1.0596448183059695 0.45097060501575476 -1.0704640746116636 11.500000000000002 -0.34570795297622675 1.0424850583076479 -0.3289418071508407 0.2499162703752518 -1.0034729242324827 11.500000000000002 13.500000000000002 1.3762586712837221 1.0281141996383669 0.23911408334970477 1.0367280244827273 1.3360965847969057 8.5000000000000018 0.39925952255725866 -0.50440591573715199 1.117392957210541 1.2899801135063174 -0.053561203181743615 0.60173693299293529 4.5000000000000009 0.55391356348991405 -0.45553719997406 0.32177597284317022 0.15916776657104495 1.0000000180025095e-35 2.0883709192276005 17.500000000000004 -0.66387018561363209 -1.1022443771362302 0.9616278111934663 0.54774844646453869 0.80649197101593029 -1.0000000180025095e-35 -0.078432861715555177 0.31642414629459387 0.53677165508270275 -0.9661736488342284 -0.82189095020294178 -1.0000000180025095e-35 -0.47998398542404169 0.59790027141571056 -0.39980587363243097 0.33406218886375433 -0.54494658112525929 1.5789580941200259 1.0082484483718874 -0.9095347225666045 -0.96374365687370289 1.3245232701301577 0.57196810841560375 -0.21428572386503217 -1.0964785218238828 0.31009615957736975 0.68157285451889049 -0.50440591573715199 0.53735119104385387 -0.60086870193481434
decision_type=2 2 2 2 2 2 2 2 2 2 2 2 2 2 2 2 2 2 2 2 2 2 2 2 2 2 2 2 2 2 2 2 2 2 2 2 2 2 2 2 2 2 2 2 2 2 2 2 2 2 2 2 2 2 2 2 2 2 2 2 2 2
left_child=2 3 5 10 14 -1 15 16 26 -7 29 23 49 31 51 22 -4 60 -16 -9 33 43 -6 24 -11 32 -5 28 -28 41 -15 34 -26 -12 61 36 38 -37 39 40 -19 -2 -21 -22 -45 -39 -43 -35 -49 50 -8 -3 -24 58 -54 -17 -57 -36 -13 -60 -10 -14
right_child=1 4 7 8 6 9 12 19 17 11 20 53 13 30 18 55 -18 35 -20 42 21 -23 52 -25 25 -27 27 -29 -30 -31 -32 -33 -34 47 57 37 -38 45 -40 -41 -42 46 -44 44 -46 -47 -48 48 -50 -51 -52 -53 54 -55 -56 56 -58 -59 59 -61 -62 -63
leaf_value=-0.020640264821472708 0.0026973769330937728 -0.0021959138467926519 -0.014589695701181323 -0.011913613024885389 -0.010285697219686123 -0.020680597961326125 -0.0010876220365630817 0.025229948005819042 0.038568192306753159 -0.0077352316803007077 -0.015650268806754027 -0.013528439966817052 -0.0078752686582419067 0.053395863154269342 -0.010937392189591433 0.0057541559560321471 0.01200002505606965 -0.010415799562220126 0.027494812925758453 0.016793678047088478 -0.0030628747815670825 0.0024768913847336292 0.03138103824972905 -0.017253731202205962 0.0010906766322556795 -0.0046177159974722997 0.015545275641774832 -0.0061779338166255459 -0.0019796658555720523 -0.0018007584673986284 0.0017734717411774775 -0.00083664081494102529 0.035451185619902868 -0.0043053459632140627 -0.014182180189820615 -0.014476364745780663 0.015397518482362279 0.013965745034595503 0.0089080873916346053 -0.015522849384517656 0.021039729662395919 0.010383888561603247 0.001548105132429984 -0.0067550373605516304 0.04818832847563527 -0.0021538421374601032 0.055017249153155146 -0.010875432048147435 0.019229049674917665 0.028083503419567814 0.022676447929444621 0.048852252002159209 0.0021579032712044062 0.020179374684138118 0.017422777437291769 -0.010075547210534965 0.029930039709111581 0.016692630071541592 0.01355696457398621 -0.01182822741787827 -0.0018922698987648443 0.029967636865945967
leaf_weight=707.6248698271811 7.061014760285615 3.1816772222518912 101.82058819383383 121.31546964496374 40.701230395585299 166.03633082285523 56.925109498202801 36.658860608935356 16.385074742138389 43.656872697174549 15.18584308028221 346.94228107482195 3.7745834626257411 35.683340430259705 9.2481620460748655 32.837161187082529 21.751363728195429 18.645948752760887 40.598839730024338 50.6018624342978 4.553279433399438 20.410459071397781 11.831386730074881 26.434918865561485 13.50945884734392 24.936915408819914 82.603742558509111 174.79885683953762 102.19147194549441 8.6087909266352636 5.2818903177976599 17.927917994558811 29.342879611998796 34.685660876333714 8.9336847364902514 38.461871214210987 171.9269749186933 52.040078993886709 119.44985969364643 47.083049714565277 22.06436226144433 9.0194462724029965 182.82167113944888 2.4097736887633827 25.330943498760462 101.61476935446262 24.344794273376468 14.792179089039562 82.303538333624601 23.954400710761547 20.894025586545467 61.852335594594479 127.49513446167111 4.3457587175071231 48.817156907171011 4.7191659025847903 60.741272810846567 21.955470129847527 21.516651976853609 20.817254438996315 6.0294848047196856 143.38803592324257
leaf_count=14901 78 32 1929 1955 521 3489 537 419 168 779 214 6668 37 276 114 362 355 268 363 735 61 220 122 491 257 443 1190 2608 1576 86 38 162 501 489 71 522 1985 744 1646 691 304 97 2650 29 290 1202 218 195 856 208 179 505 1508 64 533 53 644 175 376 373 70 1120
internal_value=0.000285825 0.0107454 -0.0119444 0.00512922 0.0201712 -0.016015 0.0171474 0.00260405 0.00242975 -0.0112093 0.0165153 -0.00808537 0.023666 0.0281116 0.0362511 0.0101436 -0.00962467 0.00683015 0.0200174 0.00827235 0.0118334 0.0250453 0.00548087 0.0012647 0.00620949 0.0151045 -0.0030171 0.000106517 0.00605717 0.0327215 0.0476568 0.0229421 0.0258646 0.00642732 0.0252939 0.00570082 0.0087136 -0.000315519 0.00293658 -0.00523035 0.0070692 0.0394622 0.00513593 0.0370645 0.0431128 0.00357364 0.0458773 0.00945052 0.0143347 0.0124841 0.00627673 0.0463763 0.00906963 -0.0113354 0.00674833 0.020208 0.0265356 0.00703131 -0.0119386 0.00114322 0.0293243 0.0287701
internal_weight=3902.88 2104.06 1798.82 1323.32 780.742 1405.16 665.861 393.654 1074.61 697.539 248.706 531.503 338.718 236.945 114.881 327.143 123.572 593.701 49.847 270.082 199.672 52.7045 228.845 137.881 111.446 67.7893 480.91 359.594 184.795 49.034 40.9652 195.98 42.8523 146.967 178.052 571.287 379.17 192.117 207.243 87.7934 40.7103 40.4253 233.424 32.294 27.7407 153.655 33.3642 131.781 97.0957 101.774 77.8191 65.034 188.144 393.622 176.312 98.2976 65.4604 30.8892 389.276 42.3339 22.4146 147.163
internal_count=59752 25322 34430 17762 7560 28342 6546 6088 14929 13441 2833 9952 2803 1879 1014 3743 2284 7600 477 3804 2354 600 2684 2471 1980 1201 7329 5374 2766 479 314 1565 758 1754 1403 7362 4894 2468 2909 1263 572 393 3385 380 319 1946 315 1540 1051 924 716 537 2163 7481 2041 1059 697 246 7417 749 238 1157
is_linear=0
shrinkage=0.03


Tree=21
num_leaves=63
num_cat=0
split_feature=15 15 6 32 11 7 20 17 11 17 11 24 7 20 30 14 31 7 20 17 15 20 16 12 17 18 7 11 24 6 7 6 22 25 11 11 26 31 10 10 24 32 10 29 12 32 24 24 10 7 12 0 20 17 11 14 25 22 16 14 31 11
split_gain=572.165 97.7436 87.8561 40.2668 37.5135 28.9198 28.725 25.6231 22.1787 19.5672 18.5809 17.8611 18.7191 16.4433 15.5756 13.5446 13.0646 14.9818 12.1037 12.0425 12.0151 11.8882 12.225 11.6577 10.9729 14.1574 11.5971 11.0154 10.9057 10.7366 10.4908 10.486 10.7669 10.4285 10.3546 9.90691 9.85203 9.72915 9.62604 11.7029 9.2888 9.12772 9.12255 9.04213 14.0259 8.99103 10.4728 8.86776 11.0925 8.82105 12.2015 8.70598 8.1965 9.94451 8.17741 8.05336 8.0381 8.13819 7.97097 7.90184 8.14963 8.0284
threshold=0.087022006511688246 1.0171946287155154 0.5097789764404298 10.500000000000002 -0.024152327328920361 0.56197017431259166 0.01980583090335131 -0.17195967584848401 1.0120458006858828 1.0000000180025095e-35 0.75509366393089306 1.1099837422370913 -0.46614019572734827 0.35320724546909338 -7.5777776241302481 0.52242934703826915 0.5000000149011613 0.75122755765914928 1.1668929457664492 0.13502205908298495 -0.33441953361034388 0.69372144341468822 0.48578697443008428 0.77505582571029674 1.0000547766685488 -0.27230566740036005 0.031166020780801777 1.4253736734390261 0.74730706214904796 -0.24197153747081754 -0.63015946745872486 1.2619948983192446 -0.58595943450927723 1.7691885232925417 1.5750464200973513 -1.14650422334671 1.5132408738136294 -0.35714286565780634 -0.36375924944877619 0.24620061367750171 0.64382737874984752 12.500000000000002 0.22621353715658191 0.48529411852359777 0.60550022125244152 10.500000000000002 0.43577271699905401 -0.20328259468078611 -0.94676041603088368 -0.9095347225666045 1.0692905187606814 -0.31894907355308527 -0.35423733294010157 1.0750442147254946 -0.31456629931926722 0.26755440235137945 -0.61234912276267994 0.20979528129100802 0.3956234753131867 0.76687127351760875 1.0000000180025095e-35 -1.2713517546653745
decision_type=2 2 2 2 2 2 2 2 2 2 2 2 2 2 2 2 2 2 2 2 2 2 2 2 2 2 2 2 2 2 2 2 2 2 2 2 2 2 2 2 2 2 2 2 2 2 2 2 2 2 2 2 2 2 2 2 2 2 2 2 2 2
left_child=2 3 4 13 9 10 11 -4 19 45 28 34 -13 23 -7 -15 17 54 -11 40 56 -10 -23 29 26 30 49 38 -3 -2 -26 32 -16 37 -5 -33 -34 -30 -27 -40 -8 -22 -39 44 -32 46 -1 -21 -49 -12 -51 -18 53 -14 -9 -44 57 -6 -45 60 61 -19
right_child=1 5 7 6 20 14 8 16 21 18 24 12 52 15 31 -17 51 59 -20 47 41 22 -24 -25 25 27 -28 -29 33 -31 43 35 36 -35 -36 -37 -38 42 39 -41 -42 -43 55 58 -46 -47 -48 48 -50 50 -52 -53 -54 -55 -56 -57 -58 -59 -60 -61 -62 -63
leaf_value=-0.012980642636783103 -0.009269688182907675 -0.0032328010810886878 -0.0096140189853334904 -0.007458613734524804 -0.0072000766406148361 -0.0073103226399530482 -0.004186269008313104 -0.016925453700962618 0.0092389970730595902 -0.010215529777589081 0.00062754958880662523 -0.0087438667215358062 0.039177530140944737 0.036876147920998519 -0.0022822287928765104 0.0059524399106596227 -0.01444756368032685 -0.0079517944112398181 0.018858660117075508 -0.0029580244459732267 0.0043407872912953772 0.0026186327257159093 0.035829056883964143 -0.0097496824826910477 0.0076793989227293734 0.038520455242546117 0.00044296616507868741 -0.0037359920484747885 0.0013773792926448055 0.021587029163686898 -0.00044287231501458085 -0.0071355325022941316 0.024534462219196168 -0.0043194739019724983 0.011260587997398085 0.035175465217791982 -0.011958901796423674 0.01061659576366282 -0.011039918235977979 0.022340233984663747 0.0059084610713298642 -0.0083537100242233164 0.039709680041236699 -0.00078028869389334845 0.033877804647118467 -0.022658143346094711 0.029078202407850997 0.026452554981650649 0.0082105118008269726 0.025423540984050145 -0.015201652089929697 0.019189314448633001 0.0047934368608333533 -0.00301201863216263 0.00050202604369114893 0.00704396884056613 -0.016447659774229077 0.027451600696504014 0.049887917839209546 -0.009930951293600096 -0.00027982309040210681 0.034227257491878264
leaf_weight=74.180644005537033 9.7574783712625486 63.043027952313423 139.470858220011 307.13880807161331 18.586497969925407 10.366708908230065 173.65102827548981 27.097523506730795 73.814052291214466 62.3295728713274 21.294137723743916 26.808227572590113 19.731358174234632 53.808301948010921 15.56555876880884 19.066322851926088 4.0474209710955611 2.8226162455976 11.140731964260338 45.448879148811102 58.828609179705381 13.85139252617955 40.404933664947748 18.591954100877047 17.689603481441736 12.573206994682549 51.221891429275274 24.083522517234087 36.113451592624187 43.890287980437279 16.584677092730999 3.5763696804642668 147.61221006140113 29.208858549594879 24.661968510597944 130.84389718621969 4.1301904320716849 55.266638915985823 12.711659327149393 16.571738380938768 146.73282832279801 279.11803867667913 24.018762405961752 2.8329902291297904 24.644191548228264 661.54015568643808 1.0586796104907978 32.529793981462717 205.30053910985589 72.253825306892395 4.0419617518782607 68.481999337673187 19.877587743103504 5.4608525522053233 97.780867930501699 12.167017713189123 233.75091172382236 3.2563659809529772 36.399924419820309 6.0884757712483397 11.824567805975674 22.422637119889263
leaf_count=1534 144 807 2330 4649 366 109 2704 437 891 1238 269 362 248 573 168 225 63 40 205 701 1029 167 417 220 175 122 476 233 361 515 146 36 1432 314 339 1010 45 521 125 165 1894 5275 231 29 189 14434 19 404 2457 721 42 924 237 64 1400 117 4697 64 299 82 143 286
internal_value=0.000130331 0.0106339 -0.0123789 0.00537371 -0.0158321 0.0185285 0.00342647 0.000416362 0.00695391 -0.02004 0.014046 -0.00297442 0.0101268 0.0199878 0.0258376 0.0296872 0.00630893 0.00155981 -0.00488611 0.00446689 -0.00996832 0.0180682 0.028287 0.00891491 0.0187192 0.0241459 0.0121448 0.0120475 0.00712564 0.015663 0.0312958 0.0270771 0.020824 0.0112622 -0.00592075 0.0338342 0.0231914 0.0148583 0.0205587 0.00835338 0.000456772 -0.00611283 0.0198344 0.0357349 0.0215173 -0.021508 -0.0106138 0.00891568 0.0111989 0.0179658 0.0224687 0.0165016 0.0211036 0.0310479 -0.00378559 0.0309148 -0.014851 0.00211698 0.0465546 0.0158139 0.0207201 0.0289764
internal_weight=3909.17 2125.34 1783.83 1280.53 1403.79 844.816 1135.41 380.037 731.733 810.25 532.721 403.679 71.878 145.114 312.095 72.8746 240.566 168.037 73.4703 603.663 593.54 128.07 54.2563 72.2397 312.903 164.092 148.812 65.9401 219.818 53.6478 98.1514 301.728 167.308 156.775 331.801 134.42 151.742 127.566 41.8566 29.2834 320.384 337.947 91.4524 80.4618 41.2289 736.779 75.2393 283.279 237.83 97.5899 76.2958 72.5294 45.0698 25.1922 124.878 36.1858 255.594 21.8429 39.2329 43.1583 37.0698 25.2453
internal_count=59919 25353 34566 17211 28861 8142 15534 5705 9635 17430 5342 5899 911 1677 2800 798 3375 2388 1443 8160 11431 1475 584 879 2991 1483 1508 645 2351 659 838 2691 1645 1544 4988 1046 1477 1230 412 290 4598 6304 869 663 335 15987 1553 3562 2861 1032 763 987 549 312 1837 348 5127 430 328 551 469 326
is_linear=0
shrinkage=0.03


Tree=22
num_leaves=63
num_cat=0
split_feature=23 3 15 15 7 32 21 24 3 32 4 11 13 3 32 12 32 4 11 6 26 11 4 29 25 4 35 4 15 9 5 7 25 25 24 21 12 7 11 11 4 17 8 32 22 19 16 6 8 22 9 24 20 6 15 25 4 12 32 3 15 29
split_gain=546.008 165.965 89.8474 67.68 39.6897 37.9536 35.4351 29.703 27.3669 26.518 26.1965 20.6105 17.4526 17.1637 16.5831 16.4953 16.1142 15.9488 15.4996 14.7653 14.48 13.8884 12.613 12.219 11.8906 11.5536 11.3788 11.2934 11.0108 11.5235 9.84663 9.71134 9.78661 9.62074 11.5774 16.3291 9.61991 9.58701 14.078 10.7486 9.53625 9.93233 9.47737 9.35956 10.3804 9.30034 9.0577 9.03598 8.94774 8.85652 10.6931 9.60019 10.2142 8.76658 8.68089 8.66795 8.65533 8.61173 8.58495 8.43158 8.41447 9.318
threshold=0.24323514103889468 0.64183306694030773 0.023382865823805336 1.0939736366271975 -0.55664002895355214 10.500000000000002 1.4086498618125918 0.87203970551490795 1.2413458824157717 10.500000000000002 0.46180415153503424 1.3891112804412844 2.861565470695496 1.0756298303604128 13.500000000000002 -1.0198027491569517 14.500000000000002 -0.25772756338119501 -0.92343434691429127 -0.31440876424312586 -0.93347719311714161 -0.072313152253627763 0.41867727041244512 0.92582416534423839 1.3380020260810854 2.5858197212219243 1.0000000180025095e-35 -1.0000000180025095e-35 -0.12157407775521277 -0.59471914172172535 1.4602301716804507 1.211091220378876 -0.49638220667839045 3.4665186405181889 1.5480529069900515 0.19623119384050372 -0.48023191094398493 0.99609312415122997 0.59715119004249584 1.5750464200973513 -0.71008953452110279 0.29890263080596929 1.822136461734772 12.500000000000002 -0.12981107831001279 0.3725841492414475 0.75610783696174633 -0.026751670986413952 1.6349026560783388 -0.10675829276442526 0.25889298319816595 1.1362311244010928 1.0325967073440554 -0.11120267212390898 1.0297659039497378 0.66088703274726879 -0.15453774482011792 0.75070902705192577 15.500000000000002 -1.0021914839744566 0.76187613606452953 0.87867647409439098
decision_type=2 2 2 2 2 2 2 2 2 2 2 2 2 2 2 2 2 2 2 2 2 2 2 2 2 2 2 2 2 2 2 2 2 2 2 2 2 2 2 2 2 2 2 2 2 2 2 2 2 2 2 2 2 2 2 2 2 2 2 2 2 2
left_child=2 4 8 6 22 17 9 28 10 13 21 12 19 -3 20 -8 46 -6 -18 -11 59 -1 48 49 58 26 30 -17 -7 54 -21 32 -31 34 37 -36 -19 38 -5 56 -16 -42 -37 44 -12 -45 55 -33 -2 -20 -51 -52 -53 -29 -30 -9 -39 -38 -13 -4 61 -34
right_child=1 3 14 33 5 7 15 16 -10 11 43 24 -14 -15 40 27 18 36 23 25 -22 -23 -24 -25 -26 -27 -28 53 29 31 -32 47 60 -35 35 42 57 39 -40 -41 41 -43 -44 45 -46 -47 -48 -49 -50 50 51 52 -54 -55 -56 -57 -58 -59 -60 -61 -62 -63
leaf_value=-0.022364253054574318 -0.013855679876789751 0.0069639057149376163 -0.011115800813111011 0.010062856457212308 -0.0081545020040800133 -0.012269430605550287 -0.0099943662884619065 0.032791042414551559 0.0078854392227416317 -0.010854217614938115 -0.012041822340806047 0.033501749766523238 0.034311479977898629 0.036855554176060783 -0.020821038011182472 0.0036279355990842545 -0.017586214507315456 0.0063080772431785646 -0.0081306900784905486 -0.0031953828858164242 0.002021696372737183 -0.014808084229539551 0.0064268107980033871 0.026789919510167945 -0.0099061634434306073 0.03274232018508217 0.0083539550141859351 -0.0038999931295530354 -0.016333172525497167 0.017038031393899474 0.021204640744427523 -0.0052393413603283503 -0.0092845154365056807 -0.0072927126067424816 0.0062021173303329997 0.043380506080749441 0.040557435585549473 0.00058363265480582799 0.0246707818745996 -0.0067064908230309583 -0.0071601494765744867 0.0052356013444515197 -0.0020946725252110627 -0.010269584504597962 0.026724600859518666 0.025344632967708319 0.0013122193971094381 0.024699422499163504 0.0065616394008897122 -0.0021904240818490838 0.0018336305298699159 0.031150354505771655 -0.0058829499853487151 0.038070350534436963 0.0085598219669064685 0.010912467091809064 0.038805556524790452 0.012937084010335539 0.012569822474605198 0.030004752409693188 0.0063442546071694412 0.011778889296273621
leaf_weight=634.88802354410291 198.47037023305893 31.605561796575785 2.6229869723320034 97.854227166622877 11.531997956335543 90.641383532434702 7.1264011226594439 38.413551818579435 34.893788605928421 54.463672008365393 6.0415095984935787 35.440671265125275 11.935582034289835 42.485411752015352 25.420707240700722 12.529026266187428 21.756306730210781 19.660296224057674 38.112437881529331 181.4944231659174 95.048931553959846 410.71495950222015 36.04601077362895 19.320896569639444 8.5192986764013749 8.297176890075205 249.85475220158696 3.8213689997792235 54.188850853592157 21.335935927927494 11.191923826932905 11.004179757088421 124.84037925302982 5.8285867720842353 16.054258644580841 80.081429332494736 37.730374027043581 5.9248300939798346 202.2096760571003 4.1696972176432601 163.63334953039885 84.4534199424088 3.8629608899354926 68.833157412707806 12.512236636132 2.4950562603771678 22.189287513494492 23.993482775986195 18.429688565433025 53.67782811447978 29.086093157529831 30.107360735535622 6.528393752872943 71.622162379324436 12.62645749747753 38.044262435287237 67.019771441817284 21.815672401338816 49.417860146611929 25.772877879440784 64.237386979162693 17.727997940033674
leaf_count=14343 3248 347 41 881 171 1713 76 471 549 874 108 383 117 415 443 150 307 240 513 2198 1370 8428 503 246 100 79 2975 55 863 324 122 182 1972 57 139 559 437 56 1704 30 2714 1248 29 1234 208 42 247 335 288 671 380 351 76 705 153 453 527 249 563 346 836 276
internal_value=0.000484413 0.00970427 -0.0131759 0.0170318 0.000948266 0.00419512 0.0114455 0.00181554 -0.0173435 0.00892764 -0.01815 0.00674518 0.0043036 0.0253508 -0.00082503 0.0282223 0.00899696 0.0219421 0.00388152 0.00326555 0.0081036 -0.0194808 -0.00931082 0.00693372 0.0193634 0.00507164 0.00419284 0.0316892 -0.00330567 -0.000696852 -0.00127767 0.00217219 -0.0002137 0.0258411 0.0263173 0.0362185 0.026548 0.0232527 0.02015 0.0333638 -0.00492801 -0.00292033 0.0412877 -0.00245809 0.0142248 -0.00744517 0.018611 0.0158077 -0.0120121 0.00374879 0.00771511 0.0153883 0.0246371 0.0358342 -0.0113606 0.0232426 0.0359376 0.0322243 0.0226896 0.0251108 -0.00235374 -0.00635498
internal_weight=3891.66 2324.33 1567.33 1262.81 1061.52 808.571 779.805 717.832 1170.38 684.706 1135.48 610.615 517.238 74.091 396.952 95.099 297.236 90.7383 198.589 505.302 123.445 1045.6 252.946 176.833 93.3778 450.838 442.541 87.9726 420.596 329.955 192.686 263.139 228.142 483.005 477.177 99.9986 79.2063 377.178 300.064 77.1143 273.507 248.087 83.9444 89.882 18.5537 71.3282 98.6471 34.9977 216.9 157.512 119.4 65.7218 36.6358 75.4435 66.8153 76.4578 72.9446 59.546 84.8585 28.3959 206.806 142.568
internal_count=59720 28646 31074 13141 15505 11466 9159 10369 24912 8173 24363 7411 6365 762 6162 986 3715 1097 2544 6248 1757 22771 4039 2237 1046 5374 5295 910 6654 4941 2320 3925 3408 3982 3925 727 926 3198 2585 613 4405 3962 588 1592 316 1276 1171 517 3536 1991 1478 807 427 760 1016 924 583 686 946 387 3084 2248
is_linear=0
shrinkage=0.03


Tree=23
num_leaves=63
num_cat=0
split_feature=15 3 3 14 4 6 23 14 21 5 20 14 23 14 4 3 5 8 5 10 4 14 4 25 4 7 4 15 8 17 10 4 3 4 16 8 18 20 23 25 6 7 14 14 30 15 16 12 26 20 5 2 14 3 3 22 20 4 6 20 22 21
split_gain=524.803 103.189 94.9663 46.026 36.3809 33.9486 29.079 28.4962 27.3741 24.2981 23.3154 18.7467 18.2064 17.9525 17.9052 17.425 16.7726 16.349 15.979 14.9044 14.741 14.5285 14.1959 13.0619 13.3429 12.7314 12.7536 12.4704 12.374 11.4232 11.3143 11.0364 10.7972 10.5523 10.42 10.3338 10.3213 10.0903 9.89132 10.415 9.82994 9.75917 10.2586 9.95806 13.3956 10.2192 9.64174 10.1593 9.17799 8.93488 8.89974 13.9585 10.1604 10.9526 12.2578 8.4651 10.0792 8.44254 8.30358 9.67836 8.49705 8.37052
threshold=0.087022006511688246 0.45097060501575476 0.99762001633644115 -1.281393229961395 0.44770708680152899 0.25818186998367315 0.24323514103889468 -0.74262171983718861 -0.51700475811958302 -0.30975657701492304 0.74497026205062877 0.14013809710741046 0.39925952255725866 -0.50440591573715199 -0.25772756338119501 0.2499162703752518 0.0081878043711185473 -0.50004145503044117 -1.0000000180025095e-35 0.33510236442089086 0.88692310452461254 -0.98038837313652027 -0.11035111173987387 0.037765258923172958 0.77264773845672619 0.031166020780801777 0.37602879106998449 -0.6803370714187621 -1.0279243588447569 0.40815417468547827 1.0000000180025095e-35 1.0000000180025095e-35 0.42494635283946997 1.0500876903533938 0.56802964210510265 0.33667333424091345 -1.0000000180025095e-35 -0.9661736488342284 0.96773624420166027 -0.26728245615959162 -0.88756141066551197 -0.14796096086502072 0.15916776657104495 1.0250630378723147 -3.0833333730697627 0.49782355129718786 -0.94213408231735218 0.17724067717790606 0.97743898630142223 -0.58754682540893544 -0.14900672435760495 -0.3438484370708465 -0.077876452356576906 -0.18320861458778379 0.21291141957044604 0.57499739527702343 0.79054814577102672 -0.97324359416961659 1.2743144631385805 1.1668929457664492 -1.0000000180025095e-35 -0.17438446730375287
decision_type=2 2 2 2 2 2 2 2 2 2 2 2 2 2 2 2 2 2 2 2 2 2 2 2 2 2 2 2 2 2 2 2 2 2 2 2 2 2 2 2 2 2 2 2 2 2 2 2 2 2 2 2 2 2 2 2 2 2 2 2 2 2
left_child=1 4 3 14 6 16 -1 57 20 33 12 19 -9 -7 -2 31 -3 29 -8 30 34 37 -21 24 41 26 -24 -18 -26 -12 -11 -13 -16 -10 -5 -33 -32 -20 39 -31 -19 42 -14 44 -44 -46 -17 -48 -28 -43 -6 -52 53 -53 -55 -27 -57 -4 59 -23 -60 -61
right_child=2 5 7 8 50 13 18 10 9 11 17 15 23 -15 32 46 27 40 21 22 -22 58 25 -25 28 55 48 -29 -30 38 36 35 -34 -35 -36 -37 -38 -39 -40 -41 -42 49 43 -45 45 -47 47 -49 -50 -51 51 52 -54 54 -56 56 -58 -59 60 61 -62 -63
leaf_value=-0.020110814652313097 -0.0073839614879770248 -0.01253138229661402 -0.0074290822895128122 -0.016675167534885266 -0.010519605236217137 0.029176914270019647 -0.022628569057044513 -0.0067003778632483187 -0.011325275048351274 0.0096762834627714799 0.0016546976615098689 -0.009013906337578776 0.0030244016508444672 0.0056085902187718037 0.014563696505139225 0.036640044356963511 -0.01729598980092191 -0.009258273981255425 -0.013022043231822706 -0.0089457803055842371 0.014031167372422057 -0.012164842918293181 -0.00068919016145209942 -0.0021631687374634358 -0.0016483792818196719 0.036218621305415998 0.039553506819512418 0.017752930823297042 0.033941679830437388 0.023772348051511658 -0.016071946319274229 0.023375325742849902 0.031358675278338403 0.0096665990856039264 -0.0018285743767463946 -0.0088553221445804107 0.01266909023827667 0.021649105769637893 0.025486376219714713 -0.0072256541364584285 0.02740330049242154 -0.015037184315761612 -0.0021375032902884237 0.003739276874339391 0.0034774932701756287 0.046200481013846752 -0.0031773227448450279 0.0098230285090511928 -0.0099598572416722663 0.0081761651626131044 -0.011659535320079064 0.0066179319112557866 -0.00077619272370896416 0.056056108188695129 -0.0046962024119795477 -0.012588864480114755 0.022794568927355062 0.030371609362937868 -0.010763276047499444 0.036471201847191055 0.024957165435568012 -0.0026741543765994892
leaf_weight=958.00464082509279 20.366650372743607 141.30916834995151 3.6833954378962508 102.07524841278791 45.802650973200798 31.016602803021669 54.840940721333027 50.745436787605286 106.34649592265487 174.05674908310175 57.482498243451118 134.81147968024015 28.507909432053566 172.28888969123363 119.47006488218904 4.7015685960650435 8.00267795473337 4.547051776200532 6.5704084224998978 12.05305430665612 20.269774667918682 159.81689871102571 37.331875018775463 48.448642767965794 10.202037654817103 51.653420206159353 10.007043387740849 29.428808927536011 43.251509323716164 10.383856337517498 29.213717777282 16.131168097257618 58.147140491753817 22.655793935060501 72.85784563049674 11.947622857987879 12.366709772497414 22.970466013997793 59.952926225960255 22.353645659983158 187.47062411531806 12.122993558645247 7.9480135962367049 16.315940413624048 6.9563876762986174 28.117720022797585 76.42224508523941 164.9696950763464 2.1358442753553382 132.26334203779697 25.05035512894392 18.499517444521192 25.033971145749092 7.6426496803760511 2.9659197293221951 7.3852206245064762 15.017898686230181 149.09595123305917 6.7494760714471331 2.1611703447997579 8.810882590711115 13.773024227470156
leaf_count=21438 276 2622 38 1654 813 330 1043 679 1581 2192 588 2116 279 2368 1368 62 149 64 112 173 264 2939 492 500 90 603 110 473 376 103 365 225 544 269 1092 165 154 354 463 216 1660 135 87 176 91 286 1016 2102 25 1289 449 307 423 103 39 90 172 1210 113 40 134 244
internal_value=2.58918e-05 -0.0122155 0.00988641 0.00464852 -0.0160763 0.00154518 -0.0176329 0.0174513 0.00218359 0.0044197 0.0147884 0.00646339 0.00952435 0.00981824 0.0177632 0.00205323 -0.00787598 0.0204868 -0.00881756 0.0114979 -0.00785854 -0.00496304 0.0191563 0.0120509 0.0144571 0.0221396 0.0090562 0.00910451 0.0275891 0.0124175 0.00635769 -0.00545819 0.02077 -0.00741549 -0.0107144 0.0103955 -0.00708153 0.0131689 0.0186659 0.00445346 0.0263222 0.0109168 0.0185792 0.0252364 0.0321509 0.0392182 0.00703474 0.00572629 0.0304796 0.00578906 -0.00062543 0.00538197 0.0135858 0.0242408 0.0430077 0.0297546 0.0109617 0.0292537 -0.00802694 -0.00992524 0.0106135 0.010078
internal_weight=3902.98 1740.74 2162.24 1282.39 1358.69 382.046 1233.7 879.85 1084.41 889.208 727.071 760.205 384.88 203.305 197.984 408.984 178.741 342.191 275.693 351.222 195.203 220.852 135.584 334.134 285.686 123.531 49.4748 37.4315 53.4535 150.173 215.637 162.89 177.617 129.002 174.933 28.0788 41.5804 29.5409 92.6904 32.7375 192.018 232.232 87.846 59.3381 43.0221 35.0741 246.094 241.392 12.1429 144.386 124.995 79.1924 54.1421 29.1081 10.6086 74.0565 22.4031 152.779 191.311 175.751 15.5604 15.9342
internal_count=59933 34493 25440 17110 28551 5942 26417 8330 14922 11912 7082 10062 3988 2698 2188 5686 3244 3094 4979 4376 3010 3936 1665 3309 2809 1492 627 622 466 1370 2711 2506 1912 1850 2746 390 519 466 782 319 1724 2343 919 640 464 377 3180 3118 135 1424 2134 1321 872 449 142 865 262 1248 3470 3223 247 284
is_linear=0
shrinkage=0.03


Tree=24
num_leaves=63
num_cat=0
split_feature=15 3 3 6 32 15 3 14 21 4 23 9 5 4 21 17 8 8 14 6 7 4 4 16 14 3 14 7 9 14 15 7 32 5 4 4 8 22 2 2 4 25 5 32 14 3 4 9 20 21 0 21 16 3 9 32 32 14 14 9 6 25
split_gain=493.91 109.534 94.2427 51.9485 49.6233 55.9808 34.7701 29.9367 27.6549 22.6303 21.9447 19.4799 19.0943 18.541 16.5132 15.9062 14.73 14.5625 14.0734 18.4314 12.7381 12.3046 11.6021 11.5849 13.5961 11.2393 10.7705 10.9054 10.7625 10.4982 10.2157 10.9727 10.094 11.2249 9.83664 9.3871 9.32433 9.27972 9.2437 13.0508 11.8333 9.27027 8.66633 8.64869 10.9566 8.61537 8.58626 8.56909 12.4676 8.55028 8.51699 8.43166 13.7746 12.0659 8.41036 8.4035 8.32975 8.24198 8.11855 8.07748 7.94204 7.69002
threshold=0.045292682945728309 -0.1161692328751087 0.2499162703752518 0.52198198437690746 8.5000000000000018 1.2558429241180422 1.7891547083854678 0.15916776657104495 1.323370158672333 0.56957736611366283 -0.74863648414611805 -1.0593020915985105 -0.19092956930398938 -0.25772756338119501 0.52139273285865795 -1.0000000180025095e-35 0.050141893327236182 0.18539299070835116 -0.91759115457534779 1.3716483712196352 -0.078432861715555177 -0.29658310115337366 0.011831153184175493 0.77386131882667553 -1.0000000180025095e-35 1.3979334831237795 -0.69136381149291981 0.83461421728134166 -1.3498557806015012 1.0692905187606814 -0.15470967441797254 0.32943235337734228 11.500000000000002 -1.0000000180025095e-35 1.0026745796203616 0.039902534335851676 -0.51933053135871876 0.62909501791000377 1.2661823034286501 0.98682820796966564 0.076210848987102522 2.9170048236846928 -0.8726212978363036 16.500000000000004 -1.7817230820655821 1.0756298303604128 0.22596063464879992 0.39207851886749273 0.63893267512321483 1.4334087371826174 0.75739559531211864 -0.064421165734529481 0.74300456047058117 0.6160244643688203 0.66698753833770763 15.500000000000002 11.500000000000002 0.26755440235137945 -1.1852604150772093 -1.4825731515884397 -1.0733762383460996 -0.42639972269535059
decision_type=2 2 2 2 2 2 2 2 2 2 2 2 2 2 2 2 2 2 2 2 2 2 2 2 2 2 2 2 2 2 2 2 2 2 2 2 2 2 2 2 2 2 2 2 2 2 2 2 2 2 2 2 2 2 2 2 2 2 2 2 2 2
left_child=1 10 7 9 -4 6 11 13 15 25 -1 -6 49 -2 16 37 61 -12 45 20 29 -7 47 57 -25 26 27 -3 -16 50 58 -32 33 -17 -34 -9 -10 -5 39 41 -40 42 -23 44 -44 -14 -18 59 -49 -13 -20 52 -46 -53 -30 -22 -11 -21 -19 -8 -27 -15
right_child=2 3 4 8 5 21 22 35 36 56 17 12 18 14 28 32 46 30 19 23 55 38 -24 24 -26 60 -28 -29 54 -31 31 -33 34 -35 -36 -37 -38 -39 40 -41 -42 -43 43 -45 51 -47 -48 48 -50 -51 -52 53 -54 -55 -56 -57 -58 -59 -60 -61 -62 -63
leaf_value=-0.023137898742731134 -0.010704671219817474 -0.006187925114961414 0.039867010625429064 -0.013110611221509085 -0.0036598971706650009 0.0040194766708389305 0.0015321138979139768 -0.010343468464486874 0.0084461586555528261 0.032072897807707036 -0.018151449224185667 -0.0048319438779246332 0.012957513800583071 0.017071293397730218 -0.011690113118808621 -0.010498744969578262 0.0033820780464736463 0.0081555454594237995 0.00038770210346552312 0.021536746546776543 0.01490157802739393 -0.0076364034803615716 0.038962057825332144 0.0012406264749976101 0.042029669679676251 -0.014726984856364407 -0.014403610943087654 0.026908276814584065 0.022933047453747211 -0.017280324965299999 -0.0090705797074230928 0.0089968574688395614 0.0017738082685610453 0.035014019701899629 0.024525506873646647 0.0032778700632377167 0.04273608450290968 0.008740930598422441 -0.0057472347817830137 -0.0031529199940126497 0.042165965423980024 -0.0051685216143368649 0.041458065288930965 0.0082414362039367577 -0.010132134039547007 0.035381013908273889 0.019918316881476671 -0.01500521038431661 0.016258101242976272 0.016948322146123854 0.018375118679817649 0.003421243214084717 0.022926307997969686 0.027412739012129917 0.0033689092147868895 0.0055442106104381019 0.0030211016417123495 -0.0033079822086560565 -0.015868117238385354 0.0316658170969999 0.014266288368186657 -0.010913318189973792
leaf_weight=445.64522621408105 51.169346854090691 31.678763248026371 58.18799864128232 53.605020821094513 133.2821782939136 34.85107371583581 10.846889805048702 214.26145781576633 14.10442230850458 7.7259665951132765 323.02791342511773 115.6972033791244 50.57830136269331 5.5418571121990672 8.1627777777612192 3.7237401418387917 96.907133135944605 10.996342923492191 153.02828247845173 18.618605386465788 171.10753923654556 5.8447904512286177 32.048712156713009 9.7944461256265622 28.837898053228855 7.7223267443478134 311.45147849619389 6.8897162601351729 90.094895645976067 20.768392190337181 66.787478055804968 47.388076182454824 98.673293083906174 18.080647695809603 15.934928767383097 54.896365080028772 20.343585874885321 20.874034099280834 3.9601505994796744 17.7923903465271 37.391176924109459 8.9655018374323827 37.683613993227482 34.513477832078934 17.448227968066931 26.496846333146095 36.569612815976143 13.238662660121916 26.999327007681131 13.79297063872218 23.081255048513412 22.746984180063009 18.963218241930008 178.59225204586983 27.393329102545977 188.37982926517725 33.573733225464821 22.142555575817823 123.5526040494442 32.526287779211998 22.280798129737377 67.666987460106611
leaf_count=10484 810 613 511 852 1702 347 119 3526 174 110 6780 1481 541 82 97 52 1370 213 2000 195 1940 54 262 86 253 131 6316 125 1084 266 1309 914 1335 215 172 798 226 329 32 137 274 80 290 302 191 233 449 129 233 160 261 227 181 1325 337 2318 528 231 2659 313 337 982
internal_value=0.000336955 -0.0118959 0.00961884 -0.00241549 0.0135948 0.0124542 0.00880647 3.46461e-05 0.00845313 -0.00876929 -0.0180658 0.00688511 0.00856541 0.00539085 0.00799098 0.00403772 0.00264345 -0.0139461 0.0104793 0.00887671 0.0068198 0.0217442 0.0240564 0.0220329 0.0330156 -0.0110727 -0.012577 0.0021338 0.0163494 0.000653752 -0.00823434 -0.00150892 0.00999836 0.0267329 0.00583017 -0.0075562 0.0315464 -0.00682173 0.0232809 0.0210559 0.0374524 0.02241 0.0232613 0.0239559 0.025743 0.022352 0.00846824 0.0164669 0.00545058 -0.00196812 0.00318738 0.0224495 0.00777417 0.0248508 0.0186952 0.0101414 0.0113326 0.00915363 -0.0136829 0.0250672 0.00576618 -0.00783894
internal_weight=3904.93 1684.06 2220.87 666.662 1568.21 1510.02 1091.27 652.664 245.34 421.323 1017.4 975.606 842.324 383.506 332.337 210.892 206.686 571.752 712.834 635.759 556.365 418.753 115.66 79.3935 38.6323 380.023 350.02 38.5685 125.651 196.878 248.725 114.176 136.413 21.8044 114.608 269.158 34.448 74.4791 383.902 342.55 41.3513 324.758 315.793 309.948 275.434 77.0751 133.477 83.6112 40.238 129.49 176.11 237.751 36.4114 201.339 117.488 359.487 41.2997 40.7612 134.549 43.3732 30.0031 73.2088
internal_count=60083 33874 26209 11515 16674 16163 12723 9535 3355 8160 22359 11667 9965 5211 4401 2955 2883 11875 8324 7550 6785 3440 1056 765 339 7522 7054 738 1518 2527 5095 2223 1774 267 1507 4324 400 1181 3093 2787 306 2650 2570 2516 2214 774 1819 794 362 1641 2261 1924 372 1552 1421 4258 638 426 2872 432 468 1064
is_linear=0
shrinkage=0.03


Tree=25
num_leaves=63
num_cat=0
split_feature=15 3 3 14 15 15 32 24 24 21 11 15 14 11 24 14 14 8 32 25 21 3 14 7 24 24 21 21 11 13 32 29 8 25 20 7 11 20 20 9 10 11 7 11 7 20 20 3 10 25 7 12 26 9 11 21 3 24 12 6 25 19
split_gain=479.795 104.761 87.335 38.9892 37.2575 30.6145 29.5378 23.6446 22.3957 22.0396 24.0353 21.3401 17.3536 17.1172 19.3596 18.4655 15.9068 15.2912 20.261 14.537 14.4377 13.5464 13.5194 13.3908 13.02 12.1383 11.2508 11.0374 10.92 11.1468 10.6914 10.6521 11.5516 10.1788 9.92093 9.88364 9.83136 9.7953 9.73236 8.99816 8.95733 8.91884 9.74716 8.81223 8.71171 8.64796 8.87936 8.55044 8.45164 8.30858 8.66457 8.24098 8.21545 10.251 8.94278 9.27336 8.93961 8.75251 8.74282 8.02452 8.00667 10.8469
threshold=0.087022006511688246 0.79972311854362499 0.45097060501575476 0.33252294361591345 1.2558429241180422 -0.34570795297622675 11.500000000000002 0.21346681565046313 0.55828094482421886 1.4334087371826174 1.3539066910743716 1.2087481617927553 0.25846868753433233 0.036560259759426124 0.91510096192359935 -0.15035419166088101 0.21859091520309451 0.12662190943956378 14.500000000000002 -0.5810696780681609 -0.43088333308696741 0.99762001633644115 -0.52455061674118031 0.4386413991451264 -0.079476308077573762 0.97124853730201732 0.18561772257089618 0.2475758641958237 0.08535808697342874 1.8097991347312929 13.500000000000002 0.53589746356010448 -0.79547506570816029 -0.15544714778661725 0.091809134930372252 -0.59333956241607655 -0.54803919792175282 0.072296746075153365 0.15260765701532367 0.37693458795547491 -0.39586018025875086 -0.060633813962340348 -0.37563815712928766 0.63317885994911205 1.2520874142646792 1.448083817958832 -0.9661736488342284 -0.14050853252410886 -0.94676041603088368 -0.48035946488380427 -0.27136985957622523 0.69340297579765331 -1.0000000180025095e-35 -0.92038124799728382 0.7664504647254945 0.95894458889961254 -0.37728126347064966 1.5198199748992922 -0.724065601825714 1.7720968127250674 1.665272653102875 0.97047525644302379
decision_type=2 2 2 2 2 2 2 2 2 2 2 2 2 2 2 2 2 2 2 2 2 2 2 2 2 2 2 2 2 2 2 2 2 2 2 2 2 2 2 2 2 2 2 2 2 2 2 2 2 2 2 2 2 2 2 2 2 2 2 2 2 2
left_child=2 3 5 11 6 43 12 16 19 10 28 17 21 14 -7 23 26 25 52 27 -13 -3 -9 -15 -5 -2 48 -8 -10 34 -26 32 -6 -12 39 -34 -11 -20 -33 -30 -16 -27 -43 -1 -32 46 -23 -39 -4 50 -24 -28 53 -19 55 -54 -56 58 -55 -38 61 -22
right_child=1 4 7 24 31 13 8 22 9 36 33 20 -14 15 40 -17 -18 18 37 -21 60 45 49 -25 30 41 51 -29 29 -31 44 38 35 -35 -36 -37 59 47 -40 -41 -42 42 -44 -45 -46 -47 -48 -49 -50 -51 -52 -53 54 57 56 -57 -58 -59 -60 -61 -62 -63
leaf_value=-0.021276210121685443 -0.0043806903698385682 0.0068896523386485246 0.020426011614279715 -0.014472372388003587 0.0047907904716312597 -0.015984075938442494 -0.0047234376784030764 0.024481660397020953 -0.0036685345822041835 0.0060707020622693883 0.048386391181351018 -0.0013443007290402911 0.011679191900057699 -0.0032056845860711854 -0.011649669506238245 -0.011518095764688001 -0.012556486030213667 -0.0015803289436941059 -0.0054412888097134333 -0.0020723461514816372 0.026567037730884431 -0.0010763738712651876 -0.007899858441294743 0.016763616818422724 0.0073140975471355655 -0.0051937272984813026 0.02871213716277483 0.040186490484191123 -0.011694032369392014 0.027630685971268457 -0.0072682935482640283 0.016096332167363628 -0.00027717024547257616 0.017778633593568363 0.011126614661719004 0.025517938202547587 0.038066956193957488 -0.0036721993967461872 0.035345204665791254 0.0093653722195708791 0.021935404220582672 -0.0025195104077877046 0.029729091929207131 -0.011003919313770403 0.013593685754277739 0.0066100820854147653 0.05120810874106007 0.015617003575379198 -0.012372582742963765 0.0020400327374423812 0.033966806137367703 -0.0065357523425334145 -0.0066928180285405125 0.0018404088718703491 -0.003925025137873738 0.018703163130707037 0.032716699366495489 -0.003945633789998371 0.040500755462766214 -0.0054441591266377607 0.0077882063226946572 -0.010812033007033203
leaf_weight=548.06181121990085 206.46830665320158 13.715266227722166 4.356472164392474 87.708098873496056 45.181204907596111 369.6180721744895 6.2001811228692523 31.752234805375338 71.12544234469533 15.832911491394041 11.219187013804911 34.351344153285027 51.659859623759985 79.960694633424282 7.2102058827877071 143.28854779154062 124.6087899133563 9.7170390114188177 82.150098782032728 165.02596412226558 99.40516460314393 2.9107244983315459 4.0404617078602305 42.398669023066759 82.567650012671947 17.068388469517231 17.355921521782879 8.7168666012585145 37.085312101989985 22.682748012244701 176.48875521123409 45.919067889451981 14.809122290462254 60.712633661925793 149.32493403553963 122.94606710970402 45.996869415044785 29.854108281433582 116.25907007604837 27.494981802999973 15.093115270137785 11.326395556330679 21.370828613638878 107.36809815838933 15.387863621115683 7.0018112882971755 39.605421327054501 52.257381331175566 26.096242606639862 163.46306836605072 10.060200735926626 5.9644134007394305 34.543466065078974 6.6258176937699309 6.9331629946827915 14.284989960491655 16.607875317335129 4.7092467769980422 35.06735348328948 2.8684153556823722 42.521628815680742 4.8788897469639769
leaf_count=12757 3011 131 80 1492 351 8154 84 328 808 167 106 438 519 1467 116 2738 2356 118 1235 2169 975 30 58 720 1075 213 290 107 416 195 2604 393 133 558 1447 904 381 450 834 298 232 152 239 2223 213 55 322 697 463 2224 139 100 466 87 95 165 197 52 424 22 409 48
internal_value=0.000519642 0.00983844 -0.0114006 0.00325665 0.0164234 -0.0150825 0.0124762 0.00110193 0.00975532 0.0133371 0.010316 0.00723221 0.0262372 -0.0103766 -0.0143339 -0.00438129 -0.00682091 0.00421052 0.00883528 0.000789306 0.0160302 0.0364034 0.00785548 0.00410033 -0.00474788 -0.00114131 0.0064077 0.0250202 0.00644334 0.00949628 -0.00143674 0.0245787 0.0186225 0.025387 0.0069861 0.0228323 0.0290528 0.00172507 0.0305395 -0.00269932 0.0109329 0.0114712 0.0197056 -0.0196895 -0.00529249 0.0431964 0.047892 0.0087956 -0.00546151 0.00429329 0.0230426 0.0201348 0.01752 0.0258933 0.00977302 0.00178406 0.0231281 0.0312407 0.0352119 0.0352446 0.0200061 0.0244036
internal_weight=3877.28 2176.59 1700.7 1092.29 1084.29 1313 739.18 387.698 624.286 444.343 379.645 730.141 114.893 657.569 391.921 265.648 178.382 548.984 292.751 179.943 181.157 63.2332 209.316 122.359 362.152 256.234 53.773 14.917 307.713 236.588 274.444 345.115 182.936 71.9318 213.905 137.755 64.6982 164.262 162.178 64.5803 22.3033 49.7656 32.6972 655.43 191.877 49.518 42.5161 82.1115 30.4527 177.564 14.1007 23.3203 128.489 56.1195 72.3695 48.8285 23.541 46.4024 41.6932 48.8653 146.806 104.284
internal_count=59730 25285 34445 14855 10430 28407 7815 6038 6758 4398 3828 9471 1057 13427 8502 4925 3289 7601 3986 2360 1870 538 2749 2187 5384 3615 933 191 3164 2356 3892 2615 1388 664 2161 1037 570 2382 1227 714 348 604 391 14980 2817 407 352 1147 543 2421 197 390 1604 681 923 631 292 563 511 403 1432 1023
is_linear=0
shrinkage=0.03


Tree=26
num_leaves=63
num_cat=0
split_feature=15 3 23 32 6 3 21 32 15 22 6 32 15 22 5 3 15 32 1 34 20 15 7 7 10 9 32 5 21 12 1 24 21 15 3 7 17 5 3 7 20 17 24 22 9 5 3 20 25 24 21 6 26 10 20 21 20 15 26 10 12 21
split_gain=441.429 88.9166 86.0024 34.4442 34.0724 29.1435 27.428 27.4016 26.7703 22.1776 21.6184 23.7107 17.9825 15.1967 14.7451 14.5812 14.2718 12.7911 11.8561 12.4122 11.7487 11.6782 12.1198 10.8373 10.0499 9.52534 9.5587 9.46093 9.31963 9.25703 9.17702 9.16067 9.04369 8.96924 8.96735 8.94979 9.35002 9.10277 10.0314 8.87876 10.3959 8.82762 10.8133 8.97438 8.60554 8.31666 8.10142 8.07023 8.0261 10.5829 7.92332 7.67596 7.5957 9.29177 8.08248 8.95025 7.68382 7.44991 7.33366 7.28382 7.19052 7.82383
threshold=0.023382865823805336 0.77253621816635143 0.33359599113464361 11.500000000000002 0.73624765872955333 1.2413458824157717 1.0396947860717776 9.5000000000000018 0.7943515181541444 -0.30691333115100855 -0.58414787054061879 13.500000000000002 0.49782355129718786 0.71140584349632274 -0.033235326409339898 1.3553729653358462 -0.16586381942033765 17.500000000000004 0.76394763588905346 1.5000000000000002 0.73438477516174328 -0.35810057818889612 -1.2823532223701475 -0.89266744256019581 1.1333757638931277 0.39253468811511999 12.500000000000002 -0.38210467994213099 -0.60775944590568531 -0.4087477028369903 1.4950020909309389 1.1880664229393008 1.265677869319916 1.6832895874977114 0.094359811395406737 -0.54494658112525929 -0.56061458587646473 0.23311400413513186 1.4619360566139223 0.81077107787132274 1.5928686857223513 -0.42631796002387995 0.94705218076705944 -1.0000000180025095e-35 -0.97249707579612721 1.681661903858185 -0.1959760785102844 1.2687095403671267 -0.26715756952762598 0.29989509284496313 0.67088699340820324 1.7166010737419131 0.78309369087219249 0.040522208437323577 1.0620574355125429 1.265677869319916 0.82642474770545971 0.64805662631988536 0.79860830307006847 1.5118504166603091 0.55700680613517772 0.14524177461862567
decision_type=2 2 2 2 2 2 2 2 2 2 2 2 2 2 2 2 2 2 2 2 2 2 2 2 2 2 2 2 2 2 2 2 2 2 2 2 2 2 2 2 2 2 2 2 2 2 2 2 2 2 2 2 2 2 2 2 2 2 2 2 2 2
left_child=2 7 5 27 35 10 15 29 14 -10 45 16 28 -7 -9 21 -12 30 19 44 -18 -4 -23 -11 46 26 -25 -3 -6 -2 32 -19 33 39 -31 -5 -37 60 -39 40 -14 -8 47 -44 -16 -1 -24 -43 49 -21 -46 -50 53 -27 55 -54 59 58 -20 -55 -38 -62
right_child=1 3 6 4 12 13 41 8 9 23 11 -13 17 -15 18 -17 20 31 57 48 -22 22 24 25 -26 52 -28 -29 -30 34 -32 -33 -34 -35 -36 36 37 38 -40 -41 -42 42 43 -45 50 -47 -48 -49 51 -51 -52 -53 54 56 -56 -57 -58 -59 -60 -61 61 -63
leaf_value=-0.021326639765449438 0.00046423875487421274 0.0041565523087085682 -0.013078745002362667 -0.0083714092786523094 0.025383972860677118 -0.0037098666680244912 -0.0022698364948574808 -0.011469681362640958 -0.0056269854862933451 -0.0048700461518287243 -0.0090286955451713245 -0.015903331397394135 0.011467857907228717 0.033450792583513543 -0.013613891750995867 0.012231673731106672 0.0025216104323133146 -0.0066566345922653121 0.033232511994341782 -0.0037103338893820525 0.034936264924082062 -0.019060654064096676 -0.011584141509931249 0.019702374452892565 0.01693844380510167 0.030396321149856804 0.0032688394625559132 0.029380480200249498 -0.001099787534798126 0.0097556481762194596 0.032945082188990206 0.014816565590928699 0.024856879298510975 0.028182597516203833 0.034354712862463062 -0.009839892327883815 -0.0009861647753282147 0.0073091289701168894 0.037264447597857325 0.022662704398796467 -0.016047597304571802 -0.0024564958941517595 -0.0080892162550876539 0.036704850045335358 0.022781934321269286 0.0063864433073767537 0.0026178469898961473 0.026038844847535925 -0.0068359994744003841 0.014025770411229089 -0.0021176902895731157 0.022756382741241896 0.0013982195233830151 -0.0040381054858255657 -0.018271543835752538 0.035857545728076402 0.026302393921618091 -0.009388027016776641 -0.0031030811481282585 0.021196452010125183 -0.0043384008859230173 0.017791807994055397
leaf_weight=556.16669234633446 18.562569431960583 16.547004282474518 126.43274579197168 43.583439871668816 9.0996438190340978 25.886034321039915 20.413952920585871 124.25262005999684 93.135504469275475 34.327461402863264 85.768763564527035 405.56389892101288 261.20623456314206 10.234494637697933 6.8203802518546572 39.658073410391808 46.819583434611559 30.74529155343771 15.221865810453897 74.692887052893639 8.1505890376865846 25.922253888100386 47.064663130789995 37.576187014579773 25.690925180912018 53.447423551231623 137.82546576485038 157.53494041413069 76.403811138123274 28.805898804217577 43.231462843716145 31.611761659383774 132.38260732591152 40.741224713623524 33.33227950334549 25.786464419215918 92.840979222208261 29.46897391602397 13.40182141587138 68.254021242260933 8.7190162613987905 26.239323738962412 2.7820243351161507 26.210765071213245 34.394409965723753 7.8493474163115016 114.05824764072895 8.0177617110311967 264.05960054695606 44.23581500723958 15.120567969977854 3.3455004245042792 23.88017584010959 31.26239213347435 5.9817430824041358 4.7247144430875769 16.320852976292372 4.5211684070527545 5.5802547708153716 9.5489212870597822 17.687243402004242 45.940444231033325
leaf_count=13297 224 163 2370 593 108 411 336 2014 1201 475 1831 8816 2357 160 104 491 906 304 209 1268 148 458 845 365 411 606 1615 1321 872 350 337 267 978 304 328 355 1173 354 138 565 72 380 32 272 533 171 1704 119 4133 636 217 43 274 360 67 47 180 57 75 106 241 559
internal_value=0.000536374 0.0090602 -0.0114602 0.014922 0.0125992 -0.0158493 -0.000527377 0.00303218 0.00168045 0.00717336 -0.0167167 -0.0122596 0.0160571 0.00960646 -0.00250019 -0.00399587 -0.0015742 0.0178332 -2.27012e-05 -0.00125214 0.00983991 -0.00604344 -0.00165792 0.0105641 0.00119078 0.0122662 0.00723788 0.0271659 0.00296539 0.0193421 0.0192764 0.00452094 0.0178128 0.0150601 0.0245269 0.00343223 0.0058496 0.0080703 0.0195876 0.0130917 0.0103034 0.0145175 0.019705 0.031849 0.011314 -0.0208882 -0.00175441 0.00667977 -0.00320569 0.00318637 0.0156814 -0.00605487 0.0178986 0.0216243 0.00475999 0.0115782 0.0116324 0.0181315 0.0247728 0.00353524 0.00440586 0.0117722
internal_weight=3875.09 2266.16 1608.93 1145.19 971.104 1146.44 462.491 1120.98 1040.28 448.031 1110.32 546.303 702.395 36.1205 592.245 378.827 140.739 616.892 467.992 442.669 54.9702 339.169 212.736 354.895 186.814 320.568 175.402 174.082 85.5035 80.7007 554.535 62.3571 511.303 378.92 62.1382 268.709 225.126 199.339 42.8708 338.179 269.925 83.6638 63.2499 28.9928 56.3354 564.016 161.123 34.2571 386.334 118.929 49.515 267.405 145.166 110.58 34.5866 28.6049 57.1322 25.3233 20.8021 40.8113 156.469 63.6277
internal_count=59706 26548 33158 11061 9577 25740 7418 15487 14585 5296 25169 11701 6164 571 9289 6279 2885 5184 7275 6934 1054 5788 3418 4095 2960 3620 1980 1484 980 902 4613 571 4276 3298 678 3413 2820 2465 492 2994 2429 1139 803 304 854 13468 2549 499 6080 1904 750 4176 1640 1252 388 321 646 341 284 466 1973 800
is_linear=0
shrinkage=0.03


Tree=27
num_leaves=63
num_cat=0
split_feature=23 3 3 21 4 4 6 4 17 5 4 4 10 10 11 8 17 3 8 17 22 1 9 21 29 11 29 8 5 5 17 26 22 22 16 16 6 9 9 10 25 5 21 24 9 9 22 21 21 20 26 5 9 11 21 29 29 25 9 12 26 5
split_gain=433.432 94.6699 54.1842 36.9418 35.4438 34.8243 26.0098 22.2124 21.871 18.5821 18.5676 18.5156 19.7849 14.2282 13.7715 13.7402 13.7308 13.4482 13.3847 13.3084 12.0768 14.4165 11.7989 11.4553 10.9485 17.437 12.5524 11.4222 10.9118 10.7464 10.617 10.3558 10.9168 12.0301 10.0892 9.99665 9.74002 9.63999 9.60444 16.338 12.4226 9.34476 9.25298 9.22003 9.01857 11.1889 9.71709 8.97411 8.9538 8.80956 8.37921 8.36624 8.17964 7.98871 7.9874 8.00337 7.95741 7.95472 7.9495 7.92306 7.83526 7.78368
threshold=0.24323514103889468 0.56550854444503795 -0.20680647343397138 0.2371373847126961 1.0000000180025095e-35 1.585507392883301 1.0000000180025095e-35 0.84936901926994335 -1.0000000180025095e-35 -0.38210467994213099 -0.41279281675815577 -0.46991141140460962 -0.70273095369338978 1.4518521428108218 0.18952471017837527 0.050141893327236182 0.13502205908298495 0.85275113582611095 0.061857214197516448 -0.49992771446704859 0.96085223555564891 1.3890960216522219 -1.0826901197433469 1.7157173752784731 0.46862745285034185 0.036560259759426124 0.14835165441036227 -0.78495243191719044 -0.50907158851623524 -1.0918197631835935 -0.72930032014846791 0.77502509951591503 -0.16238173097372052 0.028886667452752594 0.7060753107070924 0.30833587050437933 0.70387056469917308 -0.86168396472930897 0.56281822919845592 -0.020924362353980538 1.665272653102875 0.54882478713989269 -0.60775944590568531 -0.44747194647788996 1.1163510680198672 -0.097861256450414644 -1.0816329121589658 0.72498425841331493 0.11376538872718812 1.395794749259949 0.47817616164684301 0.68157285451889049 0.54471203684806835 0.5488194227218629 0.43658106029033666 0.81534090638160717 0.13809524476528171 -0.57634007930755604 -0.24239320307970044 -0.57974591851234425 1.3097661733627322 1.1682319641113283
decision_type=2 2 2 2 2 2 2 2 2 2 2 2 2 2 2 2 2 2 2 2 2 2 2 2 2 2 2 2 2 2 2 2 2 2 2 2 2 2 2 2 2 2 2 2 2 2 2 2 2 2 2 2 2 2 2 2 2 2 2 2 2 2
left_child=2 3 7 10 17 6 18 14 20 -5 -2 52 36 34 16 23 -1 37 -3 -17 21 -8 -21 35 26 -26 27 -14 56 -7 -19 32 -30 -34 -12 -11 -13 -4 39 -24 -41 -36 -16 -18 45 58 -47 53 -29 -40 51 -15 -10 -20 -22 59 -6 -32 -31 -56 -52 -9
right_child=1 5 4 9 28 29 8 61 11 15 13 12 24 50 42 19 43 30 47 22 54 -23 38 -25 25 -27 -28 48 31 44 57 -33 33 -35 41 -37 -38 -39 49 40 -42 -43 -44 -45 -46 46 -48 -49 -50 -51 60 -53 -54 -55 55 -57 -58 -59 -60 -61 -62 -63
leaf_value=-0.021915086315223296 -0.018464357091327321 -0.011113606311967039 -0.020436491489681862 -0.0082071923350319573 0.018971397226315252 -0.0085189267599034765 -0.0040210950020654621 -0.0043280608311590547 0.0068632951357245672 -0.0082025405504158374 -0.0069386652522073732 0.0067009484640547564 0.0021446615462687381 -0.0066093718895768733 -0.016349756709211721 -0.0022216885560953636 -0.014863826530477173 -0.018452728673029078 -0.013194603190893361 -0.0037027452118340238 -0.0088585368158987082 0.029463453110944535 0.0076192345254711153 0.024452710552294758 0.0049296279054442975 0.0206401154780902 0.004851768171592964 0.0045242628253226291 -0.0019994294306234723 0.01854670605184602 0.019230861829177336 -0.0059403319349299452 0.042652640180918557 0.011943000678484117 0.00010545246607315523 0.0056890734666224024 0.028131668508418084 -0.0089036361580495469 0.013457846755303354 0.039399507208144412 0.005489771467855625 0.026160816457336991 -0.0033885128781936265 0.01157174275963394 0.0008753076265554981 -0.00493735431154191 0.037997790715670568 0.022331278923846253 0.028092960391764621 -0.014873907171012279 0.033108516982097748 0.026603485556168233 -0.012630675848645174 0.0092069549068348692 -0.0073268830197613299 -0.0043129556524037597 -0.012762583674779476 -0.00068866140149776225 -0.01412875313801883 0.036916881288418739 -0.0046447294092420094 0.020912901963024449
leaf_weight=572.99777488410473 71.502157192677259 59.991204336285591 89.234281931072474 62.295519035309553 4.5850287117064026 5.1360012441873542 129.35013684257865 37.608921628445387 57.817258272320032 66.335726287215948 288.60602673143148 26.108032751828432 34.903826024383307 25.584339033812288 127.69648604467511 38.05031418427825 20.65098836645484 19.999083418399096 19.059131067246199 20.820948202162981 5.5993554778397074 7.6700069718062869 37.138818439096212 15.589243691414593 86.101701233536005 287.1892474219203 215.08961534872651 21.224904630333185 16.069703973829746 23.807191401720051 17.256098680198193 15.805687915533779 18.266350470483303 34.359340835362673 63.061047565191984 129.7458356693387 145.77922959253192 275.5140288323164 61.522545177489519 54.106715444475412 13.781867295503615 10.429617069661616 84.21874663606286 17.29183641076088 9.8476378135383111 3.8583944067358962 90.336542464792728 19.650274477899075 62.780864231288433 7.3535277731716624 15.25832934305072 3.7926235385239115 23.030985817313194 30.421195175498724 2.5621622614562574 5.8840166144073001 24.875348139554262 93.660060964524746 4.7271102815866461 18.66023289039731 5.0683106780052176 9.8962823264300805
leaf_count=13908 1309 896 1869 959 73 50 1609 663 655 1057 4616 301 338 387 2768 591 460 350 298 259 74 88 466 198 886 2536 1978 220 243 199 255 238 256 511 895 1730 1270 5412 784 657 149 128 1687 320 85 36 714 260 518 93 216 47 257 435 31 69 411 1447 40 211 68 163
internal_value=0.000230667 0.00813478 -0.0125 0.00102766 -0.00557637 0.0131514 0.0114968 -0.01729 0.0129488 0.00665532 -0.00488066 0.0146974 0.0159541 -0.00232887 -0.0184357 0.00880665 -0.0207653 -0.00903731 -0.00121639 0.013766 0.00292049 -0.00117541 0.0168675 0.00316105 0.0135565 0.0171295 0.00936939 0.0170156 0.00922378 0.027344 -0.000744881 0.0144883 0.0192727 0.0253783 -0.00443045 0.000902344 0.025158 -0.0119633 0.0193649 0.0250206 0.0333644 0.00523411 -0.0113956 -0.00287164 0.0289924 0.0311259 0.0360789 0.00754267 0.0227268 0.00963106 0.011987 0.000924199 0.000897899 0.000159152 0.0179606 0.0240174 -0.00578767 0.00310622 0.011834 0.0311968 0.0246365 0.00242091
internal_weight=3866.62 2386.63 1479.99 990.044 609.625 1396.59 1258.87 870.361 1129.75 506.741 483.302 960.026 879.177 411.8 822.856 444.446 610.941 495.664 129.122 232.775 169.726 137.02 194.724 211.671 707.29 373.291 333.999 118.91 113.961 137.713 130.915 84.5011 68.6954 52.6257 362.097 196.082 171.887 364.748 173.903 105.027 67.8886 73.4907 211.915 37.9428 132.577 122.729 94.1949 69.1306 84.0058 68.8761 49.7036 29.377 80.8482 49.4803 32.7058 27.1064 29.4604 110.916 28.5343 21.2224 20.3266 47.5052
internal_count=59697 28663 31034 14609 11065 14054 12930 19969 11041 6943 7666 8959 8047 6357 19143 5984 14688 9333 1889 2999 2082 1697 2408 2985 6476 3422 3054 1076 1732 1124 2052 1248 1010 767 5639 2787 1571 7281 2149 1272 806 1023 4455 780 1074 989 750 993 738 877 718 434 912 733 385 311 484 1702 239 242 284 826
is_linear=0
shrinkage=0.03


Tree=28
num_leaves=63
num_cat=0
split_feature=3 24 15 14 15 3 32 32 3 23 5 14 25 14 6 21 7 8 14 25 32 8 14 20 16 7 29 8 26 9 9 23 11 9 9 32 29 7 9 11 31 11 20 14 24 8 34 5 11 13 10 25 7 24 26 21 4 11 21 4 20 7
split_gain=383.867 123.947 64.8473 38.0519 34.9036 31.125 29.938 24.5269 23.7693 21.6441 20.6069 19.5434 19.5085 19.0846 18.8722 17.5273 16.4725 15.7689 15.6788 15.2991 15.1129 13.6479 15.2492 13.3637 12.5704 11.362 11.2783 11.1356 16.0232 12.3011 13.9292 10.8659 10.5117 10.438 10.4345 10.1243 11.8181 10.068 10.7753 9.97356 9.60219 9.3803 9.3781 9.25214 9.61073 9.13888 9.3352 11.8804 12.557 11.4451 9.87838 8.96087 8.89423 8.85717 8.7555 8.71441 8.56589 8.68104 8.56393 8.31539 8.25962 8.21258
threshold=0.012079695705324413 0.65453645586967479 0.31027793884277349 -1.7817230820655821 0.087022006511688246 1.5103702545166018 13.500000000000002 8.5000000000000018 1.2597366571426394 -0.74863648414611805 -0.10845717415213584 -1.0100318193435667 1.5729056596755984 0.31642414629459387 1.3273013234138491 -0.10891399532556532 0.84727653861045849 0.12662190943956378 -0.077876452356576906 -0.57730805873870839 14.500000000000002 0.22207754105329516 -0.55504992604255665 1.448083817958832 0.68931186199188244 0.4386413991451264 0.087121214717626586 0.1623354181647301 0.68094950914382946 1.0402650833129885 -1.1338272690773008 0.67064848542213451 1.5750464200973513 -1.3309161663055418 -1.4138459563255308 12.500000000000002 0.42261904478073126 0.57335102558135997 -0.22546086460351941 0.64479640126228344 -0.92857143282890309 0.73022466897964489 0.0096291690133512037 0.54106417298316967 -0.62950399518012989 0.02514576725661755 3.5000000000000004 1.0556914806365969 0.45333404839038854 -0.24956821650266645 0.82499328255653392 -0.26728245615959162 0.21313384920358661 1.2289209961891177 -1.8778868317604063 0.13441967964172366 -0.085485760122537599 -1.2331668138504026 1.6731751561164858 0.84936901926994335 -0.91031241416931141 1.6130090951919558
decision_type=2 2 2 2 2 2 2 2 2 2 2 2 2 2 2 2 2 2 2 2 2 2 2 2 2 2 2 2 2 2 2 2 2 2 2 2 2 2 2 2 2 2 2 2 2 2 2 2 2 2 2 2 2 2 2 2 2 2 2 2 2 2
left_child=2 4 9 20 8 7 13 60 18 59 -11 16 14 52 15 41 17 -4 51 -8 23 35 25 54 -19 -23 43 28 45 30 -29 34 37 -16 -17 36 -12 -21 -39 -36 -32 -9 -27 44 -20 46 50 48 -48 -50 -7 55 -6 -37 -3 -2 -13 -58 -15 -1 -5 -18
right_child=1 3 11 5 6 27 19 12 -10 10 21 56 -14 58 33 31 61 24 26 32 -22 22 -24 -25 -26 42 -28 29 -30 -31 40 -33 -34 -35 39 53 -38 38 -40 -41 -42 -43 -44 -45 -46 -47 47 -49 49 -51 -52 -53 -54 -55 -56 -57 57 -59 -60 -61 -62 -63
leaf_value=-0.020996737206016417 -0.0015598563156589251 -0.0013993666232448891 -0.01415048851276739 -0.0076891859479244554 0.011021076117716352 0.017696300458701738 0.018717086975331029 -0.012510177962254957 0.010153180169549726 -0.021110196990716035 -0.014810835064444179 -0.016395955400532319 -0.0033156620941974849 -0.00033720792636327511 -0.0083922474610292393 -0.0088898583357611468 0.038801987978673062 0.0017395683207938396 -0.0085524459105026426 -0.0069080197694925301 0.017971537459496128 -0.0010785705136317012 -0.008440990199132992 -0.0069035158722819913 0.027630531047433637 0.03335297686649006 -0.014831526170990659 0.00047867783949459504 0.0020455889583181467 -0.0044124137139488441 -0.0015984115292458051 0.006441834807581738 0.016818954598086328 0.020055544481253275 0.012434296911867359 -0.016483567223154871 0.0099118430999888749 -0.0087812702827276563 0.010337679778804485 0.031352003989107417 0.038302158894825404 0.0038934767840020598 -0.00081702896956121508 -0.013298287136798785 0.031686233553027382 -0.0032318086533072643 0.0048983005686687028 -0.0015288197470888353 0.004681220367255017 0.044028977449358228 -0.0082650601979049158 -0.0044192459714333682 0.030475590397258809 0.01463903752908414 0.05029713266652025 0.03227950276499602 -0.021361107004087165 -0.00069650029173213505 0.029463259254595451 0.0004537651146499039 0.035730019687295382 -0.0030928970442479632
leaf_weight=429.26595729216933 12.105690576136114 2.8638270869851103 27.70465574786067 2.6306812725961199 45.24167650565505 91.183504052460194 30.192153722047806 49.083266399800777 59.392921034246683 153.31798166409135 27.435337662696838 45.52249388769269 115.70849485322833 74.48472261801362 9.792857598513363 10.56621355190873 15.79705796018243 49.425094429403543 5.7640014402568331 226.90643681585789 57.372626345604658 52.940834224224091 157.00768173858523 3.2009574323892585 21.225527238100767 15.766039915382864 254.58701396360993 11.648758903145788 60.20988654345274 8.1941301673650724 5.4055734723806372 317.61883073672652 20.001016862690449 166.68065809085965 94.151775684207678 231.99516912922263 32.64239501580596 35.509316515177488 73.677329424768686 37.687707561999559 74.537164308130741 70.678893215954304 10.729899246245621 10.114365939050911 9.3112550042569655 13.129502616822718 13.504580460488794 9.5521144121885282 9.0354345291852933 49.466207131743431 12.290706217288969 53.016954947263002 56.673989787697792 4.8465498164296141 41.464241877198219 9.5605619512498361 15.164755962789057 201.76866685971618 4.8076609522104254 16.680399619042873 33.350435748696327 4.4042769186198703
leaf_count=10838 223 24 363 29 517 717 411 681 887 3322 556 778 1349 958 101 139 154 600 124 3264 479 1045 3306 24 235 277 5115 101 467 61 40 3294 257 1507 1184 5026 652 480 961 411 533 860 203 202 177 100 117 68 71 369 96 971 585 80 313 154 234 2938 55 322 285 48
internal_value=0.000345595 0.00792281 -0.0114175 0.0137322 -0.000221735 0.0121982 0.00459432 0.00915661 -0.00680174 -0.0150052 -0.0115111 -0.000696157 0.00803671 0.0144754 0.009784 0.00706098 0.00918118 0.00344941 -0.0097444 -0.000166658 0.0308488 -0.00858139 -0.0031073 0.0432027 0.0108301 0.00731037 -0.0129563 0.0196767 0.0158186 0.0284349 0.0314498 0.00970079 -0.00200476 0.0182892 0.0165044 -0.0128169 -0.00164863 -0.00335509 0.00400763 0.0187901 0.0356689 -0.00306132 0.0215824 0.00531362 0.0180028 0.0198501 0.0215298 0.0292541 0.0331718 0.0387989 0.0143738 0.00234597 0.0227588 -0.0155572 0.047154 0.016625 -0.00524617 -0.00258977 0.00311016 -0.0201983 0.0320047 0.0308666
internal_weight=3866 2352.36 1513.64 1371.01 981.347 1266.11 567.494 907.95 413.853 1132.63 686.682 381.013 871.969 181.208 756.26 579.787 118.557 98.3553 354.46 386.286 104.902 533.364 236.444 47.529 70.6506 79.4368 279.777 358.158 258.372 99.7856 91.5915 460.025 356.094 176.474 142.406 296.919 60.0777 336.093 109.187 131.839 79.9427 119.762 26.4959 25.1896 15.0753 198.162 185.033 81.5583 72.0062 58.5016 103.474 74.6832 101.916 236.842 44.3281 21.6663 262.456 216.933 79.2924 445.946 35.9811 20.2013
internal_count=59738 28761 30977 13420 15341 12580 7488 9840 7853 25627 14467 5350 9526 2115 8177 6569 1400 1198 6966 5373 840 11145 4831 361 835 1525 5618 2740 2005 735 674 5028 4962 1608 1734 6314 1208 4705 1441 1595 573 1541 480 503 301 1538 1438 625 557 440 813 1348 1102 5106 337 377 3950 3172 1013 11160 314 202
is_linear=0
shrinkage=0.03


Tree=29
num_leaves=63
num_cat=0
split_feature=3 6 6 4 3 14 32 14 4 14 9 17 32 3 32 6 23 4 25 4 32 4 16 14 4 6 18 3 1 14 14 2 6 0 23 6 23 25 3 32 9 14 21 16 14 23 21 25 9 23 17 32 9 18 27 10 10 4 4 17 32 10
split_gain=366.257 88.9529 72.9262 38.6271 34.1424 32.054 30.3561 25.1365 23.636 19.9451 19.6848 18.0529 17.3595 17.0519 16.9235 16.7106 16.1439 15.4524 14.7091 13.3535 13.1627 12.6226 12.889 18.3919 12.2838 12.6745 12.269 11.9079 12.3674 11.3222 11.026 10.3881 9.89889 9.4371 9.31173 9.40955 8.97164 9.96991 8.92125 8.7227 8.63292 8.613 8.60086 8.5863 8.38502 8.32776 8.25798 11.6982 10.7449 10.0341 12.7378 9.08032 8.36281 8.17059 8.41156 8.12411 7.96425 7.80584 7.71839 7.74726 7.63705 7.9874
threshold=0.14172088354825976 0.57974433898925792 -0.41294224560260767 0.98312342166900646 1.5103702545166018 -0.70650210976600636 13.500000000000002 0.28889839351177221 -0.085485760122537599 0.42620393633842474 -1.1034096479415891 1.906970262527466 11.500000000000002 1.2413458824157717 17.500000000000004 0.86727458238601696 0.24323514103889468 -0.31491564214229578 0.46502372622489935 1.4478222131729128 10.500000000000002 0.47716286778450018 0.26113942265510565 -0.79740256071090687 1.7498977184295657 1.5222473144531252 -0.43680751323699946 0.86608561873435985 0.65151509642601024 -1.2124422788619993 2.0079534053802495 1.2062891721725466 1.0000000180025095e-35 0.14842694252729419 0.31260946393013006 1.2743144631385805 -1.2595593333244322 -0.59580814838409413 0.70705479383468639 16.500000000000004 -1.2750047445297239 -1.8591957092285154 -1.9295984506607053 0.59741446375846874 -0.23849282413721082 0.45983290672302252 0.042540105059742934 -0.0035811846610158678 -0.35671673715114588 0.88137096166610729 -0.17195967584848401 12.500000000000002 -0.88454407453536976 -0.27230566740036005 4.5000000000000009 -0.86692464351654042 0.73949497938156139 0.88692310452461254 -0.19796457141637799 1.3789117336273196 16.500000000000004 0.73949497938156139
decision_type=2 2 2 2 2 2 2 2 2 2 2 2 2 2 2 2 2 2 2 2 2 2 2 2 2 2 2 2 2 2 2 2 2 2 2 2 2 2 2 2 2 2 2 2 2 2 2 2 2 2 2 2 2 2 2 2 2 2 2 2 2 2
left_child=2 6 21 8 5 39 7 27 -4 12 -7 20 15 17 30 40 43 -8 34 32 -12 22 -1 41 25 46 -20 -2 -29 -5 45 38 -9 -15 44 -36 -19 -38 -27 58 -10 -24 -23 -14 -18 -6 47 49 52 50 -22 -52 -48 54 -26 -42 -43 -49 59 -3 61 -31
right_child=1 4 3 29 14 10 13 19 9 -11 11 -13 16 33 -16 -17 18 36 26 -21 24 42 23 -25 53 31 -28 28 -30 60 -32 -33 -34 -35 35 -37 37 -39 -40 -41 55 56 -44 -45 -46 -47 48 57 -50 -51 51 -53 -54 -55 -56 -57 -58 -59 -60 -61 -62 -63
leaf_value=-0.022015372030851119 0.0093082652734412293 -0.0076460311449441341 -0.015806695940926176 0.03147440200216238 0.0011030238876554349 -0.0065433572896593595 -0.019037121339509997 -0.010305022148080833 -0.010053355831175481 -0.013338411944728644 0.018672437526099803 0.025909972514240921 -0.011840991954742145 0.00042206179503487647 -0.00034871098085836552 -0.0072214383228826314 0.040881300800334246 -0.019210093926787474 0.017354894296583 0.029708160760230456 -0.010380495856247188 0.026168362225622653 -0.010388902281880526 -0.016317072121686319 -0.013103845462547899 8.7888937920217589e-05 -0.0131938638730538 0.033908518583768692 -0.012961941226970777 -0.0061452309450681156 -0.0012244590674420589 -0.015782205777198483 0.006332275287820789 0.018594788084544924 0.0011538362442730652 0.023958472551318929 0.015384674864192557 -0.0040284010388826237 0.027355848241862369 0.0024163015284649416 -0.00074117690902337813 0.027492192161467158 -0.0074192412459970457 0.0072430699707904363 -0.00038389561929371563 0.024148032813093474 0.010921041577751847 -0.012156068506239952 0.0068495210484554123 -0.011678498821266561 -0.010710165544768014 0.034619392607943077 -0.014896955311870706 0.033225483352247953 0.018678975805047963 0.029368676506836822 -0.0062050950075070782 0.013212019770374997 0.022689892960771785 0.023667266799093849 0.027605931493976832 0.016294766256212304
leaf_weight=438.04455817118287 63.561978444457054 16.529675044119362 204.47462443262339 19.65123039111495 15.248966515064238 86.814086083322763 72.988017331808805 69.715730112046003 4.9222418442368499 160.87258807569742 71.910338994115591 44.524724692106247 185.38894739374518 89.354865282773972 33.083227179944515 27.359562821686268 7.4628207758069038 27.102604229003191 9.5746820196509344 7.1463284045457831 7.8406801521778133 2.9165975600481024 12.111445266753433 153.49359534680843 8.6031535714864749 14.383580029010771 70.591530703008175 43.486438632011414 3.0677898675203314 37.40694360807538 17.020178213715553 4.3404014334082595 52.101639520376921 31.249834038317204 137.92423153668642 13.558324690908192 21.035688016563654 284.68046694248915 38.718052681535482 27.197416465729475 9.5876848548650724 14.382557131350042 49.301821570843458 20.527260731905699 6.7343220785260183 328.52221021056175 11.611578762531279 86.637246657162905 307.43351989984512 11.073307253420351 2.3892252072691944 18.335327818989754 34.932492349296808 17.9058772996068 12.352831386029719 38.813026182353497 7.0379637144505969 8.2426074892282468 201.40265683084726 5.7211839929223052 7.6496772915124884 16.569940656423569
leaf_count=11116 893 185 4152 218 159 1084 1392 1221 79 3104 683 388 4029 1213 291 311 123 580 121 81 122 55 223 3492 80 170 973 474 31 536 148 45 718 387 2068 159 342 4700 345 251 152 291 924 388 126 2426 136 1127 3452 133 29 240 418 165 116 601 135 95 1692 56 105 212
internal_value=0.00021083 0.00823027 -0.0104251 -0.00514648 0.0126286 0.00969552 -3.07272e-05 0.00872748 -0.00695671 -0.00425217 0.00664647 0.00831416 -0.0014083 -0.00405313 0.0201467 0.0109997 -0.00372047 -0.0069808 0.00147553 -0.000354715 0.0069344 -0.017962 -0.01914 -0.0120075 0.00534497 0.00407582 -0.00874058 0.0189176 0.0298623 0.0140936 0.0220051 0.0168194 -0.00322009 0.00568356 0.00652996 0.00389526 -0.00409419 -0.00246656 0.020613 0.018957 0.0201664 0.00727716 -0.00342047 -0.00981195 0.0263056 0.0231563 0.00242208 -0.00380793 0.00480967 0.00913359 0.0177393 0.0283276 -0.00802142 0.0206772 0.00562026 0.0238933 0.0173415 -0.00940117 0.0208717 0.00327052 0.00660522 0.00154089
internal_weight=3854.62 2198.27 1656.36 979.07 1432.77 1038.9 765.491 239.08 897.792 693.317 788.049 701.235 532.445 526.411 393.875 80.6825 451.762 405.807 245.846 128.964 656.71 677.289 625.07 187.026 584.8 545.938 80.1662 110.116 46.5542 81.2778 360.791 57.442 121.817 120.605 165.68 151.483 332.819 305.716 53.1016 250.851 53.323 33.532 52.2184 205.916 14.1971 343.771 488.496 134.518 353.978 39.6385 28.5652 20.7246 46.5441 38.8619 20.956 48.4007 21.4205 94.8799 223.654 22.2509 61.6266 53.9769
internal_count=59761 26068 33693 17457 14036 11012 12032 3418 16386 12234 8828 7744 9130 8614 3024 1143 7987 7014 3570 2020 7356 16236 15257 4141 6673 6312 1094 1398 505 1071 2733 560 1939 1600 2476 2227 5622 5042 515 2184 832 649 979 4417 249 2585 5752 1746 4006 524 391 269 554 361 196 753 426 1222 1933 241 853 748
is_linear=0
shrinkage=0.03


Tree=30
num_leaves=63
num_cat=0
split_feature=15 3 21 3 4 3 5 23 32 14 32 35 17 23 23 21 14 14 32 0 26 8 15 17 32 15 8 5 32 23 5 25 24 3 4 8 10 16 26 21 16 17 32 4 3 22 9 3 9 24 32 23 8 15 3 26 22 31 5 26 9 25
split_gain=343.367 77.7746 56.2719 38.2669 34.7792 26.3238 25.9656 25.6121 24.6471 23.959 23.2793 20.6621 17.7766 17.6235 17.106 25.1658 17.0757 16.7418 15.0141 14.9803 13.1129 13.1238 12.6652 13.4912 12.677 12.4876 11.7902 11.3412 10.4795 10.4226 10.236 10.0318 11.3557 9.71511 9.53209 9.40016 9.31752 9.16717 9.14387 9.09997 8.91591 8.84716 8.75063 8.70803 8.43613 8.40851 8.80698 8.22546 12.1817 8.10176 8.2385 7.70708 8.37296 7.70255 7.6998 11.7692 7.68522 7.95953 7.67594 7.54631 7.4676 7.40133
threshold=0.045292682945728309 -0.22708977013826367 1.0838567614555361 0.14172088354825976 0.44770708680152899 1.3169611096382143 -0.20125912874937055 0.11899527534842493 13.500000000000002 0.46302035450935369 12.500000000000002 1.0000000180025095e-35 0.55610880255699169 -0.74863648414611805 0.080329410731792464 0.70334848761558544 -1.4402555823326109 -0.90419462323188771 15.500000000000002 0.79128259420394909 1.0649988651275637 0.22207754105329516 0.82950487732887279 -0.57730254530906666 15.500000000000002 -1.0000000180025095e-35 -0.30845902860164637 1.3170785903930666 11.500000000000002 0.37889650464057928 -1.0000000180025095e-35 -0.070419464260339723 0.87203970551490795 1.2597366571426394 0.23875342309474948 -0.95499321818351735 -0.92879524827003468 0.65004980564117443 1.3566895723342898 -0.52868244051933277 -0.79908055067062367 1.9925054311752322 13.500000000000002 0.52158835530281078 1.6522202491760256 -0.53962713479995716 -1.0593020915985105 1.1403037309646609 1.0402650833129885 1.1362311244010928 15.500000000000002 0.66197091341018688 0.37247663736343389 0.26813761889934545 0.86608561873435985 0.52511355280876171 -0.0112712443806231 -0.50000001490116108 0.24459843337535861 0.82435524463653576 0.56281822919845592 0.2028053477406502
decision_type=2 2 2 2 2 2 2 2 2 2 2 2 2 2 2 2 2 2 2 2 2 2 2 2 2 2 2 2 2 2 2 2 2 2 2 2 2 2 2 2 2 2 2 2 2 2 2 2 2 2 2 2 2 2 2 2 2 2 2 2 2 2
left_child=1 13 3 11 5 9 44 -4 17 14 12 16 34 43 36 60 -2 41 26 29 30 -22 24 -24 -12 28 -17 40 -6 -10 -15 32 35 53 -9 -31 -3 -13 -19 -30 -18 -8 -32 -1 -5 61 -47 54 -49 50 -25 52 -21 -34 55 -48 -7 -58 -38 -57 -16 -33
right_child=2 4 7 6 25 56 8 10 19 -11 22 37 -14 20 15 18 27 38 -20 51 21 -23 23 49 -26 -27 -28 -29 39 31 42 45 33 -35 -36 -37 58 -39 -40 -41 -42 -43 -44 -45 -46 46 47 48 -50 -51 -52 -53 -54 -55 -56 59 57 -59 -60 -61 -62 -63
leaf_value=-0.022359189761019499 0.020864255903261065 0.0066052849206425911 -0.0052601240575582808 -0.0052208517977218576 0.025921580373458226 -0.0043734987778456672 0.033587414845654542 0.0050669696393847502 -0.0033382183811903081 -0.016063015011200166 0.017961827180540998 -0.011533411571219183 0.039873049318146725 -0.022384938987325988 -0.0088243352422823582 0.0055246889018552734 0.022742428718324176 0.014028114295308848 0.0017363523514992204 -0.011942627124827158 -0.01199226984764647 0.015169617376572886 0.046546994279521262 -0.0022229201010486922 -0.001188006113148409 0.025619419932956897 0.045254229648328453 0.02376641172892624 0.01581138897713158 0.020808183299658695 -0.0024505883511398434 0.021036241419695054 -0.0053789895279211016 0.0055871455586670796 0.031808563392462352 -0.00054384513658143512 -0.015540354886735016 0.0023687845409780719 -0.010458226560166622 -0.009891829699773598 -0.0031781179529547852 -0.0038158782207000966 -0.013948375295330431 -0.0028052714153926628 0.011681214093389422 -0.0097737177255175292 0.01062896905841282 0.012070896775898373 -0.013775923732106178 0.020437184054358435 0.014990808958644068 0.02063384484241303 0.021909626605574398 0.036359671249814561 -0.011144811729188511 -0.021586801531908829 -0.0030055391858294627 0.021361087737791433 0.0049575406070087955 0.0039882643708462895 0.0068440863634712124 3.917885186860745e-05
leaf_weight=360.94919442757964 39.440524283796549 22.749732781201601 43.742531485855579 155.42992089688778 10.073186144232748 21.949173886328936 56.368750855326653 37.784130334854126 112.78818611800671 201.84468671679497 45.012138463556767 178.8766066506505 66.038579765707254 101.63021951913834 88.051514077931643 11.840694934129717 7.7473008632659903 252.76480621472001 26.065999235957861 14.022745385766031 27.565128844231367 26.545133955776691 10.517369717359541 37.952267475426197 80.823449324816465 37.930873714387417 17.371645372360945 12.185251768678425 12.706562113016842 21.334024455398321 81.599562831223011 38.472665421664715 3.1389331445097914 21.343122482299805 14.438853517174719 62.008820187300444 119.47208492830396 53.625734325498343 11.009309433400629 36.80571573600173 189.24080078676343 5.215724639594554 243.16691283509135 23.350612543523312 27.00402495637536 44.208859767764807 65.660285696387291 125.54998096078634 14.54229326546192 144.19818587973714 62.429631613194942 84.749359961599112 5.0504733584821215 31.03427816182375 42.199879586696625 17.102738041430712 14.611911967396734 42.999501887708902 16.553157199174166 17.101000841706991 34.52463310956955 23.185973018407822
leaf_count=9595 459 512 642 1967 142 305 451 368 1668 4088 537 2867 475 2355 1504 175 127 2484 410 167 603 554 109 347 1005 453 226 163 204 251 1721 421 39 179 114 803 2690 781 110 568 2905 39 5494 478 239 485 784 1086 128 1021 579 747 57 313 454 210 201 530 353 198 589 263
internal_value=0.000387239 -0.0103364 0.0078418 0.00517298 -0.0029872 -0.00563282 0.00792905 0.0162325 0.00970794 -0.00801871 0.0181494 -0.00200285 0.0297549 -0.0163651 -0.0030308 0.00332934 0.00397547 0.0165601 0.019234 0.00661881 -0.0123019 0.00148871 0.0142076 0.0180195 0.00608665 0.0132371 0.0323115 0.000378274 0.00398156 0.00482299 -0.0140489 0.00658499 0.013382 0.023359 0.0145939 0.00579018 -0.0100394 -0.00834456 0.0128306 -0.00245027 -0.00162096 0.030371 -0.0111404 -0.0212224 -0.00247412 0.00401331 0.00199695 0.00397927 0.00900559 0.0158848 0.00868598 0.0169532 -0.000289925 0.0323286 -0.00111496 0.00345269 0.0100344 0.0154345 -0.0129586 -0.00992208 -0.00431591 0.0137357
internal_weight=3855.7 1580.36 2275.34 1732.4 715.551 618.035 1251.29 542.937 1068.85 538.474 499.195 481.116 118.262 864.807 336.629 177.854 248.614 325.359 55.2783 743.494 480.507 54.1103 380.933 255.097 125.836 97.5163 29.2123 209.173 59.5855 639.671 426.397 526.883 138.859 55.5163 52.223 83.3428 158.775 232.502 263.774 49.5123 196.988 61.5845 324.766 384.3 182.434 388.024 326.365 282.156 140.092 244.58 100.382 103.823 19.0732 34.1732 142.064 99.864 79.5606 57.6114 136.025 34.2037 122.576 61.6586
internal_count=59792 33750 26042 20845 12950 11583 13543 5197 11337 10547 4555 7302 957 20800 6459 2904 3654 3084 811 8253 10727 1157 3598 2056 1542 1367 401 3195 914 7282 9570 5614 1585 531 482 1054 3555 3648 2594 772 3032 490 7215 10073 2206 4029 3345 2860 1214 1947 926 971 224 352 1646 1192 1036 731 3043 408 2093 684
is_linear=0
shrinkage=0.03


Tree=31
num_leaves=63
num_cat=0
split_feature=24 3 3 24 4 4 4 21 14 14 14 32 0 25 10 3 24 32 13 32 5 10 5 14 8 21 10 14 18 16 25 8 25 21 21 10 5 26 10 8 26 21 29 10 8 12 5 25 25 18 14 14 1 35 25 12 18 20 14 25 7 20
split_gain=311.748 68.8447 65.2074 36.0337 29.9936 28.566 24.8467 21.9159 21.9108 20.518 18.6124 16.4366 14.8468 15.2182 20.4644 16.1114 14.8087 14.4287 13.8389 13.4096 12.7478 12.5009 12.4989 12.4586 12.0532 11.5795 11.8085 10.7719 10.7059 10.4794 10.2848 10.4973 10.1887 10.8978 9.97305 9.32903 9.07615 10.9681 10.0862 8.92343 8.78519 8.74443 9.55767 9.8635 8.63169 8.57717 8.56531 8.5457 8.32441 8.24369 8.16926 9.41964 8.13485 7.95952 7.93376 7.8651 7.74433 8.85241 7.73935 8.49927 7.66986 7.5455
threshold=0.33532483875751501 0.14172088354825976 0.034246072173118598 1.1362311244010928 -0.085485760122537599 1.3776036500930788 0.84936901926994335 1.2468935251235964 0.4133910089731217 0.21859091520309451 -1.281393229961395 11.500000000000002 0.94941943883895885 -0.25776226818561548 0.46368919312953955 1.8322706222534182 -0.091450687497854219 11.500000000000002 0.69081121683120739 14.500000000000002 0.8910522758960725 0.25601309537887579 -0.35908848047256464 -1.9338154196739195 -0.40614736080169672 -0.56840050220489491 1.7887822389602663 -1.6036509275436399 -0.63897636532783497 0.67458313703536998 0.28868220746517187 0.24705933779478076 -0.47980779409408564 0.092866279184818282 0.78259679675102245 -0.2619365900754928 0.14372578263282779 0.79067030549049389 0.56021824479103099 -0.34270763397216791 0.37824055552482611 0.9458429515361787 0.18465909361839297 0.53491640090942394 -0.20418705791234967 0.97174546122550975 -0.27610240876674647 1.5729056596755984 -0.20186261087656018 -0.54112252593040455 0.15916776657104495 0.92852079868316661 -0.0093692927621304972 1.0000000180025095e-35 -0.26715756952762598 1.0593443512916567 -0.262730062007904 1.0481646060943606 0.2426237836480141 -0.48042084276676172 1.2520874142646792 -1.0197976827621458
decision_type=2 2 2 2 2 2 2 2 2 2 2 2 2 2 2 2 2 2 2 2 2 2 2 2 2 2 2 2 2 2 2 2 2 2 2 2 2 2 2 2 2 2 2 2 2 2 2 2 2 2 2 2 2 2 2 2 2 2 2 2 2 2
left_child=2 4 6 10 -2 9 22 19 17 18 61 24 13 14 29 41 -11 39 35 23 34 -22 -1 -5 -12 -24 58 -8 -9 -13 31 50 33 -18 48 -4 -14 38 -38 -6 -26 42 -15 -44 -20 -30 -35 -25 -19 -50 -21 -52 -33 -41 -46 -47 57 -36 59 -27 -58 -3
right_child=1 3 5 7 8 -7 27 28 -10 16 11 12 36 15 -16 -17 32 20 44 30 21 -23 25 47 40 26 -28 -29 45 -31 -32 52 -34 46 56 -37 37 -39 -40 53 -42 -43 43 -45 54 55 -48 -49 49 -51 51 -53 -54 -55 -56 -57 60 -59 -60 -61 -62 -63
leaf_value=-0.022509637859388414 -0.016087474392738374 -0.004596456890127873 0.0075613824802251099 0.038735567987388211 -0.0023504314776817627 0.021364461953100392 0.031068087548388492 0.0055903922720200129 -0.010450612915176608 -0.012058033631075967 0.0034248580717761174 0.009477060456302663 0.003648182859255751 0.0058667896947616309 -0.0089171730608543984 0.016132010617495474 -0.0088680791303151658 0.0090110074906936052 -0.0024109726531176632 -0.0026513119494526185 -0.0014797935636122555 0.034456855563328531 -0.01803114406041521 0.018344005813286469 0.028313951186868032 0.0097689094715645384 0.0075102547217649361 -0.001268897918908291 0.031461673271435356 0.029477877616747653 -0.00083097814432727974 -0.01321530165714838 -0.003831488386213206 -0.008352512776275807 0.024492812768075609 -0.0055162334113426506 0.034522263068322311 -0.0059774181816947469 -0.00045500741023526205 0.031012416372500431 0.0061334219036188837 0.0038538493232692368 -0.011448944734841551 0.0032792736307357124 0.039248543068007326 -0.010701749656481409 0.035782860768031187 0.0018493926928862218 0.0094374007955521193 -0.0091746508500115016 0.018257956977417663 -0.00084557950698457287 0.02206314542139624 0.0033581654900209988 0.006631963841468593 0.019217207781578802 -0.0090337740278461347 -0.0054685656463520794 -0.015989338664788254 -0.0093394079382360974 0.01876278401523819 0.023670292373319132
leaf_weight=185.85404950007796 97.665322884917259 7.9432369954884043 77.786440778523684 21.677643433213234 14.140059538185595 38.646486550569534 6.0394330844283095 24.920908838510513 96.863477040082216 257.131073102355 53.544565360993147 118.22446386516094 43.606878831982613 48.378005981445312 41.144007593393326 38.920955207198858 8.3288258202373999 34.41388151794672 12.20164943858981 53.994704391807318 14.421799752861263 15.579022999852894 312.43457240611315 148.54886064305902 55.28429014980793 19.048062033951283 28.133321192115545 55.745646718889475 123.87551663443446 27.951741605997086 78.918686222285032 3.1264337338507167 119.30324301868677 2.9695283062756088 30.076010022312403 115.6323538646102 34.289416085928679 8.5185742452740651 8.9884432479739171 32.7166718095541 26.476965390145779 114.86484637111425 184.06421941891313 49.795001290738583 13.821995627135037 7.8169730007648495 13.164767913520334 36.119213458150625 21.113853443413973 134.55073128268123 61.158135272562504 35.142749562859535 78.612838175147772 14.225817579776047 14.241877030581238 19.597372196614742 26.866022229194641 9.7549695968627912 193.63433990627527 221.10805811733007 7.4359991140663615 68.804889507591724
leaf_count=4658 1790 83 1238 155 194 462 86 167 1695 4920 541 1455 487 599 497 344 138 544 171 441 181 183 7692 1200 515 394 615 970 881 302 850 31 1875 45 390 1837 316 88 91 357 253 1253 2341 625 177 58 189 354 336 2059 548 308 686 174 188 140 365 133 4614 5074 99 567
internal_value=0.000210731 0.00772244 -0.00941745 0.0108203 -0.00144441 -0.00214372 -0.0141752 0.0159894 0.00185983 -0.00373121 0.00690411 0.00555657 0.00369318 0.00195182 0.00898335 -0.0011366 -0.00781437 0.00531446 0.00329062 0.0126581 0.00242473 0.0194381 -0.015358 0.0185768 0.0149705 -0.0135082 -0.0102886 0.00398134 0.0251499 0.0141501 0.00849868 0.0116224 -7.42489e-05 0.0157899 0.000167755 -0.000198854 0.014407 0.0223463 0.027963 0.0179966 0.0218986 -0.00300869 -0.00582007 -0.00830991 0.018223 0.0280899 0.0276055 0.0152516 -0.00347923 -0.00643504 0.00655238 0.0115889 0.0200298 0.0237618 0.0262022 0.0103512 0.0091477 0.0173635 -0.0115153 -0.0076555 -0.00138763 0.0206426
internal_weight=3869.36 2174.13 1695.23 1624.31 549.824 673.228 1022 693.51 452.158 634.582 930.801 854.052 718.747 623.343 187.32 436.023 400.897 355.295 233.684 517.299 294.212 30.0008 960.212 206.346 135.306 774.358 461.924 61.7851 176.211 146.176 310.954 232.035 143.766 24.4631 264.211 193.419 95.4033 51.7964 43.2779 61.0825 81.7613 397.102 282.237 233.859 40.2655 151.29 16.1343 184.668 190.078 155.665 150.296 96.3009 81.7393 46.9425 28.0639 27.4143 74.133 39.831 433.79 240.156 34.302 76.7481
internal_count=60019 24676 35343 16176 8500 11240 24103 5819 6710 10778 10357 9707 8398 7416 2254 5162 7167 5015 3611 4573 4290 364 23047 1709 1309 18389 10697 1056 1246 1757 2864 2014 2247 372 3926 3075 982 495 407 725 768 4818 3565 2966 536 1079 234 1554 2939 2395 1297 856 717 531 365 198 987 523 10082 5468 464 650
is_linear=0
shrinkage=0.03


Tree=32
num_leaves=63
num_cat=0
split_feature=23 3 4 3 32 4 6 11 3 32 3 5 5 6 3 21 6 32 6 7 4 17 32 9 8 20 18 11 11 21 18 31 2 3 7 13 23 18 21 29 17 10 29 17 13 8 21 12 9 32 17 31 11 17 8 30 31 18 17 12 29 17
split_gain=298.406 85.9415 46.2742 38.8045 29.2331 27.9428 24.9851 21.9123 21.108 19.0414 19.7284 14.217 13.8227 13.8168 13.7878 13.6543 12.8352 15.6328 12.3497 11.1503 10.8074 10.4933 11.9434 10.0191 9.90319 9.7489 10.2681 9.73679 9.51576 15.5852 11.4941 9.89546 9.49142 9.32377 9.2185 10.8304 9.13783 11.3152 11.3124 10.0023 9.13557 8.78023 10.8126 8.59134 8.50049 8.35401 12.606 19.3517 14.8402 10.1304 9.66833 9.41436 8.25552 8.48698 8.18323 8.03558 7.99881 7.86996 9.34231 7.77439 10.416 7.75803
threshold=0.24323514103889468 0.56550854444503795 0.44770708680152899 0.27477781474590307 14.500000000000002 -0.063147414475679384 0.83458909392356884 0.049944764003157623 1.8791651129722597 13.500000000000002 -0.43272982537746424 1.4602301716804507 -0.4868269264698028 -0.57035380601882923 0.057279193773865707 -0.69328248500823964 -0.36978991329669947 10.500000000000002 -0.68836036324501026 -1.1543855071067808 -0.037920959293842309 -0.59563481807708729 11.500000000000002 -1.542561888694763 1.1732116341590884 0.50816696882247936 -0.30886955559253687 1.9719099998474123 -0.93835854530334462 1.0838567614555361 -0.262730062007904 -0.64285716414451588 0.94939553737640392 1.2413458824157717 0.13478203117847445 0.099796343594789519 1.3620494008064272 -0.54112252593040455 1.3425840735435488 0.56696429848670971 1.0000547766685488 -0.71564483642578114 0.28991597890853887 0.16906858980655673 0.25609956681728369 -0.50004145503044117 1.0838567614555361 0.78978860378265392 -0.59471914172172535 9.5000000000000018 1.2172078490257265 -0.92857143282890309 -0.11688621342182158 0.4516394585371018 0.1623354181647301 -1.0000000180025095e-35 -0.64285716414451588 -1.0000000180025095e-35 0.16906858980655673 -1.4911261796951292 0.2264957278966904 0.60162565112113964
decision_type=2 2 2 2 2 2 2 2 2 2 2 2 2 2 2 2 2 2 2 2 2 2 2 2 2 2 2 2 2 2 2 2 2 2 2 2 2 2 2 2 2 2 2 2 2 2 2 2 2 2 2 2 2 2 2 2 2 2 2 2 2 2
left_child=2 5 3 7 8 14 40 16 18 10 -7 23 -4 24 -2 -9 -1 54 -3 -11 34 -15 -23 -8 33 -24 -27 -10 -21 55 31 -31 -12 -5 -20 -36 37 41 -39 -38 -6 42 -25 -19 -42 50 49 48 -48 -47 -22 -50 -40 -54 -18 -30 -49 -14 -59 60 -57 -61
right_child=1 4 12 13 6 9 11 15 27 19 32 -13 57 21 -16 -17 17 43 20 28 45 22 25 36 -26 26 -28 -29 29 30 -32 -33 -34 -35 35 -37 39 38 52 -41 44 -43 -44 -45 -46 46 47 56 51 -51 -52 -53 53 -55 -56 59 -58 58 -60 61 -62 -63
leaf_value=-0.022603037505716406 -0.017996671209753172 -0.0070922413539919677 -0.009826070410042239 -0.019790998657955854 -0.0034815516176392373 -0.0041550996531447872 -0.0042150806769517511 -0.015092984520497855 0.034717552759185678 -0.014280755263944046 0.011624417588612044 0.0263855545553866 0.0016890512950685911 -0.011229187326963257 -0.00098340719470872001 -0.0024457535427950838 -0.0058045398972411686 -0.01726470031091638 -0.0082085455916573319 -0.010960667629348208 0.0042472432855664042 0.020413449128485441 -0.0066670046720948258 -0.014011169656605874 0.012466596573406373 -0.0065691177661635902 0.017255689469569815 -0.0032709146703008875 -0.010369455298939245 -0.0060717690603546547 0.00046685338142956218 0.030014704694882117 0.039293063881061123 0.0027984829211396508 -0.0028042929005911818 0.027347254388533263 0.0086207949046936041 0.0079357986057104341 0.0059253803143804228 0.028794610277841245 -0.0017910580745617855 -0.0070479683489044079 0.028174895152933428 0.002467519974626194 0.018686520784517505 0.028154772539208266 0.0015347749130384984 0.023939171365774826 -0.0028942967379120342 0.010776826938745224 0.021647442406392589 0.04608821207583895 0.0076775900582451645 0.038448840236475511 0.025895123398981094 -0.011445472891504065 -0.0059762714927652704 0.0080564044011802276 0.034647042241930437 -0.003198831444104649 0.027609758133597895 0.0074629308896562042
leaf_weight=376.02301541343331 101.65844234451652 21.26143379881978 39.942736551165581 74.248732935637236 195.58909772336483 74.094183444976807 42.501931942999363 154.99342934787273 64.110433969646692 47.910918030887842 171.28089841082692 45.32286836206913 57.806094229221344 44.469704728573561 72.698417257517576 152.2369110584259 12.725918978452684 220.48905142024159 30.013880152255297 55.727216839790344 94.385131191462278 28.878307934850454 74.042520627379417 4.5962746292352668 9.3921464867889863 22.180587526410818 39.877364072948694 5.7602530568838111 60.684688586741686 6.5287065953016272 32.79303277656436 32.603842791169882 8.3307222537696344 19.313657224178314 19.451424118131399 16.79713649302721 51.890448793768883 292.15721254423261 23.766991708427668 43.797978397458792 33.420348633080721 61.501610528677702 11.030876290053127 20.500759765505791 33.170781150460243 37.513219896703959 9.2965099662542325 7.8510816730558899 3.1624240279197684 157.55389293655753 38.592182051390409 50.330424074083567 14.97176434099674 25.984430678188801 8.631825987249611 5.5615864917635944 17.637653686106205 41.446157407015562 14.726130638271568 214.9911106787622 15.198029551655052 80.2214570119977
leaf_count=10309 1943 314 705 1591 2644 1079 433 3608 448 836 2068 354 925 791 1137 3168 266 5290 351 891 958 371 1223 39 176 344 603 40 934 76 406 390 83 315 197 172 373 2837 226 308 386 563 97 366 372 295 72 56 26 1447 299 367 118 176 154 85 132 689 192 3344 242 1003
internal_value=9.09722e-05 0.00645253 -0.0108584 -0.0127534 0.0110697 -0.000414638 0.00756303 -0.0157706 0.0163349 0.00195748 0.0086752 0.0108348 0.00454385 -0.0035161 -0.0111281 -0.00896563 -0.0189506 -0.0133907 0.0139318 -0.00117898 0.0149213 0.00095561 0.0044737 0.0093852 -0.0122362 0.000488025 0.00888541 0.0315764 0.000193703 0.00168495 0.0139916 0.0239884 0.0139372 -0.0152225 0.00336937 0.0127889 0.0105057 0.00847772 0.0107032 0.018826 -0.000201719 -0.00184452 0.0153784 -0.0155701 0.00900204 0.0166981 0.0196623 0.0291682 0.0375929 0.0147389 0.00989853 0.0431926 0.0217303 0.0292594 0.00948894 -0.000817611 0.00565309 0.00978097 0.0172895 0.00114984 0.016956 -0.000225549
internal_weight=3845.63 2433.7 1411.93 1258 1453.42 980.283 879.703 945.601 573.717 805.926 253.706 617.522 153.921 312.403 174.357 307.23 638.371 262.348 503.846 552.221 482.585 209.448 164.979 572.2 102.955 136.1 62.058 69.8707 504.31 448.582 71.9256 39.1325 179.612 93.5624 66.2624 36.2486 529.698 434.009 356.88 95.6884 262.18 77.1288 15.6272 240.99 66.5911 416.323 283.345 88.2781 62.7894 195.067 132.977 53.4928 64.7232 40.9562 21.3577 376.657 25.4887 113.978 56.1723 315.972 20.7596 295.213
internal_count=59703 28617 31086 28575 14100 14517 8926 23161 5174 11437 3230 5524 2511 5414 3080 6776 16385 6076 4686 8207 4372 3332 2541 5170 2082 2170 947 488 7371 6480 872 466 2151 1906 720 369 4737 4056 3357 681 3402 699 136 5656 758 3652 2395 653 465 1742 1257 393 520 294 420 5608 188 1806 881 4674 327 4347
is_linear=0
shrinkage=0.03


Tree=33
num_leaves=63
num_cat=0
split_feature=15 6 32 15 3 3 3 4 7 6 3 25 14 11 31 11 7 14 11 14 15 15 14 7 15 11 11 21 9 25 11 21 9 31 6 25 32 8 8 14 5 3 19 11 11 32 9 16 3 11 5 7 25 4 29 25 11 21 9 8 25 14
split_gain=318.764 71.6539 51.2093 40.3226 27.3525 25.4765 23.2955 22.1568 20.1284 19.8002 19.676 14.2999 15.195 14.0399 13.9417 17.2427 13.9088 18.4098 13.681 13.3467 13.2406 12.9859 12.9377 12.671 11.8822 11.7154 11.5787 14.0712 11.134 11.1297 10.9384 10.4906 10.3578 11.0458 10.969 10.9191 10.3333 10.9201 10.3146 10.2357 10.0809 10.7252 9.95077 9.3089 9.15343 9.07098 11.6468 11.5097 9.41611 9.06252 13.8558 8.92144 8.856 8.63569 8.54595 8.351 8.65283 9.08716 8.1332 8.07817 8.05608 7.63142
threshold=0.087022006511688246 0.32241144776344305 10.500000000000002 1.2087481617927553 0.27477781474590307 1.2597366571426394 1.7891547083854678 0.41867727041244512 -0.74332183599472035 1.0263257622718813 -0.65262737870216359 0.75996875762939464 -2.2773716449737544 -1.14650422334671 -0.35714286565780634 0.9865756928920747 0.27986232936382299 -0.69136381149291981 0.18952471017837527 -0.50440591573715199 0.78414401412010204 -0.87416577339172352 -0.79740256071090687 -0.9095347225666045 -0.12157407775521277 -0.40353153645992274 1.103959918022156 1.5131462216377261 -0.35671673715114588 -0.52157127857208241 1.214486360549927 0.031016836874186996 -0.052058493718504899 -1.0000000180025095e-35 0.73624765872955333 0.2028053477406502 12.500000000000002 0.17380572110414508 0.75508347153663646 -0.71619588136672963 0.81595304608345043 1.3360965847969057 0.42222042381763464 0.08535808697342874 1.1448631882667544 13.500000000000002 0.61546391248703014 0.54733818769454967 -0.12844875454902646 1.173724412918091 -0.23424089699983594 0.32943235337734228 2.7535746097564702 -1.0000000180025095e-35 0.69615384936332714 0.37481206655502325 0.65716460347175609 -0.032316787168383591 1.0662485957145693 0.7412950098514558 -0.25256711244583124 1.0000000180025095e-35
decision_type=2 2 2 2 2 2 2 2 2 2 2 2 2 2 2 2 2 2 2 2 2 2 2 2 2 2 2 2 2 2 2 2 2 2 2 2 2 2 2 2 2 2 2 2 2 2 2 2 2 2 2 2 2 2 2 2 2 2 2 2 2 2
left_child=1 5 20 6 16 7 8 21 59 13 -5 25 -13 -10 45 31 -3 28 -8 -6 26 30 36 -22 -9 42 27 -2 -18 51 -1 -16 -24 49 -35 -36 37 -12 -25 -28 41 43 -11 -33 -30 46 47 48 -15 50 -34 -23 -38 -20 -43 56 57 -21 -55 -4 -27 -53
right_child=2 4 3 10 19 -7 18 24 9 11 22 12 -14 14 15 -17 17 -19 53 55 23 29 32 38 -26 60 39 -29 44 -31 -32 40 33 34 35 -37 52 -39 -40 -41 -42 54 -44 -45 -46 -47 -48 -49 -50 -51 -52 61 -54 58 -56 -57 -58 -59 -60 -61 -62 -63
leaf_value=-0.022561748149914761 0.0016737280080402618 -0.013246696641903167 -0.010937567239169037 -0.0098906280174390591 0.021851728635830962 0.0076197804949698971 -0.0070252845543290997 -0.01058229342138348 -0.012277980921409262 -0.0066772937731260501 0.0078394116136907954 0.028533606077262082 -0.0055436075007198595 -0.0040677491828647258 -0.0061758899852044453 0.015813508091673933 -0.0067225633318368939 -0.0058954632692657678 -0.002165164315839112 -0.014015192422687488 -0.0033104491844849209 -0.0099699136089382509 0.0026263492335767292 0.020851270842295672 0.008733231667162623 0.027771197025413561 -0.0063446252485225589 0.035576679404838649 0.043895864763443787 -0.014931307825154503 0.0024589180001829093 0.0055459433842671903 -0.018861243212112001 -0.002107729885631559 0.024166862368098847 -0.0020205560637455927 0.018562537407578194 0.049646107128332582 0.040835097966086489 0.038172989354769205 0.019508296005554565 0.025539106935731592 0.025007342111113891 -0.0068644268462663216 -0.0068213193469902535 -0.0069735646983426778 -0.011281766700316474 -0.00100221519839671 0.038784908088274735 -0.0083023554578011537 0.016148287994108178 0.027000464788210228 -0.0074580371493290906 0.026691624616421234 -0.0065104376528743084 -0.010061979750856676 0.01421841773847333 0.0055993089245289888 -0.0039050827072658438 0.0036047652603692854 0.012410269560198582 -0.0021171780279304218
leaf_weight=301.21045817807317 84.760189857333899 132.97679466381669 127.69097181409597 29.203010763972998 40.639745566993952 44.820932496339083 16.787358101457357 56.350390665233135 61.209062118083239 41.37396963685751 10.511723149567844 8.653672017157076 80.836413964629173 4.9375875778496292 97.678460050374269 100.98154645040631 5.9905203916132477 65.81485840678215 12.288789123296736 23.558891888707876 11.325977455824612 45.653031062334776 108.00339024886489 96.323335684835911 48.916282024234533 39.35246603935957 4.3014208860695389 7.7664639726281157 11.553600549697874 580.52251858636737 15.594922743737696 119.96726796403527 7.7732120603322974 19.477005813270807 125.53782339394093 15.268960032612084 143.07712293043733 16.791269365698099 43.786694411188364 16.437375284731388 32.698536027222872 23.607282422482971 6.0483679696917525 91.3280388712883 2.4660948477685443 181.01262294501066 19.110261231660843 21.399272326380014 13.936903424561022 27.251691248267889 58.590896286070347 8.9425651766359824 10.16675318032503 74.603605628013611 7.7956106662750235 28.904948141425848 67.336792375892401 78.222116187214851 7.3597628995776168 43.62121819332242 181.66550394147635 17.76567118614912
leaf_count=8228 973 2603 1930 369 398 686 171 1116 956 464 75 80 973 73 1561 1236 96 1258 113 372 122 1083 972 731 851 391 41 79 157 14107 374 1792 76 225 875 158 1117 114 323 169 386 254 67 1221 33 2568 246 250 164 212 489 188 92 600 85 418 818 1075 63 677 1708 427
internal_value=0.000548658 -0.00977671 0.00778495 0.00610176 0.000231364 -0.0138482 0.00336429 -0.0147744 0.00220969 0.00366288 0.0127943 0.00944719 -0.000912846 0.000950297 0.00216105 0.00512751 -0.00734311 0.00202956 0.016253 0.0071837 0.0200763 -0.0161871 0.0140947 0.0258948 -0.00161757 0.0128545 0.0115312 0.00619751 0.024063 -0.0135577 -0.021311 0.00206421 0.0105672 0.0138291 0.0185266 0.0213552 0.0206903 0.0372552 0.0282884 0.0295008 0.00504485 0.00274174 -0.000636414 0.000147135 0.0355266 -0.00367402 0.00614405 0.0147455 0.0290705 0.00525474 0.0110135 -0.00228473 0.0166551 0.0205441 0.0177815 0.0037094 0.0062845 0.00061554 0.0238777 -0.00723744 0.0156992 0.0103524
internal_weight=3829.54 1577.24 2252.3 1987.6 457.464 1119.78 1415.94 1074.96 1304.91 1133.59 571.653 357.93 89.4901 775.662 714.453 474.057 218.802 85.8251 111.04 238.662 264.701 969.689 542.45 151.436 105.267 268.44 113.265 92.5267 20.0102 652.884 316.805 373.075 361.903 253.9 160.284 140.807 180.547 27.303 140.11 20.7388 275.397 242.698 47.4223 211.295 14.0197 240.397 59.384 40.2738 18.8745 93.6158 66.3641 72.3613 153.244 94.2522 31.4029 198.023 169.118 101.781 81.9634 171.312 221.018 26.7082
internal_count=59529 34288 25241 22803 7228 27060 18029 26374 17082 14475 4774 3683 1053 10792 9836 6535 4147 1544 947 3081 2438 24407 4405 1176 1967 2630 1262 1052 286 15805 8602 5299 3007 2035 1258 1033 1398 189 1054 210 3738 3352 531 3013 190 3301 733 487 237 777 565 1698 1209 776 339 2683 2265 1447 663 2607 2099 615
is_linear=0
shrinkage=0.03


Tree=34
num_leaves=63
num_cat=0
split_feature=15 3 32 15 14 4 3 15 3 6 23 5 3 23 7 32 14 14 22 23 12 4 7 14 14 5 10 5 8 6 1 7 3 26 5 32 0 6 32 17 1 8 26 19 12 1 17 19 22 22 18 12 8 4 7 25 14 23 3 0 0 4
split_gain=289.158 79.3196 40.7695 42.5038 30.3495 24.9966 20.8326 19.6116 21.7265 20.8536 19.6065 19.5309 19.3332 14.8412 13.1541 13.0872 12.7863 12.6272 12.6146 11.973 11.8329 11.7839 11.3753 12.4507 11.0376 11.7887 10.1981 9.72013 9.59594 9.44959 9.24403 9.22157 9.03127 9.388 8.91617 11.1346 11.8538 13.8921 8.89716 9.18967 8.50754 8.50347 8.4267 8.38325 8.29242 8.20933 8.01995 7.79926 7.78716 8.06276 9.013 7.79157 7.94942 7.74083 7.53974 7.4115 7.13503 7.10376 7.50751 7.26883 7.09711 6.93595
threshold=0.034697191789746291 -0.1959760785102844 10.500000000000002 1.3793569803237917 -0.077876452356576906 1.6629860401153567 1.5103702545166018 -0.11064685881137847 1.2230356931686404 -0.45703840255737299 -0.74863648414611805 -0.10845717415213584 -0.72122421860694874 0.33359599113464361 -0.55664002895355214 14.500000000000002 0.32196933031082159 -2.8263701200485225 -1.0000000180025095e-35 0.39925952255725866 1.21311891078949 0.50648710131645214 -0.69763499498367298 -0.76831158995628346 -0.74262171983718861 1.2310284972190859 -0.54769408702850331 -0.46210604906082148 0.18539299070835116 0.73624765872955333 0.7851359248161317 -0.83758437633514393 1.0287997722625735 0.53571754693984996 1.3860974311828616 15.500000000000002 -0.081757728010416017 1.1021810770034792 14.500000000000002 -0.57760921120643605 -1.0805757641792295 -1.1088464260101316 0.6212579905986787 -0.60633736848831166 0.79630258679389965 -0.069728437811136232 1.6455517411231997 0.97879606485366832 -1.300945460796356 0.75092762708663952 -0.25409944355487818 1.0005776882171633 -1.0387327075004575 -0.085485760122537599 1.0780563950538637 1.5729056596755984 0.3561625480651856 0.31260946393013006 1.0433709025382998 0.47407606244087225 0.73037010431289684 0.68885958194732677
decision_type=2 2 2 2 2 2 2 2 2 2 2 2 2 2 2 2 2 2 2 2 2 2 2 2 2 2 2 2 2 2 2 2 2 2 2 2 2 2 2 2 2 2 2 2 2 2 2 2 2 2 2 2 2 2 2 2 2 2 2 2 2 2
left_child=1 10 16 5 13 6 11 8 40 61 21 44 -5 26 30 -11 20 -14 -10 -18 27 -1 -15 41 47 -26 -3 -2 -12 -19 32 -29 -13 -34 45 36 -36 -38 39 -30 -6 -24 -32 -42 -4 -16 -43 -8 -7 50 60 52 -52 -41 -47 -21 57 -17 59 -59 -50 -9
right_child=2 4 3 12 7 48 24 9 18 15 28 14 17 22 34 56 19 29 -20 55 -22 -23 23 -25 25 -27 -28 31 38 -31 42 -33 33 -35 35 -37 37 -39 -40 53 43 46 -44 -45 -46 54 -48 -49 49 -51 51 -53 -54 -55 -56 -57 -58 58 -60 -61 -62 -63
leaf_value=-0.022504331961350214 -0.00066807132939849915 0.014996185193011675 -0.010325907288254981 -0.012894563444925627 0.0091052949070399413 -0.010364894809502385 0.031737371297462007 -0.019967691277223205 -0.011567005972435008 0.018950263104352827 -0.015351237239372349 -0.0088627125000935933 0.03362045855206363 -0.0055658148882913724 -0.0093257368188071777 -0.0090371651470541881 -0.0074819819514326761 0.00061467136361592557 0.017056412267286322 0.017742509606048951 -0.0049153367155808361 -0.00077320330095801868 -0.0059669935608136215 0.0082929044919917722 0.0055889865208854925 0.029935047639160352 -0.0074429778956644072 0.0040398214180873389 -0.013339558978411938 0.016076486052269173 0.028100684678531624 0.028811828992905918 -0.0040379875067910204 0.025719654615168574 -0.010218747328294463 0.0021945224890689585 0.050759495351068294 -0.001625875911255322 -0.010931684559792636 -0.0099404006515052667 0.0069377561638609654 0.040695705160614867 -0.011377828362930479 -0.015556315857352711 0.0029293211708896903 0.00292767530422123 -0.0064767709323799699 -0.0089133013271408736 0.0032247540263745122 0.0042290915245233648 -0.0018444917655196489 -0.0031133870544059151 0.046418561756490041 0.014284974177619985 0.01118239193271104 -0.011667969337757383 -0.0057681493742151929 0.038955778899601383 -0.0047852596801259721 -0.0064992066570399515 0.024298992536983428 0.011420160445028105
leaf_weight=339.49773957952857 12.621614847332237 20.821596156805754 163.87586453929543 17.967874892055988 11.438133932650087 6.0348273105919352 24.832888156175617 34.557270284742117 17.077266123145819 53.21954719722271 260.42698260396719 157.72252774983644 32.271033897995949 15.322388522326944 38.081917248666286 7.2318038195371654 27.304050587117672 41.058448158204556 34.51579137519002 62.305502790957689 11.649972915649412 24.411978155374527 3.2078138925135127 41.586999729275703 212.82173029333353 15.102030128240584 57.076765689998865 16.855144176632166 20.256470747292042 282.65942008793354 9.4176035337150079 142.35253896191716 22.169321279972792 10.406018596142529 3.4911940731108215 27.439372800290585 12.951133966445925 5.7000709474086753 134.0319906771183 12.049974381923674 13.095778249204157 30.515780735760927 4.0136197842657557 252.10544669628143 54.23894103243947 676.43953568488359 2.1834042184054843 2.7494138777256003 30.836733784526587 30.447216834872961 3.0524062216281953 3.3126755505800238 21.516042612493038 40.750575952231884 113.37691045552492 5.253035530447959 54.925090529024601 9.8671951256692427 6.0149774253368369 2.4008325152099124 25.234182275831699 4.1833840310573569
leaf_count=9674 134 422 2455 226 263 65 186 772 254 762 6206 2484 239 225 560 138 357 463 494 569 101 506 34 549 1882 123 1182 184 476 2109 113 1166 266 111 42 331 145 55 3107 275 284 328 51 5322 774 8663 21 21 313 261 30 29 200 813 1371 54 850 146 66 35 196 65
internal_value=0.000596458 -0.00964325 0.00721415 0.00572209 -0.00194732 0.00365696 0.00260849 -0.00566681 -0.0099203 0.00248275 -0.0158087 0.00105181 0.0148032 0.00881121 0.00270866 0.00811652 0.0179042 0.0163604 0.00739719 0.00833984 0.0224968 -0.0210768 0.016593 0.0210461 0.0103526 0.0078101 -0.000902437 0.0244417 -0.0115284 0.0141546 -0.00408686 0.0263921 -0.00591729 0.00762543 0.00430062 0.0160899 0.029733 0.0377906 -0.00647229 0.00188519 -0.013224 0.0329977 0.0164172 -0.0143377 -0.00703793 0.00350223 0.0371046 0.0269393 0.0165494 0.0183438 0.0229374 0.0361941 0.0411244 0.0083747 0.00417552 0.0148092 0.000259321 0.0120536 0.0205452 0.0307542 0.0139219 -0.0156603
internal_weight=3830.34 1502.77 2327.56 2049.22 671.347 1675.26 1554.83 500.633 328.232 172.4 831.426 1299.32 373.957 170.715 1081.21 133.659 278.342 355.989 51.5931 94.8626 183.479 363.91 92.8164 77.494 255.506 227.924 77.8984 171.829 467.516 323.718 203.729 159.208 190.298 32.5753 877.48 49.5818 22.1424 18.6512 207.089 73.057 276.639 35.907 13.4312 265.201 218.115 827.898 32.6992 27.5823 120.434 114.399 83.952 27.8811 24.5684 52.8006 789.816 67.5585 80.4399 25.5148 18.283 12.268 56.0709 38.7407
internal_count=59598 33269 26329 23764 12212 20727 19633 9451 6617 2834 21057 17421 3037 2761 14192 1997 2565 2811 748 980 1585 10180 1157 932 2212 2005 1604 1484 10877 2572 3025 1350 2861 377 11167 573 242 200 4671 1564 5869 383 164 5606 3229 10594 349 207 1094 1029 768 259 230 1088 10034 623 1235 385 247 181 509 837
is_linear=0
shrinkage=0.03


Tree=35
num_leaves=63
num_cat=0
split_feature=3 15 24 4 14 21 3 14 4 21 4 14 21 4 11 11 22 25 17 7 11 25 14 11 10 29 27 14 7 14 13 26 11 7 24 17 12 14 26 11 29 11 10 4 13 7 14 25 27 16 5 16 18 16 3 26 7 4 25 4 15 19
split_gain=272.214 70.5763 55.3745 47.1946 37.2245 31.6531 30.0057 27.6634 21.8923 20.6805 16.7246 14.3245 18.3653 13.5244 12.235 12.0806 12.3922 11.9945 11.231 11.0232 12.2539 10.8561 10.0879 11.0261 9.58213 10.5604 9.3285 9.3143 10.9397 9.29306 9.14112 12.9259 14.5891 14.1685 9.21722 9.08136 9.87037 9.01768 8.86238 8.78487 8.66322 8.45315 8.68747 8.55356 8.28575 8.04776 7.64484 7.59702 7.56621 7.47158 12.6701 11.2636 7.43246 7.39377 7.104 7.01747 10.0299 6.96364 6.92235 6.9001 6.87812 6.72545
threshold=0.27477781474590307 -0.34570795297622675 -0.091450687497854219 0.15862626582384112 -1.8591957092285154 -0.54266214370727528 1.7891547083854678 0.21859091520309451 -0.085485760122537599 1.4334087371826174 1.5478326082229616 0.2426237836480141 0.80632928013801586 1.3776036500930788 -0.7931595742702483 0.061053849756717689 0.28686982393264776 0.25834591686725622 1.1998448967933657 1.0780563950538637 0.236484169960022 1.2016422748565676 -1.2361479997634885 0.50191807746887218 1.219083368778229 0.82085561752319347 6.5000000000000009 0.31642414629459387 0.33826826512813574 0.39253468811511999 0.31711356341838842 0.14277629554271701 0.8508099913597108 0.031166020780801777 1.1618874669075014 -0.48381713032722468 0.94375747442245495 1.7479221224784853 -0.91741299629211415 0.5488194227218629 0.63961037993431102 -0.58741253614425648 -1.0000000180025095e-35 -1.0000000180025095e-35 -1.0029851198196409 -0.63015946745872486 -0.58815285563468922 1.8098782300949099 4.5000000000000009 -0.49848006665706629 -0.22352393716573712 -1.2985684275627134 -1.0000000180025095e-35 0.083705816417932524 -0.97545635700225819 -0.71357065439224232 -0.48710039258003229 0.67351880669593822 -0.11852892860770224 2.284123539924622 0.52866318821907055 -0.1768173351883888
decision_type=2 2 2 2 2 2 2 2 2 2 2 2 2 2 2 2 2 2 2 2 2 2 2 2 2 2 2 2 2 2 2 2 2 2 2 2 2 2 2 2 2 2 2 2 2 2 2 2 2 2 2 2 2 2 2 2 2 2 2 2 2 2
left_child=1 53 7 5 45 18 9 38 49 15 60 12 39 14 -5 16 48 30 22 20 -8 -14 23 -3 -16 -26 -13 35 -29 -15 34 -32 33 -33 55 -18 -37 -22 -2 58 -30 42 -11 -43 -45 -4 -19 -46 -6 50 -7 -52 -41 -1 -54 56 -17 -34 -10 -47 61 -9
right_child=2 3 4 13 6 8 19 10 11 41 -12 26 21 29 24 17 27 46 -20 -21 37 -23 -24 -25 25 -27 -28 28 40 -31 31 32 57 -35 -36 36 -38 -39 -40 52 -42 43 -44 44 47 59 -48 -49 -50 -51 51 -53 54 -55 -56 -57 -58 -59 -60 -61 -62 -63
leaf_value=-0.019666589528801771 0.020462822557797859 -0.017260074901549797 0.00060973203554212109 -0.014294194399146896 -0.016388728737843489 -0.016397712463598235 -0.0053378533836512237 0.0080600373743982406 0.0063584321858550863 0.015440058132725351 0.023087998293234581 -0.01046497269675379 0.017479561376576788 0.023007980595628516 0.002430007598496924 -0.0087518683925372192 -0.0091549768856289109 0.010356250578280395 0.0055928905495412629 0.031940935064879335 0.019317529389593087 -0.007153143992896854 -0.019723411947938349 0.014182558912809331 0.031017108435149286 -0.0088158000378227991 0.0043389541448211801 -0.011466248043392876 0.014911563278932687 -0.00512528277156616 0.0060121628113461055 -0.0088401613597843352 0.034631321998942602 0.019632963708842984 0.012358703288181786 0.019366015135721157 -0.00582253964742985 -0.0019832903318607676 0.0027385846524685515 -0.0014158916661694244 -0.0051369759311279736 -0.00052803548837058708 -0.0061106387182203823 -0.0083787692874059631 0.026143415759588381 0.031017286781809206 -0.0040422382663425783 -0.0054191104305978096 -0.00085439783651017277 -0.01547827301926759 -0.010972399582461668 0.036759847622638515 -0.0085451359847190621 -0.011226566873801164 0.022610471464408224 0.0013056839116676305 0.016953915141034399 0.0051719895712130804 -0.008637221313961229 0.0003212458242500288 -0.0017331094579057815 -0.016271859594622084
leaf_weight=376.97982155159116 30.138445563614368 14.339137550443413 10.119057279080151 25.76512997597456 43.970835652202368 11.471349231898786 22.26703242212534 8.0496722757816297 31.081828057765961 31.937521383166313 8.6073372364044172 154.58713675662875 85.600621331483126 58.336420383304358 107.69377130270004 14.103431846946476 13.349691808223723 40.306803960353136 18.221716422587633 42.389283187687397 167.88068434596062 16.686931509524584 216.31972515583038 15.89082934334874 18.653841804713014 5.5317840166389933 47.303591452538967 47.723232746124268 39.485555589199066 10.745443038642405 108.92301202565432 22.513099934905767 50.524129167199135 34.052335120737553 159.23674890771508 69.508192118257284 14.811249129474161 18.968135923147202 98.78534509986639 46.030721820890903 30.905122615396976 15.850576378405092 27.104194827377796 5.0336062610149375 107.41644797101617 92.706864535808563 119.08359285071492 5.6529991775751105 67.976743787527084 144.46457429230213 4.1638653464615345 6.9764265045523626 5.54756632447243 157.97163224592805 25.516952622681856 268.41329699754715 57.348888538777828 10.546148009598253 128.01933604106307 7.1803366392850867 48.831548687070608 146.68109653145075
leaf_count=10223 435 323 95 468 561 286 212 170 547 356 105 2911 1266 678 1663 184 186 353 288 288 1162 164 4913 258 258 76 877 671 497 151 1104 272 514 336 1289 757 157 151 1501 635 399 153 302 48 824 689 1353 42 895 2938 105 161 86 4000 358 3082 636 95 2600 49 695 2957
internal_value=0.000503428 -0.00828888 0.00773659 -0.00421254 0.00986814 -0.0070845 0.00869013 -0.00329052 -0.00372001 0.00693607 -0.00986364 -0.000745319 0.00301806 0.00798983 0.00291994 0.00544019 0.000508011 0.00725345 -0.0158386 0.0181681 0.0146955 0.013315 -0.0175023 -0.00106471 0.00668234 0.021957 -0.00697534 0.00468311 -0.00102046 0.0185814 0.00888005 0.0138699 0.0206039 0.00850303 0.00649989 0.0112944 0.0148632 0.0171598 0.00749125 -0.00162471 0.00635232 0.0159614 0.00584213 0.0200509 0.022722 0.0264658 -0.00019689 0.0244028 -0.0073958 -0.0130398 0.00252102 0.0210468 0.00642691 -0.0173013 0.0166333 0.00361549 0.0116395 0.0303204 -0.00560321 0.0289312 -0.011777 -0.0147933
internal_weight=3842.28 1733.9 2108.38 1198.95 1767.29 972.222 1657.28 341.093 707.451 1405.78 212.17 540.375 338.484 226.726 157.645 1212.78 327.731 885.051 264.771 251.505 209.116 102.288 246.55 30.23 131.879 24.1856 201.891 215.783 118.114 69.0819 725.661 226.559 117.636 56.5654 499.102 97.6691 84.3194 186.849 128.924 236.196 70.3907 192.995 59.0417 133.954 118.103 110.006 159.39 113.069 111.948 167.076 22.6116 11.1403 77.0952 534.951 31.0645 339.866 71.4523 61.0703 159.101 99.8872 203.562 154.731
internal_count=59808 36233 23575 22010 17712 18716 16879 5863 12934 15066 3927 9444 5656 3294 2465 13341 4123 9218 5782 1813 1525 1430 5494 581 1997 334 3788 2667 1567 829 7512 2321 1217 608 5191 1100 914 1313 1936 4226 896 1725 658 1067 914 833 1706 866 1456 3490 552 266 1079 14223 444 3902 820 609 3147 738 3822 3127
is_linear=0
shrinkage=0.03


Tree=36
num_leaves=63
num_cat=0
split_feature=15 6 3 14 11 32 21 4 17 4 17 21 4 11 15 6 4 4 11 26 32 32 11 7 32 17 9 7 31 32 6 21 6 14 9 11 15 29 1 14 22 18 16 16 9 3 22 9 20 3 17 7 9 7 3 15 11 15 3 32 9 6
split_gain=257.931 71.869 42.0748 38.0853 35.4028 27.8919 23.6679 22.7086 18.9316 18.805 16.7785 15.7142 15.419 14.3934 14.8146 14.2876 13.8596 13.5278 13.4962 13.0342 12.1565 11.9083 11.726 11.5325 11.025 10.8186 10.3706 10.195 9.91812 10.4927 9.42423 9.10757 9.09983 9.00228 9.11635 9.46175 8.90856 9.62973 8.80192 8.79623 8.7777 8.77595 10.2332 8.93221 15.4041 9.48208 8.7758 8.68215 8.68113 8.40041 8.39078 8.25236 8.04497 7.72701 7.66227 7.65014 7.55561 7.29566 7.2335 7.16508 7.31937 7.02864
threshold=0.087022006511688246 0.53417712450027477 1.5103702545166018 -1.7817230820655821 0.036560259759426124 8.5000000000000018 1.4608243107795718 -0.013657241128385065 0.15071965754032138 -0.037920959293842309 -0.17195967584848401 1.0838567614555361 0.46180415153503424 0.15361523628234866 1.2392418384552004 -0.38354104757308954 1.1460446119308474 -0.31491564214229578 -0.72160318493843068 0.69936400651931774 14.500000000000002 10.500000000000002 -0.45576441287994379 -1.2532851099967954 11.500000000000002 -0.28860287368297571 -0.32731302082538599 0.32943235337734228 0.6428571641445161 14.500000000000002 -0.47205275297164911 -0.086916554719209657 0.18883521854877475 0.78497239947319042 -1.3498557806015012 1.6002532839775088 -0.12157407775521277 0.81534090638160717 0.63205683231353771 0.074332818388938918 0.68251031637191784 -0.30886955559253687 0.33357828855514532 0.67983609437942516 0.79091298580169689 0.82590156793594371 -1.0000000180025095e-35 0.61546391248703014 -1.0365051031112669 -0.61874845623970021 -0.2715818434953689 -0.63015946745872486 -1.542561888694763 -0.20062796771526334 1.5333920121192934 1.786438584327698 1.7320322990417483 0.3410117775201798 0.070329476147890105 14.500000000000002 0.97077760100364696 1.5452958941459658
decision_type=2 2 2 2 2 2 2 2 2 2 2 2 2 2 2 2 2 2 2 2 2 2 2 2 2 2 2 2 2 2 2 2 2 2 2 2 2 2 2 2 2 2 2 2 2 2 2 2 2 2 2 2 2 2 2 2 2 2 2 2 2 2
left_child=1 4 3 17 8 48 7 51 15 -3 47 19 27 14 -4 -1 21 -2 57 28 55 -17 -13 -20 39 38 -8 -6 29 53 -19 -22 50 34 -21 49 -14 -38 -25 -10 -16 43 -43 44 -28 -45 -24 -11 -5 -36 -29 -7 -27 -12 -51 -15 -32 -9 -50 -59 -61 -54
right_child=2 9 13 5 12 6 26 18 24 10 11 22 36 20 40 16 -18 30 23 33 31 -23 46 25 -26 52 41 32 -30 -31 56 -33 -34 -35 35 -37 37 -39 -40 -41 -42 42 -44 45 -46 -47 -48 -49 58 54 -52 -53 61 -55 -56 -57 -58 59 -60 60 -62 -63
leaf_value=-0.021794712961680805 -0.0077783170508235423 -0.01019323077231441 -0.0064805912419851662 -0.0068823161856471707 -0.011038821413694692 -0.017409630359652657 -0.0022295468635793502 -0.017851677416445836 0.042544745297337358 -0.010733306720522279 -0.0079427671116036169 0.0016461623763588569 -0.0041220882345076619 0.026251907597995259 -0.0024112444644471755 0.0060087272665318254 0.015961128412408671 -0.0010351417950321443 -0.0089748059171002263 -0.0087673222684697457 -0.0012248128784675179 -0.015814102175543205 -0.0057703572043872591 -0.0040823700951783341 -0.0064686672845187029 -0.0069000282609187518 0.046113550455329243 -0.015258487851044786 0.014333491352392612 -0.013312331360245419 0.02441511036220792 0.015024815300393148 0.015657114266019914 -0.0074217111183681314 -0.0007572105920238385 -0.0090383940348534152 0.026058859184670501 -0.010740705280857328 0.014705616851480443 -0.0030431051345222418 0.034344163836785437 -0.0088798885582549412 0.014894800755787358 -0.0077994766221378704 0.0015951803854549545 0.020515075979888296 0.038805728527011238 0.0077371866128209494 0.0047674574835037849 0.045947280143421546 0.0024987930765596553 -0.0040497854654622722 0.0059225457892016558 0.017464145947033695 -0.0034083435207287486 -0.00050832920148504671 -0.0042105124847252127 0.0076771713840562555 0.029702570934198536 -0.013752260695595623 0.012462489314487827 0.016167868607948107
leaf_weight=401.85987652465701 14.279764950275419 78.566569801419973 50.597477786242962 6.874635621905326 278.50209929421544 50.294571120291948 32.004066716879606 31.292585998773575 3.5801750905811769 61.51815540343523 14.914617121219633 14.3876661285758 25.517704416066408 128.8905423283577 8.1649008840322512 22.264237899333239 10.784627266228197 16.087126076221466 54.130899626761675 4.2289400100707999 35.393306247889996 234.63491642475128 3.1580464132130173 169.28332478180528 47.827250003814697 36.354677088558674 22.206116192042828 34.269518505781889 27.533405475318432 49.841686680912971 134.86126844957471 211.67401357740164 20.367119297385216 7.3743182867765418 4.9022694900631931 3.0601315461099139 23.390392150729898 5.242578148841857 20.81144405901432 5.7404308393597603 11.271202012896536 19.944835167378187 46.19017967954278 12.730374436825512 9.9119943231344205 26.883954890072346 28.606760863214731 30.597633272409439 15.71962286531925 20.631019078195102 58.444498918950558 188.77621410042048 715.6086478754878 20.138733305037022 2.4406802132725707 10.155960619449614 7.3835071995854369 37.137451019138098 48.37952945381403 41.625408213585615 7.8981340304017058 63.421716213226318
leaf_count=11417 170 1338 505 77 6443 835 336 520 67 1081 215 185 457 889 59 456 173 209 813 54 339 5821 35 2406 1062 441 240 792 355 730 1157 1515 362 104 83 35 346 79 232 118 72 235 453 124 111 195 257 521 178 273 1230 2734 8232 249 21 60 63 462 387 591 108 539
internal_value=0.000415882 -0.0090392 0.00680846 0.00475172 -0.0126714 0.00332579 0.00246715 0.00117742 -0.0167429 0.00242753 0.00592206 0.0106939 -0.00592145 0.0149192 0.00222264 -0.0181474 -0.0123727 0.017965 0.00289309 0.00572459 0.0171643 -0.0138442 0.0251987 0.00396964 -0.000150686 0.00470747 0.0128816 -0.00800087 0.000145586 -0.00499718 0.0204538 0.0127189 -0.000368246 0.0188763 0.0246145 0.0297487 0.00852082 0.0187259 -0.00170131 0.0232083 0.0215696 0.0163447 0.0076047 0.0233822 0.0344403 0.0115616 0.0341919 -0.00451558 0.0210936 0.0347188 -0.00450968 -0.00715944 0.00620285 0.00701188 0.041049 0.0243475 0.0228367 -0.00654596 0.024375 -0.00171246 -0.00881201 0.00685442
internal_weight=3830.57 1544.33 2286.24 1830.09 1172.43 1657.48 1586.51 1416.64 726.692 371.901 293.334 201.218 445.734 456.147 70.0336 669.544 267.684 172.612 1177.56 155.066 386.114 256.899 46.1525 1059.61 57.1479 1005.48 169.872 391.583 112.428 84.895 158.332 247.067 113.081 42.6374 35.263 31.0341 54.1507 28.633 190.095 9.32061 19.4361 137.867 66.135 71.7324 32.1181 39.6143 31.7648 92.1158 70.9738 27.974 92.714 239.071 815.385 35.0534 23.0717 139.047 142.245 117.954 64.0992 86.661 49.5235 779.03
internal_count=59646 34359 25287 21848 28823 20249 19607 17913 19114 5536 4198 2596 9709 3439 636 17867 6450 1599 14344 2119 2803 6277 477 12663 1247 11850 1694 8827 1549 1194 1429 1854 2384 570 466 412 882 425 2638 185 131 1358 688 670 351 319 292 1602 642 377 2022 3569 9212 464 294 949 1220 1681 565 1161 699 8771
is_linear=0
shrinkage=0.03


Tree=37
num_leaves=63
num_cat=0
split_feature=15 6 4 15 4 32 32 21 2 14 4 26 6 7 17 17 2 8 13 14 21 4 4 10 5 21 7 16 13 26 7 9 7 20 24 6 5 22 14 7 26 22 14 20 5 10 7 14 10 6 20 5 24 14 26 24 1 8 29 26 9 8
split_gain=246.588 55.219 46.1959 34.1046 27.7275 27.2613 22.6628 19.3771 18.95 18.4023 17.38 17.2645 15.3052 13.8056 13.6486 13.3633 12.001 11.8145 12.1439 11.4768 16.624 11.8952 11.1577 11.7315 10.7753 10.7595 10.2012 10.1275 9.59791 9.47908 9.32344 9.19518 12.0003 8.91865 8.7804 8.72909 8.72688 8.32909 8.9659 8.32619 8.29198 15.5001 9.61774 8.16851 8.16369 8.86005 8.04052 8.57563 7.95314 7.94094 7.98229 7.84059 7.73441 7.53351 7.30812 11.3253 7.27152 7.17094 7.96968 7.15045 9.5073 7.15027
threshold=0.087022006511688246 -0.36978991329669947 0.94409903883934032 1.2087481617927553 1.0026745796203616 10.500000000000002 13.500000000000002 -0.010693989694118498 1.2062891721725466 -0.043234279379248612 0.50648710131645214 0.96498042345047008 1.4368966221809389 0.96833696961402904 0.48511023819446569 0.81637004017829906 -0.031009424477815625 -0.58010929822921742 0.49875929951667791 -2.8263701200485225 0.13441967964172366 -0.80227845907211293 0.60094025731086742 1.6997573375701907 1.2088112831115725 -0.36809787154197687 -0.87310016155242909 1.1778065562248232 2.861565470695496 -1.1399847865104673 1.3235239386558535 -0.92038124799728382 -0.47647547721862787 0.79054814577102672 -0.64478307962417591 1.4559695124626162 -0.0099483844824135286 0.68251031637191784 0.21859091520309451 0.021541267633438114 0.47163730859756475 -1.0000000180025095e-35 0.74928808212280285 0.082803223282098784 0.52078905701637279 -0.0464369598776102 1.2956362962722781 -3.7366889715194698 -0.65108084678649891 1.0693199038505556 0.10250050574541093 -0.25479026138782496 -0.69995611906051625 -2.6278655529022212 0.54774844646453869 1.1618874669075014 1.0423846244812014 1.7795041203498843 0.45804196596145635 -0.71357065439224232 0.39207851886749273 0.18539299070835116
decision_type=2 2 2 2 2 2 2 2 2 2 2 2 2 2 2 2 2 2 2 2 2 2 2 2 2 2 2 2 2 2 2 2 2 2 2 2 2 2 2 2 2 2 2 2 2 2 2 2 2 2 2 2 2 2 2 2 2 2 2 2 2 2
left_child=1 10 3 5 6 34 13 36 9 35 14 12 30 15 -1 -3 -6 -15 40 46 33 -22 23 26 28 -13 -23 -11 29 31 -8 -9 -33 56 -2 -4 -7 38 -16 -26 41 -19 -43 54 48 -46 47 -5 -18 50 52 -45 -31 -38 55 -28 -21 58 -53 60 -12 -36
right_child=2 4 8 19 16 7 11 24 -10 27 59 25 -14 17 37 -17 44 18 -20 20 21 22 -24 -25 39 -27 43 -29 -30 49 -32 32 -34 -35 61 -37 53 -39 -40 -41 -42 42 -44 51 45 -47 -48 -49 -50 -51 -52 57 -54 -55 -56 -57 -58 -59 -60 -61 -62 -63
leaf_value=-0.01762536667232046 -0.007338962514207582 -0.0033077761272207419 0.024193978961331779 0.0045580870866216991 -0.0067808611342304176 -0.014245038398805759 -0.012839164665491115 -0.0089392520190407967 0.030107020596347834 0.0021571514589833803 -0.0074113463065197931 -0.013020927982554865 0.011898528862443683 -0.006014483414287561 0.0086877333301364629 0.024681729855559296 0.026731442933894629 -0.0095271388179755234 -0.0055956715713732525 -0.0051801712112429319 -0.011208639832843188 -0.0087335349157027769 -0.0046666464436849004 -0.0080522398772358509 -0.0013835068473301822 0.012275146032835105 0.04750116627136506 0.025625147427592129 0.021910981786548628 0.012886150951084332 0.002581217894515641 -0.012200316293807859 0.018068680464752931 0.020417733267757626 0.0087041536405419329 0.0031533604211029125 0.017388670949053629 0.02218195282536408 -0.018511786930177784 0.025651926071726616 0.00681888510651935 0.067926824917139042 -0.00077079518820919086 -0.0049777359051048579 0.0061134609254127848 0.04380697884006169 -0.0094530034048739952 0.038608574013564462 -0.0036078719064375625 0.0052135699466893046 0.00066961947501153357 0.009643161938205887 -0.01065302577063767 -0.0036178438330096846 0.011451453905314565 0.01381739419916939 0.018211004515441165 -0.0082994826738771125 0.021890261094458064 -0.0065590627315377887 0.028596574964228193 0.022016548676100808
leaf_weight=598.23518196679652 14.242615684866903 164.30355395749211 106.65193639323115 10.512719623744486 16.388696435838938 67.084271088242531 427.49900614470243 15.45728814974427 71.876657139509916 134.06774428114295 8.8206867501139659 16.319418393075466 22.42406202852726 11.384413678199051 16.026546638458967 11.887600760906933 6.7952853627502945 2.1166632398962983 6.4936136789619914 104.066869802773 14.184518098831175 11.010151486843823 24.900103755295277 15.574013721197842 14.242475327104328 49.943983018398285 22.47936999425292 14.086675994098185 17.215475339442492 9.8921800553798658 36.767752856016159 10.218969758599995 75.532013311982155 12.199469763785599 89.002476863563061 23.048221729695797 11.246543493121861 6.8515511602163306 18.775937505066395 27.585699815303087 8.2237839698791486 8.7906738817691821 1.9871773682534701 15.406545951962469 10.484142120927574 14.52217875421047 2.8897806853055945 24.397735595703125 19.979021400213242 221.75503958761692 352.48823991417885 98.033754680305719 107.30366176739335 306.57650764286518 27.436314851045609 21.915906503796577 8.5155383683741075 7.8866385221481314 122.61315087601542 40.444628547877073 10.03012767061591 72.992963839322329
leaf_count=16553 192 3100 934 81 245 1103 8968 197 521 1338 159 344 276 200 341 163 90 39 97 1133 143 107 184 130 168 941 193 95 133 166 690 144 909 112 885 154 133 147 447 307 129 120 29 127 119 155 22 179 268 2167 4676 692 1546 4526 227 164 82 59 824 779 189 666
internal_value=0.000443043 -0.00885544 0.0066388 0.0048183 -0.00361847 0.00234318 -0.00526977 0.000747525 0.0166136 0.0126526 -0.0150493 -0.00846299 -0.0104106 0.00294149 -0.0164785 -0.000790342 0.0140772 0.0179761 0.0272731 0.0111663 0.00977939 0.0128535 0.0139209 0.0153206 0.00326804 0.00556873 0.016539 0.00515224 0.00244266 0.00188513 -0.0116035 0.0102304 0.0139881 0.000249038 0.0132098 0.0207108 -0.00480004 0.000116356 -0.00646849 0.0172816 0.0365162 0.0482589 0.0590303 0.0175426 0.0206946 0.0316556 0.0264281 0.0302105 0.00708698 0.000598923 -0.00161179 0.014375 -0.00822017 -0.00261669 0.0266642 0.0339549 -0.00271175 0.0157584 0.0167831 0.000455804 0.0137262 0.0151821
internal_weight=3842.09 1535.5 2306.59 1956.86 836.311 1412.84 768.142 1236.6 349.731 277.855 699.185 552.954 486.691 215.187 639.889 176.191 68.1693 38.9963 27.6119 544.023 506.222 381.44 367.256 342.356 851.691 66.2634 326.782 148.154 809.863 792.647 464.267 101.208 85.751 124.782 176.238 129.7 384.907 41.654 34.8025 41.8282 21.1183 12.8945 10.7779 315.772 51.7806 25.0063 37.8002 34.9105 26.7743 691.439 469.684 243.94 117.196 317.823 71.8316 44.3953 112.582 228.534 220.647 59.2954 18.8508 161.995
internal_count=60007 34588 25419 22377 15973 17918 15096 16175 3042 2521 18615 11219 9934 3877 17488 3263 877 614 414 4459 4177 2850 2707 2523 10413 1285 2393 1433 9938 9805 9658 1250 1053 1327 1743 1088 5762 935 788 475 317 188 149 2286 632 274 282 260 358 8555 6388 1702 1712 4659 584 357 1215 1575 1516 1127 348 1551
is_linear=0
shrinkage=0.03


Tree=38
num_leaves=63
num_cat=0
split_feature=15 3 3 14 15 32 6 35 3 9 11 7 20 13 13 15 14 32 7 5 15 20 21 26 7 18 18 11 21 11 29 3 14 3 14 32 5 6 29 22 21 17 14 22 11 3 6 9 9 26 5 29 34 26 5 14 10 11 10 20 8 16
split_gain=232.634 56.4986 43.2658 33.5588 30.7663 26.4106 20.2978 19.5246 18.6012 17.9498 16.8608 17.4634 16.3587 15.6167 14.6475 12.3943 11.5622 11.4384 11.1184 11.2087 11.0152 11.1864 10.8348 13.0371 10.4364 10.5795 12.0439 10.3664 10.0751 10.3476 9.74354 9.39315 9.13131 11.8342 8.96119 8.70014 8.63234 8.50947 8.76003 8.14646 7.77839 10.1499 9.0074 7.74825 8.12674 8.16417 7.59517 7.58663 11.6691 9.67945 11.8547 9.04725 7.59281 7.54533 7.52988 7.51964 7.40113 7.38228 7.37741 7.3762 7.57837 7.26872
threshold=0.087022006511688246 -0.1959760785102844 0.14172088354825976 -0.13370531797409055 1.4464946985244753 14.500000000000002 -1.0034729242324827 1.0000000180025095e-35 1.2597366571426394 -1.5150947570800779 0.15361523628234866 0.72583124041557323 0.37115101516246801 2.3331983089447026 0.71823149919509899 -0.35810057818889612 -1.0100318193435667 11.500000000000002 -0.72948807477951039 1.3860974311828616 -0.29607845842838282 1.5928686857223513 0.80632928013801586 0.16488995403051379 0.42972676455974584 -0.24626781046390531 1.8482853174209597 -1.0813010931015012 -0.45553719997406 1.4253736734390261 0.21825397014617923 1.5103702545166018 0.040406191721558578 0.75834068655967724 0.2426237836480141 13.500000000000002 -1.0000000180025095e-35 1.091432571411133 1.0000000180025095e-35 -0.61886605620384205 0.56307387351989757 -1.0000000180025095e-35 -0.56972739100456227 0.71140584349632274 -0.32677510380744929 1.4619360566139223 0.68319934606552135 -0.63227635622024525 0.64972636103630077 0.64081001281738292 -0.35908848047256464 0.63961037993431102 2.5000000000000004 -0.27713291347026819 -0.28780815005302424 0.33252294361591345 -1.0112839341163633 1.9719099998474123 0.38694761693477636 0.46022948622703558 -0.61240980029106129 0.71557229757308971
decision_type=2 2 2 2 2 2 2 2 2 2 2 2 2 2 2 2 2 2 2 2 2 2 2 2 2 2 2 2 2 2 2 2 2 2 2 2 2 2 2 2 2 2 2 2 2 2 2 2 2 2 2 2 2 2 2 2 2 2 2 2 2 2
left_child=1 6 7 9 5 10 -1 14 20 -3 11 30 -13 18 28 -8 36 39 32 -20 -5 37 -9 53 54 -26 -27 -19 29 -2 -4 56 33 -7 47 -14 -12 38 -22 -11 46 -42 -43 -10 -45 -46 -29 -30 49 50 -49 -52 -51 -24 -17 -55 -18 -33 -16 -6 -61 -23
right_child=2 3 4 8 59 13 15 22 43 17 16 12 35 -15 58 24 31 27 19 -21 21 61 23 -25 25 26 -28 40 34 -31 -32 57 -34 -35 -36 -37 -38 -39 -40 -41 41 42 -44 44 45 -47 -48 48 -50 52 51 -53 -54 55 -56 -57 -58 -59 -60 60 -62 -63
leaf_value=-0.021017038938209817 -0.014133830694629918 -0.012468277553370247 0.013075586921378808 -0.013623392558895683 0.011586862234757847 -0.013510022185410852 -0.015641445887631125 -0.010355979409559887 -7.7873470878377473e-05 -0.0051357354779912497 -0.0046625796755328042 -0.011541914113711747 0.025723396848340345 0.019756005358269685 0.0057447325525854251 -0.021837322863267818 -0.0033420478838625594 -0.015736870091147971 0.0024865922931471742 0.016309575096418297 0.013749027504246596 0.029009764557146291 0.0034516638221298653 -0.0075352054086735946 -0.011289170121724659 0.017372807883020883 -0.0081315827106395733 0.010940927688690425 -0.0047230386752668621 0.014539895693377511 -0.0076799116539989004 0.022290147570901531 -0.015581860772849419 0.01846916636933366 -0.0045042429557849107 -0.00032264820867078766 0.030524409382867951 0.0079364163097955746 -0.0099211927385537604 0.034208897023234736 -0.0081410968299467524 0.036656002146858706 0.0024810559251614069 -0.00017745147477351393 -0.0012478173809966756 0.042721196801617817 -0.0084975995645423814 -0.011523516499825007 -0.0027082060840065967 0.015784750309880882 0.039875273757936043 0.0081389014476612644 -0.010849539129156829 0.044479315513478598 -0.007117677383093571 -0.003995905941449821 0.011224705592338563 -0.0087976152344591847 0.033004021519118389 0.011308245679548587 0.02678407091769593 -0.011148318951935058
leaf_weight=262.47747182287276 50.392127018421888 26.214097280055285 20.972540825605392 214.35766064934433 135.96459915488958 14.536598660051821 247.67152744531631 195.85672822967172 66.500320628285408 4.224348787218335 5.6514250226318827 14.503436118364332 52.044973123818636 44.721262227743864 19.439156655222178 36.594466298818588 34.29801032692194 10.439287040382622 689.24565805122256 52.528469115495682 10.953280609101055 9.3722506724297983 17.528996955603365 38.145831223577261 32.318909488618374 41.668327663093805 22.21148881688714 47.057372156530619 25.824529800564051 9.9156967625021917 92.011678930372 93.395677838474512 48.037132680416107 17.648745730519295 59.248837728053331 14.315842390060423 54.29672047495842 30.600025150924921 175.45183989405632 24.363009568303823 6.6399894505739203 21.372307274490595 10.462552819401028 12.936473760753872 4.8906803838908663 8.5991832353174669 23.28597104921937 4.1725824624299994 30.889336548745632 16.035604253411293 27.955759108066559 14.807856816798447 13.104155093431475 6.7807060033082944 170.16357246600091 2.7956453710794449 215.16010370478034 4.8220853656530371 16.913490116596222 54.174549676477909 103.19256127625704 2.604869842529296
leaf_count=7683 840 514 235 4852 1074 207 6778 3141 881 67 51 155 473 348 270 906 347 219 7624 478 205 156 231 524 725 923 506 924 316 147 1033 668 673 186 967 155 399 407 3393 301 110 233 132 181 61 99 275 63 395 193 342 175 163 84 4006 41 2151 35 209 353 663 39
internal_value=0.000330229 -0.00875469 0.00632421 -0.00254476 0.00861174 0.00679647 -0.014131 -0.00101637 -0.00625344 0.00873706 0.0116043 0.00417713 0.0143954 0.00341258 0.00432647 -0.0106889 0.0150429 0.0127818 0.00240934 0.00356811 -0.00879837 -0.00408691 -0.00689409 0.00349456 -0.00645182 0.00166196 0.0085582 0.00801989 0.00158172 -0.00866711 -0.00343635 0.0126086 -0.00788587 0.00415119 0.00493852 0.0204756 0.0271037 -0.00580355 -0.00820749 0.0284959 0.0108902 0.0209386 0.0272858 0.00571735 0.0179928 0.0307537 0.00436924 0.00916231 0.0125758 0.018566 0.0263715 0.0308882 0.00397249 0.017773 -0.010177 0.0338114 0.00919561 0.0204116 0.0208845 0.0174314 0.0219687 0.0195648
internal_weight=3834.76 1523.43 2311.33 710.326 1761.52 1468.19 813.106 549.807 536.267 174.059 601.472 193.848 80.8643 866.718 288.699 550.628 407.624 147.845 821.997 741.774 443.34 228.982 261.108 65.2512 302.957 96.1987 63.8798 119.257 252.346 60.3078 112.984 347.676 80.2225 32.1853 192.039 66.3608 59.9481 217.005 186.405 28.5874 108.818 38.4748 31.8349 92.9267 26.4263 13.4899 70.3433 132.79 106.965 76.076 46.9362 42.7636 29.1398 27.1053 206.758 9.57635 249.458 98.2178 36.3526 293.332 157.367 11.9771
internal_count=59985 34576 25409 13049 17308 15218 21527 8101 10274 2775 5702 2051 783 9516 4080 13844 3651 2261 9168 8102 9052 4200 4021 880 7066 2154 1429 1893 3601 987 1268 3201 1066 393 2614 628 450 4005 3598 368 1674 475 365 1222 341 160 1199 1647 1331 936 580 517 356 356 4912 125 2498 703 479 2090 1016 195
is_linear=0
shrinkage=0.03


Tree=39
num_leaves=63
num_cat=0
split_feature=3 15 6 32 32 14 11 11 14 21 14 32 21 24 25 7 17 21 6 21 14 3 5 2 5 20 2 25 17 20 22 11 21 26 3 5 16 9 26 20 26 26 5 7 0 11 26 3 0 3 9 2 9 13 26 23 9 9 22 18 25 15
split_gain=205.106 53.7641 50.0488 32.8457 27.2304 24.1213 23.2636 23.0858 17.5312 16.744 14.9632 17.6309 14.4394 13.534 13.3704 12.0448 11.8357 11.5144 11.5081 11.3593 11.2913 11.1777 11.166 11.1512 10.4082 10.3773 9.90059 11.408 9.59219 8.82596 8.59117 9.93502 8.57626 8.51272 8.49861 9.26572 8.38481 8.03458 7.99244 7.90847 7.92541 9.15465 10.5591 8.93454 9.70992 7.88132 7.96543 7.78069 7.45255 8.03088 7.39303 9.5033 8.0453 7.32633 14.6959 8.41646 7.5235 7.47378 7.31783 7.28418 7.22973 7.16924
threshold=-0.1161692328751087 -0.011619723867624996 -0.41294224560260767 13.500000000000002 8.5000000000000018 -1.8591957092285154 0.22568751126527789 0.036560259759426124 -0.90419462323188771 -0.5057750642299651 0.45624482631683355 12.500000000000002 1.8065880537033083 -0.58644133806228627 0.59866327047348034 1.3729028105735781 -0.33201079070568079 1.4334087371826174 0.13768934458494189 0.89152303338050853 0.47093339264392858 1.0920122265815737 -0.30975657701492304 1.3498903512954714 1.5683449506759646 1.3237347602844241 0.88031867146492015 -0.11852892860770224 2.1570289134979252 1.6717879772186282 1.3726598620414736 -0.10536131262779234 -0.32103933393955225 0.8826442062854768 -1.2006285786628721 -0.17966429144144055 -0.24718429148197171 -0.99846389889717091 0.58667337894439708 1.6272351741790774 1.1085847616195681 0.74403703212738048 0.7562253773212434 -0.61790248751640309 -0.0619407370686531 0.88720330595970165 1.1703364849090578 0.57800382375717174 0.11218704283237459 0.62921172380447399 -0.97249707579612721 -0.031009424477815625 0.72971028089523327 0.27230566740036016 0.36244197189807897 0.15706679224967959 -1.7528619766235349 0.736219882965088 -0.33462138473987574 1.8142587542533877 -0.26728245615959162 0.85103580355644237
decision_type=2 2 2 2 2 2 2 2 2 2 2 2 2 2 2 2 2 2 2 2 2 2 2 2 2 2 2 2 2 2 2 2 2 2 2 2 2 2 2 2 2 2 2 2 2 2 2 2 2 2 2 2 2 2 2 2 2 2 2 2 2 2
left_child=2 4 6 8 32 38 29 12 19 -9 11 37 18 -10 15 16 -15 22 25 48 30 -22 -11 -19 -8 -5 27 -20 39 -1 31 -6 -2 -16 -13 60 -23 -7 -4 40 41 42 61 -44 -45 50 -47 -32 49 58 -18 -52 -53 54 56 -56 -33 -55 -3 -17 -36 -24
right_child=1 3 5 7 20 10 24 9 13 17 -12 34 -14 14 33 59 45 23 26 -21 21 36 28 -25 -26 -27 -28 -29 -30 -31 47 53 -34 -35 35 -37 -38 -39 -40 -41 -42 -43 43 44 -46 46 -48 -49 -50 -51 51 52 -54 57 55 -57 -58 -59 -60 -61 -62 -63
leaf_value=-0.021201975278918244 -0.0015844520510357523 -0.014966903473491182 0.0041747933955223037 -0.015830501981140579 -0.010116230916561013 -0.011129755710230147 -0.008126511130789011 -0.0018712604269673764 -0.0062392804435934934 -0.0020592379288699638 -0.014308162798704302 -0.016128911215988018 0.015079920754340446 -0.0014783093118265463 0.0054871275496030034 0.032580102300307445 -0.0043921049355030847 0.02107270170284405 0.006743434490199058 0.033095140398927893 -0.016254036862615971 0.020044445652032124 0.0020412118304449834 -0.0091410269811056481 0.023018835945111293 0.011435371167916481 0.013896795559146359 -0.0068973497938589565 0.020711817263334237 0.008995866771631493 -0.0045479332804594392 -0.0097886726882693252 0.038502637198668518 -0.016925785140498969 0.0077477198724018627 -0.0020618010532572079 -0.0063707822517088146 0.0099319861217582375 0.026834887925161342 -0.010288930003413686 0.019304016553541505 -0.0016392164974507273 -0.0062169645363547976 -0.0057005428002673266 0.023792385504901575 0.021311035234827882 -0.0068069687871973724 0.034189651771543109 -0.0013260702852230207 0.027972162077834851 -0.010432634978599347 0.01770358592295149 0.0031232400026210616 -0.011057924116483609 0.0091499521133394067 -0.018127728169002582 0.021928029853439772 0.013566092862739392 0.013883384691834602 -0.0076896774687728979 -0.018919694159852809 0.0098772699255055569
leaf_weight=360.78288272581995 6.1579481139779118 6.8800714202225235 36.950815934687853 80.656645659357309 100.62790007516742 15.063513364642857 143.21697549894452 159.55475148186088 38.613946810364723 98.488943573087454 144.53768107108772 63.124592136591673 38.301191780716181 52.934707950800657 46.449644286185503 34.444924414157867 26.827521257102489 92.794941920787096 78.528796531260014 53.121834944933653 124.33958003111184 10.092302944511173 193.11354655772448 9.5703186318278295 5.5535111725330344 11.030681073665617 34.285488024353981 158.83158202841878 51.196655631065369 6.3401742447167626 6.3272941745817644 4.9416304491460314 12.027526985853909 16.706806506961584 8.1301361583173257 285.86690967157483 33.279628902673721 98.210808336734772 20.071798387914896 17.635289970785379 49.033740766346455 91.244710348546505 10.641588240861891 9.4989146664738637 76.900623973459005 121.90941295400262 7.504627212882041 5.9575949534773827 20.839080415666103 33.02448295801878 12.506739631295202 120.82433144375682 50.09212102368474 45.364126902073622 13.588795121759174 18.997735891491175 41.30732598528266 9.6749786548316461 20.067255612462759 2.6190507411956778 49.604155872017145 234.27333381026983
leaf_count=10688 112 68 494 1453 2118 246 3448 2214 587 1140 3192 1387 384 649 454 278 288 665 968 347 2754 159 2458 61 110 176 377 1922 373 177 128 100 184 161 172 5583 502 1576 245 165 512 934 109 104 672 971 68 87 168 243 141 1144 492 824 291 310 760 174 191 31 1070 1995
internal_value=0.000581823 0.00537457 -0.0094447 0.00730504 -0.00424009 -0.00429385 -0.0165386 0.00481075 0.0128339 0.00706076 -0.00592599 -0.00348203 -0.00132916 0.0102162 0.0115552 0.01343 0.0115971 0.00858781 -0.00324017 0.0224794 -0.00594458 -0.0118327 0.00733514 0.0179538 -0.0062532 -0.0121285 -7.51515e-05 -0.00233839 0.00860188 -0.0205666 -0.00178762 -0.00322845 0.027514 -0.00124851 -0.00638738 -0.00439205 0.00121239 0.00677904 0.0136714 0.00754921 0.00809575 0.00705478 0.00856864 0.0173334 0.0204154 0.0136267 0.0194879 0.0186938 0.0139793 0.0189904 0.00965003 0.0117659 0.0136406 0.00212663 0.00779115 -0.00704874 0.0179148 -0.00596012 0.00532785 0.0291587 -0.0148462 0.00640112
internal_weight=3831.09 2593.63 1237.45 2160.95 432.684 721.56 515.894 1495.58 665.367 1093.95 664.538 520 401.634 531.434 492.82 429.663 392.599 934.393 363.333 133.933 414.499 167.712 832.027 102.365 148.77 91.6873 271.646 237.36 733.538 367.123 246.787 234.502 18.1855 63.1565 406.726 343.601 43.3719 113.274 57.0226 682.342 664.706 615.673 524.428 97.0411 86.3995 339.665 129.414 12.2849 80.8109 59.9718 210.251 183.423 170.916 133.875 78.8355 32.5865 46.249 55.0391 26.9473 37.064 57.7343 427.387
internal_count=59854 31466 28388 22963 8503 13965 14423 16682 6281 11402 13226 10034 5280 5264 4677 4062 3753 9188 4896 1017 8207 3415 8462 726 3558 1629 3267 2890 7322 10865 4792 4577 296 615 8212 6825 661 1822 739 6949 6784 6272 5338 885 776 3104 1039 215 670 502 2065 1777 1636 2459 1461 601 860 998 259 309 1242 4453
is_linear=0
shrinkage=0.03


Tree=40
num_leaves=63
num_cat=0
split_feature=3 23 15 32 3 4 14 21 32 4 6 15 6 21 5 14 12 32 4 4 15 17 5 4 15 5 3 12 35 31 1 20 20 1 1 13 15 16 31 30 17 26 21 6 25 20 12 27 14 15 25 23 4 6 3 5 3 3 17 12 26 26
split_gain=211.455 49.6487 49.2069 35.3309 22.9598 20.9922 20.7776 19.194 16.9047 15.8737 15.6109 14.6218 14.2876 13.0752 17.3144 12.5824 12.7139 12.5296 12.3215 12.1085 11.5781 11.432 11.0895 9.75308 9.5526 9.43017 9.25218 11.9274 9.15822 9.05798 8.79986 8.56192 9.60587 8.54979 9.11402 8.33761 8.33026 8.18687 8.18317 11.2586 8.11778 7.91464 8.51657 7.6487 8.3044 8.33646 7.46095 8.95311 7.30095 7.26479 7.96457 10.1933 11.1518 7.93082 7.17359 7.14177 9.73953 11.2963 7.12845 7.62882 7.00709 10.1737
threshold=-0.1161692328751087 0.35612271726131445 0.045292682945728309 14.500000000000002 0.65529128909111034 -0.085485760122537599 0.23911408334970477 0.80632928013801586 12.500000000000002 -0.45278035104274744 -0.13939084112644193 0.82950487732887279 0.74770116806030285 1.3633279800415041 1.5400419831275942 -1.716747462749481 -0.66645434498786915 11.500000000000002 -0.15453774482011792 1.4110732674598696 -0.35810057818889612 0.098583541810512557 0.93634629249572765 1.7077614068984988 0.86289587616920482 1.7157556414604189 0.55284741520881664 1.3603669404983523 1.0000000180025095e-35 0.21428572386503222 -0.0093692927621304972 -0.096078120172023759 0.12225593253970148 -0.29629065096378321 0.6825527846813203 0.26273006200790411 -1.2965850234031675 0.48578697443008428 0.5000000149011613 -2.6333333253860469 -0.33374078571796412 -1.0718821883201597 0.12327340617775918 -0.168356217443943 -0.48023346066474909 0.18245398253202441 0.89577630162239086 3.5000000000000004 -1.1684371829032896 1.6116285324096682 -0.24218232184648511 1.1927740573883059 0.10340107604861261 0.71393960714340221 -0.97545635700225819 0.038795599713921554 0.70705479383468639 -1.0000000180025095e-35 1.7081036567687991 0.57717359066009533 -0.53588587045669545 -1.8254084587097166
decision_type=2 2 2 2 2 2 2 2 2 2 2 2 2 2 2 2 2 2 2 2 2 2 2 2 2 2 2 2 2 2 2 2 2 2 2 2 2 2 2 2 2 2 2 2 2 2 2 2 2 2 2 2 2 2 2 2 2 2 2 2 2 2
left_child=2 6 9 7 11 -4 8 20 33 -1 17 31 19 14 23 -9 -17 36 -15 40 -3 25 60 30 -13 -19 37 -28 54 -10 -6 -5 -33 -2 55 -14 -11 -22 -20 -40 -8 42 -31 -42 45 -45 47 -12 -49 50 53 -52 -53 -32 -24 56 57 -35 -26 -60 61 -7
right_child=1 3 5 4 13 22 12 15 29 10 46 24 35 18 -16 16 -18 21 38 -21 26 -23 28 -25 58 -27 27 -29 -30 41 49 32 -34 34 -36 -37 -38 -39 39 -41 43 -43 -44 44 -46 -47 -48 48 -50 -51 51 52 -54 -55 -56 -57 -58 -59 59 -61 -62 -63
leaf_value=-0.021970926063059636 -0.011201990359447467 -0.008788982819452399 -0.016089980439477125 -0.015576135866860998 -0.011642333671799088 -0.01145205750010816 -0.015101093350156816 0.036386873971906257 0.0057926742039509952 -0.018346258640188108 -0.014801090223606416 0.031046621846968749 0.025127891304315145 -0.0079077853963316486 0.021872986773618392 -0.001725081925814304 0.017967819183693605 -0.01950474537838778 0.011318298908209871 0.014201255505955399 -0.0067918525556334534 0.0031822306552650795 -0.0029732138930363408 0.016488004444905641 -0.00049599477692623237 0.013994794488017714 0.013488074953581319 -0.014324955953706872 -0.0030403652761035798 -0.01125964019858078 -0.001143567473987843 0.011474381948610699 -0.0068036109809120312 0.030526663315576959 -0.0082183482967651527 -0.0032617222418347778 0.0051586400099752237 0.008440344231968969 -0.0019632726218698905 0.034358913041134365 -0.011240869204617511 -0.012533350751816554 0.027374921656526201 -0.0063646970674063321 -0.0042580909335942817 0.025548915114800647 0.0087955783230003678 0.010031370734222998 -0.0059701592285965142 0.013769042820485631 -0.0029682005655497926 0.010897819573948269 -0.011401466309204822 0.014594938832900636 0.03627041405730138 0.046527458416685298 0.030625524670865392 -0.0073246560164614595 0.03131200426293676 -0.0021322058766492223 -0.002569754412644227 0.013119033638405466
leaf_weight=179.01752382516861 5.3643468432128421 28.814923070371151 65.815772689878941 67.876307647675276 31.561815991997719 15.562101382762192 126.212740752846 29.006272003054619 93.61562822945416 14.266437297686933 83.110659290105104 6.9286139756441107 14.907360911369326 16.03205581754446 46.741108674556017 32.321683503687382 256.39578573033214 315.38544129952788 84.776398692280054 16.878885466605425 47.089622717350721 21.279140220955014 4.4308949373662498 45.275218330323696 107.49118281155825 4.3869613800197831 312.08459293469787 10.580969922244547 11.46935284137726 5.627420583739875 43.634557615965605 28.661564290523529 108.94487956538796 4.7473411448299876 6.2902237437665454 15.584057934582232 41.244577310979366 77.307378944009542 8.7603392228484136 37.022950481623411 103.91219827719033 57.979655696079135 6.2044229097664356 9.2636314220726508 96.566183008253574 14.249941542744635 24.934235945343971 28.299202278256416 109.0608923137188 51.899320565164089 269.28246399760246 109.20095225796103 20.245201725512743 76.10544192045927 14.47620129957795 7.8935878723859778 18.428869377821684 21.535945978015665 9.4936792999506014 9.6130951419472677 232.45732812583447 60.064082883298397
leaf_count=5242 80 499 1242 1150 391 241 2796 179 1600 435 1882 84 207 156 374 298 2051 9266 623 210 632 548 53 358 1198 101 2796 94 149 112 597 438 1674 91 73 201 1083 899 66 272 2217 1038 90 143 1518 197 561 636 2469 367 2928 914 155 747 157 89 199 337 95 92 3468 885
internal_value=0.000428428 0.00527128 -0.00982149 0.00760104 0.00427918 -0.00122957 -0.00208276 0.0124807 0.00507413 -0.0140193 -0.0116493 -0.00228746 -0.00619356 0.00692553 0.00513509 0.018188 0.0157714 -0.0153126 0.0149523 -0.00786507 0.00852064 -0.0174368 0.0018523 0.00376786 0.00532184 -0.0188368 0.00972118 0.0123713 0.0177603 -0.000184285 0.00268314 -0.00724108 -0.00272772 0.0174952 0.0207811 0.0122027 -0.00189896 0.00263466 0.0179475 0.0278999 -0.00911353 -0.00805073 0.0111134 -0.00548366 -0.000251412 0.0140646 -0.0055421 -0.00732272 -0.00243695 0.00357014 0.00242745 0.000353167 0.00711593 0.00904371 0.0283752 0.024661 0.0165092 0.00329847 0.00278783 0.0175332 2.5209e-05 0.00766624
internal_weight=3823.67 2598.41 1225.26 1973.15 1179.55 404.276 625.262 793.601 227.687 820.985 641.968 339.009 397.575 840.538 693.946 317.724 288.717 396.563 146.592 367.084 475.877 341.052 338.46 647.205 133.527 319.772 447.063 322.666 30.3764 163.427 601.93 205.483 137.606 64.2603 58.896 30.4914 55.511 124.397 130.56 45.7833 350.205 69.8115 11.8318 223.992 120.08 23.5136 245.405 220.471 137.36 570.368 518.469 398.729 129.446 119.74 18.9071 52.6057 44.7122 26.2833 126.598 19.1068 308.084 75.6262
internal_count=59743 31325 28418 20127 12679 6195 11198 7448 3709 22223 16981 4731 7489 7948 6831 2528 2349 11433 1117 7081 4920 9915 4953 6457 1469 9367 4421 2890 359 2840 6099 3262 2112 869 789 408 1518 1531 961 338 6871 1240 202 4075 1858 340 5548 4987 3105 5708 5341 3997 1069 1344 210 716 627 428 1385 187 4594 1126
is_linear=0
shrinkage=0.03


Tree=41
num_leaves=63
num_cat=0
split_feature=3 24 6 14 3 14 14 4 8 32 4 9 25 6 7 32 4 20 14 5 8 3 24 20 21 25 4 1 10 8 3 2 7 0 26 16 26 7 8 5 29 25 29 8 6 16 22 9 5 0 32 12 10 4 5 8 29 8 14 6 6 5
split_gain=198.95 53.9642 41.7848 33.4114 33.6466 26.4311 24.8154 23.1148 19.4222 16.4481 14.9732 14.9528 15.2797 21.059 13.0744 12.5525 12.3766 12.2165 11.8468 11.1742 10.5682 10.5549 10.3988 13.3946 10.951 10.141 11.7705 9.58036 9.89797 9.51976 12.5162 9.46469 10.9296 10.097 9.43918 9.41482 9.44435 9.40237 9.24672 9.20511 8.8912 8.78126 8.73355 8.59401 8.60829 8.1306 7.92055 7.46406 7.41453 7.77149 7.43902 10.441 7.37954 7.27543 9.10616 7.17604 7.05076 6.98555 6.77936 6.92016 8.09682 6.77421
threshold=0.057279193773865707 -0.091450687497854219 -0.35569941997528071 -0.91759115457534779 1.7184820175170901 0.21859091520309451 0.45624482631683355 -0.21817633509635923 0.52249017357826244 11.500000000000002 2.1601321697235112 -1.1543081998825071 1.5729056596755984 1.3410488963127138 -0.94820669293403614 15.500000000000002 1.4757307171821596 0.2552724182605744 -2.1423717737197872 1.5683449506759646 -0.34270763397216791 -1.1167236566543577 1.0979564785957339 1.2687095403671267 0.25812309980392462 -0.26715756952762598 -0.18725319206714627 1.4950020909309389 1.1110197901725771 0.074279546737670912 0.90905573964118969 1.182564437389374 1.3729028105735781 0.57196810841560375 0.36244197189807897 0.7060753107070924 1.011988699436188 -0.77594074606895436 -0.67141896486282338 0.68157285451889049 0.87867647409439098 2.5383567810058598 0.20714285969734195 0.61037188768386852 -0.92880016565322865 0.57209491729736339 -1.9423680305480955 -1.2083337903022764 1.2088112831115725 0.27386207878589636 8.5000000000000018 -0.57974591851234425 -0.71564483642578114 0.60094025731086742 1.7566992640495303 -0.012351117562502621 0.064583335071802153 -0.85278454422950734 -2.0186604261398311 0.88901883363723766 0.67199891805648815 0.04810826666653157
decision_type=2 2 2 2 2 2 2 2 2 2 2 2 2 2 2 2 2 2 2 2 2 2 2 2 2 2 2 2 2 2 2 2 2 2 2 2 2 2 2 2 2 2 2 2 2 2 2 2 2 2 2 2 2 2 2 2 2 2 2 2 2 2
left_child=2 5 10 8 11 29 7 -4 17 20 19 46 13 15 -10 48 43 58 -11 35 -9 -20 -16 24 -24 26 -17 28 -27 42 -31 32 33 -6 -33 -1 -37 -22 56 -23 47 52 -2 -7 -45 -8 -5 -32 50 53 51 -13 -39 -50 -55 -53 -28 -36 -3 60 -60 -30
right_child=1 3 6 4 31 16 45 9 14 18 -12 12 -14 -15 22 25 -18 -19 21 -21 37 39 23 -25 -26 27 38 -29 61 30 40 34 -34 -35 57 36 -38 41 -40 -41 -42 -43 -44 44 -46 -47 -48 -49 49 -51 -52 55 -54 54 -56 -57 -58 -59 59 -61 -62 -63
leaf_value=-0.016975217250743545 0.015068064105491417 0.012012282873623116 -0.013818902198936875 0.02197224285716997 0.012799462930134019 -0.014976949639522801 -0.017551593247271628 -0.0036708241233624254 -0.0070734731134763007 0.014332519403002926 0.025128199726953061 -0.011244937428410135 -0.0070554716690348612 0.014664239626504327 0.013451844315711149 -0.012196529664160434 0.0158580128941491 0.01775168035356376 -0.013412996346758231 0.0097218631385350297 -0.0041116972544067406 -0.0025339528057410719 0.0160131931229507 -0.0054035906736600182 0.047802554316997883 -0.0045346393899905356 -0.0091419162792932551 0.020749339274781824 0.0018055626200727212 0.0024746187778406908 0.00052771487377323268 0.036866882683858973 0.031109705639371613 -0.0028971213785110366 -0.011319146741992289 -0.0081798000146184081 0.023914674770750328 0.00065849553004869042 0.0036268028549411228 0.011511300180147703 -0.0040570971238475945 -0.01100591483402689 -0.0089506766972567552 -0.013814079135490358 0.007836551207321775 -0.0012679914688458671 -0.006449873928466199 0.037969698745116236 -0.014143013945339263 0.028632270194104775 0.0047994960751243871 0.0055257504879513055 0.031227013529047946 0.033358620035978503 -0.011344072459826767 0.034379211384375954 0.026878953572585913 0.018352484041066385 -0.0062641113492418327 -0.010195626036691023 0.026688280922307836 0.028559003850282719
leaf_weight=518.63553196005523 12.87247449159622 36.145887404680252 110.13227162696421 4.5413879565894595 181.08185309544206 180.69911579228938 134.62375572510064 25.542184934020042 7.9255661368370047 34.663312751799822 4.0664855465292922 6.2641527578234664 83.466053307056427 200.89102592691779 36.825167119503021 16.339999079704285 11.217212855815886 94.790891103446484 65.675247151404619 12.613225489854811 12.312875173985956 320.59613093920052 20.953530631959438 5.356313280761241 43.478602901101112 319.41139193996787 3.1263480037450782 11.187637612223623 24.459108449518681 65.696693919599056 6.0595370270311859 28.985611066222191 20.69066859036684 43.967163272202015 6.7037412002682712 35.037902867421508 5.4148247186094514 8.653637692332266 48.893690682947636 43.233031153678894 6.8809614069759837 3.550598017871379 54.2573611587286 23.979728173464537 33.597431134432554 35.414818931370974 144.26291447505355 20.801660913974047 8.1651935540139693 23.506353493779898 420.28184466809034 14.864730037748812 41.328511923551559 4.9742369651794416 3.6779470220208168 18.750995345413685 34.657198529690504 16.27928563952446 11.200968313962223 40.827607698738575 7.5752603299915782 8.7119056768715364
leaf_count=14968 202 290 2475 59 1324 3690 3041 404 82 402 63 61 954 1582 306 256 138 688 1379 295 184 5945 165 34 274 3978 37 116 303 1071 73 186 140 314 45 806 127 110 603 618 87 32 908 508 615 664 1879 247 91 204 4827 141 483 44 32 150 435 102 150 342 70 93
internal_value=0.00036801 0.00558668 -0.00856488 0.00762586 0.00594994 -0.00420536 -0.00423907 -0.00158349 0.0167081 0.000943658 -0.0147532 0.00397278 0.0050425 0.0059333 0.0263364 0.0040539 -0.0103024 0.0103948 -0.00138397 -0.0152523 0.0122244 -0.0028027 0.0290257 0.0357948 0.0393622 0.000501125 0.0085805 -0.00187222 -0.00287011 0.00496112 0.0106499 0.0150313 0.0121206 0.00973655 0.0265233 -0.0158969 -0.00172564 0.0182142 0.0129489 -0.000731559 0.0241937 0.0232619 -0.00361972 -0.0118345 -0.00156379 -0.0142932 -0.00489636 0.0309316 0.00732973 0.0190693 0.00610708 0.0178174 0.0264757 0.00220411 0.0171609 0.0239878 0.0231784 0.00922171 0.00259199 -0.00360836 0.00984712 0.0116525
internal_weight=3830.78 2419.28 1411.49 2003.22 1698.14 416.062 835.726 665.688 305.08 555.556 575.768 1400.43 1251.63 1168.16 114.539 967.273 249.493 190.541 464.168 571.701 91.3878 429.504 106.614 69.7884 64.4321 466.787 103.017 363.77 352.582 166.569 99.4389 297.708 245.74 225.049 51.9686 559.088 40.4527 65.8456 86.6772 363.829 33.7422 53.5327 67.1298 238.276 57.5772 170.039 148.804 26.8612 500.485 40.3237 460.162 39.8799 49.9821 16.8174 8.65218 33.6157 37.7835 22.983 95.7497 59.6038 18.7762 33.171
internal_count=59892 27896 31996 20357 17956 7539 15737 12032 2401 9557 16259 15845 13907 12953 861 11371 4951 1540 8344 16196 1213 7942 779 473 439 5821 1331 4490 4374 2588 1478 2111 1778 1638 333 15901 933 809 1075 6563 407 625 1110 4813 1123 3705 1938 320 5550 371 5179 352 593 167 76 291 472 147 852 562 220 396
is_linear=0
shrinkage=0.03


Tree=42
num_leaves=63
num_cat=0
split_feature=23 15 15 4 15 17 7 4 4 11 11 14 21 9 9 25 11 7 26 14 20 23 25 11 21 17 7 18 24 29 24 20 5 4 26 9 10 24 16 7 10 15 22 8 7 24 9 10 24 19 9 26 11 16 10 9 15 17 4 11 29 23
split_gain=211.796 56.6066 44.2144 26.1154 22.2478 19.0711 18.7324 16.9367 14.9952 14.165 12.4721 12.1564 13.1933 12.5604 11.8385 11.7022 15.0158 11.5245 11.3107 12.9615 11.2708 10.6693 10.2966 10.0707 10.0084 9.80138 9.77022 9.74078 9.70977 11.0278 9.48417 9.19748 8.77687 8.38184 8.29482 7.94272 8.86494 9.04389 8.19316 7.98795 7.93392 7.86869 7.76867 8.13544 7.74652 7.66276 7.44056 8.51538 7.33145 7.08541 7.71456 7.66089 7.03178 7.00286 6.93531 7.41022 6.91861 8.56713 7.40056 9.81055 8.60545 6.81394
threshold=0.30156698822975164 0.045292682945728309 0.82950487732887279 1.7498977184295657 -0.85489994287490834 0.067275837063789382 -0.92921462655067433 0.17242000252008441 -0.013657241128385065 1.103959918022156 0.036560259759426124 -2.6278655529022212 1.0838567614555361 -1.3498557806015012 1.0525641441345217 0.14320220798254016 0.96078786253929149 -0.37563815712928766 -0.51851791143417347 0.35399699211120611 -0.22707098722457883 0.86667206883430492 -0.48035946488380427 -0.49575868248939509 -1.0165418386459348 -0.353479653596878 -0.89266744256019581 -0.76526281237602223 0.50366070866584789 0.79285714030265819 1.4247425198554995 0.69372144341468822 0.62958914041519176 -0.6638805866241454 -0.033662246540188782 -0.27864751219749445 -1.1760698556900022 0.60168081521987926 -0.28869716823101038 0.40890003740787512 -1.0759878158569334 1.4251330494880678 0.028886667452752594 0.012099164072424175 0.22266384959220889 0.72805076837539684 -1.9144167304038999 -1.6494186520576475 -0.75608906149864186 0.9882856309413911 0.6742423176765443 -2.0478987693786617 1.2010232806205752 -0.85692596435546864 1.5118504166603091 -0.54422825574874867 0.89735013246536266 -0.45688064396381373 1.1460446119308474 0.012656308244913818 0.45804196596145635 0.7725568711757661
decision_type=2 2 2 2 2 2 2 2 2 2 2 2 2 2 2 2 2 2 2 2 2 2 2 2 2 2 2 2 2 2 2 2 2 2 2 2 2 2 2 2 2 2 2 2 2 2 2 2 2 2 2 2 2 2 2 2 2 2 2 2 2 2
left_child=1 4 3 5 9 15 52 10 -3 -1 31 23 24 -14 20 16 17 -2 19 26 54 32 -9 -8 -13 -26 -10 -15 29 41 34 -6 -18 -29 -23 39 37 -37 -38 -19 -5 -28 43 -20 -17 -12 -22 -48 -42 50 51 -25 -4 -11 55 61 -35 -58 59 -59 -60 -7
right_child=2 8 6 40 7 14 11 22 18 53 45 12 13 27 -16 44 21 35 42 -21 46 30 -24 49 25 -27 28 33 -30 -31 -32 -33 -34 56 -36 36 38 -39 -40 -41 48 -43 -44 -45 -46 -47 47 -49 -50 -51 -52 -53 -54 -55 -56 -57 57 58 60 -61 -62 -63
leaf_value=-0.021567427939667386 -0.012102184796342607 -0.011120494278331425 -0.012602001567690686 -0.0068980668109930761 -0.017696682952379153 -0.0094168212062337286 -0.0078629472665538869 0.02301016533060312 -0.010390935197413128 -0.0116469587916676 -0.0069622284971380339 -0.010524958629452828 -0.0061237547309329907 -0.0057032026961819273 -0.0089662389377326169 -0.016484075645244713 0.018647082625544872 0.0016324281944362156 -0.0039010152475555441 -0.0022356219517622295 -0.010735734396714004 0.0072155689707429273 -0.0024839959445236348 -0.0028998507816238813 -0.0032517887151008165 0.0091131323254377856 0.039452165217548449 -0.0064447410667593449 0.0011472526653291697 0.00040276253058051662 0.021347769264489013 -0.0051464782120379604 -0.0081792019926574411 0.034718376493116543 -0.015589098172320027 0.030382755317983082 -0.013764661235447923 -0.0036167729706273071 0.0023411224198403467 -0.015515648284771545 -0.0094640912534927051 -0.0083475061187809618 -0.0062042939069272829 0.011554950269253409 -0.0010245489174957399 0.018573557022084075 -0.011683325045303641 0.011573486425446476 0.025933315315341533 -0.0024135686002092777 0.0026829913845842122 0.036783947191734515 0.0047068516797986017 0.018159767381850076 0.019071025323634392 -0.0091522627913891395 0.037096883228300279 0.002157722976311653 0.0075149757413723994 0.015960705253781477 0.034652575115952253 0.014500612296818555
leaf_weight=282.33942279592156 100.71487326733768 81.410407073795795 39.345333110541105 6.7555290907621375 280.65017731487751 12.311093732714651 6.661451391875743 12.081049401313065 6.4327995665371409 9.0636659003794211 193.68923913873732 23.128642607480288 22.207837544381618 15.378529585897921 43.892668660730124 75.229612238705158 66.452843308448792 42.22839668020606 53.077263310551643 41.891722176223993 11.629638489335774 19.774505253881216 82.123755749315023 4.0373200774192801 61.033610954880714 625.48030727356672 31.647456798702478 10.670160260051487 15.245067592710255 9.7988128960132581 8.1593957766890508 70.732418276369572 10.031010966747997 20.26767598092556 31.652499713003635 13.417543279007079 28.092603946104646 9.8427037931978685 196.63158633187413 50.362463172525167 3.3028188943862906 1.6751095689833153 117.16708019003272 61.794263180345297 46.936244674026966 6.4431884512305251 10.999917678534983 292.1494300365448 52.685692355036736 6.3586098738014689 9.5286954790353757 44.337541826069355 36.513221140950918 9.672936908900736 8.6050279326736909 70.345426950603724 14.024721607565878 69.167046993970871 20.403343990445137 147.07290920615196 28.309708394110203 25.591959364712238
leaf_count=8671 1862 1469 495 70 8120 179 51 225 102 234 4606 272 163 97 556 1251 985 722 819 636 148 253 1631 32 658 5323 438 102 172 135 70 1814 135 181 422 248 503 139 2861 789 44 20 1780 934 642 112 144 3406 493 45 71 310 391 242 128 1007 121 571 123 920 167 347
internal_value=0.000316024 -0.00911957 0.00560614 0.00161344 -0.0131683 0.00056681 0.00968752 -0.00989515 5.17833e-05 -0.0199118 -0.0118875 0.0106569 0.00975992 0.0145576 0.00517283 -0.00257877 -0.000757414 -0.00344807 0.00285964 0.0107051 0.00669684 0.0077816 0.00178038 0.0225028 0.00732516 0.00799828 0.0186319 0.0160408 0.0223981 0.0290113 -0.00172937 -0.015278 0.0148428 0.0171932 -0.00695797 -0.000750802 0.00206506 0.0179012 7.19809e-05 -0.00801189 0.0197259 0.0362737 -0.000897391 0.00454857 -0.0108183 -0.00570743 0.00961161 0.0105537 0.0232405 0.0259909 0.029054 0.0335106 -0.0044948 0.00432489 -0.00122715 -0.00361148 0.0181281 0.0163328 0.014567 0.0116942 0.0250437 0.00654002
internal_weight=3808.66 1366.94 2441.72 1237.8 946.796 1175.05 1203.93 645.72 420.14 301.076 551.515 1128.07 1057.14 347.502 475.525 699.526 577.36 441.29 338.73 106.691 431.632 136.07 94.2048 70.9236 709.643 686.514 64.7992 325.294 58.3664 43.1214 59.5864 351.383 76.4839 309.916 51.427 340.575 247.984 23.2602 224.724 92.5909 62.744 33.3226 232.039 114.872 122.166 200.132 314.779 303.149 55.9885 64.2622 57.9036 48.3749 75.8586 18.7366 116.854 108.248 299.245 278.978 264.953 216.24 48.7131 37.9031
internal_count=59657 32160 27497 17404 25655 16797 10093 16508 6505 9147 14652 9207 8698 2445 5915 10882 8989 7124 5036 1503 5359 1865 1856 509 6253 5981 867 2282 765 593 745 9934 1120 2185 675 5262 3751 387 3364 1511 607 458 3533 1753 1893 4718 3698 3550 537 458 413 342 886 476 1661 1533 2083 1902 1781 1491 290 526
is_linear=0
shrinkage=0.03


Tree=43
num_leaves=63
num_cat=0
split_feature=3 6 6 14 21 25 11 14 7 20 11 11 7 23 14 2 14 5 32 23 4 11 17 18 25 7 0 10 23 11 17 5 9 23 4 18 10 26 7 6 10 29 12 12 9 4 7 14 9 1 10 18 6 14 25 23 6 23 9 14 7 11
split_gain=167.368 45.2818 36.9371 28.9226 28.084 25.2404 18.8194 17.6229 17.2358 17.168 15.4624 15.2663 18.0182 12.9563 12.5508 12.3344 12.0135 11.9117 10.3483 10.33 10.3231 11.5258 9.89488 11.468 11.7938 10.945 9.74439 9.68825 9.64672 9.55631 9.4405 9.42722 9.29938 8.94962 8.90778 12.0057 8.69858 8.69722 8.52603 8.40168 8.38171 8.1342 8.04945 10.2956 8.02146 8.39616 7.96649 8.90582 8.92625 7.90953 8.95133 7.87234 7.81637 7.53886 11.2189 7.51938 10.1377 8.84707 8.59729 7.45977 8.3922 10.566
threshold=0.057279193773865707 -1.0034729242324827 -0.3289418071508407 -1.0100318193435667 1.0838567614555361 -0.49638220667839045 0.049944764003157623 0.25006461143493658 -0.55664002895355214 0.091809134930372252 1.3354479670524599 0.74288275837898265 0.75122755765914928 0.11899527534842493 0.61778017878532421 1.5473367571830752 1.4247081875801089 -0.10845717415213584 14.500000000000002 -1.3013700246810911 1.0026745796203616 1.0908902883529665 -0.64606875181198109 -1.0000000180025095e-35 0.59866327047348034 -0.058709833770990365 1.2013692259788515 0.60121971368789684 1.2586392164230349 1.2457470297813418 0.48511023819446569 -0.17966429144144055 -0.41958153247833246 -0.55700504779815663 0.25287762284278875 -0.41732487082481379 -1.3866909742355344 1.0649988651275637 -0.34815001487731928 1.0798580646514895 -0.59297126531600941 0.59411767125129711 -0.86056876182556141 -2.2153893709182735 -1.2918466329574583 -0.18725319206714627 1.6130090951919558 0.65493202209472667 -0.70783951878547657 0.6825527846813203 -0.86692464351654042 -0.40024028718471522 0.17742924392223361 0.040406191721558578 -1.0000000180025095e-35 1.2181038260459902 0.83458909392356884 0.04106931388378144 0.78497239947319042 -2.2773716449737544 0.11592171341180803 0.27024970948696142
decision_type=2 2 2 2 2 2 2 2 2 2 2 2 2 2 2 2 2 2 2 2 2 2 2 2 2 2 2 2 2 2 2 2 2 2 2 2 2 2 2 2 2 2 2 2 2 2 2 2 2 2 2 2 2 2 2 2 2 2 2 2 2 2
left_child=1 30 7 9 11 -6 52 34 19 10 59 12 16 -7 22 17 42 -14 36 -8 21 46 -10 25 27 -24 -20 29 -19 -25 -1 -29 -28 -33 38 -36 -13 -32 -2 -27 -11 -40 43 -4 -44 -46 -15 48 -48 50 -23 -16 53 54 -5 57 -57 58 -47 -3 -61 -62
right_child=2 3 4 6 5 13 8 -9 14 40 -12 18 15 20 51 -17 -18 28 26 -21 -22 49 23 24 -26 39 32 31 -30 -31 37 33 -34 -35 35 -37 -38 -39 41 -41 -42 -43 44 -45 45 55 47 -49 -50 -51 -52 -53 -54 -55 -56 56 -58 -59 -60 60 61 -63
leaf_value=-0.019763029300901614 -0.012520484712677282 0.0095339916708956345 0.017655161482796024 0.0077657189600694359 0.036442975026178798 -0.0075255324171288746 0.016744251444706013 -0.01011357257675294 -0.0071416150548279178 -0.0011374788936141967 0.020589973995639572 -0.0067907851388721982 -0.010502139335440142 0.0051323383504281311 0.0060108459115552123 0.038975573322032046 -0.016301359554136287 0.006953943981438354 0.0026776948551166186 -0.013233975098444949 0.020365220502408722 -0.0018120788290875945 0.013362301767704454 0.0021852658402034958 -0.0081215015685646152 -0.011978318334430931 -0.0065602711578968071 -0.0032522119172335951 0.029394999506222506 0.034577328770809691 -0.0083367504753980252 -0.0027657053839642743 0.023556231185781384 0.051976395284286353 -0.014034877604676857 0.026181967369479999 0.012791585076448907 0.027735988672980199 0.01319001565918493 0.013294244653056831 0.02362903838095046 -0.0052735595645016543 -0.0088644201016656668 -0.016394543461199521 -0.0074058194933092399 0.020459230781448994 -0.0078116511715700145 -0.009017315671478409 0.034144972280426213 -0.0026299485334245151 0.028076976154522846 -0.021383188860927403 -0.0070361696536068268 -0.019306331807731263 -0.013654744941750268 -0.013955519137349446 0.021821516922156337 0.0004233322282546205 -0.0064694397060572036 -0.011395907591462539 -0.009261541438011443 0.019230078366246614
leaf_weight=280.93701918423176 30.8621582724154 25.489743253216147 5.3375631794333449 25.737573999911547 31.60073995962739 31.195767175406218 7.0022319350391617 191.92408817633986 44.094753796234727 15.971270419657229 21.425329443067312 18.926079597324133 25.906663779169321 313.3173815459013 11.127529403194783 6.911698266863822 40.382276687771082 141.87460980191827 399.89983297139406 128.5114368069917 93.969145491719246 9.9939209856092912 35.357010344043374 32.098085334524512 11.429765298962591 47.655618635937572 9.6465064845979196 3.6532839238643673 15.787320505827664 6.3754510432481757 22.312173450365666 2.5644301027059617 34.190410632640123 13.938873901963229 5.3234531171619919 22.465768728405237 286.03137151151896 2.7156162355095139 42.482402380555868 10.807287301868199 42.708741677924991 35.369507107883692 59.33115565776825 42.677051208913326 60.639527034014463 36.048871256411076 3.5900150649249616 5.0006050392985335 19.999680049717426 11.16581007838249 52.803782761096954 24.931726884096861 200.93479411490262 159.41515650600195 82.54858885332942 5.1426995955407611 33.435520403087139 269.35835826024413 11.720580257475374 98.008999660611153 20.054507533088326 17.432968147099018
leaf_count=8590 575 351 76 636 323 466 189 4021 933 218 279 171 343 2781 236 56 545 1632 4140 2697 632 66 616 607 166 866 90 64 115 105 486 59 280 217 72 279 2553 60 686 132 533 616 798 598 914 581 33 47 160 71 326 538 3860 4564 2372 61 278 3144 203 2156 379 213
internal_value=0.000145873 -0.00810264 0.00493943 -0.00519153 0.00641728 0.0120496 -0.00778809 -0.00435776 -0.00276863 0.00391605 -0.00074569 0.00423891 0.00121355 0.0103042 0.00201278 0.00906526 -0.00149422 0.00693549 0.00725966 -0.0111442 0.0114576 0.00922685 0.00490362 0.00826008 0.0170035 0.001201 0.00425927 0.0221548 0.0100355 0.0109124 -0.0182165 0.0371796 0.0169358 0.0448049 0.00380635 0.0175124 0.0114863 -0.000456062 -0.000313145 -0.00662718 0.0173282 0.00498966 -0.000209063 -0.0113013 0.00101649 0.00251305 0.00671661 0.0207302 0.0275103 0.0196707 0.0235375 -0.0132271 -0.0117812 -0.0151485 -0.00844546 0.0042832 0.0159982 0.00263188 0.0138651 -0.00411991 -0.00693638 0.00469184
internal_weight=3799.55 1395.24 2404.31 1089.28 2075.88 572.637 848.184 328.427 379.547 241.092 182.412 1503.25 754.554 541.036 244.034 190.48 564.074 183.569 748.694 135.514 509.84 415.871 207.975 163.88 70.0599 93.8199 443.737 58.6301 157.662 38.4735 305.965 20.1566 43.8369 16.5033 136.503 27.7892 304.957 25.0278 108.714 58.4629 58.68 77.8519 523.691 48.0146 475.677 416.346 341.908 28.5903 23.5897 73.9635 62.7977 36.0593 468.636 267.701 108.286 355.706 38.5782 317.128 47.7695 160.986 135.496 37.4875
internal_count=59854 32122 27732 22986 21483 4905 18857 6249 7425 4129 3378 16578 9344 4582 4539 2146 7198 2090 7234 2886 4116 3484 3765 2832 1218 1614 4510 1052 1747 712 9136 340 370 276 2228 351 2724 546 1877 998 751 1302 6653 674 5979 5181 3021 240 193 463 392 774 11432 7572 3008 4267 339 3928 784 3099 2748 592
is_linear=0
shrinkage=0.03


Tree=44
num_leaves=63
num_cat=0
split_feature=23 4 15 3 4 32 14 32 3 2 3 17 22 32 11 21 8 7 9 9 6 3 26 32 14 21 22 11 8 2 24 7 23 7 9 21 29 11 11 21 18 11 8 10 14 8 4 3 22 11 22 31 30 15 15 17 29 14 26 16 24 18
split_gain=183.143 43.3141 43.2887 30.5483 27.2928 24.1161 17.7183 17.7085 16.5199 15.2803 14.8561 14.2688 12.9987 12.7317 11.6727 11.5064 11.4643 10.7491 10.6289 10.4706 10.1727 10.0251 9.92632 10.0997 9.70562 9.65916 9.3224 12.3438 9.28615 9.24816 9.06253 9.05338 9.89512 9.71947 8.83471 8.50855 8.46439 8.11325 8.06996 7.73788 11.3595 9.1403 8.31979 7.71326 8.85895 7.73038 7.68475 7.43206 8.7824 7.26678 7.84512 7.71397 7.17812 7.28395 9.57231 7.08105 6.86296 6.58823 11.623 6.53411 6.5118 6.4593
threshold=0.24323514103889468 -0.037920959293842309 0.034697191789746291 0.64183306694030773 0.076210848987102522 9.5000000000000018 -0.60638168454170216 12.500000000000002 0.16499041020870212 1.1659339070320132 1.2413458824157717 -0.62181267142295826 -0.1519554406404495 15.500000000000002 -0.072313152253627763 0.18561772257089618 0.52249017357826244 0.61493706703186046 -0.54422825574874867 -1.5150947570800779 -0.05421121604740619 -0.011525097303092478 -0.99181425571441639 13.500000000000002 0.53468039631843578 -0.64970272779464711 1.1999374032020571 0.9865756928920747 1.7417139410972597 -0.81634610891342152 0.69692012667655956 0.23267050832509997 1.0388141274452212 -0.31851172447204584 -0.97249707579612721 0.47948764264583593 0.095454547554254546 -1.4008157253265379 0.82725638151168834 1.3633279800415041 -0.60769757628440846 -0.67995125055313099 0.71311047673225414 -0.69010749459266651 0.44659504294395452 1.2089511156082156 0.17242000252008441 0.52675870060920726 -0.096416007727384553 1.117392957210541 0.82130536437034618 0.35714286565780645 -8.5357141494750959 0.98198452591896068 0.24768622219562533 1.4955742359161379 0.17156863212585452 -1.2571579217910764 0.033767666667699821 0.85528269410133373 0.70738312602043163 -0.25409944355487818
decision_type=2 2 2 2 2 2 2 2 2 2 2 2 2 2 2 2 2 2 2 2 2 2 2 2 2 2 2 2 2 2 2 2 2 2 2 2 2 2 2 2 2 2 2 2 2 2 2 2 2 2 2 2 2 2 2 2 2 2 2 2 2 2
left_child=2 8 4 5 10 21 17 12 -2 11 14 49 -6 16 35 -10 -13 -7 -11 -15 -8 -3 23 25 -16 -4 27 57 -29 -14 -27 32 -17 55 -19 -1 -31 -22 60 56 -41 -42 -43 44 45 52 -25 48 -36 50 -5 -51 -39 54 -54 -34 -21 58 -18 -55 -9 -24
right_child=1 3 22 9 7 6 20 38 15 18 -12 13 29 19 24 31 26 34 -20 39 37 -23 61 46 -26 30 -28 28 -30 36 -32 -33 33 -35 47 -37 -38 43 -40 40 41 42 -44 -45 -46 -47 -48 -49 -50 51 -52 -53 53 59 -56 -57 -58 -59 -60 -61 -62 -63
leaf_value=-0.02156306268705855 -0.013923761994171882 0.0048364659702739964 -0.0097823826267851594 -0.017659822853642423 -0.0086012379979906808 0.0026594461505515306 -0.010864069998770818 -0.011609687239637947 -0.0086049100495933922 0.0013062666079320443 0.0055708001395250034 0.0093468972074115704 -0.008023304872078741 -0.0091425265031032984 -0.0078615348420377588 -0.011485739141071614 -0.0088936072823729267 -0.0058625005703921863 0.023413265272723777 0.013241796586670939 -0.019441935870659555 0.027429856430014211 -0.0068532594183377425 -0.0071271376802062398 -0.021033701887825725 0.034603700212288813 0.04023056581953581 0.029324906400302133 -0.0043611455239605697 -0.0059146543893002492 -0.010770708602512726 0.0094076457491295007 0.035463522480319615 -0.0048452212341866373 -0.0022769472662934943 -0.011557829811883321 0.04450355342416655 -0.013079654186063711 0.011225065862005 -0.011364143019289646 -0.0032321109545330163 0.027456506277216158 -0.0019975677804546449 -0.0020972745612136794 -0.0047269702025374352 -0.012229971810205907 0.017636567067600448 -0.006063968071251786 0.02752589770091933 -0.0079039297352968343 0.0065649687587916892 0.027998042662635999 0.0061902555269093646 -0.0096699437303995831 0.036287771047591608 -0.0077551818968372641 0.002949862122029362 0.0021974405068957707 0.039043993541151283 0.023739272016780201 0.019187588337505911 0.0017855218051987701
leaf_weight=313.14981671795249 111.20937174372375 33.691631749272346 4.7162521220743683 34.596399638801813 8.3542127404361981 199.46780041977763 105.58251598849893 79.617821468040347 96.635398093611002 24.807562757283449 28.618759509176016 404.95558945462108 2.9625388141721514 36.221025828272104 246.17035497166216 49.233922868967056 4.7174789905548078 12.378531176596878 100.0866774469614 67.347025532275438 14.622477132827042 39.287634305655956 171.75870013795793 35.029681634157896 63.27351576462388 20.334492418915037 14.256924841552971 53.3071931861341 7.0638640895485869 2.2709274105727699 2.3125184662640086 106.66157874464989 8.5554390102624911 17.619771804660559 9.7460416257381421 128.38832180388272 14.307499011978505 3.3336060866713515 16.041627168655396 9.7826765105128271 12.963336180895565 52.44355197250843 9.3929375000298005 299.26326982676983 33.448369972407818 5.8523983284831038 10.702705752104519 7.018514819443225 50.099202778190374 7.2837484665214998 14.173124264925717 5.9441622011363506 17.964108515530825 12.093506351113318 23.405632153153419 2.4956788048148146 327.20447990298271 63.049475099891424 7.521324448287487 2.6207385882735243 2.2169653512537471 136.2680905405432
leaf_count=10179 2262 421 69 451 182 2399 2096 1852 1344 184 468 3368 63 386 6445 624 32 124 702 612 244 350 2792 611 1724 246 101 380 53 42 24 1171 84 162 105 3725 259 49 291 63 123 358 62 4340 541 78 139 57 476 83 172 61 306 139 312 22 3124 534 47 27 38 2153
internal_value=5.35469e-06 0.00470628 -0.00918328 0.00639432 -0.0127371 0.00205527 0.00049404 0.000227741 -0.00440874 0.00937673 -0.0148168 0.00820875 0.0193797 0.00902066 -0.0156255 -0.000468243 0.0121738 0.0065281 0.0192415 0.0055414 -0.00278279 0.0179783 -0.000685361 0.00889298 -0.0108465 0.0217178 0.0192617 0.0157063 0.0253513 0.0306574 0.0288605 0.00390655 -0.00373828 0.00929573 0.0155304 -0.0188158 0.037827 -0.000609534 -0.00590725 0.00673441 0.0147618 0.0186766 0.0231677 0.00031504 0.0073765 0.0134741 -0.000164692 0.0196232 0.0228711 -0.00543408 -0.0106639 0.0114838 0.0167586 0.0194576 0.0252952 0.026328 0.00485034 0.00687515 0.0233461 0.000792196 -0.00971857 -0.00306407
internal_weight=3805.9 2519.41 1286.49 2126.99 905.372 869.876 796.897 125.772 392.411 1257.12 779.601 1132.22 27.8952 1070.23 750.982 281.202 554.872 278.71 124.894 515.355 518.187 72.9793 381.122 73.0957 309.444 27.3633 149.916 135.659 60.3711 19.541 22.647 184.566 77.9048 28.6709 79.2423 441.538 16.5784 412.604 97.8764 479.134 84.5825 74.7998 61.8365 397.982 98.7184 65.27 45.7324 66.8638 59.8452 61.9974 48.7695 13.2279 59.4176 56.084 41.3697 11.0511 394.552 75.2883 12.2388 14.7142 81.8348 308.027
internal_count=59931 28629 31302 22960 25268 12064 11293 2727 5669 10896 22541 10010 546 9243 22073 3407 4515 3161 886 4728 8132 771 6034 1089 8169 339 1147 1046 433 364 270 2063 892 268 762 13904 301 6036 2181 4342 606 543 420 5792 1452 911 750 638 581 767 623 144 833 784 618 106 3736 613 79 166 1890 4945
is_linear=0
shrinkage=0.03


Tree=45
num_leaves=63
num_cat=0
split_feature=15 3 15 21 3 11 21 5 1 5 16 11 22 11 30 6 25 7 9 23 14 9 17 9 3 14 7 31 11 5 14 3 26 9 3 23 9 21 1 7 15 24 7 29 35 27 21 26 29 7 6 6 14 2 2 9 7 11 31 29 17 7
split_gain=170.7 63.1621 24.9947 24.5394 21.7053 16.8204 15.8777 14.5043 19.5478 13.3496 12.2602 11.1143 10.9584 10.5572 10.4344 10.0191 12.7826 11.2484 9.64407 13.6407 11.7704 9.24733 9.05612 15.0027 9.56066 12.306 9.84477 9.01423 8.88264 14.8815 8.82969 8.74342 8.42992 8.41225 8.1805 10.2808 10.1439 8.42785 8.12956 7.78103 7.7845 7.72416 7.72206 7.57291 7.39176 9.22599 13.5625 12.6053 8.50966 9.82661 7.64157 9.89065 7.43068 7.31975 7.25143 7.22822 7.1506 7.07121 7.02749 6.92485 7.95972 7.77194
threshold=-0.34570795297622675 0.012079695705324413 1.3793569803237917 -0.54266214370727528 1.1079815030097964 1.2010232806205752 1.4334087371826174 -0.20125912874937055 0.77410095930099498 -0.39321604371070856 0.097178533673286452 0.15361523628234866 -0.18447628617286679 0.036560259759426124 -7.3666667938232413 1.2248637080192568 2.6074717044830327 -0.45480038225650782 0.85605168342590343 1.089910686016083 -1.6551218032836912 -1.2750047445297239 0.26739828288555151 -0.4031390100717544 1.4413411021232607 1.1820206046104433 -0.46614019572734827 -0.92857143282890309 0.73022466897964489 1.4602301716804507 -1.0704640746116636 -0.80169677734374989 -0.83952859044075001 0.67311069369316112 1.2413458824157717 0.74675142765045177 -1.4491441845893858 0.2874405980110169 0.20153726637363437 0.52100068330764782 1.1075673103332522 0.39023913443088537 0.23267050832509997 0.46862745285034185 1.0000000180025095e-35 5.5000000000000009 -0.5057750642299651 -0.60855847597122181 0.11437908560037614 0.99609312415122997 -0.87279126048088063 0.69330880045890819 0.21859091520309451 0.52653440833091747 1.305591940879822 0.80668005347251903 -0.46614019572734827 -0.50839778780937184 0.5000000149011613 0.81534090638160717 -0.37790286540985102 0.10665855184197427
decision_type=2 2 2 2 2 2 2 2 2 2 2 2 2 2 2 2 2 2 2 2 2 2 2 2 2 2 2 2 2 2 2 2 2 2 2 2 2 2 2 2 2 2 2 2 2 2 2 2 2 2 2 2 2 2 2 2 2 2 2 2 2 2
left_child=4 3 6 28 10 9 7 -3 11 -5 -1 32 -7 -8 -6 21 17 -17 19 20 -10 -11 23 -13 26 27 43 -26 29 -2 58 -14 42 -19 36 37 41 -36 -29 40 -25 -28 -9 -24 48 46 -46 50 -23 -50 -47 56 -51 -20 55 -15 -52 -22 -30 61 -61 -12
right_child=1 2 -4 5 14 12 13 8 18 15 59 22 31 54 -16 16 -18 33 53 -21 57 44 24 39 25 -27 34 38 30 -31 -32 -33 -34 -35 35 -37 -38 -39 -40 -41 -42 -43 -44 -45 45 47 -48 -49 49 52 51 -53 -54 -55 -56 -57 -58 -59 -60 60 -62 -63
leaf_value=-0.018886725744789404 -0.018107347434018171 -0.0037234751259687393 0.012463568520787798 -0.013369233171387515 0.035170628002324782 -0.0088054401252173585 0.0051737667450841053 -0.0044216998955330716 0.028898898066436206 -0.015031443360341656 -0.017165377020007581 -0.0083087654874269574 -0.00060684880045272776 0.0246486761285858 -0.00089042203056339413 -0.010384286623267899 -0.013011436252799536 0.034355874834414366 -0.0024523671952682738 0.02162256572618302 0.017992377370354615 0.016368608724407322 -0.014292937279983335 -0.0010722725510580323 -0.010072936381021672 -0.0033292819730941919 0.00014493269464227468 0.022930936031044874 0.019365457037958687 0.019127649899793833 -0.0092529319903707392 0.027673190027153877 -0.0037541091336277732 -0.00094907323523403476 -0.010222017253823632 -0.012956825231505828 0.0075932422618326476 0.02917790549465071 -0.00394429856400809 0.011606116005920927 0.015148292939847229 0.042466413697237616 0.013953923229891578 0.0039042179527425977 0.032578999280796293 -0.0083296981897221511 -0.010426639785776848 -0.0024769136150561435 -0.0021718328955692093 0.027238237744681232 -0.003881652401799383 -0.0077598959870927202 -0.0057156710603831658 0.034497781057606251 -0.0046795384243910219 0.0033925932253377751 0.050987565427278551 -0.00401438902786977 -0.010651887531458657 -0.011160575367152852 0.011891609267051179 -0.0032099804439695524
leaf_weight=384.19900298304856 149.02944771759212 239.94328103400767 384.71118830516934 78.918492618948221 3.5928462967276564 11.940604634582995 124.37578900158405 30.423497719690204 8.7854920141398889 38.393804075196385 99.173007590696216 101.46206231415272 13.038581889122723 75.552783109247684 43.834614563733339 6.3707537911832324 10.42713241279125 22.865131534636024 5.0719034038484123 51.016454294323921 10.457597654312847 33.270289722830057 33.773544184863567 175.51074128597975 6.5562890470027915 28.036549352109432 5.3797905705869189 96.217822134494781 16.574742220342163 6.3371841646730891 72.736170023679733 32.616721350699663 299.45416239462793 7.4301795773208132 4.7365587539970857 30.226925849914551 175.40953983739018 7.5318628065288067 9.7627196013927442 95.700097691267729 26.28290905430913 9.2606747485697252 48.222430609166622 40.362360827624798 2.1306723132729521 3.1078039035201082 140.70132904313505 66.41084523499012 151.12604830227792 14.541499182581903 1.7640449739992599 2.7653552629053602 6.8117767591029397 22.794017035514116 9.4870746210217458 19.677890673279762 7.7571934778243268 82.931777618825436 6.5787162333726874 20.644399866461754 23.464550556614995 58.97663794644177
leaf_count=11502 3907 3224 2673 1799 54 186 1315 465 68 862 2635 1366 181 544 690 93 124 248 54 386 123 583 426 2308 53 224 72 732 246 127 1506 425 4194 85 52 244 1801 68 72 1017 225 89 603 495 45 82 2913 1338 2847 196 35 41 135 202 61 151 144 825 107 557 550 1490
internal_value=6.92614e-06 0.00285992 0.00553788 -0.00382863 -0.014139 -0.000732947 0.00408704 0.00303603 0.00419922 -0.00227194 -0.0157102 0.00280936 0.0140721 0.0114092 0.00493505 -0.00046223 0.0120309 0.0198592 0.0132694 0.00970174 0.00301854 -0.001831 0.00471153 0.00139742 0.00761962 0.0139888 0.00452261 0.0182614 -0.0116954 -0.0160396 -0.00421072 0.0203341 -0.00145373 0.0267892 0.00752149 -0.00400677 0.0101358 0.0154112 0.0203891 0.00479039 0.00135558 0.0309109 0.00700607 -0.00476501 -0.000494318 -0.00421245 -0.00870492 0.003681 0.00356876 0.000708162 0.0243404 0.0326232 0.0176359 0.0284225 0.0182418 0.0206448 0.0429855 -0.000760991 0.0104594 -0.00936632 0.00106463 -0.012219
internal_weight=3796.65 3162.76 2259.12 903.645 633.885 652.388 1874.4 1645.31 1405.37 594.792 586.458 1224.31 57.5959 229.094 47.4275 515.874 47.0932 36.6661 181.057 153.191 102.175 468.781 846.21 398.956 447.255 140.573 306.681 112.537 251.256 155.367 95.8896 45.6553 378.1 30.2953 232.545 42.4953 190.05 12.2684 105.981 297.494 201.794 14.6405 78.6459 74.1359 430.387 224.637 142.832 81.8052 205.75 172.479 15.3944 12.2866 21.3533 27.8659 104.718 95.2307 9.52124 93.3894 23.1535 202.259 44.109 158.15
internal_count=59865 42387 24132 18255 17478 12362 21459 19388 16164 11570 16734 14506 792 2071 744 9771 550 426 1658 1402 1016 9221 9244 4916 4328 1081 3247 857 5893 4034 1859 606 5262 333 2326 364 1962 120 804 3550 2533 161 1068 921 8359 4598 2958 1640 3761 3178 302 220 331 256 756 695 179 948 353 5232 1107 4125
is_linear=0
shrinkage=0.03


Tree=46
num_leaves=63
num_cat=0
split_feature=15 6 15 6 21 25 15 20 3 26 15 23 8 23 5 17 3 8 21 13 20 5 22 9 25 30 7 9 26 21 20 2 25 7 15 15 7 26 9 30 1 22 22 5 6 21 17 6 5 25 5 3 6 23 25 23 26 5 6 33 7 20
split_gain=152.957 51.1593 25.1872 21.1631 18.5138 17.4679 14.3701 15.173 13.5309 10.7421 11.5543 10.5394 10.1084 9.32869 14.1064 9.28814 9.16986 8.96763 8.94488 8.9037 8.54676 8.09543 8.35614 9.09587 8.05925 8.0035 7.98802 7.96295 7.88453 7.56449 7.47147 8.41643 7.44452 7.36659 10.5848 11.38 10.3031 9.06161 8.45534 8.62993 7.53432 7.40574 7.11322 7.08848 7.06324 7.85347 7.06071 6.87896 10.0368 10.2995 9.80169 8.0318 7.78274 8.01059 7.19832 6.75928 6.74047 7.81949 6.70243 6.68426 9.00375 6.6769
threshold=0.045292682945728309 0.47239089012146002 -0.87416577339172352 1.2137548923492434 -0.84830385446548451 1.6240814924240115 -0.60647979378700245 0.63893267512321483 1.2597366571426394 -0.83952859044075001 1.0171946287155154 0.92840743064880382 1.1360383033752444 0.33359599113464361 0.68157285451889049 -0.1881332844495773 -0.15107209235429761 -1.2203254103660581 1.2849771976470949 0.76765739917755138 1.5928686857223513 0.17700352519750598 -0.60183814167976368 0.72313570976257335 -0.59580814838409413 -3.7749999761581416 1.1141515970230105 0.68862292170524608 -1.1852415800094602 0.2475758641958237 -0.35423733294010157 -1.0412654876708982 -0.93773373961448658 0.20366187393665316 0.9193224608898164 1.1367890834808352 -0.058709833770990365 -1.2354602813720701 -0.92038124799728382 -4.0833332538604727 -0.36731584370136255 -1.0578414797782896 0.1887670233845711 0.058730471879243858 1.3410488963127138 0.87905642390251171 2.1570289134979252 1.2248637080192568 0.36174772679805761 1.2899801135063174 0.37425498664379125 1.2067101001739504 0.9314323663711549 0.24323514103889468 -0.29798562824726099 0.18172445893287661 0.69936400651931774 -0.30975657701492304 1.1896107196807864 1.0000000180025095e-35 -0.58111324906349171 -0.45393662154674524
decision_type=2 2 2 2 2 2 2 2 2 2 2 2 2 2 2 2 2 2 2 2 2 2 2 2 2 2 2 2 2 2 2 2 2 2 2 2 2 2 2 2 2 2 2 2 2 2 2 2 2 2 2 2 2 2 2 2 2 2 2 2 2 2
left_child=1 2 32 4 19 26 -3 15 13 12 24 -7 33 14 -4 27 -14 -9 -13 61 28 56 -23 55 29 -26 46 -8 -15 -11 31 -16 -1 36 38 -36 37 59 -35 -40 -41 -39 -18 -37 -28 -46 -5 50 49 -49 54 52 53 -52 -17 -24 -12 -58 -57 -6 -61 -2
right_child=3 6 8 5 9 11 7 17 -10 10 21 18 16 20 30 47 42 -19 -20 -21 -22 22 23 -25 25 -27 44 -29 -30 -31 -32 -33 -34 34 35 43 -38 41 39 40 -42 -43 -44 -45 45 -47 -48 48 -50 -51 51 -53 -54 -55 -56 58 57 -59 -60 60 -62 -63
leaf_value=0.00086656726335679671 -0.0041080330305910111 -0.0098450520880010179 -0.012157595236491459 0.0085893601881900216 -0.0085036918837114103 -0.015091495985519279 -0.016057053791334042 -0.0070632752478003375 0.008256718424197923 -0.0022275737778524956 0.0074988317002870749 0.00085351628259260418 0.0007193040728999564 0.012661682087731843 -0.01158149202977953 0.011993537268578176 0.037071707502049044 0.019685369238078117 0.019742223914221587 0.0083662774498448333 0.026236088774311085 -0.0072152788579362232 -0.0077756844282043276 -0.0011099612865413254 -0.0076030115516199058 0.0012062144004997251 0.0062893497914977264 0.008282203854410964 -0.0067733975689299375 0.022359692228939479 -0.0044975138870974631 0.025077452097992559 -0.019477228802913176 -0.0051502982743246188 -0.016861053346702404 0.017577668728871558 -0.013127439385740585 -0.013099780595990599 -0.0080029074874029375 -0.0071036858122889984 0.026086704544268403 0.021143912685140234 0.0079913320848273017 -0.0073162050792310975 0.0060005625503629931 0.033643145300938947 0.019896255926931856 0.028679786110009969 -0.0097768514667871571 -0.0026574014489488679 -0.0064753364630482672 -0.011277424739008973 -0.0023913678079642547 0.041516542944574318 -0.0083816871355544449 0.02769947209901533 -0.01918986848698288 0.0019742032476568554 -0.0086275159615940133 -0.012629873349048092 0.027331402912595986 -0.018337833118736348
leaf_weight=16.720803590491414 75.795777603983879 68.753259660676122 500.51210971176624 419.76232964172959 37.840119302272797 25.747057795524597 38.981445454061031 10.728961482644079 40.202639784663916 17.119353257119656 196.57342539727688 133.56196973472834 15.944893345236776 18.10238459892571 4.4459952916950014 14.726710889488457 22.332470685243607 67.675458658486605 22.2769047729671 24.575463660061359 4.4412534497678271 11.038265112787483 3.8147435747086993 17.308702986687422 102.17178784683347 688.20156531222165 25.94110107794404 13.121648047119377 99.920853907242417 23.812941320240498 39.59482110850513 15.25859368406236 280.48621599189937 11.475199375301598 17.695951789617538 24.941464114934206 30.546159777790308 3.2650235407054415 6.3395893573760977 4.6961647421121588 63.877327181398869 31.46233219653368 15.178557284176348 12.247203409671782 15.163081824779509 36.353762306272984 56.433889105916023 26.567447181791067 10.385784283280371 12.335596863180397 2.4032061249017778 4.9966859929263583 7.0758631825447074 10.428670801222323 75.597164519131184 55.427622921764851 14.558502342551945 76.280976943671703 2.7198878638446322 4.5311169773340216 8.104900695383547 48.323664654046297
leaf_count=502 1213 1342 14073 3149 486 280 736 160 600 258 1787 1301 227 364 117 212 215 929 165 377 83 104 44 143 1443 9060 186 242 2080 298 940 356 8970 141 164 194 360 43 85 60 737 387 152 87 104 215 340 263 106 181 39 49 84 132 1147 442 163 691 23 62 102 748
internal_value=0.000348029 -0.00758278 -0.0110147 0.00491941 0.00303475 0.00914616 0.00205602 0.00494733 -0.0078971 0.00402758 0.00272744 0.00103305 0.00896694 -0.00890209 -0.0105305 0.000743502 0.02035 0.015821 0.00408341 -0.00691185 -0.00133727 0.00704138 0.01467 0.0179648 0.000736928 2.68067e-05 0.011774 -0.00973897 -0.003399 0.0129533 0.00308042 0.0161361 -0.0183373 0.00625632 0.0107316 0.000291217 0.000576032 0.00594418 0.0169858 0.0204867 0.0234854 0.0166809 0.0276285 0.00948399 0.0206998 0.0267577 0.0101222 0.00425267 0.0130571 0.0195722 0.000100184 0.0150811 0.0226327 0.033233 -0.0046048 0.0229782 0.0044345 -0.00224187 0.0254517 -0.00228027 0.0134837 -0.0101437
internal_weight=3786.9 1383.46 1019.69 2403.44 1668.2 735.24 363.778 295.025 722.479 1519.51 1209.03 181.586 310.478 682.276 559.812 216.62 53.4559 78.4044 155.839 148.695 122.464 377.722 90.3092 79.271 831.306 790.373 553.654 52.1031 118.023 40.9323 59.2994 19.7046 297.207 257.023 141.273 54.8846 115.75 85.2035 86.3883 74.9131 68.5735 34.7274 37.511 37.1887 77.4579 51.5168 476.196 164.517 49.2888 38.903 115.228 24.9044 19.9077 12.8319 90.3239 61.9623 287.413 90.8395 58.1475 50.4761 12.636 124.119
internal_count=59743 33707 28085 26036 20296 5740 5622 4280 18613 17958 14456 1746 3502 18013 15486 3191 594 1089 1466 2338 2527 3397 756 652 11059 10503 3994 978 2444 556 1413 473 9472 2908 1468 445 1440 1080 1023 882 797 430 367 281 505 319 3489 2213 550 444 1663 304 255 171 1359 509 2641 854 465 650 164 1961
is_linear=0
shrinkage=0.03


Tree=47
num_leaves=63
num_cat=0
split_feature=15 3 3 32 15 15 11 11 21 9 4 23 32 24 23 6 3 21 20 32 8 26 0 32 11 4 16 16 12 26 5 2 4 21 6 5 27 21 15 25 24 11 27 26 0 5 16 11 24 22 9 17 5 21 11 31 8 11 9 3 8 25
split_gain=161.698 44.8474 26.3869 20.2775 18.1274 18.1004 15.5399 14.4264 19.4129 13.8704 12.1673 11.7984 10.6858 10.9773 11.2801 10.4964 10.3449 9.80076 9.69781 9.51967 8.48763 8.24016 9.11979 8.20003 9.25885 8.08544 8.08137 8.53266 7.91707 7.73652 7.70498 11.7617 10.9535 8.96968 8.85482 9.61204 10.271 7.55634 7.98325 8.1697 7.5363 7.36975 7.2775 8.24464 7.13173 7.08088 7.59646 13.0048 7.04837 7.2897 7.04142 6.8807 6.87315 6.87303 6.86241 6.81978 6.53669 6.49741 7.9365 7.47799 6.47608 7.73543
threshold=0.087022006511688246 -0.22708977013826367 0.2499162703752518 8.5000000000000018 -0.6803370714187621 1.4953346848487856 -0.072313152253627763 0.15361523628234866 1.0244275927543642 -1.9703051447868345 0.11653471738100053 1.2894251942634585 11.500000000000002 1.0143936276435854 0.93612903356552135 -0.41294224560260767 1.2413458824157717 -0.45553719997406 0.0096291690133512037 13.500000000000002 0.28183160722255712 0.41760556399822241 -0.030506875365972515 8.5000000000000018 1.214486360549927 0.94409903883934032 0.78051510453224193 -0.15700531005859372 1.3049329519271853 0.79067030549049389 -0.33081199228763575 1.7691940665245058 0.75685957074165355 0.65997180342674266 0.94186362624168407 -0.5941471755504607 5.5000000000000009 -0.020768465474247929 1.150147080421448 0.30209359526634222 -0.37792298197746271 -0.67995125055313099 5.5000000000000009 -1.1852415800094602 -0.019554853439331051 -0.89605396986007679 -0.77290266752243031 -0.072313152253627763 -1.3919847607612608 -0.53962713479995716 1.1003385186195376 -0.086556725203990922 0.038795599713921554 0.93221724033355724 1.3026249408721926 -0.21428572386503217 -0.44902868568897242 -0.060633813962340348 -0.19411889463663098 0.32627381384372717 -0.69970405101776112 0.51139450073242199
decision_type=2 2 2 2 2 2 2 2 2 2 2 2 2 2 2 2 2 2 2 2 2 2 2 2 2 2 2 2 2 2 2 2 2 2 2 2 2 2 2 2 2 2 2 2 2 2 2 2 2 2 2 2 2 2 2 2 2 2 2 2 2 2
left_child=1 6 10 28 23 7 15 18 30 -6 17 12 21 16 -15 -1 45 29 50 20 -8 22 -11 -3 -25 -21 27 51 56 -2 31 34 37 44 -9 36 -36 48 39 -39 -17 -7 57 -44 -34 -14 47 -47 -32 55 -5 -12 -24 -40 -31 -50 -4 58 -20 -60 -19 -62
right_child=2 4 3 5 9 41 19 8 -10 11 26 -13 13 14 -16 40 -18 60 42 25 -22 -23 52 24 -26 -27 -28 -29 -30 54 32 -33 33 -35 35 -37 -38 38 53 -41 -42 -43 43 -45 -46 46 -48 -49 49 -51 -52 -53 -54 -55 -56 -57 -58 -59 59 -61 61 -63
leaf_value=-0.021112802820856653 -0.014559991730007681 0.013595718370645481 0.006264145866934091 -0.013837182150975336 -0.018222202986652381 -0.0084851539387346582 -0.0076529426168994719 -0.016127691693151213 0.014026069574435087 -0.013247695073031108 -0.0049170442277889619 0.018099259973758386 -0.02079927524668429 0.019926702850496105 -0.0031929196141760484 0.014169420479900352 0.0076439401071794737 -0.0077678976117071278 -0.0015854672219932826 -0.012696222132101153 0.010776450316940907 -0.0037551298090916802 0.01078183015092961 -0.015724096928199802 0.0070483062294760873 0.0082625025619903602 0.021943640386348818 0.00035555795341823504 -0.011232424671937143 -0.0060113937861906606 0.021942873308468166 0.02920738449688675 -0.0028156947639767058 -0.0016162403936989494 -0.0043921362000369363 -0.013744789539649995 0.029439920936530899 0.0050575609808831317 0.015117660099635518 -0.010379629653646976 -0.012113462120545182 0.014162652803447589 0.012105937543762092 -0.0051810233269872445 0.021030222141291088 -0.0097482593967599743 -0.0063539823986541637 0.029144811199363123 0.018674692981166655 -0.0059557145090151304 0.014836052472789178 0.034682236344329397 0.036840998305747275 -0.0084104575003302578 0.022842830488717065 -0.0018108171901512636 0.029105915400264706 -0.0044595945273636396 0.037608225099632256 0.0098353903710863642 0.0046071558399076269 -0.0063290458398807675
leaf_weight=249.24762365221977 86.712822344154119 7.0586792379617682 18.22992242872715 56.411329593509436 30.714192986488342 10.465213872492312 44.500931339338422 42.177976708859205 230.25456883385777 4.9940044451504937 4.1411578021943569 29.339055970311165 23.349520171061158 33.027762241661549 35.578937761485577 6.3810388259589663 51.65528004989028 80.461433183401823 46.658701304346323 208.63862353935838 36.246201068162918 25.444342797622085 35.185808397829533 132.57144664786756 15.311798766255377 14.604523003101347 21.608722731471062 108.37303802743554 3.4077829867601386 18.370041850954298 6.2553076706826678 3.8119345828890792 11.836299542337654 26.6282649487257 13.79238034412265 14.845783390104769 11.301237989217041 215.80016860738397 96.007205281406641 31.107207160443068 153.31200054101646 247.64280172809958 24.567093577235937 154.16680630668998 76.213699340820312 11.831984518095853 247.96413796767592 10.403395175933836 19.468209352344275 143.37047480791807 4.6694132238626471 7.5741536244750005 11.833612639456986 9.3653912171721441 6.0269335098564616 34.415723908692598 50.865109231323004 40.570469997823238 5.810186654329299 97.771708682179451 207.73547042906284 75.345751661807299
leaf_count=8789 1584 142 142 743 627 89 1116 560 1635 86 63 293 519 420 403 188 703 1253 527 5653 838 404 547 3325 316 257 237 1338 25 323 96 36 116 196 141 145 111 2178 691 317 4130 1635 261 1690 622 277 5055 213 227 1629 58 95 142 58 85 416 338 418 73 1050 3157 877
internal_value=-0.000113258 -0.00810183 0.00468906 0.00656651 -0.00271277 0.0058518 -0.0133844 0.00449027 0.0064813 -0.000131968 -0.00064512 0.00109849 -8.89373e-05 -0.00203161 0.00853458 -0.017211 -0.00422343 -0.00295255 -9.36367e-05 -0.00804155 0.000765738 0.00978348 0.0161549 -0.0116047 -0.0132128 -0.0111741 0.00692144 0.00344927 0.021639 -0.0105412 0.00410758 -0.00416704 0.00519107 0.0134479 -0.0073037 0.00277245 0.0132044 0.00338271 0.00601238 0.00294525 -0.010665 0.0131006 0.00177686 -0.00254014 0.0178456 -0.00640475 -0.00480554 0.0104587 -0.00120434 -0.00246269 -0.0106885 0.0234008 0.020251 0.0127402 0.0037895 0.00654782 0.0239088 0.00578222 0.00860244 0.0130533 -0.000521682 0.00163702
internal_weight=3783.43 1419.19 2364.24 1747.89 706.264 1675.39 712.931 1417.28 986.652 551.322 616.35 520.608 491.269 413.811 68.6067 408.941 345.204 474.652 430.626 303.99 80.7471 77.4578 52.0134 154.942 147.883 223.243 141.697 120.088 72.5028 111.11 756.397 85.9293 670.468 114.678 82.1174 39.9394 25.0936 555.79 352.28 246.907 159.693 258.108 369.545 178.734 88.05 293.549 270.2 22.2354 203.51 197.254 61.0807 11.7153 47.0194 105.373 24.397 53.8839 69.095 190.811 150.241 103.582 363.543 283.081
internal_count=59678 34443 25235 16223 13472 15718 20971 13994 9174 9689 9012 9062 8769 7590 823 13107 6767 7279 4820 7864 1954 1179 775 3783 3641 5910 1733 1496 505 1992 7539 993 6546 934 957 397 252 5612 3244 2495 4318 1724 4019 1951 738 6064 5545 490 2368 2272 801 158 689 749 408 643 480 2068 1650 1123 5287 4034
is_linear=0
shrinkage=0.03


Tree=48
num_leaves=63
num_cat=0
split_feature=6 4 3 23 4 32 31 5 17 21 8 4 6 7 21 27 26 31 26 7 3 32 7 24 17 31 8 31 32 20 10 17 8 21 21 5 29 3 16 17 24 29 8 3 21 8 32 20 29 16 20 8 32 8 3 1 18 21 32 29 24 10
split_gain=126.574 34.8032 31.7957 24.2476 22.3232 19.1545 16.3495 14.9984 14.4893 13.6611 13.1041 12.7493 12.6232 12.8325 12.4751 12.2494 12.1802 13.6084 11.8484 10.8644 9.5006 12.2261 9.44086 9.22957 9.07205 8.99662 10.3237 8.60983 8.52861 8.45354 8.40638 8.09561 7.98449 7.88595 8.59134 7.57401 7.49707 7.48816 7.45599 7.42579 7.32658 7.27862 7.25071 7.21275 7.03233 6.97862 10.7133 6.89563 7.20734 6.87947 10.9105 7.49996 6.78153 6.73226 8.00664 7.47087 6.72845 6.69171 7.09775 7.60829 7.04532 7.44263
threshold=0.17742924392223361 0.4327028095722199 1.1403037309646609 0.016755889169871811 -0.037920959293842309 13.500000000000002 0.5000000149011613 -1.0000000180025095e-35 0.38953115046024328 0.36169257760047918 -0.15617907792329785 0.77264773845672619 -0.47205275297164911 1.654106140136719 -0.086916554719209657 1.5000000000000002 0.93550792336463939 1.0000000180025095e-35 -0.91741299629211415 -0.36641535162925715 -0.42061558365821833 8.5000000000000018 -1.132578372955322 -0.14622025936841962 -0.68592002987861622 0.35714286565780645 -1.4068744778633115 0.21428572386503222 15.500000000000002 0.65999874472618114 -1.1941881179809568 -0.56061458587646473 0.80968388915061962 -0.10891399532556532 -0.4424684196710586 -0.20125912874937055 0.97058823704719555 1.4207482337951662 0.78051510453224193 -0.61178603768348683 -1.4526175856590269 0.62019231915473949 0.02514576725661755 0.99762001633644115 0.062305234372615821 -0.21593847870826718 14.500000000000002 1.0325967073440554 0.93095237016677868 0.35295392572879797 0.59839507937431347 0.32641458511352545 17.500000000000004 0.46006560325622564 1.5631700158119204 1.2667402029037478 -0.45506182312965388 -0.8020324409008025 12.500000000000002 0.62019231915473949 -0.16032615303993222 1.1749159693717959
decision_type=2 2 2 2 2 2 2 2 2 2 2 2 2 2 2 2 2 2 2 2 2 2 2 2 2 2 2 2 2 2 2 2 2 2 2 2 2 2 2 2 2 2 2 2 2 2 2 2 2 2 2 2 2 2 2 2 2 2 2 2 2 2
left_child=1 3 4 8 9 20 22 -5 12 -2 23 15 -1 31 -8 52 57 -18 40 -11 32 49 -7 -9 -17 29 -27 41 -29 53 -20 -14 -6 34 -26 38 45 -28 -32 -15 -3 -24 -10 -16 -41 -33 -47 48 -37 -22 51 -51 -4 54 -13 -56 -43 -12 -59 60 61 -60
right_child=2 18 11 7 5 6 14 10 42 19 16 25 13 39 43 24 17 -19 30 -21 21 -23 27 -25 33 26 37 28 -30 -31 35 36 -34 -35 -36 47 -38 -39 -40 44 -42 56 -44 -45 -46 46 -48 -49 -50 50 -52 -53 -54 -55 55 -57 -58 58 59 -61 -62 -63
leaf_value=-0.017109213149532353 -0.013260462801313174 -0.0083993784734924509 0.021569216670533534 -0.015701207914713796 -0.0088724573194840627 -0.015734970501730741 -0.0036418931659293321 -0.014724723671745059 -0.010085978519906178 -0.018030045621231637 -0.01108136359524921 0.017566323603679469 -0.017632638198352649 -0.0075843607313297546 0.013278249964420443 -0.011643600108160681 0.031597491209616781 -0.0046367143804030408 -0.018622284112679327 0.0043186272342063403 0.0021531781440518763 0.0076595525150111084 0.0030822254117030237 0.0032212086042358867 0.0055578287480177666 -0.008271083080087293 0.0074808418095991076 0.0019459561145968819 -0.014022557085297519 0.016503791257464099 -0.012095365804428299 -0.014023991850184412 0.0094846538398083661 0.0073320818752736824 -0.011722688108102557 0.015071084534899245 0.013488627036100036 0.031429664439881544 0.018683751637629344 -0.0052614493113076416 0.022636278947753725 0.0061314582429036557 0.0071181158763614482 -0.0041908867658500236 0.045198423881551708 0.011730560029242639 -0.0092206996875545608 -0.011481300026460022 -0.011462143012045133 -0.0040466017958168806 0.047151653815503972 0.025327500160471132 -0.0067254286487108362 -0.016066926926218156 -0.016734553225624196 0.015485945971452373 -0.008416947140101539 0.014635846054888196 0.016326787637787419 -0.0093025198774949851 -0.0075186998023797089 -0.0097520583257956275
leaf_weight=422.9489526450634 130.43174021691084 5.5283578075468531 58.461470730602741 66.555459098890424 46.28142792917788 37.756747830659151 70.016176527366042 71.945284258574247 33.911008540540934 18.707269918173552 31.603435173630714 20.178463280200958 79.061331860721111 4.1164604611694813 155.24069234915078 23.2384869530797 20.902142815291882 12.795063830912111 13.323012083768843 107.43240853585303 11.814094036817549 301.92693113535643 338.51807133480906 36.470404354855418 55.613546393811703 6.5062201321125022 19.445650421082973 46.416955253109336 75.2453937176615 57.199544064700603 34.477138737216592 76.798917528241873 31.574245873838663 519.50484476983547 40.386040087789297 61.254629481583834 11.871309855952857 53.871344849467278 3.9911850839853278 2.1598926633596403 35.774549219757318 34.122768070548773 45.883370570838451 22.149420630186796 3.6910674273967743 29.714045688509941 55.026252631098032 9.4963514208793622 6.9638705775141707 12.060703322291376 13.554456461220978 12.384390864521263 6.3414742350578299 11.8945464938879 14.364574059844019 5.1553415283560744 109.38698852993548 32.077113451436162 42.25703595019877 46.557841686531901 22.011578019708395 8.8604201376438123
leaf_count=13677 2400 100 444 1443 762 676 1104 1424 685 305 654 159 2194 108 1940 276 346 234 232 1586 112 3102 4431 592 555 44 143 612 1008 354 645 2037 392 3899 383 969 303 321 55 57 538 445 914 210 85 674 1459 128 110 105 98 91 52 79 100 30 1420 443 788 824 363 161
internal_value=-7.43999e-05 -0.00752548 0.00394345 -0.00938762 0.0013709 0.00294974 0.000423625 -0.00326487 -0.012483 -0.0066436 -0.000522766 0.00845208 -0.0138819 -0.00845822 0.00689656 0.00651233 0.00372256 0.0190177 0.00499858 0.000443119 0.00811136 0.0101846 -0.00210702 -0.00881195 0.00516005 0.0153324 0.0228477 -0.00113243 -0.00809388 0.00905671 0.000328928 -0.00989649 -0.00130466 0.00588319 -0.00193235 0.0031808 -0.00597412 0.0259609 -0.00712016 0.0191087 0.0180238 0.000689674 -0.000356885 0.0110419 0.0327299 -0.00776644 -0.00162991 0.00840188 0.0117648 0.0233946 0.0289803 0.0126087 0.018517 7.16903e-05 0.00616355 -0.00680232 -0.00486776 0.000481597 0.00316612 -0.000371505 0.0055459 0.0113403
internal_weight=3795.21 1328.03 2467.18 1157.22 1575.02 1318.45 888.853 392.036 765.183 256.571 325.48 892.162 685.388 262.439 247.406 703.546 217.065 33.6972 170.809 126.14 429.596 351.741 641.447 108.416 638.743 188.616 79.8232 603.69 121.662 108.792 129.506 252.472 77.8557 615.504 95.9996 116.183 173.411 73.317 38.4683 9.96742 41.3029 482.028 79.7944 177.39 5.85096 161.539 84.7403 77.7149 68.2185 49.8136 37.9996 24.4451 64.8029 51.5929 39.6984 19.5199 143.51 183.367 151.764 119.687 73.129 51.1175
internal_count=59880 32242 27638 29465 20799 16508 11846 7272 22193 4291 5829 6839 20594 6917 3254 5609 3813 580 2777 1891 4662 3508 8592 2016 5113 1230 508 7916 1620 722 2139 6667 1154 4837 938 1907 4473 464 700 250 638 6296 1599 2150 142 4170 2133 1207 1079 406 294 196 496 368 289 130 1865 3233 2579 2136 1312 949
is_linear=0
shrinkage=0.03


Tree=49
num_leaves=63
num_cat=0
split_feature=23 4 4 15 21 17 6 14 3 3 11 15 11 5 14 0 23 20 16 14 18 9 15 32 3 11 31 3 1 24 11 9 22 22 11 23 20 20 22 21 17 18 18 29 2 9 15 3 18 32 3 1 9 31 29 21 9 5 9 22 3 6
split_gain=138.696 42.5793 35.3996 28.4184 23.233 21.7116 17.94 14.3576 13.6144 13.3973 13.1572 12.0684 11.2858 11.098 10.9967 11.7918 10.9827 10.2673 9.99668 9.93418 15.2021 9.55556 16.914 9.50953 9.44823 9.98081 9.44577 9.24644 11.0645 9.12526 8.6381 8.36991 7.9223 8.34109 8.80217 7.82114 7.81136 8.0509 11.5765 9.13526 8.01927 12.4115 7.74686 10.0219 7.69891 9.83927 8.32802 7.8003 8.47616 7.47929 7.26893 7.20467 7.19139 7.75438 8.53831 8.80906 9.83633 9.9945 11.7942 9.44397 8.36945 8.44273
threshold=0.24323514103889468 -0.037920959293842309 0.84936901926994335 0.011032769922167064 1.0838567614555361 -0.2715818434953689 -0.45703840255737299 -1.6551218032836912 0.47575937211513525 0.16499041020870212 -0.92343434691429127 -0.12157407775521277 1.0509038567543032 0.23311400413513186 0.25006461143493658 -1.0000000180025095e-35 0.04106931388378144 -0.19316029548645017 0.30077716708183294 -0.76831158995628346 -0.59018647670745839 -1.1338272690773008 0.94465690851211559 8.5000000000000018 0.59097614884376537 1.0000000180025095e-35 -0.64285716414451588 -0.18320861458778379 -0.90127521753311146 0.18777696043252948 -1.0813010931015012 1.0662485957145693 0.32395619153976446 -0.1519554406404495 1.8869471549987795 0.04106931388378144 -1.3803887963294981 0.22232338786125186 0.11068255081772806 0.40454058349132543 -0.94387763738632191 -0.37155641615390772 -0.41732487082481379 0.28991597890853887 1.0128889679908755 0.67311069369316112 -0.056831881403923028 0.83848851919174205 -0.35935087502002711 11.500000000000002 1.2413458824157717 0.58122056722641002 -0.83916664123535145 0.6428571641445161 0.11437908560037614 0.13441967964172366 -0.59471914172172535 -0.33081199228763575 0.5553458333015443 0.60261255502700817 1.3169611096382143 1.4763169884681704
decision_type=2 2 2 2 2 2 2 2 2 2 2 2 2 2 2 2 2 2 2 2 2 2 2 2 2 2 2 2 2 2 2 2 2 2 2 2 2 2 2 2 2 2 2 2 2 2 2 2 2 2 2 2 2 2 2 2 2 2 2 2 2 2
left_child=2 9 3 6 5 36 12 17 11 -2 49 -8 50 21 15 -5 30 -7 -10 20 -12 22 -9 -21 25 -4 -22 -23 -29 -11 -17 32 33 -15 -35 -27 -3 40 39 -39 41 -38 43 -31 45 46 -44 -48 -49 -6 -1 -40 -30 54 -54 -56 -57 -58 60 -60 -59 -62
right_child=1 4 24 14 10 7 8 13 18 29 19 -13 -14 31 -16 16 -18 -19 -20 23 26 27 -24 -25 -26 35 -28 28 52 42 -32 -33 -34 34 -36 -37 37 38 51 -41 -42 -43 44 -45 -46 -47 47 48 -50 -51 -52 -53 53 -55 55 56 57 58 59 -61 61 -63
leaf_value=-0.019013272029978202 -0.013781213286098314 0.01447454404295353 0.0030034518138840481 -0.016808712503889996 0.016339890327940716 0.0057716719323596287 -0.015192585530946837 -0.014488110256620827 -0.0048893498026070384 -0.013068298794253044 -0.0087766296935981886 -0.0028749071401317364 -0.00080640657278569395 0.0040110783157683294 -0.0070593438856489362 -0.01001757789369956 -0.0057315547085381802 0.021578684630666693 0.018448695710255533 0.030901884381066572 0.0054900217055808068 -0.0037351773601027394 0.0091716101462261408 0.0086044563067245398 -0.005413850776637163 0.032183282202433133 0.027386852129785675 0.035695069872667975 0.016692495295042756 -0.0071906190601265137 0.015469944188497183 -0.0063394503767699468 0.00093948613501458828 0.021121550917033539 -0.009746322197483134 -0.0017721323845090082 0.022471928309343824 0.022323835769524233 -0.0099289133248020005 -0.0021167456357434429 -0.014297021232634545 -0.0099090153823024815 -0.013688570409642265 0.015295736463990482 -0.012738085825612269 -0.013153776642008525 -0.00203423397503557 -0.005419508946262119 0.022774587614831997 -0.0051666867670500886 0.0039846292133206562 0.013119193993465235 0.010319618043194263 0.0097786507374717432 -0.0051245954109016079 -0.01816339474161972 -0.01216075302468991 0.0068238794652414727 0.0050903735986942518 -0.013618801272046566 0.029795445827547163 -0.0021999785041070803
leaf_weight=384.89550222083926 107.27436001040041 15.148723421618341 36.338204238563776 17.325404357165098 13.520396795123814 77.897764507681131 173.94587956368923 65.618835693225265 35.190516350790858 45.467685401439667 12.502967253327368 123.99221585318446 36.590043941512704 49.208331130445004 193.70515736937523 10.362968206405638 40.853632722049952 75.229340426623821 23.719272457063198 14.188315026462076 25.231216780841351 119.11106562800705 39.918176501989365 343.57730248197913 26.596022058278322 25.319068182259798 92.633743293583393 5.6488206163048735 37.652788110077381 22.24225353077054 82.476694814860821 22.231646027415991 47.528199315071106 109.95777824521065 6.1482023932039729 7.0147457569837561 11.588661996647714 24.944839470088482 71.036483533680439 24.00556006282568 97.681189814582467 24.889301471412182 11.704239029437302 52.923233099281788 44.024607490748167 26.652047462761402 30.191143803298473 10.238671734929083 37.479196239262819 63.020912485197186 11.146363187581299 10.072327286005018 88.190118119120598 149.85502026602626 162.09994379803538 12.666992798447607 22.808441422879696 77.483778096735477 82.957255285233259 28.542231317609549 32.535909190773964 8.4349582940340024
leaf_count=13290 2259 273 674 322 127 717 5045 923 659 774 84 3260 987 507 3377 182 593 593 433 99 166 2003 354 2818 314 388 607 70 408 241 1248 218 422 943 44 95 189 339 1126 282 1567 428 189 577 449 316 386 101 358 762 205 114 878 1526 1931 125 229 806 757 285 253 50
internal_value=9.98481e-05 0.00408395 -0.0081593 -0.00963831 0.00572314 0.00385652 -0.0127612 0.00545994 -0.00761691 -0.00501764 0.0109355 -0.0101984 -0.0168689 0.00428949 -0.00240602 0.00359756 0.00675265 0.0139742 0.0052156 0.0127319 0.0198439 0.00279221 -0.00552902 0.00990246 0.0090515 0.014641 0.0231136 0.00387968 0.00517639 -0.00148867 0.0122584 0.0100535 0.011872 0.0148952 0.0191521 0.025566 -0.00369214 -0.00498319 0.000369197 0.0112527 -0.00999884 0.0018469 0.000972663 0.00860832 -0.00276005 0.00138763 0.00617901 0.00980922 0.0167848 -0.000598733 -0.0183244 -0.00647115 0.00468097 0.00388206 0.00209121 0.000294196 0.00363706 0.00506071 0.00699129 -7.78518e-05 0.013379 0.0236855
internal_weight=3783.44 2553.96 1229.47 1134.2 2165.77 1601.09 789.48 1321.73 356.848 388.197 564.675 297.938 432.632 1168.6 344.724 151.019 133.693 153.127 58.9098 488.134 130.368 933.524 105.537 357.766 95.268 68.672 117.865 827.987 708.876 280.923 92.8397 235.074 212.843 165.314 116.106 32.3338 279.367 264.218 130.059 48.9504 134.159 36.478 235.455 75.1655 160.29 116.265 89.6133 77.909 47.7179 76.5413 396.042 81.1088 703.227 665.575 515.72 427.53 265.43 252.763 229.954 111.499 118.455 40.9709
internal_count=59745 28673 31072 29601 23023 18360 23879 14042 9397 5650 4663 8305 14482 12732 5722 2345 2023 1310 1092 3774 857 10598 1277 2917 1471 1157 773 9321 7318 3391 1430 2134 1916 1494 987 483 4318 4045 1861 621 2184 617 2617 818 1799 1350 1034 845 459 889 13495 1240 7248 6840 5314 4436 2505 2380 2151 1042 1109 303
is_linear=0
shrinkage=0.03


Tree=50
num_leaves=63
num_cat=0
split_feature=15 6 15 3 14 11 11 4 7 4 10 7 22 11 29 6 29 11 21 7 14 8 8 4 10 1 14 23 24 8 9 29 13 10 8 29 27 9 13 9 14 11 11 5 7 10 12 14 17 7 13 9 8 17 18 10 29 3 2 11 13 10
split_gain=129.304 46.0961 20.2188 18.9119 18.1553 16.8986 15.8679 14.9897 14.0956 12.7397 11.7885 10.8108 10.0101 13.9542 10.2394 9.77627 9.60368 9.26162 8.62905 8.59897 10.6376 10.1757 12.8821 9.55329 8.66417 8.60061 8.59655 10.5071 8.3104 7.79486 7.79466 7.693 7.65922 10.0422 7.63019 7.55692 7.51235 8.32156 10.1179 8.68177 7.76852 8.65984 9.77679 7.36542 7.31189 10.9533 7.83055 7.53534 7.28113 8.47986 7.20947 7.18017 7.15443 7.14931 7.9729 7.10911 7.04156 7.03227 8.30098 7.01946 9.90223 8.42042
threshold=0.045292682945728309 -0.36978991329669947 1.2087481617927553 0.46336124837398535 0.45624482631683355 -0.28872761130332941 0.27024970948696142 0.50648710131645214 -0.85574060678482045 -0.24644867330789563 -0.24364149570465085 -0.79137632250785817 0.82130536437034618 -0.2511975616216659 0.53589746356010448 1.3410488963127138 0.63961037993431102 1.773987412452698 1.4086498618125918 0.50972247123718273 -2.6278655529022212 0.17380572110414508 -0.44902868568897242 0.089077860116958632 0.68280601501464855 -0.027302877046167847 0.21859091520309451 -0.69497612118720997 -0.37792298197746271 1.5402956008911135 0.85113501548767101 0.75735294818878185 0.27230566740036016 -0.28988762199878687 -1.5427732467651365 0.76696833968162548 3.5000000000000004 0.64972636103630077 -0.26381953060626978 1.0783375501632693 -1.2124422788619993 0.049944764003157623 0.58385959267616283 0.97239843010902416 -0.31851172447204584 0.22621353715658191 0.42028160393238073 0.62559637427330028 1.871271073818207 -0.37563815712928766 -0.7981724441051482 0.40467017889022833 -0.36271837353706354 -0.28860287368297571 -0.27230566740036005 1.219083368778229 0.39230769872665411 1.6836318969726565 -0.33269001543521876 1.1595193743705752 -0.21694172173738477 1.4222897887229922
decision_type=2 2 2 2 2 2 2 2 2 2 2 2 2 2 2 2 2 2 2 2 2 2 2 2 2 2 2 2 2 2 2 2 2 2 2 2 2 2 2 2 2 2 2 2 2 2 2 2 2 2 2 2 2 2 2 2 2 2 2 2 2 2
left_child=1 5 6 4 9 -1 18 -7 29 -3 11 -5 13 -4 48 28 -16 34 43 20 -10 22 -21 44 57 -26 27 -9 -11 -8 -13 -24 33 35 -18 -20 55 40 -39 -40 -38 -42 -43 -2 46 -46 47 -22 -15 -50 -44 -12 -14 -47 -55 -30 -48 58 -25 60 -36 -61
right_child=2 3 12 10 -6 7 8 26 19 15 51 30 52 14 16 -17 17 -19 32 21 23 -23 31 24 25 -27 -28 -29 36 -31 -32 -33 -34 -35 59 -37 37 38 39 -41 41 42 50 -45 45 53 56 -49 49 -51 -52 -53 -54 54 -56 -57 -58 -59 -60 61 -62 -63
leaf_value=-0.018430621239287806 -0.0035098123002947974 -0.013196819672438872 -0.0080686894156660662 -0.010830950426115513 -0.015181026953511348 -0.010553539562971165 -0.0064224698948272263 0.037998547780597525 0.024552323981655341 0.025952918539994138 -0.0070027481564658278 0.018661838420759573 0.0076022555730089758 0.0018835055335558076 0.024851399489944154 0.02136023316582188 -0.011071303339439278 -0.01102437636418143 0.01954506931266535 0.0085136188964291936 0.019405493356822887 0.0037458503113298124 0.032845327097209817 0.021505703822893379 -0.008360210371222419 0.02661031273106387 -0.0065657027301175407 -0.0015892129005820141 -0.011592350515111732 0.017850950572333237 -0.0033614466026354517 0.0056007679483563045 0.014029995843687309 -0.007869155533093147 -0.009127384768965862 -0.008740212587110479 0.01142249989315126 -0.0088772563650817947 0.026557309153606743 -0.0055365839053311671 -0.012745885353959175 0.017548181392049285 0.018629723651168693 0.0078124939433145656 -0.0064806920150279647 -0.0092413285562274166 0.010246473836494812 -0.0058700955257663884 -0.0063707054140289864 0.018903373193938131 -0.013141618510024052 0.005391477628139088 0.022701998780125507 0.016189783400987843 -0.0016107470432168889 0.010481208728991749 -0.0060097919960898864 0.021145300312132805 -0.0014695317945085868 0.023771921444036979 0.011993541774747592 -0.0083797611553148178
leaf_weight=303.74746086448431 532.75726460665464 71.623215282335877 48.085816651582718 13.399669319391249 130.54591469652951 250.92427904345095 118.75798783451319 8.8568122275173646 17.577790901064873 5.0553518515080205 84.261303890496492 78.740445896983147 58.978588029742241 237.33133878558874 44.593386989086866 13.989414587616919 9.2041408345103246 14.39266377687454 24.372458219528198 100.33485532552004 46.569280065596104 114.79167807474732 41.055672962218523 11.61099676042795 5.1777172870934001 32.435176320374012 14.372810054570435 10.006768912076952 82.106589689850807 8.3519473820924741 15.814088832587002 14.652641128748654 54.231701854616404 52.811133373528719 21.553457334637642 8.5976475626230222 25.609539274126291 12.415080292150376 27.021298918873072 7.9540969580411902 60.979763897135854 20.103858321905136 3.4872814044356373 52.49201225861907 169.09800579771399 19.609077155590057 35.481056950986385 10.886970371007918 12.853816222399471 46.217355374246836 25.740601882338524 74.723036911338568 66.481567211449146 51.663580637425184 36.332667082548141 11.449358137324451 53.880667705088854 15.952946007251738 92.275076799094677 58.09673360362649 86.750945553183556 5.7959502786397925
leaf_count=10541 7657 1932 463 195 3336 7199 1713 164 168 123 1190 1040 402 1822 333 198 70 102 265 962 633 1088 383 138 62 309 284 161 1895 131 230 134 556 568 181 88 545 277 582 183 1494 416 65 635 1915 270 421 142 99 285 489 963 462 542 415 235 644 106 896 409 664 46
internal_value=0.000179917 -0.00723886 0.00431323 -0.00235582 -0.00578888 -0.0135195 0.00254298 -0.00804194 0.00499058 -0.00229388 0.0040386 0.0114515 0.0085563 0.00680054 0.0081947 0.000520522 0.012751 0.00944485 -0.000831119 0.00635249 0.00428505 0.0107611 0.0156453 0.00346758 0.00965463 0.0213802 0.00982032 0.0210651 -0.000867783 -0.0042123 0.0149946 0.0267308 0.00573284 3.4765e-06 0.0113211 0.0119894 -0.00180919 0.00173865 0.0119121 0.0194789 -0.00210523 -0.0056049 0.00358283 -0.00243672 0.00108162 -0.00179232 0.00637867 0.0145297 0.00434924 0.0133358 -0.00718319 -0.00119066 0.0161671 0.00553592 0.0091487 -0.0084963 0.00064568 0.00526549 0.00196795 0.0127966 0.00757301 0.0204588
internal_weight=3785.02 1352.93 2432.09 765.02 498.081 587.908 1721.76 284.161 996.496 367.535 266.939 107.954 710.336 584.876 536.79 295.912 240.387 195.794 725.262 869.386 598.551 270.835 156.043 580.973 157.452 37.6129 33.2364 18.8636 281.923 127.11 94.5545 55.7083 140.013 85.7812 181.401 32.9701 276.867 183.312 47.3905 34.9754 135.921 110.312 49.3317 585.249 423.521 276.703 146.818 57.4563 296.403 59.0712 29.2279 158.984 125.46 107.605 87.9962 93.5559 89.3617 119.839 103.886 172.197 108.304 63.8927
internal_count=59916 33737 26179 15388 11770 18349 20841 7808 11072 8434 3618 1465 5338 4474 4011 6502 1805 1472 9769 9228 6661 2567 1479 6493 1511 371 609 325 6304 1844 1270 517 1477 921 1370 353 6181 4051 1042 765 3009 2464 970 8292 4982 3142 1840 775 2206 384 554 2153 864 1227 957 2130 1065 1140 1034 1300 845 455
is_linear=0
shrinkage=0.03


Tree=51
num_leaves=63
num_cat=0
split_feature=6 3 11 14 32 5 25 14 15 7 23 21 14 8 32 5 35 11 11 26 17 6 25 2 8 11 7 21 11 26 8 11 8 3 25 6 17 12 18 12 15 25 20 19 6 14 21 23 25 32 21 22 9 7 14 35 21 27 7 12 26 17
split_gain=121.062 43.467 27.6083 26.7676 19.5093 17.1544 16.4307 28.7109 17.842 15.7078 22.0999 14.1523 14.0621 13.4906 17.6832 12.3209 12.1245 11.1717 10.8159 11.3786 10.8568 9.96214 12.289 9.45885 9.40376 9.36436 9.13504 10.3571 10.7824 12.283 9.7874 12.1732 8.92159 8.89081 8.74584 10.4784 8.7691 10.5755 10.4971 8.49887 9.30299 8.39182 8.00404 7.9672 7.70359 10.0125 18.5295 16.303 8.55138 8.45302 10.3907 7.65664 7.64423 7.46515 7.45305 11.1341 7.69459 7.44283 7.44175 7.4317 7.42514 7.40351
threshold=-0.36978991329669947 0.38644681870937353 -0.31456629931926722 0.4133910089731217 13.500000000000002 -0.13803075999021527 -0.3926172256469726 0.040406191721558578 0.90859434008598339 0.73943787813186657 0.84280914068222057 0.27806262671947485 -0.72725367546081532 0.050141893327236182 14.500000000000002 0.57664474844932567 1.0000000180025095e-35 -1.0661130547523496 -0.011559306178241966 1.1848073005676272 0.93529978394508373 0.23237492889165881 0.17063122987747195 0.66848567128181469 0.58566677570343029 -0.63997438549995411 0.82355144619941723 -0.098788145929574953 -0.35231128334999079 0.75286248326301586 -1.2036213278770445 0.73022466897964489 0.22207754105329516 -0.34385974705219263 1.010866701602936 1.3273013234138491 -0.42631796002387995 0.30965116620063787 1.8142587542533877 1.0934068560600283 -0.067129451781511293 0.46502372622489935 1.2497975230216982 0.70642077922821056 1.5222473144531252 0.35931798815727239 0.46923436224460607 1.064257085323334 1.7373704314231875 10.500000000000002 0.97198200225830089 0.8414762318134309 -1.0389060378074644 -0.82052889466285694 -0.30752970278263086 1.0000000180025095e-35 -1.0318311452865598 2.5000000000000004 -0.12268358096480368 -0.50667771697044361 -1.1639166474342344 1.1254220604896548
decision_type=2 2 2 2 2 2 2 2 2 2 2 2 2 2 2 2 2 2 2 2 2 2 2 2 2 2 2 2 2 2 2 2 2 2 2 2 2 2 2 2 2 2 2 2 2 2 2 2 2 2 2 2 2 2 2 2 2 2 2 2 2 2
left_child=2 3 11 5 9 23 7 61 -8 18 60 42 25 26 52 16 24 -13 20 44 -3 43 -23 -2 32 -6 30 -28 -29 -30 41 -32 -14 -10 35 36 -16 38 -38 40 -39 -7 -1 -18 45 46 47 48 51 -47 -51 57 -15 -42 -33 56 -56 -20 -35 -17 -11 -4
right_child=1 4 6 -5 12 13 8 -9 33 10 -12 17 15 14 34 59 21 -19 19 -21 -22 22 -24 -25 -26 -27 27 28 29 -31 31 54 -34 58 -36 -37 37 39 -40 -41 53 -43 -44 -45 -46 49 -48 -49 -50 50 -52 -53 -54 -55 55 -57 -58 -59 -60 -61 -62 -63
leaf_value=-0.022074813238993456 -0.011793334298515916 -0.0097481573353265637 0.025081791911384363 -0.0099671447225148889 -0.0095900448794403563 0.013824570091338651 -0.010740612836234963 -0.008046397269964008 -0.015568864600971337 0.020931293479447891 0.026945003910005608 -0.015920997603386527 -0.0032553541805570435 -0.0025564450900518944 -0.0083763587292185419 -0.0055770213964212835 -0.012225704924530708 0.0011177175084943571 0.0084123837736033644 -0.0098154306672244805 0.013344614578475709 0.006997219823517334 -0.0077992797603417558 0.0099296564778375701 -0.013828296779636314 0.011935928795520939 -0.013330187323970406 0.00056087121936881565 0.038528782789748021 -0.0064435509358350069 -0.010889800228119383 -0.004592714297123505 0.011096042417389118 0.032737897788851306 -0.0099090733045790868 0.030858050971272859 -0.0050983956453917829 -0.0084364895152783982 0.028333710789586762 -0.010140137534922029 -0.0029341725297859045 -0.014697076701551131 0.0065426707343850003 0.017929394763730525 0.021808498296991836 0.011671363077432396 0.0014364993810267956 -0.00060263587376239807 -0.0060168607658239648 -0.01260255629535414 0.01529846185882215 -0.0073293008741267211 0.016039408180524579 0.031954436776468947 -0.0050625993235474225 -0.0055402236934654278 0.039487020261976903 0.040250269657800423 0.002337789281915774 0.011489823448654001 0.00057599071561664772 -0.0055632149245973444
leaf_weight=214.05100736021996 117.72967519424856 56.814267709851265 42.283041575923562 267.13391043059528 16.156760163605213 36.939667526632547 303.66908245906234 68.170760545879602 4.6713494509458569 16.501689247786999 97.252421766519547 71.5163898114115 271.54477665573359 21.457785561680794 47.546823060140014 23.683476865291595 47.638191163539886 62.145298801362514 11.287823576480148 22.184068169444799 21.208119656890631 392.49232223629951 53.66042448207736 17.236848078668118 59.882314004004002 215.02323800325394 11.484780877828596 26.092482188716531 16.036345193162564 5.6577659249305716 162.58512697555125 31.508197635412216 40.433129895478487 11.171529635787016 47.984617542475462 7.1863919682800761 65.941380467265844 5.7366607226431361 4.6034310348331919 6.1988676767796269 5.6321909576654425 7.5200844369828692 7.0694502368569365 4.7454499565064898 45.60744446888566 32.327865522354841 70.042589463293552 20.910787235945463 4.0965362563729277 46.106126792728901 11.121366336941717 2.4669744297862044 146.03796357661486 29.268268045037985 3.1848487779498109 11.178968068212271 10.170680310577152 42.554617896676064 14.644453227519984 156.85996194183826 65.740852158516645 6.4527340438216916
leaf_count=7510 2369 679 817 5678 156 692 7560 1688 78 136 608 2166 2999 287 991 248 770 1585 97 183 175 3785 626 300 639 1634 216 436 208 80 3296 454 453 143 606 64 1212 139 92 94 97 121 212 68 282 284 491 158 36 504 84 25 1912 384 64 199 159 383 170 1387 614 92
internal_value=8.95215e-05 0.00289822 -0.0101829 -0.00178366 0.00571228 0.000847082 -0.00516826 0.00437604 -0.00852268 0.0103323 0.017594 -0.016398 0.00363971 0.00272261 0.00645932 0.00214166 0.000641638 -0.00824429 0.00678039 0.00927272 -0.00304542 0.00368399 0.00515088 -0.00876344 -0.00343187 0.0102603 -0.00180033 0.00839448 0.0143838 0.0277901 -0.00421085 -0.00681788 -0.00124969 0.0119698 0.000803964 0.00398613 0.00194172 0.00629267 -0.00118587 0.0165848 0.0213258 0.00800225 -0.0210354 -0.00816973 0.0108936 0.00842593 0.0130074 0.0223135 0.0296861 0.000404328 -0.00638682 0.0325623 0.0136521 0.026662 0.00491953 0.015845 0.0303782 0.0348576 0.0186704 0.00916106 0.00562574 0.0208842
internal_weight=3766.24 2960.4 805.845 1112.05 1848.34 844.92 451.063 116.907 334.156 566.224 179.495 354.782 1282.12 709.953 387.594 1050.94 870.397 133.662 386.729 308.706 78.0224 498.536 446.153 134.967 371.86 231.18 322.359 59.2714 47.7866 21.6941 263.088 218.628 311.978 30.4873 220.099 172.114 164.928 117.381 70.5448 46.836 40.6371 44.4598 221.12 52.3836 286.522 240.915 151.359 81.3167 60.406 89.5554 57.2275 56.3094 167.496 34.9005 56.0427 24.5345 13.3555 53.8424 25.816 180.543 82.2425 48.7358
internal_count=59675 37654 22021 20150 17504 14472 10548 2597 7951 4739 1358 11473 12765 11803 5878 10975 9340 3751 3381 2527 854 5249 4411 2669 4091 1790 5925 940 724 288 4985 4172 3452 391 3679 3073 3009 2018 1304 714 620 813 7722 838 2344 2062 1190 699 541 872 588 505 2199 481 876 422 223 480 313 1635 750 909
is_linear=0
shrinkage=0.03


Tree=52
num_leaves=63
num_cat=0
split_feature=23 11 15 3 3 17 6 26 25 9 8 15 14 25 17 1 26 18 1 26 32 25 25 6 6 31 8 9 12 18 3 6 15 12 6 26 6 2 14 14 25 6 32 22 6 23 22 32 11 9 9 31 23 11 25 14 29 6 11 26 22 9
split_gain=118.426 35.0083 29.8403 19.841 18.1207 17.3078 13.5251 13.4852 13.444 13.3815 13.3766 12.2232 12.1344 11.4067 10.964 10.4789 11.7229 10.6356 10.3235 12.7716 12.5717 10.5426 10.2305 11.629 10.879 10.1523 10.7333 10.8741 9.90709 12.3079 11.7267 9.89251 9.2563 8.55012 8.53516 9.06178 8.39619 8.37773 9.92261 8.27517 8.1068 7.82599 8.17101 7.77744 7.75377 7.75374 7.53291 7.46543 9.11073 8.42497 8.4702 7.26766 12.5542 8.28427 7.11075 15.5311 15.3304 12.1997 10.1228 7.45111 7.258 9.48744
threshold=0.24323514103889468 0.036560259759426124 0.7943515181541444 -0.37728126347064966 1.4619360566139223 0.29890263080596929 -1.4087574481964109 -1.4723684787750242 1.665272653102875 -1.5150947570800779 -0.51933053135871876 -1.0072365403175352 -1.716747462749481 0.25834591686725622 -0.63583827018737782 0.83833602070808422 0.84534144401550304 -0.25409944355487818 1.410634517669678 0.28875873982906347 9.5000000000000018 -0.13572748005390164 -0.051614318042993539 1.5981845259666445 0.74770116806030285 -0.64285716414451588 0.17380572110414508 -0.53116911649703968 0.32185603678226476 -0.24626781046390531 -0.31207790970802302 -0.74558684229850758 -0.067129451781511293 0.78978860378265392 0.082688201218843474 0.7151293456554414 0.78147754073143016 -0.28796856105327601 0.31255255639553076 -1.8591957092285154 -0.26728245615959162 -0.41294224560260767 10.500000000000002 0.68251031637191784 1.3573565483093264 0.91261956095695507 -1.0000000180025095e-35 15.500000000000002 -0.31456629931926722 0.44252236187458044 0.91318559646606456 -0.21428572386503217 -0.21276343613862989 -0.48225842416286463 -0.26715756952762598 0.27779406309127813 0.44097222387790685 -0.87279126048088063 0.024524024687707428 -1.1399847865104673 0.90357834100723278 0.79091298580169689
decision_type=2 2 2 2 2 2 2 2 2 2 2 2 2 2 2 2 2 2 2 2 2 2 2 2 2 2 2 2 2 2 2 2 2 2 2 2 2 2 2 2 2 2 2 2 2 2 2 2 2 2 2 2 2 2 2 2 2 2 2 2 2 2
left_child=1 3 4 5 9 41 -3 31 12 -2 36 -11 -4 15 -12 16 54 47 20 33 21 -14 24 -24 -22 -6 34 -28 37 -30 -31 -5 -33 -20 -27 -36 -8 -16 -39 -15 51 -1 -43 -25 -17 -10 -29 -18 -49 -50 -51 -9 -53 -54 55 56 -13 -58 59 -56 -60 -62
right_child=2 6 8 7 25 -7 10 40 45 11 14 13 18 39 28 44 17 -19 19 -21 22 -23 23 43 -26 26 27 46 29 30 -32 32 -34 -35 35 -37 -38 38 -40 -41 -42 42 -44 -45 -46 -47 -48 48 49 50 -52 52 53 -55 58 -57 57 -59 60 -61 61 -63
leaf_value=-0.021579879326622611 -0.012277105328985877 -0.015593481479199907 0.017934395409896716 -0.010410805887410226 -0.0055484233497462765 0.0091435850715830894 -0.0092494309808513597 -0.0099139588524961783 -0.013116925180118044 -0.014905788685263981 -0.0066280505956672715 -0.00066342386461969518 -0.0044929469886492348 0.012997136900447785 -0.014777249521742404 0.016033224676983076 0.025243579423140525 -0.0010079959173015293 0.041229600483336036 0.0041499605465220787 0.00260022491243634 0.023185591013973002 0.0019965010812791214 0.0068904511604055479 0.016188577149655839 -0.015046102903603652 -0.0025273082347409708 0.002818459659505868 0.0036756043301557602 0.042964996591517299 0.010542941335368868 -0.0035426822551369854 0.032741339535671633 0.0054175143991639692 0.014991781794386297 -0.006749748138932316 0.018928281679177653 0.010512563116408658 -0.0062079616688031714 -0.007943555988669292 -0.011989175285390721 0.0088869301822840745 -0.013916090542692869 0.026060347026089878 -0.008307395264650146 0.0025123201240440898 0.040308404689616918 -0.014000078098764151 -0.0014239015929319834 0.043074617229130648 -0.0027810344242847765 -0.005197809648344048 0.030443850182737629 -0.0024143727765796484 0.0065595859923317365 -0.004099710304025889 -0.0041884363863061167 0.030020153432816655 -0.00081304805871230837 -0.011339613408706579 0.024345385202079229 -0.0099408190084237114
leaf_weight=205.73458223044872 77.126387817785144 46.71317283436656 106.70704818144441 9.6706225350499171 28.9349156729877 20.19211914204061 123.02572296001017 51.107674727216363 30.69313957169652 40.407285060733557 65.097203863784671 42.835822323337197 13.504985328763722 14.436395175755022 18.54079776443541 69.560731615871191 36.87192402407527 51.088653093203902 19.599455341696743 30.565393339842558 88.611521136015654 59.98651547729969 584.00863135233521 66.673101678490639 135.82570566609502 9.264903146773575 8.8676691986620408 6.7907708808779743 53.804113537073135 15.158969493582843 29.326846776530147 8.1627164930105245 13.916460808366534 10.181140549480913 70.733873412013054 19.146319404244423 5.6651385985314837 84.440542040392756 45.590987434610724 158.08179242908955 175.21742764674127 12.22010759077966 147.9823970105499 25.338980220258236 10.77306519076228 138.29973754286766 22.87492361664772 10.391750261187552 14.707719743251802 6.6265723034739477 4.4351428337395191 44.145566018298268 15.273308502510192 9.4289109036326391 21.39355138503015 95.620182767510414 10.446326779201625 39.808135539293289 230.97827643528581 129.71938952989876 18.56109103560448 7.2324668392539015
leaf_count=7902 1273 1260 766 280 289 479 2688 1096 301 938 1590 632 97 153 428 837 523 784 119 193 1006 394 4930 402 1084 129 93 64 1021 329 470 212 207 64 645 170 79 1665 958 2318 4260 275 4237 148 108 1201 188 177 232 91 63 1088 284 159 351 1543 199 527 3268 2075 230 92
internal_value=0.000464762 -0.00729539 0.00409979 -0.0115078 0.000792764 -0.0160897 -0.00107806 -0.00593515 0.00725975 -0.000629713 0.000618401 0.000312121 0.00842469 0.00101666 0.00396859 0.00252801 0.00134115 0.00953738 0.00736202 0.0190381 0.00654502 0.0181371 0.005504 0.0036129 0.0109973 0.00985509 0.0131733 0.0257682 0.00683902 0.0139818 0.0248159 0.0114283 0.0211498 0.0315253 0.00727613 0.0102488 -0.00734749 0.00181227 0.00463731 -0.00587451 -0.00796206 -0.0175866 -0.0119604 0.0132407 0.0124736 -0.000621689 0.0333709 0.0165061 0.00561265 0.0145114 0.0295467 -0.00183536 0.00442683 0.0196066 -0.000429178 0.00431676 0.0127303 0.0231737 -0.0026506 -0.00867664 0.000993772 0.0146785
internal_weight=3768.13 1200.42 2567.71 713.052 1257.72 386.129 487.363 326.923 1310 1091.1 440.65 1013.98 1141 973.569 311.959 801.051 720.717 124.122 1034.3 60.346 973.949 73.4915 900.458 676.021 224.437 166.613 137.678 38.5334 246.862 98.2899 44.4858 31.7498 22.0792 29.7806 99.1451 89.8802 128.691 148.572 130.032 172.518 295.173 365.937 160.203 92.0121 80.3338 168.993 29.6657 73.0331 36.1612 25.7694 11.0617 119.955 68.8478 24.7022 596.595 188.71 93.0903 50.2545 407.885 151.113 256.772 25.7936
internal_count=59664 30967 28697 20479 17992 12893 10488 7586 10705 16414 9228 15141 9203 14203 6461 11732 10787 1870 8437 376 8061 491 7570 5480 2090 1578 1289 345 4871 1820 799 699 419 183 944 815 2767 3051 2623 2471 6887 12414 4512 550 945 1502 252 1086 563 386 154 2627 1531 443 8917 2901 1358 726 6016 2426 3590 322
is_linear=0
shrinkage=0.03


Tree=53
num_leaves=63
num_cat=0
split_feature=3 15 4 32 6 11 4 21 5 4 8 29 21 4 15 23 23 4 32 6 11 25 15 10 26 26 26 10 7 20 24 10 26 21 24 25 5 2 15 20 24 10 17 25 8 9 26 20 11 20 7 10 25 26 3 23 11 21 9 6 12 12
split_gain=120.093 43.0548 28.7184 26.8002 24.8658 22.9073 21.8797 16.4442 13.7612 13.4513 12.6728 11.6308 11.4556 11.2682 11.0268 14.1739 16.5844 10.905 10.8914 10.716 10.6726 10.5891 10.2262 10.2177 10.1252 9.58631 11.6737 9.10228 9.02982 8.94491 8.67432 8.51142 8.39372 9.2647 8.49702 8.00627 7.89452 7.8931 9.05161 7.97957 7.8412 13.381 8.30748 7.70265 7.70122 7.6969 9.89096 8.24388 7.48461 13.9175 8.05353 11.1374 8.77176 7.47648 7.42327 7.40258 7.32282 7.21866 7.18904 7.12293 7.07676 7.0671
threshold=0.012079695705324413 -0.29607845842838282 -0.49911274015903467 10.500000000000002 -1.0034729242324827 -0.024152327328920361 -0.085485760122537599 1.4334087371826174 1.2521092891693117 1.7498977184295657 0.34872379899024969 0.64495798945426952 -0.086916554719209657 2.3550682067871098 1.4464946985244753 1.409426271915436 0.63605090975761425 0.34615179896354681 15.500000000000002 -0.11120267212390898 -1.1629440188407896 2.289776206016541 -0.98977747559547413 -0.78886502981185902 -1.5310466289520261 -0.45185631513595576 -0.16008712351322171 -0.28988762199878687 0.50035893917083751 1.3237347602844241 0.66542723774909984 -0.11755844205617903 0.95531958341598522 1.0000000180025095e-35 -0.89961332082748402 -0.27617515623569483 0.29435439407825476 1.305591940879822 1.5205280780792239 1.4197192788124087 0.089587453752756133 0.20693723112344745 1.8419355750083926 1.0590570569038393 1.1360383033752444 -0.53116911649703968 0.3062340915203095 0.01980583090335131 -0.73539656400680531 0.29615147411823278 0.76338607072830211 0.3033283799886704 0.32743325829505926 -0.48624397814273829 0.50120428204536449 0.60902729630470287 1.4253736734390261 -0.75422021746635426 -1.4491441845893858 -0.026751670986413952 0.088083058595657363 -0.27721859514713282
decision_type=2 2 2 2 2 2 2 2 2 2 2 2 2 2 2 2 2 2 2 2 2 2 2 2 2 2 2 2 2 2 2 2 2 2 2 2 2 2 2 2 2 2 2 2 2 2 2 2 2 2 2 2 2 2 2 2 2 2 2 2 2 2
left_child=1 18 30 -4 56 12 28 9 13 10 19 17 -5 32 15 16 -12 -10 22 54 -14 53 -1 -11 58 -26 27 -27 -6 -24 -2 -21 34 44 -8 -32 -25 38 -9 -39 41 -33 -42 57 -34 46 -37 -48 -36 50 -50 52 -52 -16 -7 -51 -3 -38 -22 -28 -31 -30
right_child=2 4 3 5 6 7 8 37 11 23 14 -13 20 -15 21 -17 -18 -19 -20 31 24 -23 29 36 25 26 59 -29 61 60 35 40 33 -35 48 45 43 39 -40 -41 42 -43 -44 -45 -46 -47 47 -49 49 55 51 -53 -54 -55 -56 -57 -58 -59 -60 -61 -62 -63
leaf_value=-0.016720413499574149 -0.011519743018375684 -0.017571808196061224 0.013685135728697107 -0.012351754761483898 -0.017108462085720793 0.0040936900779338595 0.01702102066497339 0.021141358536508222 -0.0084386650554295339 -0.004390098803011497 0.012830525594516218 -0.00556791453259773 -0.0090982618651341517 0.028708955568199031 0.0040284260489343148 0.027413818130491169 -0.001669428171268465 0.035512075533407288 -0.020696193158204951 0.0060660431571111359 -0.012655298126319825 -0.0070311183198899551 -0.0056708184099328552 0.0044855339769540852 -0.0084448613156540616 0.035208574827483026 -0.0096723013519776652 0.0039421355601657604 -0.01300040897608803 -0.0088874037107741603 0.017093177212166639 -0.014860951489783386 -0.011472178925777159 0.01402847769309493 -0.011208764112096169 -0.0074000891177895085 -0.0070101380026387607 -0.020039155636860432 0.0012300392691389041 0.013044948041466354 -0.0030385325566314818 0.034199176229207054 0.010165078749337145 -0.0030657814620050571 0.015574994856890671 -0.0093099615055152879 -0.0039751838428352584 0.033071265517030823 -0.0070414588580352743 0.014658859046257145 0.02835675645407024 -0.0091869698934897472 -0.010938289402785432 0.031020148818243283 -0.012469909352178926 -0.0014886938742712853 0.010324840114659273 0.029694532471872103 0.022203666834668477 0.0034113946980770548 0.038668251657630395 0.010852239692198139
leaf_weight=100.81447120942175 118.32920469343662 116.34067395143211 273.73627436347306 71.560821812599897 93.788207581266761 32.875565223395824 14.282399712130426 105.30156940966845 4.267622152343395 20.178956430405378 108.78089164569974 11.694069586694239 85.053780129179358 6.8257557041943064 14.013144154101608 20.110300283879042 186.1868766322732 20.357570912688971 193.89911454357207 360.74182410910726 2.997077768668535 9.2197465971112234 93.024190468713641 30.49623454362154 73.738711813464761 12.195938166230919 41.095952181145549 19.177276475355029 14.865748230367897 1.9987524598836888 15.449834156781433 4.2391496635973445 29.144453153014183 58.321681655943394 83.203156314790249 18.463281240314245 3.3980221077799788 7.7947098203003433 26.041353292763233 8.6750067546963674 318.63926047086716 9.0916774161159974 44.502415701746941 7.5658940747380248 8.3341534081846458 65.089588262140751 6.8135869130492237 10.482862837612627 232.63265047594905 55.94136843457818 16.437797468155626 17.172182647511363 3.7755798585712901 36.451002933084965 70.972239730879664 42.541622146964073 5.9279169384390107 54.097311668097973 27.966116415336728 195.42856435105205 2.8146953023970127 20.575595719739795
leaf_count=3610 2338 3548 2409 1455 2347 707 353 717 75 157 1626 153 1337 77 102 154 1929 237 6690 3565 44 68 2825 251 933 153 813 238 368 60 181 71 581 893 1737 218 32 46 134 48 3163 139 304 53 133 734 89 113 4405 1012 307 273 49 247 1215 554 138 371 349 2183 83 459
internal_value=0.000153973 -0.00743361 0.00392642 0.00495535 -0.00362188 0.0037346 -0.00148905 0.0056458 0.000934821 0.00455525 0.00358955 0.0176514 -0.00161083 -0.000277479 0.00814061 0.00571443 0.00380273 0.0277566 -0.0155995 0.00152556 0.000184013 0.0195169 -0.0102388 0.0141312 0.00239531 0.0007896 0.00343954 0.0192657 -0.0124475 -0.00307181 -0.00597698 0.00280651 -0.00087982 0.00698683 -0.0025541 -9.50741e-05 0.0180662 0.0149994 0.0173834 -0.00363328 -0.000355389 0.0188001 -0.00130437 0.0236575 -0.00433234 -0.00341131 0.00715035 0.0208588 -0.00335261 -0.00145248 -0.00496352 0.00727185 0.0203034 0.0245638 -0.00727912 0.00794871 -0.0158668 0.027138 0.0175391 0.000984939 0.0244542 0.000476978
internal_weight=3765.93 1248.98 2516.95 2282.32 856.43 2008.59 734.162 1479.37 604.932 1331.56 1215.82 36.3193 529.214 568.613 374.762 315.078 294.968 24.6252 392.551 841.062 457.653 59.6839 198.652 115.736 372.6 341.636 267.898 31.3732 129.23 97.8376 234.628 737.214 561.787 95.8003 465.987 116.299 95.5575 147.813 131.343 16.4697 376.473 13.3308 363.142 65.0612 37.4786 100.849 35.7597 17.2964 451.704 368.501 270.018 37.3856 20.2134 50.4641 103.848 98.483 122.269 57.4953 30.9632 236.525 4.81345 35.4413
internal_count=59653 30967 28686 25013 17699 22604 14013 15099 10839 14154 13290 465 7505 10374 4126 3709 3555 312 13268 9164 6050 417 6578 864 4713 4320 3387 391 3174 2968 3673 7242 10297 1607 8690 1335 707 945 851 94 3677 210 3467 456 714 1154 420 202 8337 6600 5034 629 356 349 1922 1566 3686 403 393 2996 143 827
is_linear=0
shrinkage=0.03


Tree=54
num_leaves=63
num_cat=0
split_feature=3 4 15 14 2 6 6 32 9 24 33 8 5 21 31 16 11 12 5 11 21 14 9 23 21 17 10 14 9 14 9 16 14 21 17 8 16 8 15 9 26 16 8 10 23 9 5 23 3 14 11 31 12 21 26 30 10 3 14 6 31 11
split_gain=103.204 32.5046 30.702 25.2908 20.3371 16.9015 16.761 15.0645 13.0345 12.8968 12.7738 12.6792 11.3356 10.4414 10.2149 12.2155 9.77079 9.52031 9.198 9.05954 8.80466 8.76328 8.5248 7.82745 7.65956 7.6231 11.7438 7.5988 7.54704 12.4895 8.95418 11.7637 12.7236 8.24098 7.51312 10.8409 9.41529 8.98552 7.512 7.46995 7.94334 8.03312 7.5306 7.44644 11.5683 9.64267 7.39231 7.34942 7.34578 7.2881 7.28057 7.10834 7.10663 8.36687 6.93875 6.85763 6.91478 6.84938 11.0833 6.83324 7.88278 6.89118
threshold=-0.1959760785102844 -0.037920959293842309 0.045292682945728309 -0.76831158995628346 1.2062891721725466 -0.70254066586494435 -1.0034729242324827 12.500000000000002 0.25768557190895086 0.66542723774909984 1.0000000180025095e-35 0.52249017357826244 -0.17966429144144055 -0.11923277378082274 0.35714286565780645 0.60180169343948375 -0.69436243176460255 0.87617370486259472 1.3860974311828616 -0.39024323225021357 1.0972294211387636 0.059922223910689361 1.0525641441345217 0.95968887209892284 -0.032316787168383591 1.1795822978019717 -0.020924362353980538 0.64188504219055187 0.39207851886749273 -0.16549851000308988 1.0402650833129885 0.53490614891052257 0.60471880435943615 1.265677869319916 -0.72930032014846791 -0.41784365475177759 -0.075491067022085176 -1.2036213278770445 -0.13276244699954984 -1.3498557806015012 1.1848073005676272 0.42556470632553106 1.2884494662284853 -0.49425697326660151 1.1176006793975832 0.25889298319816595 -0.79013499617576588 1.1077868938446047 0.39892175793647772 -0.52455061674118031 1.3198862671852114 -0.92857143282890309 0.88203129172325145 -0.27517828345298762 -1.260078430175781 -6.7321429252624503 1.7887822389602663 -0.82417598366737355 -1.2361479997634885 1.5222473144531252 -1.0000000180025095e-35 0.91171324253082286
decision_type=2 2 2 2 2 2 2 2 2 2 2 2 2 2 2 2 2 2 2 2 2 2 2 2 2 2 2 2 2 2 2 2 2 2 2 2 2 2 2 2 2 2 2 2 2 2 2 2 2 2 2 2 2 2 2 2 2 2 2 2 2 2
left_child=2 9 6 11 5 19 -1 39 18 54 14 -3 -8 59 -4 -16 22 51 -6 -5 -12 -21 -15 -13 50 43 46 34 33 -30 -31 32 -32 -18 37 -36 57 -14 -38 -7 42 -42 49 44 45 48 -27 -45 -11 -41 -25 -10 53 -51 -2 -23 -57 58 -37 61 -61 -9
right_child=1 3 10 4 8 7 12 13 17 25 20 23 27 16 15 -17 28 -19 -20 21 -22 55 -24 24 -26 26 -28 -29 29 30 31 -33 -34 -35 35 36 38 -39 -40 40 41 -43 -44 47 -46 -47 -48 -49 -50 52 -52 -53 -54 -55 -56 56 -58 -59 -60 60 -62 -63
leaf_value=-0.018579568316998137 0.0045183784794246076 0.0069387219539604403 0.0058859039813608715 -0.016802076949064729 -0.0053788763949579044 -0.0058508304283423958 -0.017279538754140025 -0.0096680796483387659 -0.0059167838953566396 -0.0031471218984888824 -0.014774669843278248 0.010321209137038051 0.0125741808950469 -0.0077085980233052975 -0.015237668247501425 0.010217262985949516 -0.0010308979446871452 0.0017510817739884901 0.023858815647856232 0.0098592693735627072 0.010641049847585685 0.013976139224306511 0.013207878187389091 -0.0074461133687073241 0.028201751493014657 0.0217384260134128 0.0221242259619134 -0.016259889707934891 -0.0041332559776165265 0.011741289394573379 0.022845470935762235 -0.0093345284096321111 -0.0090747507784195471 0.010365092520277982 -0.010127981448256516 0.02980456007937355 0.0097091824728748558 -0.015415727804705976 -0.0076094654069507944 -0.0034446042476446183 0.014521885271728086 -0.015604797712929809 0.025237902558175332 -0.010543320246090891 -0.01406446455649907 -0.0019492549214420282 -0.01029702478342797 0.0052176288564626519 0.035803938480331532 0.00014626599378658427 0.022451507730207015 0.030235614245289293 0.00096795068183899323 0.016333330044775957 -0.010966639912042442 -0.012622222664499815 0.019421491116761384 0.01946255083889601 -0.0068694022403046617 0.028239107960781516 -0.0057276515693462978 0.0003581079695762481
leaf_weight=202.35069078207016 27.212974172085524 277.50433192029595 207.11373101733625 48.581660013645887 35.977264242246747 26.076522590592504 93.17119843699038 123.76566674932837 3.7178688421845427 4.6289249025285271 67.381161836907268 93.678837604820728 8.177941679954527 105.4690904058516 46.703864298760891 21.084464021027088 290.29905158281326 16.915053330361843 7.7069162577390662 35.101500930264592 11.018392667174338 7.6638011932373038 16.163826355710626 13.092644374817612 68.671033691614866 3.4123356416821506 28.80586576461792 47.973646422848105 72.267241876572371 287.77432209998369 25.85643894597888 45.379333280026913 14.237712383270262 65.886988043785095 79.116521632298827 4.427678368985652 26.598849661648273 67.985972702503204 75.222220253199339 32.679918291047215 7.7259816359728601 17.325743502005935 28.034635029733181 85.640479691326618 12.059699218720196 15.625799786299465 24.362894870340824 34.127094354480505 14.570875179022549 34.627047283574939 7.7902696579694739 54.450789554044604 50.552927784621716 166.65527057275176 192.29889559559524 67.438653402030468 2.2037230096757403 35.344969036057591 29.845936745405197 7.7391672804951694 9.2085411548614484 117.79092909023166
leaf_count=7540 547 2463 3167 1255 317 296 2973 2134 27 77 1138 896 253 1604 806 311 3286 120 52 628 146 171 246 115 430 37 258 1501 625 2852 294 416 186 536 2264 120 717 2106 1779 250 96 153 240 1125 119 201 210 315 161 447 63 408 481 1577 3935 1455 46 1015 923 72 90 1551
internal_value=0.000449315 0.00349642 -0.00765196 0.00493638 0.00333311 0.00247351 -0.0114013 0.00344129 0.0150854 -0.00391056 -0.000479509 0.011184 -0.00813314 0.00178119 0.00259786 -0.00716234 0.00327098 0.0222807 0.00169994 -0.00664109 -0.0107789 -0.00172107 -0.00451725 0.0172583 0.0235854 0.00117081 0.0102052 -0.0056612 0.00447327 0.00705474 0.00924694 0.000664119 0.011761 0.00119143 -0.00388332 -0.0012864 0.00296523 -0.0118209 -0.0028426 0.00873878 0.00993463 -0.0054434 0.0112335 -0.00210442 0.00752179 0.0158241 -0.00364542 -0.00602321 0.0277032 0.00944157 0.00588964 0.0276395 0.0111483 0.0136197 -0.00898908 -0.00725873 -0.0103752 0.0110808 0.00105967 -0.00350121 0.0126829 -0.00487087
internal_weight=3752.27 2728.76 1023.52 2286.01 1825.27 1706.51 670.216 1545.52 118.768 442.746 353.302 460.737 467.865 1181.84 274.902 67.7883 923.334 75.0837 43.6842 160.989 78.3996 112.408 121.633 183.233 89.5539 223.234 56.5811 374.694 801.701 445.515 373.248 85.4735 40.0942 356.186 326.72 250.556 171.44 76.1639 101.821 363.678 337.602 25.0517 312.55 166.653 46.8853 34.8256 27.7752 119.768 19.1998 284.515 20.8829 58.1687 251.835 201.282 219.512 77.3062 69.6424 69.6186 34.2736 258.504 16.9477 241.557
internal_count=59622 32863 26759 25878 21911 20987 21191 17432 924 6985 5568 3967 13651 13892 4284 1117 10045 555 369 3555 1284 2300 1850 1504 608 2503 505 10678 8195 4373 3748 896 480 3822 9177 6818 4554 2359 2496 3540 3244 249 2995 1998 558 439 247 1440 238 2755 178 435 2505 2024 4482 1672 1501 2058 1043 3847 162 3685
is_linear=0
shrinkage=0.03


Tree=55
num_leaves=63
num_cat=0
split_feature=15 24 4 11 25 14 25 5 17 0 5 6 11 24 11 20 16 22 29 23 2 22 16 16 14 14 12 19 15 11 26 10 24 29 22 11 13 17 26 5 12 11 16 12 2 23 29 14 11 11 22 15 6 11 15 29 12 16 5 25 20 24
split_gain=112.58 40.2396 26.9048 19.4753 20.6909 16.1543 25.7194 14.8556 13.0326 12.9228 12.0368 11.1906 14.3185 11.0101 10.8212 9.61779 9.61174 9.27295 9.23492 11.813 8.80498 9.08977 8.66051 8.35731 8.16909 8.47209 7.94258 9.18716 7.81462 13.0477 8.49097 7.80616 7.75693 7.49524 7.82583 8.28949 7.27335 8.03992 7.22017 7.21386 7.17984 7.09373 7.78734 9.56494 7.09367 7.07745 7.04328 8.51322 7.15258 9.04335 7.02489 6.89002 8.95429 10.4432 8.21134 6.87868 6.74521 6.66744 7.651 7.45286 6.6649 6.61904
threshold=-0.34570795297622675 0.75775164365768444 -0.037920959293842309 1.117392957210541 -0.52157127857208241 -1.7817230820655821 0.75996875762939464 0.10174472630023958 0.37150834500789648 1.6338733434677126 0.038795599713921554 -0.57035380601882923 0.34792445600032812 1.6401560306549074 0.70472145080566417 0.61775311827659618 -0.69243815541267384 1.7088286876678469 0.48529411852359777 0.65309941768646251 0.73044675588607799 -2.1659055948257442 -1.5093184709548948 -0.83084473013877858 0.35321031510829931 0.28889839351177221 0.79867526888847362 0.92702537775039684 0.36215279996395117 1.1876178383827212 0.81574785709381115 0.32401989400386816 -0.91622346639633168 0.91287881135940563 0.86338084936141979 1.6585459113121035 -0.24956821650266645 1.6144516468048098 -1.1639166474342344 1.0909038782119753 -0.23850131779909131 -0.48225842416286463 0.53880387544631969 0.85379028320312511 1.4567745327949526 0.42008206248283392 0.12916667014360431 -1.1684371829032896 0.012656308244913818 0.12095964327454568 1.5032576918601992 0.29957246780395513 0.40864264965057379 0.061053849756717689 0.9572044610977174 0.73030304908752453 0.28891630470752722 0.55950063467025768 1.4835093617439272 0.37481206655502325 -0.92844283580780018 1.0000000180025095e-35
decision_type=2 2 2 2 2 2 2 2 2 2 2 2 2 2 2 2 2 2 2 2 2 2 2 2 2 2 2 2 2 2 2 2 2 2 2 2 2 2 2 2 2 2 2 2 2 2 2 2 2 2 2 2 2 2 2 2 2 2 2 2 2 2
left_child=8 2 10 4 7 45 9 15 14 13 -2 12 -6 23 17 55 22 -1 -17 50 21 -13 -5 -7 25 -16 27 28 29 -18 57 -14 -9 -25 35 36 37 -35 61 44 -12 -42 -43 -44 -8 -3 51 -48 -49 56 -20 -40 53 54 -53 60 -50 -30 59 -59 -4 -23
right_child=1 5 3 16 11 6 39 32 -10 -11 40 20 31 -15 24 18 26 -19 19 -21 -22 38 -24 33 -26 -27 -28 -29 30 -31 -32 -33 -34 34 -36 -37 -38 -39 46 -41 41 42 43 -45 -46 -47 47 48 49 -51 -52 52 -54 -55 -56 -57 -58 58 -60 -61 -62 -63
leaf_value=-0.015989252281236915 -0.014114407856015074 -0.012071616795961342 0.023733812487735369 -0.0018781756009922576 -0.013844215295703059 0.02528981615933119 -0.0063821156977137937 -0.0040857151564280313 0.0025057849936109579 0.02278917571856871 -0.010077417407640482 0.02621450980223216 0.010294674120036375 0.014817882504025336 -0.0012622602101977996 0.00013522144654360115 0.028644880007669352 0.013065897239192934 0.04418966116169435 -0.0089085409932195807 0.010344353837511946 0.017299846360719365 0.046909705044422191 0.003552998660991511 -0.013097534423764578 0.02898258501236654 -0.0041015366395736868 -0.013878166846470974 0.0086687871255003192 -0.0032834076429803381 -0.0012556974277540516 -0.0092313395414191646 0.037188773197956694 -0.0081402408793711228 -0.0021348289953045038 -0.0093569660888789853 0.021970729836947492 0.02589970100330222 -0.0046511167830303856 0.0098152940312263726 0.017232099611362135 -0.01069227108960533 0.019524563618101395 -0.014113802982420541 0.013011252993935876 0.015877591509117363 0.0048324045800379354 -0.010163955804365812 0.028735961489225127 -0.004397129896984894 -0.0051007798581180009 0.047806442142461769 -0.0016238812901529015 0.00055032481782409288 -0.002263290479551238 -0.015466142070592706 -0.0019211393473631485 0.03405434108436909 -0.010176115680991292 -0.0092552673644110978 -0.0017740539341361621 0.00016583671199295167
leaf_weight=421.72940364293754 171.13805815018713 5.086411625146865 6.9878105521202079 4.1787609085440636 137.5538573153317 13.136218648403881 237.85470313951373 3.8668687194585827 49.287189297378063 38.520319890230894 53.16679710522294 5.4607548601925364 41.844858704134822 110.45801820233464 46.777047861367464 18.776367999613285 9.4495723526924831 6.5799207631498566 13.066970283165576 4.1616451516747466 56.021236641332507 25.381111524999142 5.7295141760259849 887.26673204265535 41.157646028324962 5.0478178802877656 42.291560582816601 9.3836165778338891 30.759798839688301 53.040050406008959 17.643606033176184 25.628864955157042 17.937274888157845 17.390597827732567 29.413339540362358 8.3454381190240365 70.729032900184393 3.6786068826913825 38.242809969931841 28.280118428170681 19.573851486667991 33.449504973366857 18.737195651978258 6.9699025787413111 13.642739862203596 154.70455229282379 69.326800173148513 205.68022079207003 8.9255278315395135 187.67918348684907 1.9177232850342978 8.9294263981282729 23.74388063699007 11.434250261634586 3.1863750256597987 18.683972828090191 10.956771872937678 39.879973370581865 2.0647531077265731 1.849550925195216 37.379708703607321 61.398617003113031
leaf_count=13822 4072 45 139 73 3667 172 2783 63 1057 242 1191 97 806 704 1143 270 162 167 195 49 609 447 96 7939 1052 128 517 108 360 903 198 492 195 182 249 66 607 29 804 273 417 691 284 109 127 1101 1170 3718 149 2735 24 127 291 141 35 334 162 409 19 19 676 815
internal_value=0.00019817 0.00240324 -0.00102882 0.00091012 -0.000799445 0.00571157 0.00468588 0.0105221 -0.012013 0.00662155 -0.00897751 -0.00235672 -0.0084467 0.00597836 -0.0133965 0.00497969 0.0089956 -0.0153973 0.0159516 0.0282225 -0.00056728 -0.00156376 0.0326046 0.00496336 -0.00386493 0.00397459 0.00711755 0.0100452 0.0118855 0.00330921 0.0172291 0.00275282 0.0304722 0.0045783 0.0112071 0.0150409 0.0176277 0.0016306 -0.00199227 -0.00344377 -0.00204027 0.0036649 -0.00181735 0.00959119 -0.00509698 0.0146486 -0.00323024 -0.00463503 -0.0062621 -0.00224748 0.0381836 0.0045134 0.0116602 0.0229923 0.037824 -0.00230659 0.0148502 0.0214077 0.0285499 0.0313498 0.00424029 0.00584661
internal_weight=3752.56 3181.99 1563.48 1260.44 1044.17 1618.51 1458.72 122.778 570.579 1178.94 303.035 921.395 205.028 1140.42 521.292 100.974 216.271 428.309 37.9227 19.1463 716.367 660.346 9.90828 1029.96 92.9825 51.8249 206.362 164.071 154.687 62.4896 92.1977 67.4737 21.8041 1016.82 129.557 100.144 91.7982 21.0692 654.885 279.778 131.897 78.7305 59.1566 25.7071 251.497 159.791 568.105 482.569 413.242 207.561 14.9847 85.5367 47.2939 23.5501 12.1158 63.0515 19.8823 74.5541 43.7943 41.7295 44.3675 86.7797
internal_count=59726 42357 27838 21074 18210 14519 13373 1945 17369 10190 6764 16265 4965 9948 16312 1687 2864 13989 538 268 11300 10691 169 9244 2323 1271 2695 2178 2070 1065 1005 1298 258 9072 1133 884 818 211 10594 3183 2692 1501 1084 393 2910 1146 9332 7934 6764 3046 219 1398 594 303 162 1149 311 807 447 428 815 1262
is_linear=0
shrinkage=0.03


Tree=56
num_leaves=63
num_cat=0
split_feature=3 6 4 32 11 4 7 21 6 9 7 32 26 2 11 20 14 9 7 14 22 11 9 14 20 14 21 5 26 26 19 23 11 11 29 11 4 0 29 9 12 2 19 11 29 15 25 2 5 5 9 20 14 5 11 22 32 0 6 6 23 5
split_gain=96.261 30.3686 28.219 27.3972 24.3773 21.3138 16.1891 14.0647 14.0419 12.8871 11.777 14.3343 13.0127 11.4425 10.7208 10.4384 10.4359 9.09258 9.08722 9.06865 9.0504 8.90642 8.55466 9.04325 8.21459 8.16773 8.1243 7.96111 7.95136 7.77736 7.75692 7.593 7.35182 8.08546 7.31787 7.27215 7.6586 7.25993 7.16805 8.6043 11.2288 10.2786 7.12622 7.07339 6.83998 6.78641 6.76569 8.27252 10.3333 8.23741 7.34812 7.13924 9.76551 6.64324 6.59597 6.564 6.54834 8.92966 6.54237 7.73699 6.54231 6.53377
threshold=-0.1959760785102844 -1.0034729242324827 -0.037920959293842309 10.500000000000002 0.061053849756717689 0.86763000488281261 0.99609312415122997 1.0244275927543642 0.80212673544883739 1.5080313682556155 -0.52266526222228993 13.500000000000002 0.93550792336463939 1.1341597437858584 -1.0325360894203184 0.041525570675730712 -1.0931290984153745 -1.1034096479415891 0.88840141892433178 0.50697287917137157 -1.300945460796356 0.24782812595367434 -1.3309161663055418 -0.39050057530403132 0.27586194872856146 0.77601534128189098 -0.51700475811958302 -0.12708774954080579 0.96498042345047008 -0.29179209470748896 0.71621760725975048 0.60902729630470287 0.7664504647254945 -1.2153280973434446 0.63068181276321422 1.4253736734390261 0.86763000488281261 0.17671296000480655 0.82085561752319347 -0.041099790483713143 0.8322277069091798 0.37649437785148626 -0.054488021880388253 0.22568751126527789 0.59411767125129711 0.42389552295207983 0.24256984889507296 -1.0000000180025095e-35 -0.12708774954080579 0.64317831397056591 0.058272222056984908 0.14263084530830386 0.4221912026405335 -0.33081199228763575 0.66872319579124462 0.83227279782295238 13.500000000000002 1.1206567287445071 -0.74558684229850758 0.72543650865554821 0.99012887477874767 1.152308523654938
decision_type=2 2 2 2 2 2 2 2 2 2 2 2 2 2 2 2 2 2 2 2 2 2 2 2 2 2 2 2 2 2 2 2 2 2 2 2 2 2 2 2 2 2 2 2 2 2 2 2 2 2 2 2 2 2 2 2 2 2 2 2 2 2
left_child=1 21 8 19 6 10 9 13 27 22 -3 17 14 16 -13 -8 28 -12 58 20 -4 -1 -5 -24 -9 29 35 56 37 32 -22 -21 33 -19 44 36 -18 -6 39 -17 41 -41 -25 55 -29 -40 47 49 -49 -28 51 52 -48 -20 -55 60 -2 -58 -16 -60 -31 -10
right_child=2 5 3 4 7 -7 15 24 61 -11 11 12 -14 -15 18 38 26 25 53 31 30 -23 23 42 -26 -27 46 34 -30 43 -32 -33 -34 -35 -36 -37 -38 -39 45 40 -42 -43 -44 -45 -46 -47 50 48 -50 -51 -52 -53 -54 54 -56 -57 57 -59 59 -61 -62 -63
leaf_value=-0.020979529605969199 -0.0023044781364413656 -0.012497741123725353 -0.0071117093423416367 -0.016621591950244475 0.0098867441625776955 0.010014325857251243 -0.011625539568918083 0.022357938419622907 -0.00058154442593723332 0.022683811715521678 -0.01410251822733757 -0.020512091497598063 0.0056192775626164992 0.013919016952686162 0.0081534132283568855 0.00088298489394614396 -0.010322770378427494 -0.0049150519745663401 -0.0170393660256093 -0.0075416796205990295 0.018951248553041398 -0.0071090052907992725 0.0043322120213386828 0.012138634646808096 0.0085981114537610637 -0.014750723878976557 0.028634160885969654 -0.00054193011518164551 0.026098027893114304 -0.014684864679726968 -0.0040899082958904594 0.011421975098074352 -0.003642793733031501 0.031091358569371293 -0.011460505536276578 0.0054297513624867733 0.0095615600558758961 -0.0088470477722882978 0.012711908064131642 0.0024968880255915389 0.038591980791105616 0.032578308249870007 -0.0073221802719262994 0.013446196658553199 0.025414873269383464 -0.01311957149158822 0.021671753039866955 -0.010926358823157905 0.0043310514191233782 -0.0009499540637924554 -0.013013721504999708 -0.0088655293322463403 -0.014274553860091341 0.014932690581829808 -0.0093557760743668162 0.012556033808542132 -0.021504844396785534 0.0078550782319021326 -0.014330503903173895 -0.00031032178169766896 0.014864200719654217 0.013102518076981427
leaf_weight=162.066546311602 32.642322041094303 202.49818765558302 11.770538032054899 49.954948859289289 99.976934384554625 74.049466324970126 19.737829318270087 44.475476210936904 169.95983340032399 10.261807069182394 17.069069817662239 59.701717952266335 57.681045414879918 85.501322723925114 14.247247802093623 33.643859410658479 116.7243142016232 5.343098575249317 5.9362436570227137 29.495182491838932 192.20327260345221 64.815428789705038 89.601664833724499 13.52211689762771 276.99027843773365 9.8993842769414169 18.464156530797485 65.23413147777319 19.439661175012589 32.422495635226369 12.371242225170134 37.968991532921791 8.7942078821361047 25.889738341793418 48.920241251587868 49.103390589356422 16.320282112807035 18.550216734409332 10.477082051336767 40.696599254384637 15.67398890480399 9.1044393479824048 296.33403770066798 30.145400173962116 5.5886934362351885 17.77402101457119 20.23474266752601 38.43057369068265 530.06703744269907 12.767823422327636 41.786402136087418 19.325892899185419 5.3996706437319508 33.651803828775883 9.7836812380701286 11.34062755666673 75.641099005937576 7.986733127385377 138.05035359598696 47.383475609123707 4.0044053383171549 33.416890107095242
leaf_count=6332 670 5316 118 922 893 1076 337 353 1905 153 378 1838 1349 655 470 404 2078 134 162 432 1581 1852 1068 267 1849 281 230 1186 157 798 95 316 136 513 929 697 199 136 175 509 159 91 4680 465 105 163 228 427 5778 136 468 201 75 771 168 243 1754 139 3733 749 52 318
internal_value=0.000179804 -0.00769221 0.00310018 0.00442811 0.00318346 -0.00484683 -0.00183572 0.00533687 -0.00383493 -0.00460322 -0.00644737 -0.00395353 -0.00708532 0.00368237 -0.00951049 0.00667906 0.00274836 0.00393811 -0.00652145 0.0130798 0.0160245 -0.0172557 -0.00546902 -0.00388608 0.0108151 0.00678703 0.00150277 -0.00873734 0.0102636 0.00912122 0.0174935 0.0031828 0.0190845 0.0251034 -0.00310161 -0.00405513 -0.00762563 0.00671537 0.00984761 0.0134997 0.0194601 0.0104669 -0.00629363 0.00316048 0.00304721 -0.00306884 0.00299615 0.00413054 0.00321338 0.0180779 -0.00464427 0.00365827 0.013006 0.00464425 0.00906077 -0.00398972 -0.0141742 -0.0184159 -0.00932821 -0.0108502 -0.0100346 0.00192733
internal_weight=3758.31 1014.77 2743.54 2304.15 2020.34 787.892 606.782 1413.56 439.39 459.675 713.842 511.344 366.436 1092.09 308.755 147.108 1006.59 144.908 249.053 283.809 216.345 226.882 449.413 399.458 321.466 127.839 868.624 236.013 137.967 117.94 204.575 67.4642 40.027 31.2328 119.743 182.148 133.045 118.527 127.37 99.1189 65.475 49.801 309.856 77.9129 70.8228 28.2511 686.476 599.73 568.498 31.232 86.7467 44.9603 25.6344 49.3717 43.4355 47.7675 116.27 83.6278 199.681 185.434 36.4269 203.377
internal_count=59852 26816 33036 26030 23488 18632 8928 14560 7006 7090 17556 12240 9240 12358 7891 1838 11703 3000 6053 2542 1794 8184 6937 6015 2202 2622 10517 4783 1186 2341 1676 748 783 647 2220 2974 2277 1029 1501 1163 759 600 4947 1558 1291 338 7543 6571 6205 366 972 504 303 1101 939 1093 2563 1893 4952 4482 850 2223
is_linear=0
shrinkage=0.03


Tree=57
num_leaves=63
num_cat=0
split_feature=6 4 3 32 11 14 25 4 14 32 12 11 25 25 14 7 15 25 32 18 8 9 16 9 8 7 6 6 7 22 12 3 22 17 12 31 8 6 26 7 10 6 14 18 4 31 12 12 18 17 26 16 4 29 11 12 12 15 25 7 25 22
split_gain=91.1891 36.0666 32.8386 22.7317 22.5658 21.1498 21.7102 18.7013 16.5927 12.8973 12.3803 10.7787 15.472 13.2848 11.5196 10.9834 10.6069 10.9133 10.5352 10.3368 10.2453 11.637 10.3903 10.191 9.98438 11.6316 10.1643 14.0878 9.4737 9.31262 9.97541 9.2605 9.03899 8.95031 9.45924 9.18143 8.95012 11.6049 8.73482 8.6056 8.14524 8.10339 8.46893 9.24851 8.04381 7.93154 8.14868 7.87356 7.81533 9.01799 7.7231 7.61029 7.45134 8.26098 8.58185 7.41106 7.94988 7.4048 7.3979 7.20008 7.26977 7.16412
threshold=-0.36978991329669947 1.0026745796203616 0.17720785737037661 8.5000000000000018 -1.0813010931015012 0.059922223910689361 -0.28919187188148493 -0.24644867330789563 -0.91759115457534779 13.500000000000002 0.40207087993621832 0.22568751126527789 -0.63218361139297474 0.34611792862415319 -0.043234279379248612 1.654106140136719 0.67667275667190563 0.42606683075428015 14.500000000000002 -0.59018647670745839 -1.4587825536727903 1.1163510680198672 -0.36749441921710962 -0.052058493718504899 -0.42741020023822779 -0.52266526222228993 1.201640844345093 0.40864264965057379 -0.49957396090030665 -0.29497428238391871 1.0934068560600283 1.2597366571426394 0.34235863387584692 1.0000547766685488 0.48020781576633459 0.5000000149011613 1.5104305148124697 -0.94201943278312672 -1.2101056575775144 -1.132578372955322 -0.84247606992721547 1.7166010737419131 0.92852079868316661 -0.47589449584484095 0.23875342309474948 0.78571429848670971 -0.724065601825714 -0.80967554450035084 -0.25409944355487818 1.768602252006531 0.40286198258399969 0.27789109945297247 0.076210848987102522 0.62019231915473949 -0.6534120738506316 0.78313475847244274 -0.50667771697044361 1.3238772153854372 -0.37796300649642939 1.0000000180025095e-35 1.7373704314231875 1.307377874851227
decision_type=2 2 2 2 2 2 2 2 2 2 2 2 2 2 2 2 2 2 2 2 2 2 2 2 2 2 2 2 2 2 2 2 2 2 2 2 2 2 2 2 2 2 2 2 2 2 2 2 2 2 2 2 2 2 2 2 2 2 2 2 2 2
left_child=4 2 7 55 -1 6 18 58 10 24 39 12 -10 14 51 47 -11 19 -6 -18 -3 22 28 -20 -9 44 27 32 -22 -21 -31 -7 40 35 -35 -16 -8 -38 -36 -5 -27 42 48 -44 -26 61 -47 57 49 -40 -17 -13 53 -12 -55 56 -4 -14 -2 -41 -61 -24
right_child=1 20 3 8 5 31 36 9 11 16 52 13 15 -15 33 50 17 -19 23 29 21 -23 45 -25 25 26 -28 -29 -30 30 -32 -33 -34 34 38 -37 37 -39 41 59 -42 -43 43 -45 -46 46 -48 -49 -50 -51 -52 -53 -54 54 -56 -57 -58 -59 -60 60 -62 -63
leaf_value=-0.018910133213676201 0.0042125220537021519 -0.0075618830681837817 0.0026601266035312775 -0.012793591304315812 0.020874861656975715 -0.012839577228250645 -0.0084809314457601481 -0.005109175147595818 0.024338664256241854 -0.0070982939599424383 0.0008146495481456109 0.013783298292742803 -0.018765610417584493 -0.0058345441725248769 0.0073417400393448583 0.023494038408609294 -0.01742552772074869 -0.0084517254658811863 -0.012851961796611373 -0.0063631469737934479 -0.0072776031526307098 -0.0058189462446304472 0.0080382295538134283 0.014020964739117582 -0.01138075134766154 -0.0046187206570233903 0.03135174489825901 -0.0021322606335594818 0.042360101205703556 0.020986251217132178 -0.015139213272813697 0.0034606694022151045 0.0003337893181685447 0.0021924781575913426 -0.0062381536861673987 -0.002085732786382966 -0.0080038235291460223 0.025471326789067682 0.039295276763844388 0.030275652859082344 0.035752541695548742 -0.0015200298169393545 -0.0099369853375607803 0.018668192106696214 0.019154788079375474 -0.0043758157442281894 0.026591740672552738 -0.0026653559239182504 0.0079260066283150365 0.011641259997755461 -0.0046223505463573256 -0.0036075564495660225 -0.0091106847037005136 -0.011921514192724914 0.02163331076622662 0.0028467849146062321 0.030799068043160044 0.014132542105418542 -0.015691669463301316 0.016279816850422294 -0.0085898689346425184 0.024983840226369854
leaf_weight=156.82169228047132 17.135113604366779 22.508796725422144 12.538566526025532 4.5229089148342601 46.84519174695015 302.5541227851063 161.22434927523136 62.88342097401619 14.566241914406417 331.75461012125015 70.776217125356197 20.977947801351547 42.732973452657461 114.38450821861625 277.71926266141236 18.303884059190754 7.4273535348474971 44.942770849913359 20.758055351674557 15.955549221485851 2.6348446309566524 28.023820795118809 271.78278528526425 20.059533132240176 31.388687359169126 4.1292013600468662 18.795831009745598 51.210414184257388 13.645898554474114 57.072829637676477 4.1569566354155532 32.848429955542088 13.759214229881762 64.613883160054684 11.953684747219084 135.78082067333162 15.706184558570387 12.937782194465397 39.490932546555996 35.198845230042934 21.999617645516992 15.558916591107844 13.893237728625534 18.171249527484179 5.0903723053634158 7.4687621481716624 46.441662177443504 415.76437393762171 21.386450711637735 21.317937083542347 11.853883959352968 173.63408826291561 26.544925782829523 4.8539478778839102 38.148337733000517 19.722255069762468 40.410712014883757 3.3829445950686923 126.85222085937858 51.879002470523119 9.6740909256041032 21.345014598220587
leaf_count=5855 465 198 106 54 885 8820 4341 1199 194 7684 538 244 637 1266 3113 184 95 554 454 226 42 262 2227 446 551 80 170 612 157 717 51 518 262 542 95 1463 432 306 303 298 394 88 101 134 76 70 363 5245 170 136 135 1386 182 42 284 148 297 29 3257 380 66 161
internal_value=0.000272289 0.0026535 0.0013176 0.00363098 -0.00889822 -0.00620434 -5.65897e-05 -0.00364365 0.0028868 -0.00149567 0.0100789 0.00164555 -0.00186265 0.00355862 0.0049053 -0.00287534 -0.00428542 0.00291365 0.0118988 0.00908521 0.0108165 0.0119556 0.013387 0.000443439 0.00461086 0.00881751 0.0135393 0.00842413 0.0345044 0.0125412 0.0175759 -0.0112158 0.0207049 0.00689126 0.0119413 0.00425811 -0.00574012 0.00865446 0.0161584 0.0178325 0.0296555 0.0183756 0.0210349 0.00660534 -0.00532441 0.0119203 0.0222942 -0.00406689 0.0259624 0.0312216 0.0133569 -0.00143464 0.00406199 0.00738937 0.0169985 0.0195135 0.0249401 -0.0152059 -0.0132611 0.0198225 0.0120194 0.00967049
internal_weight=3747.92 2978.16 2564.31 1749.76 769.755 612.934 277.531 814.554 1677.09 670.567 241.598 1435.49 506.604 928.883 814.498 492.038 461.31 129.555 87.6628 84.6127 413.852 391.343 363.319 40.8176 209.257 146.373 109.894 91.0984 16.2807 77.1853 61.2298 335.403 39.888 619.886 206.386 413.5 189.868 28.644 141.772 101.275 26.1288 129.819 114.26 32.0645 36.4791 347.038 53.9104 461.88 82.1953 60.8089 30.1578 194.612 140.323 113.779 43.0023 72.6715 52.9493 46.1159 143.987 96.7519 61.5531 293.128
internal_count=59790 37733 34253 17860 22057 16202 6864 16393 17309 12671 1844 15465 6424 9041 7775 6230 9327 1643 1785 1089 3480 3282 3020 900 3344 2145 1518 1348 199 994 768 9338 736 6145 1569 4576 5079 738 1027 798 474 932 844 235 627 2821 433 5911 609 439 319 1630 1046 864 326 551 403 666 3722 744 446 2388
is_linear=0
shrinkage=0.03


Tree=58
num_leaves=63
num_cat=0
split_feature=15 4 11 20 21 6 22 11 25 7 5 12 17 25 20 0 11 1 8 9 8 17 7 31 17 11 17 20 8 13 25 23 20 11 5 18 11 4 25 11 7 22 11 13 15 6 17 5 15 18 6 17 26 8 20 12 21 6 25 23 21 29
split_gain=90.4449 37.6523 27.0481 23.1063 16.3567 16.1458 15.0597 13.6816 13.0722 12.415 11.7985 11.1045 10.8578 12.5685 11.7394 10.1648 10.4461 10.0497 9.94312 9.81123 8.98166 11.1984 9.67042 9.7373 16.1533 8.97795 8.93301 8.81591 8.80104 8.69856 8.57689 9.07855 13.565 8.3835 8.35286 9.88004 8.34295 8.14342 9.32734 7.97682 7.89804 7.54942 7.95783 8.18275 8.08099 7.46346 9.47245 7.32218 7.11615 7.00661 6.95896 9.63544 6.94194 6.84679 8.19593 7.06304 9.48521 7.04223 6.60031 6.51977 7.46735 6.44546
threshold=-0.35810057818889612 -0.037920959293842309 0.024524024687707428 0.33381660282611852 1.4334087371826174 -0.68836036324501026 1.6567270755767824 -1.14650422334671 -0.59580814838409413 0.99609312415122997 0.16727872192859652 -0.53867638111114491 1.8419355750083926 1.7691885232925417 1.7138298749923708 0.31206576526165014 -0.89264601469039906 -1.0604420900344846 -0.56865093111991871 0.843461573123932 1.2273285388946535 0.015351164620369675 0.56197017431259166 0.5000000149011613 0.97309765219688427 0.97270041704177868 -0.10051433742046355 1.3237347602844241 -1.4587825536727903 0.35479393601417547 -0.28919187188148493 0.61792618036270153 0.19276645779609683 1.1448631882667544 0.54882478713989269 -0.34344336390495295 -0.27547349035739893 1.8828417062759402 -0.57664090394973744 1.4063847064971926 -1.1993432044982908 -0.36092087626457209 0.74288275837898265 0.38817144930362707 1.64486300945282 -0.36978991329669947 0.15071965754032138 -1.0000000180025095e-35 -0.90548706054687489 -0.2830126136541366 1.5222473144531252 1.2744898796081545 1.2650672793388369 -0.43649528920650477 0.76716619729995739 0.56369841098785411 0.52139273285865795 1.0157400369644167 0.083021711558103575 1.1697530150413515 1.3856074810028078 0.34313726425170904
decision_type=2 2 2 2 2 2 2 2 2 2 2 2 2 2 2 2 2 2 2 2 2 2 2 2 2 2 2 2 2 2 2 2 2 2 2 2 2 2 2 2 2 2 2 2 2 2 2 2 2 2 2 2 2 2 2 2 2 2 2 2 2 2
left_child=6 5 3 7 11 -2 8 -3 27 37 -7 40 14 25 17 18 -17 26 -11 28 22 -22 23 30 33 -14 -13 36 -6 -27 31 32 -19 -25 -9 -36 -1 38 -5 -33 -4 42 43 -32 -44 46 -10 -34 -48 -50 53 -52 -42 -24 55 56 -55 -56 -30 -12 -61 -43
right_child=1 2 4 9 19 10 -8 34 45 15 59 12 13 -15 -16 16 -18 20 -20 -21 21 -23 50 24 -26 29 -28 -29 58 -31 41 39 47 -35 35 -37 -38 -39 -40 -41 52 61 44 -45 -46 -47 48 -49 49 -51 51 -53 -54 54 57 -57 -58 -59 -60 60 -62 -63
leaf_value=-0.013157115287535276 -0.017757021736397479 -0.019552629402436825 -0.01298349887521485 0.017317011680188225 -0.0063072142045801308 -0.0072679177858437968 0.020572632643743701 -0.0059249731479447624 -0.018425093476225514 -0.0062677039653778951 -0.00024797356159605576 -0.0071298635924200203 0.026093951777920722 -0.0083478195985086136 -0.016444986498202099 -0.0032078237422670164 0.036221261188911898 0.0025403382683498472 0.011573077506217118 -0.0012220983509336071 0.021286114690679488 0.0038720653216358578 0.00041023249875058186 -0.0030047708403015639 0.018977343410221652 0.00018139637157386777 0.036355836300393532 0.031477760531451855 0.023349121467067625 0.020841491896611501 -0.014291963061437965 -0.0079426731590629528 -0.0083704161156033137 0.010568790836299797 -0.011349095445696322 0.017390707594928317 0.010109887138576181 0.016541235387223466 -0.0025306039101304482 0.017153293987560013 -0.00035917890107550895 -0.00010968072938139054 0.01547351193118598 0.0116797573821297 -0.016301763606745786 -0.008912329185977173 -0.015560005091830588 0.038065625919007536 -0.00887964568036647 0.024636921458417452 0.029376077030865613 -0.0027427105130487092 0.014500155453771743 0.00023864821566007448 0.028773859773654785 -0.0027406251631870108 0.025576319554790946 0.0048798503126098059 0.0053365733403656166 0.018624569220245347 -0.012434664586487839 -0.0084927173522271783
leaf_weight=23.790542488917708 75.405670698732138 57.154757995158434 34.724173756316304 17.907032538205385 10.383803006261585 248.30016097612679 8.9100129045546037 260.34014555998147 240.72815511375666 36.652617987245321 148.73506783880293 3.8092432804405698 51.598337013274431 17.41430301591754 18.172120165079832 7.1986638978123692 17.743422199040651 31.766110345721245 87.375504344701767 29.061636656522751 59.082441747188568 74.816386302933097 100.14476141147316 109.40097141265869 66.851195722818375 43.244194366037846 11.351298674941059 3.2110721282660952 98.674558013677597 26.963218871504068 24.6591567248106 39.797884296625853 1.7016729824245 59.022368274629116 12.063340449705718 27.050491170957685 21.903310041874647 20.131405089050531 304.28135813958943 10.326572246849535 252.49974740110338 165.54291557148099 51.593391295522451 12.717618372291325 4.12636550143361 231.08707485161722 8.8662522640079278 17.017877517268062 5.9793216697871676 9.0445532295852882 24.11062316596508 10.697323359549044 26.836548164486885 27.139758311212063 27.939451858401299 50.106033207848668 21.250532576814294 20.382064532488585 26.528564978390932 30.667920503765345 4.9563816972076884 159.90517173521221
leaf_count=836 2286 1545 677 273 68 4326 225 5365 9125 466 2312 64 380 140 175 78 153 481 1065 194 755 721 993 1399 560 288 130 82 593 166 373 430 23 633 159 374 595 173 4195 98 3220 1792 594 169 34 5812 277 227 160 238 149 62 344 346 257 509 187 127 180 269 36 1753
internal_value=0.000103859 0.00205795 0.00348337 -0.000939515 0.00553929 -0.00539182 -0.0110311 -0.00670253 -0.0117306 0.00326902 -0.00305852 0.00461357 0.00579752 0.0136228 0.00483963 0.010344 0.0262061 0.00523367 0.00626222 0.0144434 0.00484876 0.0120456 0.0038654 0.00206698 0.0070604 0.0169692 0.0263711 0.00281338 0.0177252 0.00897402 -0.000241747 0.00740945 0.0157775 0.00191952 -0.00396909 0.0082452 -0.00210698 8.55616e-05 -0.00117971 -0.00168553 -0.000459513 -0.00214671 0.00519868 -0.00511955 0.0119718 -0.0131792 -0.016671 0.0329698 0.00113406 0.0124113 0.00856061 0.0204005 0.00129827 0.00652012 0.0105369 0.00510199 0.0127188 0.020098 0.019884 0.00265301 0.0133047 -0.00429477
internal_weight=3730.84 3177.32 2669.26 847.899 1821.36 508.065 553.52 356.609 544.61 491.29 432.66 1656.71 1342.65 139.22 1203.43 148.97 24.9421 1185.26 124.028 164.649 1170.1 133.899 1036.2 754.429 235.275 121.806 15.1605 48.9049 135.587 70.2074 519.155 100.61 50.4857 168.423 299.454 39.1138 45.6939 342.32 322.188 50.1245 314.06 418.545 93.0965 37.3768 55.7198 495.705 264.618 18.7196 23.8901 15.0239 281.771 34.8079 279.336 246.963 146.818 98.4963 48.3903 48.3215 125.203 184.359 35.6243 325.448
internal_count=59716 42366 33137 13846 19291 9229 17350 7443 17125 6403 6943 18256 14015 974 13041 1762 231 12866 1531 1035 12672 1476 11196 8566 2592 834 194 1513 841 454 5974 1259 731 2032 5898 533 1431 4641 4468 528 4241 4715 1170 542 628 15612 9800 250 675 398 2630 211 3564 2419 1426 1042 533 384 773 2617 305 3545
is_linear=0
shrinkage=0.03


Tree=59
num_leaves=63
num_cat=0
split_feature=6 32 8 3 5 23 25 7 23 7 8 26 24 17 3 24 10 14 14 25 30 10 6 20 24 5 17 14 25 7 17 22 22 26 26 21 8 23 23 20 7 1 18 21 9 8 21 2 5 17 17 17 20 22 26 26 27 20 7 25 13 21
split_gain=81.8117 27.0737 24.6843 21.3313 19.9432 19.6381 15.8464 15.1629 16.1564 14.9912 14.128 13.74 13.273 12.7444 11.7717 11.498 11.4417 10.4809 10.2605 10.2186 10.8464 10.6331 10.0684 9.95698 9.60518 9.36978 9.7376 10.2183 8.63705 8.45045 8.38719 8.38423 8.12658 8.0378 7.93658 7.76385 7.64507 7.62953 7.59328 7.41259 7.56024 7.3187 7.29391 7.25642 7.757 7.06596 8.30147 7.2013 7.92027 7.02478 7.02357 6.9526 6.92299 6.77622 6.77187 6.65264 6.57022 6.47448 6.46003 11.8369 11.6866 6.54348
threshold=-0.36978991329669947 13.500000000000002 -0.083661079406738267 1.2067101001739504 -0.39321604371070856 -1.236350893974304 -0.7062096595764159 0.78535380959510814 0.84280914068222057 -0.58111324906349171 -0.51933053135871876 1.1848073005676272 0.58023867011070263 0.72698989510536205 0.057279193773865707 0.83990216255187999 1.1333757638931277 -0.66242766380310047 -0.90419462323188771 -0.19575302302837369 -3.5499999523162837 0.050267828628420837 0.84635654091835033 1.0201747417449953 -1.5403602719306944 -0.20125912874937055 0.33934748172760015 -0.91759115457534779 -0.25927941501140589 -0.31851172447204584 0.38953115046024328 0.26771883666515356 -1.0000000180025095e-35 0.92591172456741344 -0.083771169185638414 -0.39210999011993403 0.33667333424091345 0.95968887209892284 1.3059044480323794 -0.8919868767261504 0.41871070861816412 -0.047893766313791268 0.78258305788040172 -0.96371692419052113 -1.542561888694763 0.56005251407623302 1.3020036816596987 -0.28796856105327601 1.6263443827629092 0.50020048022270214 -0.98596006631851185 0.8023381531238557 -0.9661736488342284 -1.1774236559867857 0.83427739143371593 -1.0718821883201597 5.5000000000000009 -0.17245735973119733 0.61493706703186046 0.38950552046298986 0.46062965691089636 0.41548287868499761
decision_type=2 2 2 2 2 2 2 2 2 2 2 2 2 2 2 2 2 2 2 2 2 2 2 2 2 2 2 2 2 2 2 2 2 2 2 2 2 2 2 2 2 2 2 2 2 2 2 2 2 2 2 2 2 2 2 2 2 2 2 2 2 2
left_child=2 7 -1 9 51 30 13 11 10 55 -9 25 16 42 18 32 28 29 24 21 -21 37 -10 -24 -8 53 27 38 -11 54 -6 -18 -12 -20 49 57 -13 41 39 -27 -41 -19 -7 -16 -45 46 47 -22 -49 -26 -43 -4 -37 -2 -14 -3 -23 -28 60 -60 61 -31
right_child=1 3 4 -5 5 6 14 8 22 12 15 36 17 -15 43 -17 31 19 33 20 45 56 23 -25 34 26 35 -29 -30 58 -32 -33 -34 -35 -36 52 -38 -39 -40 40 -42 50 -44 44 -46 -47 -48 48 -50 -51 -52 -53 -54 -55 -56 -57 -58 -59 59 -61 -62 -63
leaf_value=-0.015405233898250933 0.017666004779804605 -0.018379015778258612 -0.021196835976344343 0.0049430657522706997 -0.015214113531881865 0.036642021519105401 -0.015555059515711863 -0.0084430895317692493 0.038782752663613286 0.00085089786336107337 -0.0032621913450900431 -0.018074618477886953 0.028921240299797039 -0.0091142550656330978 -0.008933291390123551 -0.0034604253398455693 0.018208574001948172 -0.010699499159408606 -0.013184854312875352 -0.014130068163646415 0.020191923442626401 -0.0097450529916984878 0.0063021356247233949 0.026019365246502564 0.04213229525628219 -0.0044392137684557912 0.007955278506485185 0.00019780122425240731 -0.0086655556863050858 0.0042143000493012339 0.0083754696669380846 -0.0047806696020656677 0.023168746050271805 0.007185873365375425 0.00082981366656239642 -0.0090859472875336744 0.0019015898657703827 -0.0044636957869525762 -0.011464120742049241 0.029130114739310185 -0.002484871755805371 -0.0092303603632913032 -0.0065724197255362105 -0.010492370384060111 0.013197380196379829 -0.0077749659101385028 0.013917897488221925 -0.0032033622051299646 0.021888311677425908 -0.0057348972351564751 0.025465773635571308 0.0064647407448794594 0.014658800327731271 -0.006440748379873869 -0.0050184285187395991 -0.0057332299529569601 0.010009615822616471 -0.014020719296503916 0.019492853180962302 -0.004453386787166059 0.015788554744644034 -0.012426844022318636
leaf_weight=295.34475563280284 7.1495333872735491 43.672898706048727 64.920300934463739 631.40275066718459 94.178611585870385 19.545664845034487 6.6438764873892096 41.749585224315524 20.105048503726721 120.5053987596184 11.442982122302054 31.546223122626543 20.773007445037369 6.8651501368731251 17.524066178128123 29.285490050911903 28.579509116709232 3.7433272302150717 93.814490891993046 55.435165040194988 9.4072202704846841 35.025407126173377 56.93395783379674 39.537507221102715 7.2985220346599871 8.9729758929461223 25.939118057489395 227.03298896551132 286.29253498092294 33.46242517977953 12.459897745400665 21.898568393662572 51.791484665125608 17.813758365809917 13.714373998343939 8.4557777903974038 31.011603150516748 12.876779418438671 5.6428067684173575 30.867968903854489 7.4835776742547742 3.3373851347714654 2.5038635060191146 10.602230809628962 86.389773456379771 79.486068340018392 40.070988636463881 187.79063331522048 7.0557897500693789 2.1592095606029034 47.111387930810452 6.9765572790056458 201.92933029308915 77.915332714095712 4.9880291298031798 205.61566596478224 19.562958661466837 14.790879320353268 50.471480078995228 25.540802359580994 27.019007541239262 45.245031945407391
leaf_count=9131 113 838 2194 4960 3483 398 149 557 165 2291 158 412 212 97 354 239 564 51 2983 743 144 446 385 218 186 118 274 3264 6260 353 300 480 594 538 353 76 325 135 40 355 68 65 59 208 1483 1006 411 2447 68 33 571 147 1494 1137 55 3848 244 147 422 216 238 406
internal_value=6.85027e-05 0.00231291 -0.00869192 0.000379829 -0.00429456 -0.00153072 0.00260708 0.00654356 0.0127873 -0.00166666 0.00537658 0.00415936 -0.000225973 0.0218767 5.28247e-05 0.0117259 -0.0041849 0.00234094 -0.00564995 -2.71864e-05 -0.00246281 0.00736294 0.0207507 0.0152669 0.0089475 0.0055314 0.00700483 0.00307254 -0.0058704 0.00792372 -0.0122062 0.00870329 0.0184972 -0.00976537 0.0174867 0.0112439 -0.00876404 0.0149406 0.0143146 0.0181901 0.023386 0.0195389 0.031427 0.00703828 0.0102204 -0.000280924 0.00226414 -0.000300056 -0.00176985 0.0330002 0.0225451 -0.0182669 0.0135157 -0.00354637 0.0226021 -0.00826647 -0.00241967 -0.000685613 0.00529363 0.0116684 0.000390502 -0.00552275
internal_weight=3734.71 2975.95 758.755 2046.37 463.41 391.513 284.875 929.584 250.846 1414.97 134.27 678.738 1165.68 28.9147 255.96 92.52 457.276 708.403 141.444 500.903 379.246 121.657 116.577 96.4715 29.816 616.18 531.115 280 406.798 207.5 106.639 50.4781 63.2345 111.628 23.1721 251.115 62.5578 67.0689 52.9673 47.3245 38.3515 54.1921 22.0495 114.516 96.992 323.811 244.325 204.254 194.846 9.45773 50.4488 71.8969 210.385 85.0649 25.761 249.289 54.5884 40.73 181.739 76.0123 105.726 78.7075
internal_count=59709 37613 22096 27474 12965 10624 6841 10139 2316 22514 1548 7823 17828 554 6287 991 9595 8233 4242 6331 4819 1512 768 603 721 7086 5836 3845 8551 1902 3783 1044 752 3521 572 1991 737 822 581 541 423 687 457 2045 1691 4076 3070 2659 2515 219 636 2341 1570 1250 267 4686 690 421 1635 638 997 759
is_linear=0
shrinkage=0.03


Tree=60
num_leaves=63
num_cat=0
split_feature=15 11 23 32 3 25 6 10 22 7 23 9 14 0 14 32 32 8 7 3 30 10 12 11 14 24 6 21 10 10 8 3 19 8 22 25 9 18 31 11 5 22 5 14 5 24 17 9 12 1 12 15 7 2 1 23 8 18 9 7 9 5
split_gain=85.486 35.2816 22.2234 21.4272 17.4676 16.1724 15.9241 12.7032 11.9216 11.7618 11.1882 10.3868 10.3719 10.2143 9.86677 9.76194 9.38947 13.4283 9.37266 8.63328 8.36242 8.16613 8.04937 7.63589 9.85069 7.4452 13.9932 7.51993 7.32854 7.29053 9.22573 11.5199 10.4491 9.7263 7.23404 7.19023 8.78796 7.13097 10.6015 7.16318 7.24016 7.10889 7.43275 7.08112 6.95791 6.92262 6.91903 6.71832 6.68243 6.67197 6.66302 10.1777 9.40232 10.5609 6.96958 7.88122 6.6505 7.07006 9.41366 7.48444 6.6526 7.83734
threshold=-0.35810057818889612 0.036560259759426124 0.39925952255725866 14.500000000000002 0.45097060501575476 0.59866327047348034 1.3273013234138491 1.4518521428108218 -0.75051265954971302 0.79741230607032787 0.89679655432701122 -1.3309161663055418 0.040406191721558578 0.7038404941558839 -0.90419462323188771 11.500000000000002 12.500000000000002 -0.39671568572521204 -1.5893437862396238 -0.46603828668594355 -4.0833332538604727 -0.88030683994293202 -0.25337779521942133 1.2282435297966006 -2.0186604261398311 -0.57509276270866383 -0.28569704294204706 0.84205868840217601 -0.69010749459266651 -1.2157381176948545 1.2273285388946535 0.2499162703752518 0.44816702604293829 1.822136461734772 -1.300945460796356 -0.22433977574110028 0.4909075796604157 -0.29509323835372919 0.6428571641445161 1.5227683782577517 1.0031949877738955 -1.300945460796356 -0.11842333897948264 -2.4485961198806758 -0.17966429144144055 -0.60054090619087208 -0.75104182958602894 -0.77249959111213673 1.3603669404983523 1.2142866849899294 0.033414529636502273 0.74079480767250072 0.39879699051380163 0.22635244578123095 -0.31966294348239893 0.87394502758979808 -0.37421622872352595 -0.25409944355487818 0.81509399414062511 1.2520874142646792 -1.3309161663055418 0.85997521877288829
decision_type=2 2 2 2 2 2 2 2 2 2 2 2 2 2 2 2 2 2 2 2 2 2 2 2 2 2 2 2 2 2 2 2 2 2 2 2 2 2 2 2 2 2 2 2 2 2 2 2 2 2 2 2 2 2 2 2 2 2 2 2 2 2
left_child=4 2 8 9 15 6 7 18 -2 29 20 -4 28 -6 19 46 17 21 -5 43 -11 -10 -9 24 -17 -19 -27 -28 -7 -3 31 -31 33 34 -32 56 48 38 39 40 -8 -39 -43 -13 -24 -21 -1 -44 -37 -36 51 52 -38 54 -54 -56 57 58 60 -59 -20 -62
right_child=1 3 11 5 13 12 37 22 16 10 -12 14 -14 -15 -16 23 -18 25 35 45 -22 -23 44 -25 -26 26 27 -29 -30 30 32 -33 -34 -35 49 36 50 41 -40 -41 -42 42 47 -45 -46 -47 -48 -49 -50 -51 -52 -53 53 -55 55 -57 -58 59 -60 -61 61 -63
leaf_value=-0.01343787512235965 -0.019239771506093014 -0.0036111774244150354 -0.010190292633021793 -0.015936561481692965 -0.0040845266167628558 0.012874731569645378 0.001392781252307585 -0.0017521975188161223 0.012572049005540367 -0.016421717469052938 0.021696017593719592 0.017507759112299626 -0.016220335101238135 0.019539552046655945 0.0010425727480993156 0.015593010059381305 -0.0075133310712753327 -0.0061430076276067502 -0.0050262778864450987 -0.011828930412610938 0.0096849642646908863 -0.016735444406583734 -0.0061659043937418905 0.0010346068043481772 -0.017275674955302064 0.047829203567712482 -0.0035630720166546872 0.020146405481129243 -0.0049999882716421648 -0.0022198735670757581 -0.0047020006867575714 0.0078972590361596432 -0.011961605970401329 0.0026850563763729861 0.031703370629035228 -0.0056119482837139311 0.0044140683601198724 -0.0094654812495086858 0.019921275165971929 -0.011699608348278125 0.021326380008757723 -0.0043381284375702614 -0.0036439457760120723 -0.013788075477161779 0.025122097793614052 0.018666433155196147 0.0055417507013842829 0.027248401001204736 0.018123655554352868 -0.0063150518522403221 -0.00083679224567954316 -0.0025323509502937769 -0.0067874539171398742 -0.0036171356879326662 0.052673118261696558 0.00093684155937321658 0.00062426776624047934 -0.004221192963599232 -0.0042084837341292347 0.023468368254097906 0.02854191865998279 -0.0057437331282685902
leaf_weight=24.273234007880092 58.035168897360563 61.407478323206306 54.974771915003657 25.891362249851227 108.13466132991016 21.783328011631966 83.844890013337135 19.607983706519008 7.2461541835218659 7.8570407610386601 93.451384760439396 4.6481881849467781 59.60749994777143 14.283877281472085 434.30608747527003 4.7366111185401669 331.24337649904191 14.127378808334468 6.0265252310782662 4.0385763421654692 94.613350613042712 30.582092078402638 5.5323125310242167 23.071774052456021 329.16108730621636 5.6100396979600182 23.258134875446558 17.461954047903419 85.308852486312389 131.73081311583519 4.9572562221437684 407.94787900149822 7.5918507836759082 24.431488838046789 45.833957666531205 271.0006971322 27.842057213187218 5.0473963990807524 33.876259431242943 23.047837030142546 15.639863669872282 7.9884481728076926 5.9016954191029063 15.887352760881184 36.047392342239618 67.707468640059233 37.644075190648437 51.444676607847214 6.3186608068644992 2.888798013329505 149.69788994826376 36.637698471546173 1.3415629658848089 5.5950688216835252 12.036132244393228 3.3554699793457994 152.39698215015233 42.467389043420553 14.885401187464593 5.7898101843893519 43.105651423335075 5.1357283182442179
leaf_count=825 1875 741 698 578 2194 222 572 341 150 97 587 49 837 240 5371 143 8067 379 76 49 990 641 81 638 12037 104 384 200 837 2109 65 3540 76 283 490 3646 495 40 203 145 88 60 43 220 472 540 1189 336 80 19 1722 335 27 71 204 40 2074 575 182 73 523 54
internal_value=0.000293937 0.00215466 -0.00229094 0.00436867 -0.0106796 0.00185169 0.00317899 0.00131066 -0.00698143 0.00794269 0.0143818 0.00166741 -0.00672494 -0.000669473 0.00298954 -0.0135627 -0.00512283 0.00290736 0.000275773 0.011628 0.00701232 -0.0103092 0.0139473 -0.0154488 -0.0165862 0.0113327 0.0167409 0.00769556 -0.000952029 0.00601512 0.00698149 0.00543005 0.0159132 0.019179 0.0258175 0.000909074 -0.00117551 0.010169 0.00625883 0.00184868 0.0053971 0.017867 0.0205013 -0.00466324 0.0207441 0.016291 -0.00234689 0.0240319 -0.00475974 0.0290713 0.00303878 0.00940368 0.0175597 0.0301449 0.0396689 0.0443895 0.00482814 0.0100363 0.015855 0.000992358 0.0212491 0.0246953
internal_weight=3757.35 3216.04 1069.13 2146.91 541.305 1264.2 1097.5 870.712 487.564 882.711 195.922 581.562 166.7 122.419 526.588 418.887 429.529 98.2858 809.524 92.2816 102.47 37.8282 61.1877 356.969 333.898 60.4575 46.3301 40.7201 107.092 686.79 625.382 539.679 85.7034 78.1115 53.68 783.633 513.825 226.791 156.409 122.533 99.4848 70.3822 65.3348 20.5355 41.5797 71.746 61.9173 57.3464 277.319 48.7228 236.506 86.808 50.1703 22.3282 16.7332 15.3916 269.807 117.411 69.1533 48.2572 54.2679 48.2414
internal_count=60022 42756 18727 24029 17266 15032 13136 11649 11800 8997 1674 6927 1896 2434 6229 14832 9925 1858 10755 858 1087 791 894 12818 12180 1067 688 584 1059 7323 6582 5649 933 857 574 10177 6620 1487 1008 805 660 479 439 269 553 589 2014 379 3726 509 2894 1172 837 342 271 244 3557 1483 835 648 653 577
is_linear=0
shrinkage=0.03


Tree=61
num_leaves=63
num_cat=0
split_feature=3 4 4 21 11 21 2 11 24 7 8 25 3 22 21 8 8 2 24 5 2 15 8 25 24 3 18 17 15 9 11 3 4 25 6 10 34 7 27 6 18 3 22 3 20 7 18 0 6 8 9 2 26 10 9 5 23 8 5 6 12 22
split_gain=84.778 36.0719 22.4939 20.4985 19.3599 18.4659 17.5373 14.5101 12.9218 11.4837 10.8963 9.07024 8.6905 9.3325 8.45501 9.58985 8.70424 8.26687 7.96947 7.9504 7.72098 7.45655 7.45626 7.57424 7.39549 7.35206 10.823 8.44582 8.37495 7.27131 7.29499 7.07159 7.01931 8.64346 12.0336 7.00529 9.71441 15.5362 13.1576 10.8806 8.55925 7.33191 7.82078 6.95611 6.85922 6.75306 6.75508 6.76079 9.15768 8.87894 7.0694 6.60204 6.41796 6.40315 6.28672 7.61432 6.21682 6.1378 6.45824 6.74191 6.4919 6.12044
threshold=-0.20680647343397138 -0.037920959293842309 0.84936901926994335 1.4086498618125918 0.22568751126527789 -0.84830385446548451 1.1341597437858584 -0.11688621342182158 0.69692012667655956 -0.36641535162925715 0.76844340562820446 -0.4470228105783462 -0.068583298474550233 1.5722891688346865 -0.59560349583625782 0.95482221245765697 0.34872379899024969 -0.39340905845165247 1.6081447005271914 -0.1692342013120651 -0.2513673454523086 -0.33441953361034388 -0.083661079406738267 -0.83276501297950734 0.92642220854759227 1.5103702545166018 -0.59018647670745839 -0.534509778022766 0.47672218084335333 1.2083774209022524 -0.49575868248939509 0.094359811395406737 2.1601321697235112 -0.57634007930755604 -0.68836036324501026 1.6598093509674074 3.5000000000000004 -0.61790248751640309 6.5000000000000009 1.4985040426254275 -0.52837771177291859 0.057279193773865707 -0.63302293419837941 -0.011525097303092478 1.6272351741790774 1.3729028105735781 -0.262730062007904 0.66649723052978527 1.4189823865890505 0.72744968533515941 0.57655829191207897 1.0000639557838442 0.34742264449596411 -0.33427083492279047 -0.54422825574874867 1.1865982413291933 1.2297234535217287 0.85336914658546459 0.6969047784805299 0.77047204971313488 0.16025676578283313 1.0977837443351748
decision_type=2 2 2 2 2 2 2 2 2 2 2 2 2 2 2 2 2 2 2 2 2 2 2 2 2 2 2 2 2 2 2 2 2 2 2 2 2 2 2 2 2 2 2 2 2 2 2 2 2 2 2 2 2 2 2 2 2 2 2 2 2 2
left_child=2 8 4 6 5 24 7 12 -2 -6 17 -11 61 32 53 16 -16 -9 44 -7 -4 -12 -21 -24 -1 27 -27 28 -5 30 -28 -10 33 34 -14 36 37 -23 40 43 -38 -40 -43 -39 51 46 47 49 -49 56 -51 -19 -47 -13 -8 57 -29 58 59 -56 -61 -3
right_child=1 3 20 25 9 19 54 10 31 11 21 14 13 -15 15 -17 -18 18 -20 22 -22 35 23 -25 -26 26 29 45 -30 -31 -32 -33 -34 -35 -36 -37 38 39 41 -41 -42 42 -44 -45 -46 52 -48 48 -50 50 -52 -53 -54 -55 55 -57 -58 -59 -60 60 -62 -63
leaf_value=-0.023749131115486679 -0.0098657595418823341 0.015066432471043332 -0.0047466683271071303 0.0028097073124482468 -0.0085005222028989406 -0.017108531676367833 0.00011787610720803112 0.016752703357342934 -0.0166180631199539 0.020388452065449814 -0.0091636335730274875 0.0040757841790267932 -0.012545226415954619 0.016326379881408552 0.0029266144452790967 -0.0068383823546868524 0.024429721144775363 0.0023688863218532677 0.012218654443126638 -0.011558478246894432 0.013170741488743639 -0.0045447075033893305 0.02257250931368349 -0.0040847283160065804 0.0090878322374688299 -0.0021031346917737858 -0.0011928635632793667 -0.0082497189385591311 0.034777036681755025 -0.0091682500153613105 0.028473631140876744 0.0020679566923344655 0.014450595946825327 -0.0070625055282450902 0.021779854903720995 -0.0027520118925205704 0.018099170331606157 -0.0012078842518364276 -0.010338034104410424 -0.0030784334681992994 -0.0075240976667609758 -0.0075054899149311141 0.031187845616934638 0.025117695697839941 -0.012837604001538079 0.024797057996634866 -0.0052238956849596568 0.02959294483820538 -0.0095584123817410872 0.027152668471398033 -0.004155873201653594 -0.012966191204309016 0.00099225241787939569 -0.018308701360211458 -0.00092479486586971615 0.028318072911073588 0.011321083041984764 -0.009514897454171764 -0.0020546757864131696 0.039229195219710924 0.01242448689190908 -0.012670104482921558
leaf_weight=113.93131851218641 216.55760464817286 33.419332474470139 29.9291673861444 13.155199807137253 153.68511980213225 83.597783319652081 25.880466811358929 31.711572164669633 14.993948927149175 17.583207795396447 15.309506552293895 15.479879556223748 11.008848991245033 15.101080833002923 49.85397807508707 40.1515750028193 22.011128792539239 1006.0916173532605 62.906327608972788 160.87254080735147 57.377389723435044 25.342320008203387 5.1332049556076518 197.35488705523312 4.0262672528624526 17.618943929672241 7.9211245253682128 47.529793258756399 15.102075710892676 3.4752218164503565 64.217786490917206 201.63516269624233 11.746950313448904 317.54783269390464 18.291796972975135 31.661637175828218 9.3968194127082807 9.3151081409305316 3.5222949776798513 14.893698602914808 60.467618938535452 3.6856590956449571 20.765008047223088 110.48204101249576 23.908830378204584 23.62151849642396 55.69063375890255 16.120410531759266 4.5180932208895674 14.467409694567325 7.9663419984281054 21.002795368432999 16.502335933968425 27.204378545284271 12.895948424935339 31.604980163276196 15.441913262009619 8.5911960117518884 17.73911370895803 11.90609226003289 31.087804440408945 4.7951066717505446
leaf_count=4628 4614 782 513 225 3762 2990 210 363 273 393 339 410 253 197 964 621 389 11356 426 4857 826 312 147 5398 81 96 68 456 138 21 330 2127 108 5015 269 310 84 120 47 99 621 43 186 990 233 195 508 114 27 107 65 183 140 671 155 206 99 72 129 83 206 101
internal_value=0.000446171 0.00313721 -0.00712022 0.00461753 -0.00854608 -0.0118848 0.00346757 0.00267781 -0.00477144 -0.00266784 0.00408604 0.00262818 -0.00227056 -0.00370048 3.44286e-05 0.00437243 0.0106734 0.00272168 0.00224916 -0.00891862 0.00710415 0.00908676 -0.00682773 -0.00288129 -0.0223043 0.0115765 0.0186311 0.00838284 0.0225545 0.0232933 0.02535 0.000428878 -0.00475676 -0.00560337 0.00893445 0.010191 0.0118022 0.0162647 0.00406707 0.0202025 -0.00309913 0.019721 0.0250712 0.0231043 0.00159742 0.00590179 0.00293742 0.00726569 0.0208295 0.00301723 0.0173037 0.00199401 0.0162013 -0.0106146 0.0135393 0.0164576 -0.00297082 0.0105365 0.0133324 0.0179839 0.023161 0.0105228
internal_weight=3736.81 2758.61 978.192 2325.43 890.885 564.916 2002.08 1862.37 433.187 325.969 1450.46 172.284 411.911 373.697 154.701 112.017 71.8651 1145.62 1113.91 446.958 87.3066 304.842 363.361 202.488 117.958 323.349 93.2331 230.116 28.2573 75.6141 72.1389 216.629 358.595 346.848 29.3006 289.532 257.871 160.033 97.8374 134.691 69.8644 27.973 24.4507 119.797 1051 201.858 161.735 106.044 20.6385 85.4055 22.4338 1027.09 40.1239 42.6843 139.706 113.825 62.9717 82.2202 73.629 55.8898 42.9939 38.2144
internal_count=59751 33101 26650 26087 25311 18101 23498 22437 7014 7210 15712 3448 6725 5842 3055 1974 1353 12561 12198 13392 1339 3151 10402 5545 4709 2589 515 2074 363 419 398 2400 5645 5537 522 2812 2502 1521 981 1209 705 276 229 1110 11772 1711 1376 868 141 727 172 11539 335 1081 1061 851 555 645 573 444 289 883
is_linear=0
shrinkage=0.03


Tree=62
num_leaves=63
num_cat=0
split_feature=6 32 15 11 14 3 25 3 20 25 14 11 6 11 16 14 6 3 4 6 9 14 24 25 24 0 24 9 9 20 13 20 18 9 9 13 31 25 22 9 9 4 29 29 12 13 10 18 29 6 9 11 29 17 34 31 18 4 4 10 4 9
split_gain=73.1881 27.6071 24.2445 21.3537 17.4514 17.6107 13.6656 12.991 12.571 11.8806 10.9768 14.8135 9.78076 9.76061 9.60752 9.17366 9.13097 8.86029 8.57023 8.39932 11.7749 8.11993 7.84044 7.55314 7.0934 9.12828 8.53068 7.05264 7.03973 7.01449 7.00402 10.0652 9.12602 10.3974 8.0816 6.93411 7.93286 6.92162 6.85565 7.02558 8.80499 6.78098 6.76046 8.44841 12.6289 7.41507 6.95543 6.75118 6.71038 6.7063 6.7062 8.89761 8.13133 8.15249 7.93553 7.82941 7.61324 9.27142 7.01987 7.38634 8.72036 7.61897
threshold=-0.34253501892089838 11.500000000000002 -0.099351532757282243 -1.0813010931015012 0.040406191721558578 1.2597366571426394 -0.39223073422908777 1.5103702545166018 0.94490996003150951 -0.23633988946676251 0.45944936573505407 1.3198862671852114 1.0480196475982668 0.96078786253929149 1.1778065562248232 -1.8591957092285154 -1.0588424205780027 1.1724450588226321 0.92645138502120983 0.52198198437690746 -1.1828377246856687 -1.6551218032836912 -1.052587568759918 -0.49983428418636316 1.1099837422370913 0.22128090262413028 0.89307221770286571 -0.24239320307970044 0.50128534436225902 -0.53271195292472828 0.52837771177291881 0.71476888656616222 -0.35935087502002711 0.4083890318870545 0.58528757095336925 0.44476972520351415 -0.21428572386503217 -0.31848038733005518 -1.403492212295532 0.79091298580169689 0.75199341773986828 1.4110732674598696 0.56696429848670971 0.78174602985382091 0.72935906052589428 1.072466313838959 -1.0759878158569334 0.91934552788734447 0.75735294818878185 -0.36978991329669947 -0.1684572100639343 1.3026249408721926 0.85164836049079906 0.64628791809082042 2.5000000000000004 -0.35714286565780634 -0.66066017746925343 0.41867727041244512 -0.49911274015903467 1.1110197901725771 0.70580422878265392 0.6202562451362611
decision_type=2 2 2 2 2 2 2 2 2 2 2 2 2 2 2 2 2 2 2 2 2 2 2 2 2 2 2 2 2 2 2 2 2 2 2 2 2 2 2 2 2 2 2 2 2 2 2 2 2 2 2 2 2 2 2 2 2 2 2 2 2 2
left_child=3 8 17 23 6 28 16 9 10 12 19 41 38 30 15 -11 27 18 -3 20 -2 -21 -7 35 26 -26 37 -5 -6 -24 31 -8 -32 -34 -33 -1 -37 -14 -4 40 42 -12 46 44 45 -44 -40 -48 -16 -25 51 52 56 -54 -53 -56 -17 -58 -52 -60 61 -61
right_child=1 2 7 4 5 22 13 -9 -10 14 11 -13 24 -15 48 50 -18 -19 -20 21 -22 -23 29 49 25 -27 -28 -29 -30 -31 32 34 33 -35 -36 36 -38 -39 39 -41 -42 -43 43 -45 -46 -47 47 -49 -50 -51 58 54 53 -55 55 -57 57 -59 59 60 -62 -63
leaf_value=-0.012180014153589458 -0.0086944422630667456 -0.010089608974479579 -0.011983524149388922 -0.013445205036596691 -0.016098544230762075 -0.0079997917522860694 -0.012990964638183628 0.0066669137159415144 0.016924046854691639 0.0070949546412890424 -0.011063216867171068 0.023137897885086686 -0.017718615622706022 0.0073874603479179074 0.014974612549486482 0.0094238073773409859 0.020986657560820191 0.0059529889145231024 0.0087198608935380399 0.017206094574349327 0.021177967325349684 0.0022631562904711698 -0.011800265447098899 -0.022250295541610298 0.012786578308215406 -0.012809118418995983 0.030672680330822769 0.010932249811718106 -0.0064454032727148738 0.024000408797109494 -0.015932382264515259 -0.0049701171087409724 0.029634895134562484 -0.010944496396328968 0.030126957421369151 0.033359006042464466 -0.0087388872284853234 0.016594232664816237 -0.015514706061655855 -0.004067926953667666 0.030790827877760146 0.013922125961508 0.029828825311214852 0.0021534378076367507 -0.0067243319131357997 -0.010221221678712084 0.00090344797673535182 0.026210487846973933 -0.0045794863983940467 0.010674925201644821 -0.0098840148433819598 -0.0081540698433836701 -0.0051652100788577562 0.018516136895513235 -0.0062877695041261075 0.023858436727113966 -0.013895765700822394 0.0023409012275722534 -0.00079035581421512595 0.010500437734584488 0.023406895694450949 -0.0076303455318261536
leaf_weight=19.103682680055503 11.30006688646972 255.37333852425218 21.306891486048698 14.74527847394347 179.72503830119967 12.708033122122286 117.96144583076239 449.7273632325232 122.82962029613554 105.84589152224362 71.204455971717834 11.35119318589568 5.1605333089828491 49.759496113285422 52.58046618103981 13.654141975566743 34.950229611247778 39.947250321507454 20.019457813352346 36.25904792919755 68.82368697412312 168.50187581777573 2.9182672016322639 120.46808374300599 37.474275015294552 13.231842417269943 27.256301302462816 18.270726416260004 124.1558521091938 20.047961059957743 6.7501464113593128 11.952539468184115 11.641162110492589 5.432519929483532 4.8152041845023623 3.4129460789263248 4.6338543482124788 6.040422670543192 16.174480343237519 71.541745696216822 7.8203733768314114 6.8811953589320174 35.345716478303075 56.765557378530502 11.248545579612253 2.2214899919927111 110.18651510030031 5.4259607493877402 19.073861837387085 3.0185517985373727 59.839386634528637 17.922657379880548 32.582471542060375 15.297621361911295 8.7529554292559641 19.710707876831293 182.56464401446283 36.495349712669849 621.06148921325803 42.731974547728896 19.916262552142143 32.381320279091597
leaf_count=686 158 6721 301 313 5500 213 3709 3054 987 946 1013 112 50 996 399 202 630 517 326 232 927 1467 52 4908 323 108 252 395 3638 292 138 260 230 115 108 91 167 60 219 961 103 54 449 740 139 28 1471 98 148 92 1115 217 548 170 104 233 2883 387 7920 546 185 407
internal_value=0.000190261 0.00232536 0.00102079 -0.00804401 -0.00548052 -0.00998448 0.000134061 0.00215994 0.00873911 0.000956954 0.00586564 -0.00316955 0.00525794 -0.00370178 -0.000492912 -0.00114157 0.0113387 -0.00668455 -0.00859116 0.00870789 0.0167017 0.00525631 0.00899987 -0.0180113 0.0138284 0.00555714 0.02284 -0.000291402 -0.0123228 0.0181549 -0.00730142 -0.00991877 0.00665327 0.0171689 0.00971374 -0.00302095 0.015058 0.000196085 0.00282871 0.0039959 0.00638306 -0.0081561 0.0049603 0.0104303 0.0189608 0.0265381 0.000356896 0.00312849 0.00981026 -0.0210614 -0.00196048 -0.00552907 -0.00753416 0.00343631 0.00615281 0.0150337 -0.0098161 -0.0111989 -0.000430894 0.000422104 0.0079895 0.00269586
internal_weight=3736.3 2969.83 2472.68 766.471 615.834 339.555 276.279 2157.34 497.151 1707.61 374.322 89.4368 427.201 208.313 1280.41 1208.76 67.9662 315.34 275.393 284.885 80.1238 204.761 35.6743 150.637 89.1634 50.7061 38.4573 33.016 303.881 22.9662 158.553 134.729 23.8238 17.0737 16.7677 27.1505 8.0468 11.201 338.037 316.73 245.189 78.0857 237.368 105.581 48.8158 37.5672 131.787 115.612 71.6543 123.487 1102.91 326.981 280.594 47.8801 46.3863 28.4637 232.714 219.06 775.93 716.091 95.0296 75.1133
internal_count=59813 37280 32330 22533 16589 9695 6894 24766 4950 21712 3963 1179 5302 5556 16410 15863 1338 7564 7047 2784 1085 1699 557 5944 793 431 362 708 9138 344 4560 4077 483 345 368 944 258 110 4509 4208 3247 1067 3144 1356 616 477 1788 1569 547 5000 14917 4744 4190 718 554 337 3472 3270 10173 9058 1138 953
is_linear=0
shrinkage=0.03


Tree=63
num_leaves=63
num_cat=0
split_feature=3 6 32 4 24 14 32 3 11 14 15 25 4 25 6 11 21 5 9 14 26 6 23 25 9 23 23 4 31 9 15 25 8 18 6 24 10 21 11 26 21 12 21 21 3 13 12 14 21 11 5 15 11 26 26 21 3 21 31 24 6 34
split_gain=67.9586 29.095 27.3425 17.6489 17.3572 17.0661 14.1455 14.9024 13.2985 14.2136 13.067 11.1961 10.0054 12.035 12.2516 9.94497 9.68791 11.0607 9.61363 9.24607 9.49985 8.70468 8.22338 8.18386 8.09967 9.05843 8.95455 7.66403 7.53082 7.0673 8.2238 7.04483 11.1347 9.842 8.59867 7.57505 7.05608 7.61373 6.9502 6.88828 6.84172 6.80846 8.2747 10.0849 6.7408 7.96668 6.46758 6.45549 6.46021 7.31661 6.31792 6.18539 6.54173 6.54839 6.32769 6.90401 6.58726 8.94245 8.63782 6.97442 6.538 6.42694
threshold=-0.14050853252410886 -1.0034729242324827 14.500000000000002 -0.097492337226867662 0.58023867011070263 -2.0186604261398311 8.5000000000000018 1.8791651129722597 -1.0015843510627744 0.42620393633842474 -0.35810057818889612 -0.37051321566104883 -0.51461172103881825 -0.49638220667839045 -0.81784233450889576 -0.42867110669612879 1.3425840735435488 1.5400419831275942 0.6595398783683778 0.059922223910689361 0.29852592945098883 1.1258495450019839 1.3431990146636965 -0.25776226818561548 -0.83916664123535145 0.62698704004287731 0.99923574924469005 2.4110674858093266 -0.50000001490116108 0.5553458333015443 1.5481797456741335 0.7058299481868745 -0.27428470551967615 -0.25409944355487818 0.27128012478351599 0.5143815577030183 0.82499328255653392 0.98557728528976452 0.20119599997997287 0.96498042345047008 -0.32103933393955225 1.0934068560600283 0.031016836874186996 0.4581164419651032 1.3553729653358462 0.53743609786033641 0.96430805325508129 1.2089222073554995 0.86723589897155773 0.28050771355628973 -0.020853055641055104 1.2087481617927553 1.6002532839775088 -0.91741299629211415 1.0362223982810976 0.27806262671947485 0.98388406634330761 0.55354994535446178 0.78571429848670971 1.4937477707862856 0.96234902739524852 3.5000000000000004
decision_type=2 2 2 2 2 2 2 2 2 2 2 2 2 2 2 2 2 2 2 2 2 2 2 2 2 2 2 2 2 2 2 2 2 2 2 2 2 2 2 2 2 2 2 2 2 2 2 2 2 2 2 2 2 2 2 2 2 2 2 2 2 2
left_child=1 38 5 -3 12 18 40 10 39 11 -8 19 44 14 -14 -15 17 23 -2 20 -10 28 46 -6 -18 -26 -27 51 -11 30 -28 32 35 34 -34 -13 -33 -38 -1 -5 -7 42 -17 -44 -4 -46 -9 -12 49 -49 -42 -25 54 -54 56 -56 57 59 -59 60 -53 -58
right_child=2 3 4 8 16 6 7 22 9 21 47 31 13 15 -16 41 24 -19 -20 -21 -22 -23 -24 27 25 26 29 -29 -30 -31 -32 36 33 -35 -36 -37 37 -39 -40 -41 50 -43 43 -45 45 -47 -48 48 -50 -51 -52 52 53 -55 55 -57 61 58 -60 -61 -62 -63
leaf_value=-0.019665527463932155 0.023536410599168729 -0.012465293563505364 -0.018162409095871107 -0.014394172573972233 0.006153719260872134 -0.0010794451338070172 -0.0085756861011807677 0.027797096626434131 0.03738058222339799 0.0016522778028735586 0.0031329826521491384 -0.0097437666930299417 -0.0099905306204437876 -0.01296741355705739 0.016307236374865253 -0.008351376943935937 -0.0073503841518665651 0.013048312488030187 -0.0068811746689664971 0.00049274350826813886 0.0046982161109342469 0.013288960793954484 0.0035765247534747619 -0.0042379329770693896 0.026838894837601428 -0.0023552896513486582 0.027165263807862678 0.015779540720521824 -0.0167442596862192 0.0040688385421442904 -0.00030537992480226498 -0.013332491141474034 -0.0074715964978255313 0.014425567517920594 0.0089236226833698216 0.006447032947955387 -0.0044405762322166928 0.023528416348228581 -0.0073511192626615346 0.0055000262039703257 0.00049577084009484816 0.012576036090627891 0.010979685962427451 -0.0043276472046002911 -0.012118857667015025 0.02741154581585278 -0.0020217979929681431 -0.010695004509881463 0.02608884025590481 0.013885752345962725 0.022099340708096195 0.02600283863431525 0.014961429768108716 -0.015666205101142791 -0.0070258772357558799 0.028514378690989953 -0.0094579409984988649 -0.012164082555524354 0.023842302842800055 0.033332479983797569 -0.0036633690748453396 0.0051843098690343139
leaf_weight=148.85441214591265 64.666931876912713 161.97958325967193 58.704049112275243 86.555984251201153 149.58501647412777 18.40165152028203 78.363393118605018 39.30725634470582 16.191055690869693 26.015835212543607 730.2594315931201 74.21704906783998 18.833441365510225 92.27142901904881 48.207249466329813 140.87413144856691 22.735284268856049 57.781578026711941 8.5413918830454332 25.127378860488534 15.500112697482107 9.7583404742181283 32.219113908708096 413.00387485511601 21.750026352703571 53.94015821814537 34.307449258863926 17.265380389988422 71.278978215530515 50.316557142883539 12.921928584575651 49.660125229507685 51.342368165031075 87.18255683965981 53.940103575587273 34.559934489428997 27.488867744803429 7.1286221817135802 68.106443980708718 16.129076082259417 14.733049437403677 21.819279991090298 57.797259481623769 96.447124194353819 5.9345152042806131 3.2112289592623711 6.9199412353336802 13.071567049250005 17.958220850676298 23.607995674014091 72.472101116552949 4.7842898890376118 3.7150131352245834 25.014924149960279 4.5355996116995838 12.29543839022517 51.521473057568073 20.328534193336967 2.9552034288644782 11.929158460348843 18.021392028778791 47.149747550487518
leaf_count=6398 426 5088 1494 2555 1514 233 1885 272 295 680 7647 1991 419 2020 721 2725 189 444 57 608 279 172 164 4732 226 437 214 114 1918 305 68 674 1331 1816 802 563 334 64 2024 423 148 344 894 1322 91 46 50 201 159 244 544 45 26 169 44 83 330 166 21 101 171 290
internal_value=0.000122362 -0.00641151 0.00262417 -0.00375968 7.84243e-05 0.00619743 0.00515893 0.0039423 -0.00151876 0.000367465 0.00275445 0.00275761 -0.0042374 -0.00262298 0.00873887 -0.00456741 0.00235484 0.000933147 0.0197745 0.014612 0.0242142 -0.00919086 0.0160658 -3.91185e-05 0.00827308 0.0104722 0.0073398 -0.00154044 -0.0119849 0.0125544 0.0203396 0.000845775 0.00299746 0.00726598 0.000952026 -0.00454247 -0.00658236 0.00356151 -0.0160526 -0.011159 0.0153391 -0.00195846 -0.00322467 0.00157285 -0.0146116 0.00654392 0.0235717 0.00393276 0.0134633 0.00489372 0.0186743 -0.00214976 0.00211373 -0.0100751 0.00435749 0.0195214 0.00217534 0.00977404 -0.00418714 0.0184819 0.00611686 -0.0025486
internal_weight=3731.5 1031.02 2700.48 814.056 1579.96 1120.52 1047.31 941.707 652.076 549.391 863.261 442.338 544.1 476.25 67.0407 409.209 1035.86 839.887 73.2083 56.8185 31.6912 107.053 78.4463 782.105 195.971 173.236 151.486 632.52 97.2948 97.5459 47.2294 385.52 301.242 192.465 105.282 108.777 84.2776 34.6175 216.961 102.685 105.607 316.938 295.119 154.244 67.8498 9.14574 46.2272 784.897 54.6378 36.6796 87.2052 615.255 202.251 28.7299 173.521 16.831 156.69 58.0186 23.2837 34.7348 22.8057 98.6712
internal_count=59810 28015 31795 19593 19765 12030 11547 10622 14505 11527 10136 8757 10076 8445 1140 7305 9689 8250 483 1182 574 2770 486 7806 1439 1250 1024 6292 2598 587 282 7575 6503 3949 2133 2554 1072 398 8422 2978 925 5285 4941 2216 1631 137 322 8251 604 445 692 6178 1446 195 1251 127 1124 504 187 317 216 620
is_linear=0
shrinkage=0.03


Tree=64
num_leaves=63
num_cat=0
split_feature=3 4 4 15 6 8 17 21 21 6 3 32 13 8 18 4 5 23 16 20 2 8 18 20 2 23 33 5 15 17 32 3 5 12 17 22 17 21 3 12 9 12 21 21 22 3 23 31 4 8 31 18 23 15 4 32 19 23 8 18 12 8
split_gain=74.869 26.6088 21.7189 20.3629 19.3635 19.0178 12.4923 11.8843 10.6148 10.2622 9.85687 9.85254 9.60146 9.5834 9.34478 9.09099 10.9173 11.173 9.696 9.4572 9.01557 11.2044 9.74711 8.88126 8.87502 8.8121 8.69827 8.19629 7.97924 9.47113 7.64433 8.69854 7.55849 7.55268 8.93211 7.02216 8.55836 8.21199 7.72114 6.92435 7.7352 6.74142 6.70953 7.30663 8.76206 10.6122 8.95481 10.2282 8.57782 6.63471 6.87346 7.97066 8.6117 6.61909 6.50426 8.77311 6.50237 6.44339 6.39823 7.44908 8.4746 7.58607
threshold=1.0000000180025095e-35 0.86763000488281261 0.47716286778450018 -1.3199901580810545 0.23237492889165881 0.061857214197516448 1.1437456011772158 -0.56840050220489491 1.3020036816596987 1.2248637080192568 1.8791651129722597 8.5000000000000018 1.9456003308296206 -1.609866678714752 -0.38509836792945856 -0.21817633509635923 0.15383957326412204 -1.236350893974304 0.77386131882667553 1.0325967073440554 -0.57922154664993275 0.28183160722255712 -0.46715728938579554 1.3237347602844241 0.75967729091644298 0.94455385208129894 1.0000000180025095e-35 1.2088112831115725 1.6832895874977114 1.3152562975883486 10.500000000000002 0.5403808355331422 -0.30975657701492304 -0.28695987164974207 -1.0593956708908079 -0.87507501244544972 0.33934748172760015 0.21705467253923419 0.56550854444503795 0.55126884579658519 0.40467017889022833 0.069199059158563628 -0.34389120340347284 0.27806262671947485 0.27792318165302282 -0.44343279302120203 0.51515695452690136 -0.50000001490116108 -1.0000000180025095e-35 1.6023516654968264 -0.35714286565780634 -0.72282785177230824 0.080329410731792464 0.76187613606452953 0.23875342309474948 11.500000000000002 0.52552661299705516 1.064257085323334 -0.38532106578350062 -0.51111647486686695 0.35080668330192571 0.099043894559144988
decision_type=2 2 2 2 2 2 2 2 2 2 2 2 2 2 2 2 2 2 2 2 2 2 2 2 2 2 2 2 2 2 2 2 2 2 2 2 2 2 2 2 2 2 2 2 2 2 2 2 2 2 2 2 2 2 2 2 2 2 2 2 2 2
left_child=1 3 4 -1 5 -2 10 23 13 32 11 -6 14 -4 27 -7 17 -17 -18 30 -3 -22 -23 54 28 -12 41 -8 29 -16 31 -19 -9 34 -34 36 38 -37 -13 -21 -41 -27 -35 -44 45 -45 47 -47 -49 50 -15 -52 -53 -51 -5 -56 -38 -30 -39 -60 -61 -62
right_child=2 20 8 7 6 15 12 9 -10 -11 25 35 -14 49 24 16 18 19 -20 39 21 22 -24 -25 -26 26 -28 -29 57 -31 -32 -33 33 42 -36 37 56 58 -40 40 -42 -43 43 44 -46 46 -48 48 -50 53 51 52 -54 -55 55 -57 -58 -59 59 60 61 -63
leaf_value=-0.019659205033032572 -0.0097021987571427083 -0.0074017111132689472 -0.012409252866277341 -0.013380628939006718 0.013081158698254174 -0.0095709527713462687 -0.0022474112634044436 -0.012963926766649507 0.016353212153554505 0.0076377707631481171 0.023119529575029031 -0.013460988259545864 0.020122765001533961 0.00043601160431132021 0.019476578358465946 -0.017699421076376717 0.03392756122579739 -0.0066508565438430168 -0.010030294935931711 0.0047400456694384934 -0.0013185877384596183 -0.0085882922919602537 0.025088849533946685 0.02090972429431576 -0.0065145587381881956 -0.01932600929436163 0.017900696899799996 0.024354856815013932 0.038643833668699341 0.0044776182469979343 -0.0018180159942278878 0.029946178822908478 0.012765132276294739 0.010986940008082214 -0.010474513308440309 -0.0055337793880657167 0.023124644923303461 -0.0023923756945509636 0.0075514446642646685 0.002804026518282429 0.04672650852833074 0.004135254543927323 -0.0074657568058333727 -0.0021141591683101683 -0.0041439322797272304 -0.0013852903953545798 0.0028114351481987347 -0.0048558084270385457 0.050166715421083065 -0.00042733469786043125 0.028481255965233411 0.021871334875733683 0.0051997453470457641 0.03445724698071264 0.028694657538460892 -0.0071231285084971951 -0.0080218778215189017 0.010243313283780997 0.014060167079491164 0.0074515532564985339 0.0060281735340929638 -0.0083860731203496113
leaf_weight=108.77848898805678 235.601278712973 24.053297411650419 19.757845278829336 252.39687784947455 47.913691211491823 43.931773001328111 140.42640230804682 88.783112341538072 110.151506382972 58.478962935507298 28.445907574146986 19.295097950845957 42.98229618370533 135.45942662470043 46.68626206740737 17.289947932586074 13.634706152603032 6.9151573441922691 3.4483429826796046 19.903609177097678 33.762854764238 6.6178709324449292 44.603295255452394 3.1631310638040295 26.422679577022791 12.565909683704374 18.40990949422121 6.2295249104499808 11.450784225016831 160.13461599126458 118.1366651635617 10.571281522512434 12.109019333496688 32.537949288263917 165.47551909834146 255.81950817629695 29.135205928236246 276.61257321760058 39.691527839750051 6.2579858135431987 6.4599318373948336 26.013523012399673 138.3784027248621 39.011484241113067 100.79788126423955 6.0268455948680666 18.569169389083982 2.0479599870741394 11.093954855576152 7.0710841193795231 12.720263522118328 27.489625066518784 249.05322574824095 10.069563474506138 3.5549561884254244 17.397136287763715 4.7165398485958567 22.24659751355648 48.476289488375187 116.46494607999921 46.329080767929554 88.42404817789793
leaf_count=4725 4898 408 185 7910 359 985 1034 2765 731 730 237 319 267 1212 399 455 215 100 45 297 542 93 561 91 219 80 115 44 74 1267 2135 109 345 847 4070 3321 299 3039 464 89 93 165 3566 805 2323 128 243 54 197 70 96 378 2060 70 66 429 43 131 446 1148 487 878
internal_value=0.000135302 -0.00614791 0.00299769 -0.00760419 0.00151245 -0.00369789 0.00317747 -0.00612787 0.00812714 -0.00392672 0.00137403 0.000490806 0.00729754 0.00601004 0.00574026 0.0021186 0.0048226 0.00238154 0.0247924 0.00489645 0.00770411 0.0121533 0.0203609 -0.0113228 0.00903208 0.0108484 0.00335257 -0.000351714 0.0108379 0.0082432 0.00116048 0.0172128 -0.0050794 -0.00363916 -0.00858369 -0.000228206 0.00737818 -0.00111583 0.000163309 0.0182102 0.0320043 -0.00484701 -0.00103355 -0.00242346 0.0016033 0.00894316 0.0192837 0.0313579 0.0426172 0.00696329 0.00604469 0.00861915 0.00721597 0.0232196 -0.0120647 0.00331164 0.0183111 0.0236403 0.000876 0.00388241 0.0016824 -0.00339198
internal_weight=3736.45 1167.64 2568.82 1058.6 1997.04 482.151 1514.89 949.822 571.773 673.31 1058.31 972.879 456.579 461.621 413.597 246.549 202.618 185.535 17.083 168.245 109.037 84.984 51.2212 276.512 266.941 85.4352 56.9893 146.656 240.518 206.821 135.623 17.4864 614.831 526.048 177.585 924.965 92.8384 832.126 58.9866 32.6215 12.7179 38.5794 348.464 315.926 177.547 76.7494 37.7379 19.1688 13.1419 441.863 424.723 289.263 276.543 17.1406 273.349 20.9521 33.8517 33.6974 576.307 299.694 251.218 134.753
internal_count=59956 30898 29058 29294 24256 9421 14835 24569 4802 16073 11400 10803 3435 4071 3168 4523 3538 3278 260 2823 1604 1196 654 8496 2090 597 360 1078 1871 1666 2344 209 15343 12578 4415 10444 1125 9319 783 479 182 245 8163 7316 3750 1427 622 379 251 3886 3746 2534 2438 140 8405 495 342 205 5998 2959 2513 1365
is_linear=0
shrinkage=0.03


Tree=65
num_leaves=63
num_cat=0
split_feature=6 11 32 11 21 4 25 7 11 7 4 14 9 21 21 17 7 7 11 12 7 11 20 11 13 4 7 5 4 9 6 4 12 25 14 18 16 25 17 9 25 7 9 18 10 22 32 22 11 7 16 19 13 20 7 17 20 16 12 27 17 10
split_gain=54.5669 28.4492 21.9862 17.3709 19.6915 14.9486 13.9697 13.929 14.4648 13.5735 14.455 12.0386 10.5039 11.0844 9.80468 9.68137 10.2034 9.96719 9.50356 13.6403 9.58881 9.04141 8.74842 8.65396 8.28761 7.92158 8.91082 7.92077 7.72896 7.70199 9.25577 7.38998 7.6276 7.17993 7.10547 8.51804 7.08209 9.37596 6.82976 6.76735 11.6422 12.1106 8.01089 9.9285 7.14413 8.07264 6.74228 13.4961 6.66667 12.3148 7.51003 7.61417 6.77583 11.4488 8.04907 8.76717 6.69669 9.09891 7.4787 6.51214 7.18051 6.50753
threshold=-0.36978991329669947 1.4427454471588137 13.500000000000002 -0.30170240998268122 0.27806262671947485 0.011831153184175493 -0.77143520116806019 -1.2823532223701475 0.036560259759426124 0.32943235337734228 -0.11035111173987387 -1.4765514731407163 -0.29455792903900141 1.1590532064437868 0.031016836874186996 1.8419355750083926 1.2520874142646792 0.96833696961402904 0.35920882225036627 0.59754768013954174 -0.17414200305938718 -1.0492325425148008 -0.74669077992439259 0.87587794661521923 -2.343907237052917 -0.21817633509635923 -0.29131902754306788 1.0000000180025095e-35 1.0255577564239504 0.39207851886749273 1.3573565483093264 -0.44454683363437647 -1.458899140357971 -0.77143520116806019 0.50077518820762645 -0.38509836792945856 0.25193978846073156 -0.86487606167793263 0.13502205908298495 0.46157290041446691 0.66088703274726879 0.012041569687426092 -1.2750047445297239 0.88817214965820324 0.60121971368789684 -0.49678464233875269 15.500000000000002 0.238175705075264 1.2010232806205752 0.75122755765914928 1.1778065562248232 -1.0865150690078733 2.4615396261215214 0.57894822955131542 0.39879699051380163 -0.4931629598140716 0.82642474770545971 1.0499411821365359 0.32185603678226476 4.5000000000000009 -0.4931629598140716 -0.020924362353980538
decision_type=2 2 2 2 2 2 2 2 2 2 2 2 2 2 2 2 2 2 2 2 2 2 2 2 2 2 2 2 2 2 2 2 2 2 2 2 2 2 2 2 2 2 2 2 2 2 2 2 2 2 2 2 2 2 2 2 2 2 2 2 2 2
left_child=1 3 9 4 -1 36 -6 -4 12 10 -2 14 28 27 -11 16 24 18 -17 -20 -21 -8 -13 29 61 -3 -27 -14 -9 30 -18 -26 -33 -7 39 -36 37 -5 -29 40 41 42 -12 -44 -42 -46 47 -38 50 56 51 -34 54 -54 -53 -56 57 -50 -58 60 -23 -10
right_child=2 25 7 5 6 33 21 8 15 11 34 22 13 -15 -16 17 23 -19 19 20 -22 59 -24 -25 31 26 -28 38 -30 -31 -32 32 48 -35 35 -37 46 -39 -40 -41 44 -43 43 -45 45 -47 -48 -49 49 -51 -52 52 53 -55 55 -57 58 -59 -60 -61 -62 -63
leaf_value=-0.019507518724501134 -0.0094910680544460276 -0.0077650178657754599 -0.011094007675789497 0.010712296797583284 0.022521623370134719 0.028405201468851626 -0.015094957232304957 -0.010281082844740275 -0.0049748178800206122 -0.0046575063457218579 0.00037173539804908625 -0.0089035312052500454 -0.0059807525610598147 0.006266341769827613 0.028220212036284047 0.032579075667844598 -0.0043369765543028963 -0.0079181303906670185 -0.0034376822893238176 0.00056440002780064748 0.023754023424050332 -0.0083143199646193953 0.0090182047441817962 -0.00056711919245782771 -0.0070236278358680702 0.004901131774672658 0.034834787224954318 -0.0018438393463961209 0.0098446742205536408 0.027649443485646609 0.027908016075635426 0.01370937334326584 0.023193591471798725 0.0033835786104882207 0.0085982843657284209 -0.0087664499504884821 -0.0033205790689982734 -0.014245456594798214 0.015671297165265038 0.0010582983316523198 -0.0071239512840012842 -0.00083174848222561262 0.024481363895508861 -0.013569419304628811 -0.013262178721949024 0.022068086677675063 -0.0085487624116996879 0.023571587960299532 0.0075392035938420072 -0.010993995172521372 0.010722375225714577 -0.0052072788406062808 0.035716166075761911 -0.0050391015491922262 0.016044970789018207 -0.00060467550526217644 -0.0024737799249895526 -0.0096343157024902752 0.025391157633010922 -0.0069522695414498403 0.022663657717020107 0.039370254696319898
leaf_weight=187.95849742740393 70.568534156307578 7.8973179049789897 83.461435787379742 11.465834554284809 11.135647172108291 7.4156639873981467 57.131224069744349 171.63761231675744 2.9832308180630207 8.2706229258328658 17.57496115192771 22.343638032674789 242.10532399453223 157.70691640488803 43.366463555023074 14.782387450337408 23.515483494848016 21.023432549089193 46.002981256693602 23.125876277685165 49.336824394762516 7.0871588084846762 366.85475066863 36.058313170447946 94.183399586006999 18.879106692969799 16.10675110667944 51.397058544680476 15.080514345318077 28.937676539644599 6.3962431102991095 39.534958705306053 5.9709844905883065 73.153889115899801 36.202573511749506 61.941594325006008 65.276899019256234 127.19441969133914 26.922305954620242 119.72752091474831 44.862891137599945 35.07869184948504 90.908275358378887 3.524676075205206 4.4251106232404736 14.589537270367144 81.011413604021072 17.194637686014175 168.1802330929786 33.617975551635027 43.04982390999794 376.09861970320344 6.2702755481004742 11.46689661964774 29.348400255665183 164.24944571778178 10.706759303808211 28.624522399157286 27.36926194280386 29.589471044018865 14.457431409507988 3.8239092584699383
leaf_count=7851 1215 197 1655 301 276 114 2063 3327 46 73 202 312 4969 1960 260 112 283 134 345 166 297 243 3491 332 1556 396 271 998 161 298 42 529 100 1336 417 833 1409 4260 316 1283 417 352 979 54 46 130 1925 333 1803 273 288 4785 51 76 409 1609 84 200 189 835 374 51
internal_value=0.000501398 -0.00680479 0.00230486 -0.00830671 -0.0135696 -0.00395953 -0.00381398 0.000553068 0.00107613 0.00608813 0.00265984 0.00989852 -0.00250857 -0.000128375 0.023008 0.00291955 0.00194234 0.00985547 0.0128447 0.00916255 0.0168674 -0.00739735 0.00788945 0.0111047 0.00106168 0.0157077 0.0213146 -0.00332365 -0.00844125 0.0177407 0.00556763 0.000773799 0.00158424 0.00721179 0.00474572 -0.00225479 -0.00700739 -0.0118807 0.00475612 0.006826 0.00999903 0.0145138 0.0191498 0.0224502 -0.000695651 0.0127966 -0.00264411 0.00331311 0.000982108 0.00490007 -0.000696061 -0.00160711 -0.00205281 0.0140542 -0.00267221 0.00225973 0.0073567 0.00486456 0.018178 0.00178153 0.0128267 0.0260592
internal_weight=3716.16 732.955 2983.21 690.072 307.359 382.713 119.401 2042.97 1959.51 940.24 499.404 440.835 664.85 478.132 51.6371 1294.66 1140.39 154.272 133.248 118.466 72.4627 108.265 389.198 94.9077 1045.48 42.8832 34.9859 320.425 186.718 58.8494 29.9117 1038.67 944.488 80.5696 428.836 98.1442 302.143 138.66 78.3194 330.692 210.964 147.087 112.008 94.433 63.8775 19.0146 163.483 82.4715 904.953 268.499 636.454 593.405 587.434 17.7372 569.696 193.598 234.881 196.805 38.076 51.1341 21.5446 6.80714
internal_count=59692 22184 37508 21320 11642 9678 3791 27444 25789 10064 5928 4136 11731 8243 333 14058 13004 1054 920 808 463 3515 3803 955 12049 864 667 6283 3488 623 325 11952 10396 1450 4713 1250 8228 4561 1314 3463 2180 1587 1235 1033 593 176 3667 1742 9867 2549 7318 7030 6930 127 6803 2018 2276 2003 273 1452 617 97
is_linear=0
shrinkage=0.03


Tree=66
num_leaves=63
num_cat=0
split_feature=15 4 11 32 9 3 3 2 4 23 25 25 24 21 21 17 11 17 17 6 3 32 25 6 2 10 9 20 17 15 14 8 31 21 2 13 24 4 1 17 10 0 31 8 15 21 5 9 9 19 14 17 13 12 0 5 12 14 25 9 11 14
split_gain=60.8788 34.8721 21.0816 14.6225 14.2695 14.0064 13.74 11.0926 10.8663 12.8554 10.8083 10.3121 12.4633 10.8676 9.44577 8.2495 8.12373 8.43495 8.44511 8.03921 7.9831 7.60648 9.89697 15.9769 7.60885 7.43242 7.26816 7.17299 7.12347 8.32108 7.0297 6.90326 10.1255 7.98281 6.89225 8.73339 14.444 8.17175 9.35197 8.00211 7.67557 7.0872 6.84747 7.21526 9.77413 6.80216 7.26384 6.76929 10.4394 6.63553 6.6083 7.92452 7.77219 7.7511 6.55122 6.8819 6.81531 7.11435 6.54779 6.65742 6.71966 6.52402
threshold=-0.35810057818889612 -0.037920959293842309 0.061053849756717689 12.500000000000002 -1.0063593387603758 0.33757752180099493 1.5103702545166018 1.182564437389374 -0.39602310955524439 -0.6417812407016753 -0.48014044761657709 3.1635932922363286 1.6081447005271914 1.4334087371826174 1.6731751561164858 0.16906858980655673 -0.93835854530334462 -0.44727680087089533 -0.33201079070568079 -0.97397026419639576 1.1233904361724856 9.5000000000000018 -0.039128061383962624 1.0693199038505556 0.75967729091644298 0.58776122331619274 1.1745003461837771 1.0928139090538027 -0.56061458587646473 0.29957246780395513 -0.75554636120796193 0.1502688676118851 1.0000000180025095e-35 0.10293979942798616 1.0128889679908755 -0.34998176991939539 0.85097411274909984 -0.88464871048927296 -1.0000000180025095e-35 1.0196615457534792 0.42868047952651983 -0.030506875365972515 0.78571429848670971 -0.49063414335250849 0.14049225300550464 -0.010693989694118498 0.038795599713921554 -0.59471914172172535 0.46981281042099005 0.28638489544391638 -0.60638168454170216 -0.82517558336257923 0.14436107128858569 0.35080668330192571 0.73848736286163341 0.57664474844932567 1.0825784206390383 -1.4765514731407163 -0.51871934533119191 1.0525641441345217 -0.21636962145566938 0.40113587677478796
decision_type=2 2 2 2 2 2 2 2 2 2 2 2 2 2 2 2 2 2 2 2 2 2 2 2 2 2 2 2 2 2 2 2 2 2 2 2 2 2 2 2 2 2 2 2 2 2 2 2 2 2 2 2 2 2 2 2 2 2 2 2 2 2
left_child=6 5 3 14 -5 -2 8 11 -1 16 -11 12 13 21 31 19 -10 -18 -19 -6 -9 25 23 30 -25 -4 34 -15 -14 -30 47 33 -33 -3 35 37 45 -7 -39 41 42 -40 43 -38 -45 -37 -47 -23 -49 -34 52 53 -21 -52 56 -56 57 -12 -53 -60 -61 -58
right_child=1 2 7 4 15 26 -8 20 9 10 54 -13 28 27 -16 -17 17 18 -20 50 -22 22 -24 24 -26 -27 -28 -29 29 -31 -32 32 49 -35 -36 36 40 38 39 -41 -42 -43 -44 44 -46 46 -48 48 -50 -51 51 58 -54 -55 55 -57 61 -59 59 60 -62 -63
leaf_value=-0.017902888260780948 -0.010883089754635181 -0.014411426706009371 0.004980179550840823 -0.013692522953563957 -0.016234723852634528 -0.0049366965842728705 0.01444325161254607 0.0011124217961952646 -0.022218906476895919 0.011790074355025923 0.016002811214467422 -0.012945463837997098 -0.012671338582936375 0.019800966147235102 0.022082821496970322 0.0036853821399271194 -0.016004884138960201 0.02557869051034874 -0.0042764853885057311 0.00043376949116693148 0.017844860162552271 -0.0013010919497418102 0.00077301248918107174 0.021383363816219893 -0.0096801958104700773 0.021490462821208148 -0.018543485270666519 0.0050598083689818302 0.033970947994862249 0.011186961220162208 0.0011063879354178479 0.016237520527497325 -0.011171876585439928 0.0034853957334967465 -0.0071105079030491418 -0.018354682599437427 0.0045029054984431936 -0.0075637597855691225 -0.0062393292320946864 -0.0045721866148370456 -0.0045429633301468072 0.049202950813544255 -0.0059083492884485006 -0.0093797425188665989 0.03450534096369836 -0.010598020313567658 0.0087860367975410893 0.025225795579664645 -0.0019846969397949252 0.019714704252466866 0.019127100301205624 0.011363006540716449 0.021955842997838877 -0.0063703163358130943 0.028920747589293395 -0.011445777685297217 0.023141410625910245 -0.0097630742850507591 -0.010815607565016629 0.014283467761313326 -0.014954489153130584 -0.010111937833963532
leaf_weight=114.94058469682932 215.00678706169128 26.156980546191335 80.216085210442543 85.760825276374817 35.736293230205774 8.4364434089511651 17.485713422298431 35.41989603638649 58.840066539123654 34.697138007730246 5.8242912739515296 25.167462594807148 5.530910898000001 57.164722330868244 24.786917688325047 216.76418484374881 51.715883815661073 5.1675783190876237 47.923015872016549 82.543177446350455 95.306625980883837 26.275660688057542 885.92506297677755 67.120534494519234 5.0283501073718062 33.448540393263102 14.282742440700529 65.89083668589592 13.676483664661644 127.9934983253479 263.83576367050409 59.290253737941384 23.592499101534489 75.564831715077162 71.986553365364671 28.276815846562386 20.785030841827393 3.8579985946416899 1.1946237906813646 2.7360469363629827 22.251811776310205 10.811180524528018 9.2854006402194482 3.2447435557842281 23.500675357878208 30.985033839941025 28.765401929616928 35.381953496485949 17.50097793713212 3.1986483838409177 18.000455088913441 11.712211871519683 13.541509123519061 16.564392035827041 4.995290456339716 2.7070326693356037 8.2721732426434738 161.87342889048159 157.78812869638205 17.049588071182374 5.7505684401839963 5.1417915709316722
leaf_count=4417 5785 590 675 1688 1272 132 246 311 2683 929 124 271 56 386 204 2560 2014 192 1700 1743 558 293 10087 514 35 280 195 408 116 815 3683 655 378 923 771 513 203 60 21 28 206 145 90 42 207 488 371 381 181 41 349 212 171 345 98 42 209 4522 2798 294 85 136
internal_value=0.000522208 0.00206767 0.00340406 -0.000432487 -0.00263542 -0.00521621 -0.00895464 0.00522137 -0.00990385 -0.00733109 -0.00254913 0.00454951 0.00484834 0.00402183 0.00632234 -0.000883805 -0.0135932 -0.0079593 0.000580969 -0.0036578 0.0135193 0.00325077 0.00257609 0.00636892 0.0187314 0.0105395 -0.000756402 0.0124135 0.013067 0.0144696 0.00353671 0.00372349 0.00972884 -0.00157621 0.000522621 0.00346056 0.000688579 0.0178112 0.026989 0.035657 0.00968259 0.0434738 0.0151708 0.0194592 0.0285424 -0.00747621 -0.00130819 0.01109 0.0168272 -0.00496358 -0.00203979 -0.00480458 0.00440292 0.00764719 -0.00542033 0.0158127 -0.00672389 -0.00843079 -0.00717979 -0.00865613 0.00554584 0.0111102
internal_weight=3729.68 3210.09 2714.68 873.801 661.211 495.407 519.584 1840.88 502.098 387.158 223.511 1710.16 1684.99 1537.79 212.59 575.451 163.647 104.806 53.0906 358.686 130.727 1414.73 1301.07 415.143 72.1489 113.665 280.401 123.056 147.201 141.67 342.994 187.803 86.0814 101.722 266.118 194.131 167.095 27.0363 18.5998 14.7419 79.0677 12.0058 56.8159 47.5304 26.7454 88.0273 59.7504 79.1586 52.8829 26.7911 322.95 226.865 96.0847 34.5648 188.814 7.70232 181.112 167.698 192.3 180.588 22.8002 13.414
internal_count=59927 42615 33358 14308 11517 9257 17312 19050 17066 12649 6060 18181 17910 16923 2791 9829 6589 3906 1892 7269 869 16129 15174 5087 549 955 3472 794 987 931 4538 2587 1074 1513 3277 2506 2120 386 254 194 748 166 542 452 249 1372 859 855 562 419 5997 4083 1914 694 5131 140 4991 4646 3389 3177 379 345
is_linear=0
shrinkage=0.03


Tree=67
num_leaves=63
num_cat=0
split_feature=3 14 15 32 21 3 4 14 10 4 11 7 2 11 17 9 17 32 7 7 2 22 9 11 29 29 26 21 13 26 23 2 29 15 24 6 9 9 0 25 16 23 21 23 22 10 4 24 3 5 23 9 13 26 22 16 22 11 29 17 32 26
split_gain=64.7274 26.1996 22.6695 17.2296 18.9119 15.6266 15.7221 14.1332 12.5622 12.2293 11.4761 16.2657 10.4834 10.378 9.65472 9.37097 14.4678 9.01911 9.84786 8.85256 8.7343 8.7194 8.71455 7.89193 10.9951 14.0132 9.68446 8.78871 7.84909 7.83222 8.37458 9.59689 8.24734 7.92662 7.79356 7.79419 7.67213 7.6223 14.0922 8.46811 7.80083 7.57158 7.48434 7.44845 9.01914 7.94007 7.43655 7.41742 7.28317 7.26772 7.26215 7.44999 7.1897 7.18261 7.173 7.15879 7.12723 7.89939 7.68868 7.83046 7.09064 7.0222
threshold=-0.15107209235429761 -0.91759115457534779 -1.3199901580810545 15.500000000000002 -0.086916554719209657 1.8791651129722597 0.36160311102867132 -1.2571579217910764 -1.3866909742355344 1.0026745796203616 0.24782812595367434 -0.68454545736312855 1.7691940665245058 0.79166421294212352 0.99240267276763927 -0.29455792903900141 0.42091757059097296 14.500000000000002 -0.75932401418685902 -1.0039436221122739 -0.019509222358465191 0.8414762318134309 -0.77249959111213673 -0.39024323225021357 0.48529411852359777 0.57738095521926891 -1.2354602813720701 1.7157173752784731 -0.94334441423416127 0.62775963544845592 -0.22632978111505506 0.059972111135721214 0.17914438992738727 0.60768985748291027 0.72805076837539684 -0.35569941997528071 -0.61529108881950367 -0.4381690621376037 0.6092263162136079 -0.5810696780681609 1.2391447424888613 0.95249816775321972 -0.88190791010856617 1.20490437746048 -0.64850777387619007 -1.3605209589004514 2.0413861274719243 1.5766292810440066 1.2067101001739504 -0.12708774954080579 0.70548120141029369 0.64177957177162182 0.21694172173738482 1.1703364849090578 -0.58595943450927723 1.0184576511383059 -0.21898713707923886 0.08535808697342874 0.19375000149011615 0.43828025460243231 8.5000000000000018 0.53164955973625194
decision_type=2 2 2 2 2 2 2 2 2 2 2 2 2 2 2 2 2 2 2 2 2 2 2 2 2 2 2 2 2 2 2 2 2 2 2 2 2 2 2 2 2 2 2 2 2 2 2 2 2 2 2 2 2 2 2 2 2 2 2 2 2 2
left_child=2 8 -1 5 13 6 19 9 -2 21 42 -12 15 -5 -15 16 -6 18 -10 -3 -20 52 47 26 27 36 34 61 54 32 -31 33 -28 48 35 -21 -26 38 -8 -39 60 50 -9 44 -38 -46 -43 -19 -32 -17 51 -22 -4 -24 -27 -44 58 -58 59 -51 -41 -25
right_child=1 3 7 4 12 -7 37 10 17 -11 11 -13 -14 14 -16 49 -18 22 20 23 41 -23 53 24 25 28 29 -29 -30 30 31 -33 -34 -35 -36 -37 43 39 -40 40 -42 46 55 -45 45 -47 -48 -49 -50 56 -52 -53 -54 -55 -56 -57 57 -59 -60 -61 -62 -63
leaf_value=-0.018978105172883373 0.028646616190355589 -0.0090703248437935431 -0.0074018790372364926 -0.013980286512087008 -0.012123041828682658 0.014918850218013096 0.034799585870906272 -0.017339906462204242 -0.0069234485893368662 0.022870795616910237 -0.011142766949107675 0.0038069951920003953 0.022683813150883324 -0.006945490977073589 0.0095701050003281166 -0.0050209300358620146 0.0039175274173613994 -0.0091022110765812021 -0.006530878960526767 -0.0034787126153433736 0.020839707658225824 0.022583968205432361 0.0053291607492210839 0.0015141617404312324 -0.00097614996646847182 -0.0093926958419280684 0.0069661750495405321 0.020777055751020283 0.0025648668261909198 -0.014243418607261209 0.032773371134739715 -0.015522374419581658 -0.014183217328197873 -0.0019091643851440693 -0.0086238105257914893 0.034562546174106472 -0.0032471443668695256 0.02857423346661991 -0.00092383936583685926 0.019220369221343771 0.022337785598643651 0.026709089819510905 -0.0076327943597782671 -0.00071457304607696248 -0.0086778927427972781 0.038516709581683975 -0.0019663478053659617 0.014476995214666624 -0.0096965745987481321 -0.0091959167451762854 -0.0018485840365620395 -0.0083454866496399903 0.0068361516865924473 0.025523173150472617 0.028111183812435735 0.019232282654798146 -6.6058892519915366e-05 0.0080953125195109971 -0.0099279955369102682 0.028505584182095881 0.00087940233078646587 -0.0085986058703939397
leaf_weight=102.36744831502438 25.122588269412518 65.681051015853882 81.471376089379191 125.38810368813574 107.11123206280172 106.06222930550575 21.640870118513703 76.983855489641428 17.329217875376344 20.39381499402225 94.022900940850377 188.79538068734109 15.024050859734414 105.10165466181934 39.999968135729432 93.233922265470028 88.792449701577425 57.129367774352431 12.805757537484167 5.9568873941898355 40.771313583478332 9.1316360943019372 145.73935753293335 178.0366073101759 12.15935439430177 3.2737982589751509 16.957585757598281 11.240137718617914 239.09690963476896 12.780420502647756 16.822478707879789 6.2856903914362183 89.174352087080479 12.16098842397332 7.5398233570158473 9.7983995098620653 5.4649078082293263 10.605624001473187 15.448870131745933 16.605234928429127 16.586974449455738 69.385331943631172 377.98182808235288 8.1848109327256662 1.721607489511366 31.401834743097428 8.4006773009896261 10.180067911744116 2.0344125069677821 5.5425807125866395 30.256652977317572 6.6730155404657117 45.887423263862729 13.618754016235469 15.141024515032766 4.4990421626716843 165.36395449005067 295.64092543907464 53.661343358457088 6.2305794507265091 160.32171125710011 88.71293387003243
leaf_count=4615 214 1174 1903 2679 1811 666 229 3041 184 216 2359 3847 125 1692 439 1227 890 648 106 160 349 135 1286 2053 172 52 252 77 2710 341 291 104 1494 124 83 146 77 117 134 117 94 425 11019 60 21 374 44 74 24 69 199 60 637 111 207 81 2322 2577 634 59 1497 1039
internal_value=0.000584829 0.00298131 -0.00591894 0.001685 -0.00101646 0.0041849 0.00306773 -0.00433547 0.00966629 0.00375422 -0.00605893 -0.00127028 0.00123579 -0.0078294 -0.00222553 0.000704875 -0.00493617 0.00818034 0.0130142 0.00110591 0.0152078 0.000190627 0.00402633 0.0020222 0.00368167 0.00746054 -0.00342382 -0.000675754 0.00424572 -0.00618392 0.00337282 0.0103784 -0.0106426 0.0170533 0.0129073 0.0228065 0.0200774 0.00973549 0.0215777 0.00711922 0.00525328 0.0171458 -0.00896112 0.0251162 0.0300486 0.0352473 0.0236805 -0.00478157 0.0271195 0.00251347 0.00956783 0.0163305 -0.00220746 0.00777889 0.0208618 -0.00707269 0.00388252 0.0051985 -0.00509983 0.0133061 0.0030817 -0.00194537
internal_weight=3726.94 2725.4 1001.53 2287.99 1101.09 1186.9 1080.84 899.167 437.412 156.884 742.283 282.818 830.601 270.49 145.102 815.577 195.904 412.29 185.622 839.626 168.293 136.49 226.668 773.945 594.434 316.444 179.511 277.99 257.512 156.216 50.084 37.3036 106.132 31.0179 23.2951 15.7553 58.9325 241.209 37.0897 204.12 193.514 155.487 459.465 46.7732 38.5884 33.1234 77.786 67.3094 18.8569 619.673 77.701 47.4443 127.359 159.358 18.4148 382.481 526.439 461.005 65.4345 11.7732 176.927 266.75
internal_count=59966 32113 27853 28413 14524 13889 13223 23238 3700 2891 20347 6206 9714 4810 2131 9589 2701 3486 1367 11035 1183 2675 2119 9861 6842 3673 3019 3169 2969 2630 884 543 1746 439 389 306 704 2188 363 1825 1708 1077 14141 532 472 395 469 722 315 6888 608 409 2540 1397 259 11100 5661 4899 762 128 1614 3092
is_linear=0
shrinkage=0.03


Tree=68
num_leaves=63
num_cat=0
split_feature=3 6 32 6 5 11 8 25 21 11 5 32 7 8 17 25 8 22 10 26 25 20 11 23 17 20 3 7 23 6 2 25 20 20 13 6 25 1 12 16 10 10 3 12 20 26 11 28 16 21 32 22 7 12 7 16 12 8 22 12 16 23
split_gain=60.8286 22.1722 18.4493 13.5216 13.2527 11.9343 11.0487 13.0408 10.8225 9.93898 14.0916 9.05422 10.4352 8.62896 8.13384 7.56215 12.1147 10.7043 9.45533 7.83524 9.36018 8.85786 9.88599 7.55975 7.50798 9.07997 7.5002 7.44741 8.26002 7.67965 7.34924 7.00362 10.2161 6.96612 6.84035 7.82579 6.65905 9.53255 7.76541 8.05922 7.41362 7.63827 6.656 8.79223 6.62105 6.58662 7.81269 7.63817 8.04114 6.57751 6.56572 6.65593 6.54994 6.44721 6.34597 6.57145 6.11199 6.04133 8.99039 5.95755 5.94442 5.88867
threshold=-0.045689577236771577 -0.41294224560260767 8.5000000000000018 1.5222473144531252 -0.17966429144144055 0.22568751126527789 -0.21593847870826718 0.7058299481868745 1.4086498618125918 0.79166421294212352 1.5400419831275942 11.500000000000002 -0.77594074606895436 0.061857214197516448 0.18573821336030963 -0.025170026347041127 1.4283491373062136 0.33393457531929022 -1.2851891517639158 -0.83952859044075001 -0.33364337682723993 1.0000000180025095e-35 -0.17728971689939496 0.35612271726131445 -0.72054409980773915 0.94490996003150951 -0.20680647343397138 0.21313384920358661 1.2894251942634585 0.88901883363723766 -0.40734593570232386 -0.4470228105783462 -1.5227289795875547 0.46022948622703558 -0.16117478162050244 -0.014521813020110129 -0.49997358024120325 -0.08347968757152556 0.64890921115875255 1.2391447424888613 0.35541640222072607 1.2681563496589663 0.39892175793647772 -0.2092473357915878 1.0082484483718874 0.45667062699794775 0.6794613003730775 0.78571429848670971 0.47150073945522314 0.41548287868499761 9.5000000000000018 0.79031693935394298 0.76338607072830211 1.1342283487319949 1.012822210788727 0.14513854682445529 -0.42628189921379084 -0.27428470551967615 -0.24333950132131574 0.88203129172325145 -0.91033002734184254 0.37889650464057928
decision_type=2 2 2 2 2 2 2 2 2 2 2 2 2 2 2 2 2 2 2 2 2 2 2 2 2 2 2 2 2 2 2 2 2 2 2 2 2 2 2 2 2 2 2 2 2 2 2 2 2 2 2 2 2 2 2 2 2 2 2 2 2 2
left_child=1 5 56 8 50 14 -6 11 9 10 15 12 -8 -7 49 19 18 -18 -17 20 61 -22 -23 -20 26 34 -13 28 -25 54 -14 -15 -33 -30 60 -36 -10 -38 -39 40 -40 -42 -12 -44 53 -9 -47 48 -48 -1 -3 -52 -37 -5 55 -29 -2 59 -59 -58 -26 -4
right_child=2 4 3 44 6 13 7 45 36 -11 42 24 30 31 -16 16 17 -19 23 -21 21 22 -24 27 25 -27 -28 29 33 -31 -32 32 -34 -35 35 52 37 38 39 -41 41 -43 43 -45 -46 46 47 -49 -50 -51 51 -53 -54 -55 -56 -57 57 58 -60 -61 -62 -63
leaf_value=-0.019160621340117333 0.00066674397086931465 0.010584181240506077 0.0085612439393603704 0.007075233099116467 -0.0054956130343171861 -0.012790775653321042 -0.0096249170620445659 -0.013658335033925143 0.021472011047561988 0.0033525407289097505 -0.0048208735855982668 -0.012203802494745928 -0.007636608314549701 0.016687090289258733 0.00081855564796388892 0.0083914134387082975 0.0228754416174691 -0.0075687115295829102 -0.012106484641682498 -0.00081282337672966402 -0.0029452965155478124 0.042567476196385068 0.0058289227378864154 -0.010635734814441151 0.020317066229980769 -0.010230690192039515 0.017244050619142744 0.020542120205098428 0.022736365884517429 -0.0045939604571208796 0.028428736715004111 0.018672436499547924 -0.0082425192402368792 -0.008642563822303953 -0.00066574571155635803 0.011439736924177447 -0.01581338076554107 0.0022695305420187594 0.020666893715781901 -0.0096238786624941869 -0.0083708960192799726 0.018953981389629813 -0.0054801533343525879 0.024724793282239556 0.014836013787710935 -0.0094048827379965821 -0.0072144050206570812 -0.0079667939787714283 0.034699158701103433 -0.0064578828176553374 -0.016623565012051224 0.0026728878290732745 0.032758602291885687 -0.0087360190775846933 0.017173218137571691 -0.0031677771165239312 0.013787121252038684 -0.003508690616724092 0.027931837295850439 -0.010068768488077813 -0.0035922481655274795 -0.010091367052950056
leaf_weight=181.73546885512769 23.538380933925509 7.686804335564374 29.678345181047916 174.15232648514211 226.62462631985545 49.153778363019228 7.3957217037677756 49.06360156275332 21.660448251292109 804.11507341638207 12.271478297188876 37.299879901111126 3.7613692339509717 18.162744810804725 26.851934142410755 40.280752900987864 22.624693304300308 13.506119437515734 132.50148972868919 352.9203216265887 10.529453095048664 12.662580667063594 13.45930153131485 160.2700116019696 6.1535853892564765 22.503380523994565 4.9590556547045699 7.5983135513961306 9.0122824124991912 152.40925488620996 32.036778204143047 11.362212313339112 52.354256110265851 7.9605653882026663 28.248738965019584 63.168349169194698 13.199405387043951 148.50790486484766 66.896583585068583 9.6141941249370557 19.309592377394441 9.9007985312491638 9.1521882079541665 33.386381657794118 94.610272854566574 22.510720593854785 3.66329522058368 7.2138362601399413 9.6612479053437692 54.100683338940144 87.498927073553205 17.943063378334045 16.143341165035963 22.338591314852238 26.597714498639107 58.984002726152539 23.399585515260696 8.4103633146733028 49.493485312908888 9.8106773737817985 53.181205773726106 22.172256052494049
leaf_count=8360 220 133 566 1244 5249 1522 129 700 216 8377 167 1002 50 459 753 551 284 156 2853 5510 176 205 164 2104 171 402 106 115 98 1411 448 358 1455 67 714 1228 148 1310 548 51 168 78 101 292 536 278 50 79 105 2172 2282 460 261 163 340 756 212 72 338 91 1109 272
internal_value=0.000513561 -0.00539277 0.0029933 0.0024398 -0.00218408 -0.0110527 -0.000354817 0.00285116 0.00163291 0.000814584 -0.00100149 0.00610594 0.0179835 -0.00347983 -0.0146946 -0.00178353 -0.00387661 0.0119584 -0.00492874 0.00122187 0.00894522 0.0195362 0.0276156 -0.00596116 0.00355815 0.00610368 -0.00728931 -0.00391644 -0.00851168 -0.000496384 0.0241678 0.00252417 -0.0024335 0.00940142 0.00853966 0.0128848 0.00699523 0.00545012 0.00683782 0.0128627 0.0154768 0.00230738 0.0131797 0.0183333 0.00846512 -0.00667499 0.00187708 0.0136629 0.0243516 -0.0164412 -0.011361 -0.0133675 0.0174644 0.00510551 0.00609842 0.000783839 0.0145129 0.0178691 0.0234493 0.00634445 0.000273675 0.000399021
internal_weight=3727.37 1100.44 2626.94 2512.28 706.718 393.721 593.589 366.964 2221.18 1932.09 1127.98 274.851 43.1939 131.033 262.688 1073.17 631.745 36.1308 595.614 441.422 88.5019 36.6513 26.1219 555.334 231.658 189.399 42.2589 422.832 177.243 245.589 35.7981 81.8792 63.7165 16.9728 166.895 107.56 289.089 267.428 254.229 105.721 96.107 29.2104 54.81 42.5386 291.101 92.1127 43.0491 20.5384 13.3245 235.836 113.129 105.442 79.3117 196.491 93.18 66.5823 114.652 91.1141 57.9038 33.2103 59.3348 51.8506
internal_count=59995 30035 29960 29027 14956 15079 12081 6832 27084 24565 16188 5620 627 3794 11285 15628 8735 440 8295 6893 1383 545 369 7744 4993 3885 1108 4891 2269 2622 498 2272 1813 165 3483 2203 2519 2303 2155 845 794 246 560 393 1943 1212 512 234 155 10532 2875 2742 1489 1407 1211 871 933 713 410 303 1280 838
is_linear=0
shrinkage=0.03


Tree=69
num_leaves=63
num_cat=0
split_feature=15 32 24 21 25 9 8 14 8 5 7 9 7 22 7 14 4 25 15 20 22 5 0 26 0 7 14 20 6 15 25 23 25 15 26 9 6 20 8 4 23 14 9 7 23 31 21 26 30 13 5 8 23 16 16 8 14 16 12 29 8 2
split_gain=66.1935 25.8707 22.8477 13.628 13.3144 13.1619 11.9638 15.8501 11.8916 11.031 10.8269 10.4132 10.3488 11.0614 9.55549 9.30352 9.03928 9.01718 8.90246 10.1278 9.98782 8.6974 8.66932 8.47923 9.67518 8.15683 8.17707 9.36077 7.86482 7.9069 7.71194 7.51489 7.4259 9.55758 7.40355 7.29135 7.22162 9.52495 14.4108 9.95598 7.52107 7.00349 8.95985 8.86108 7.44404 8.73727 8.49547 8.23231 7.06669 6.95423 6.91145 6.80243 6.73159 6.60916 9.63723 8.16401 11.7736 6.51382 8.03632 6.4221 6.41158 6.43861
threshold=-0.35810057818889612 12.500000000000002 0.58023867011070263 0.90575578808784496 -0.25776226818561548 -1.6834553480148313 0.1502688676118851 -0.27713291347026819 1.1545597314834597 0.8910522758960725 0.99609312415122997 -0.57655829191207875 0.19387686252593997 -0.75051265954971302 -1.2267602682113645 -2.0186604261398311 1.3776036500930788 0.30209359526634222 0.86289587616920482 1.181358337402344 0.80084964632987987 2.0299458503723149 0.93846508860588085 -1.260078430175781 -0.0096082100644707662 0.5417534112930299 -1.0000000180025095e-35 0.81382939219474804 -0.94201943278312672 0.53742599487304699 0.14320220798254016 -1.236350893974304 -0.59580814838409413 -1.0435088872909544 1.3097661733627322 1.2254548668861391 -0.94201943278312672 -0.35423733294010157 1.4548937678337099 -0.013657241128385065 1.1176006793975832 -0.78310251235961903 0.82537573575973522 0.15473265200853351 1.0069981813430788 -0.21428572386503217 0.020264307036995891 -1.3665250539779661 -3.5499999523162837 -2.0591615438461299 -0.14900672435760495 -0.73275136947631825 -0.15345083177089688 0.28697177767753607 0.36485773324966436 0.21007464081048968 0.30128532648086553 0.6605244278907777 -0.11907110363245009 0.5313725769519807 -1.652491509914398 -0.041689943522214883
decision_type=2 2 2 2 2 2 2 2 2 2 2 2 2 2 2 2 2 2 2 2 2 2 2 2 2 2 2 2 2 2 2 2 2 2 2 2 2 2 2 2 2 2 2 2 2 2 2 2 2 2 2 2 2 2 2 2 2 2 2 2 2 2
left_child=3 6 5 15 25 -3 16 17 10 14 31 21 -9 -14 -6 -1 18 -8 19 -2 34 -11 32 24 -12 -4 27 -27 -15 35 60 -7 33 -17 -20 -30 -10 40 39 -39 -38 42 -16 -44 47 -46 -47 -43 -49 -33 -18 -35 -26 -34 -55 56 -56 -25 -59 -40 -13 -62
right_child=1 2 4 -5 9 8 7 12 36 11 23 30 13 28 41 22 50 -19 20 -21 -22 -23 -24 57 52 26 -28 -29 29 -31 -32 49 53 51 -36 -37 37 38 59 -41 -42 44 43 -45 45 46 -48 48 -50 -51 -52 -53 -54 54 55 -57 -58 58 -60 -61 61 -63
leaf_value=0.015480136910995427 -0.0044883270930220175 -0.015957629839940063 0.012420982746994592 0.00317330187761093 -0.013199281318817306 -0.016572902305393964 0.021765413446939361 -0.0033932870058384374 -0.0050593892420378334 -0.013823440424987534 -0.012618233741517396 -0.010222331291962638 -0.015425589857638599 -0.013285133423302902 0.0030119242868763174 -0.013477189857114425 -0.0050668867569973507 0.0076642783981870017 0.013072799847014406 0.012504669770603626 -0.0075382696623598139 0.018125901017916803 0.011125003416063997 -0.0033432950122490725 0.048143175306252887 0.025031217345321911 -0.0047225692663475129 -0.0058641935993314692 0.030752875567857399 0.0071814851942461084 -0.00080299785801968336 0.017333086032058669 -0.016586712439666747 -0.010073067529021954 -0.013913033796114834 -0.0082418127497175513 0.030521560234813894 -0.011950980682798014 -0.018145719534541062 0.02671203620382771 -0.0072445780389295642 -0.016067002321820539 -0.0015094024693339634 0.031168673498358827 -0.0037391807554060194 -0.0063287031300823847 0.0079065362418095225 -0.012139059919164362 -4.391372793198983e-05 -0.0045451575347928075 0.022869124799564194 0.021953735380681603 0.0074225612661504509 0.01204030245113437 0.010611691955751387 -0.020284428018077824 -0.014143339649066779 -0.0072126793817701255 0.023082680300028934 0.0045476117540041846 -0.0016714542772511712 0.019799811298359032
leaf_weight=7.2484776992350808 199.26130395010114 61.543228043243289 180.56204379722476 64.041751358658075 40.175859896466136 42.722373208031058 116.20847677439451 84.857688071206212 32.5685721822083 25.949055626988415 3.2122764103114632 5.131304830312728 8.7878237739205343 5.0155014656484118 200.97856358997524 19.300724655389786 8.4257439374923688 73.395004019141197 111.96005926653743 32.420990208163857 28.522212453186512 5.518901001662015 10.517094684764741 81.370088700205088 4.8388409372419146 17.15506482869387 62.54691095277667 12.04521821439266 30.828955287113786 45.013744410127401 33.681886401027441 8.5491107497364265 268.28610758669674 5.1888009198009994 5.909415826201438 2.812887303531169 21.522495292127136 4.5940173715353039 19.154724519699812 21.47868438065052 3.7417867593467227 37.027082419022918 10.71211275085807 16.695517517626286 135.01856840401888 41.522214900702238 217.47851339168847 46.439902914687991 281.00034760124981 594.12448561191559 27.959574803709984 14.249546783044932 9.3615736495703405 15.225529873743652 26.502623414620757 42.084461426362395 33.730586487799883 9.4184437207877654 16.540024360641837 17.95257312245667 13.602958060801027 91.288719138130546
leaf_count=190 3107 1483 1795 1795 643 1472 1155 1122 915 237 69 40 108 108 1739 736 69 539 791 376 191 46 234 1709 108 128 601 81 379 315 313 169 10228 157 51 36 444 119 376 366 52 466 95 115 1121 429 1587 607 3493 11672 189 412 126 465 728 1318 1004 135 222 322 129 643
internal_value=0.000474888 0.00206956 0.000536298 -0.00955105 0.00287221 -0.00307523 0.00679869 0.0107146 -0.00210149 0.00149852 -0.00348077 0.00834543 0.00409161 0.0107828 0.000295937 -0.0114082 0.00324558 0.0166441 0.00176378 -0.00189644 0.00742784 -0.00650318 -0.0120269 0.00447886 0.0212669 0.00880057 0.00140176 0.0132926 0.01425 0.0166949 0.0117063 -0.0050418 -0.0127232 -0.000172352 0.0112087 0.0268479 0.00646616 0.0107539 0.00379461 0.0190727 0.0246554 0.000909099 0.00545403 0.0201343 -0.000486173 0.00235842 0.00554775 -0.00355171 -0.00191611 -0.00409474 0.0165694 0.0130928 0.0302219 -0.0139651 -0.00754871 -0.0108888 -0.00327262 0.000929819 0.0127011 -0.00793035 0.0154042 0.0170659
internal_weight=3714.98 3208.6 2427.22 506.376 1474.53 952.693 781.379 366.92 891.15 1202.22 770.137 175.173 177.317 92.4589 1027.05 442.334 414.459 189.603 378.074 231.682 146.392 31.468 435.085 124.741 17.4127 272.309 91.7472 29.2003 83.6711 78.6556 143.705 645.396 424.568 38.7391 117.869 33.6418 121.013 88.4443 63.18 26.0727 25.2643 986.873 228.386 27.4076 758.487 394.019 259.001 364.467 327.44 602.674 36.3853 19.4383 14.2004 385.829 117.543 102.318 60.2332 107.329 25.9585 37.1073 110.023 104.892
internal_count=59870 42603 34067 17267 14308 19759 8536 3762 18276 11703 15682 1408 2068 946 10295 15472 4774 1694 4516 3483 1033 283 15282 2369 303 2605 810 209 838 730 1125 13313 15048 1305 842 415 2594 1679 1183 485 496 9652 1949 210 7703 3137 2016 4566 4100 11841 258 569 234 13743 3515 3050 1732 2066 357 698 812 772
is_linear=0
shrinkage=0.03


Tree=70
num_leaves=63
num_cat=0
split_feature=15 32 17 11 14 21 6 0 32 26 5 12 1 13 25 31 7 22 22 0 0 15 11 18 8 11 22 8 7 20 14 25 7 21 22 11 26 8 17 8 15 14 27 10 13 7 19 12 15 8 10 5 5 7 26 6 20 10 14 8 32 7
split_gain=48.0723 27.4385 17.314 16.0337 16.0297 13.1795 11.4568 11.0355 10.8123 10.6481 10.0834 11.4803 10.0225 10.3109 9.78553 9.73973 9.43901 9.39701 11.7082 9.06181 9.3313 8.95939 9.66471 8.8635 10.0525 8.42439 8.19516 7.95977 7.43804 7.41942 13.0177 12.4904 8.38133 10.6536 7.88637 7.41845 7.40928 13.8111 9.17902 9.96503 8.71554 7.30545 8.60944 9.83984 7.6202 7.27211 7.2536 7.22424 7.01966 8.26896 7.67828 11.3572 7.49574 7.2747 8.3556 6.97936 9.16377 6.9046 6.86895 6.86845 8.54055 8.43276
threshold=-0.33441953361034388 13.500000000000002 0.40815417468547827 -0.72160318493843068 -2.6278655529022212 -0.51700475811958302 -0.85970526933670033 0.88914778828620922 15.500000000000002 1.1848073005676272 1.0210197567939761 0.96430805325508129 0.032166663557291038 0.11831674724817277 2.4501293897628789 0.5000000149011613 -0.58111324906349171 0.57499739527702343 -0.36092087626457209 1.075342118740082 0.21191209554672244 -1.0622653365135191 0.25935269892215734 -1.0000000180025095e-35 0.4097068458795548 1.103959918022156 0.73010960221290599 0.1623354181647301 0.64591196179389965 0.80165413022041332 -1.9338154196739195 -0.5473370850086211 0.77462247014045726 0.042540105059742934 0.79031693935394298 0.51335445046424877 1.1085847616195681 -0.28594145178794855 1.2744898796081545 0.83901879191398632 0.056159144267439849 0.50077518820762645 4.5000000000000009 0.58776122331619274 0.33872847259044653 0.81077107787132274 0.9882856309413911 0.70716434717178356 -0.57781341671943653 0.36044721305370336 0.90456408262252819 0.092244256287813201 0.058730471879243858 1.0624173879623415 -0.91741299629211415 0.94186362624168407 -1.0027409195899961 -0.31680281460285181 0.38430771231651312 -0.96630293130874623 14.500000000000002 0.58334979414939891
decision_type=2 2 2 2 2 2 2 2 2 2 2 2 2 2 2 2 2 2 2 2 2 2 2 2 2 2 2 2 2 2 2 2 2 2 2 2 2 2 2 2 2 2 2 2 2 2 2 2 2 2 2 2 2 2 2 2 2 2 2 2 2 2
left_child=2 6 7 12 46 -6 -2 8 21 29 14 16 13 -3 15 19 -12 18 -18 20 36 22 -1 25 -25 59 -21 -24 -4 41 -31 -32 33 34 -33 -20 -7 -38 39 40 -39 42 43 44 -8 -11 -5 55 49 -23 51 53 -50 54 -51 56 -44 -14 -29 60 -17 -62
right_child=1 3 28 4 5 10 9 -9 -10 45 11 -13 57 -15 -16 23 17 -19 35 26 -22 48 27 24 -26 -27 -28 58 -30 30 31 32 -34 -35 -36 -37 37 38 -40 -41 -42 -43 47 -45 -46 -47 -48 -49 52 50 -52 -53 -54 -55 -56 -57 -58 -59 -60 -61 61 -63
leaf_value=-0.018462737229741608 -0.0053482866082845476 -0.015294928765060287 0.0011981615295062081 0.016398559605753104 -0.0055289250411668135 -0.0013209233530633298 -0.0081978488879629347 0.013382475560934028 -0.015411018706413343 -0.0081803947585771496 -0.009052048242194053 -0.0095092720861804803 0.014445388277464104 -0.0015265082469314375 -0.013889284305862316 -0.012308548670131854 -0.0023173459476635342 -0.00051720453039604019 0.033794591741427585 0.0025112928214165472 -0.0088441412410927879 -0.0024380669023878615 -0.01043750507595201 -0.0080979923013710688 0.0098818926530697283 0.015806287000670938 0.023512469423489026 0.029021727596053624 0.026318464927064068 0.038282009919665613 0.034153085189938086 0.031485250406064674 0.014036378399910267 -0.00091232976991116274 -0.0056781401779925191 0.013808790743146402 -0.0069110940614497867 -0.00031210353924617304 -0.0058116051587851431 0.0016552899890351755 0.044350079212437443 -0.00077183292958625679 -0.0027274197048029079 0.012563262994075142 0.006196886749099322 0.0096678434180195883 -0.01079140819631475 0.0031864784844395627 -0.014105593066624563 -0.0016641961903764053 -0.0066427690348603201 -0.010837147198209251 0.010768159441227231 -0.0079117580763700714 0.048240394413440774 0.0061377032186458388 0.021312643088445476 -0.0047031105740707128 -0.0092068948414787497 0.00092048345492441676 0.02429692341210947 -0.003528512776007697
leaf_weight=68.065570831298828 72.455070182681084 124.68801062367857 37.847911676391959 72.61184423789382 292.20051515102386 657.65094998851418 75.001262919977307 13.711145849898456 220.14432977512479 64.144880888983607 15.81328012794256 25.514770727604628 24.456826796755195 80.57756569236517 36.478467460721731 6.6139543130993834 21.132316952571273 34.143787458539009 29.43098659068346 60.25557648204267 132.50705811195076 55.635022081434727 15.466814361512663 78.329780638217926 37.291310295462608 77.026671379804611 18.951423978433013 7.5410652942955476 10.027202565222977 11.551871009171007 13.462979437783359 12.462817285209896 107.81017422117293 114.66212079674006 5.3808804731816045 59.204391142353415 27.853338323533535 4.7607848402112749 8.7658737748861295 11.538678303360937 15.849674412980674 119.85260977596045 15.184966534376143 52.793640937656164 51.814142338931561 24.501897267997265 6.506071723997592 84.689637217670679 43.923252940177917 3.3069681692868533 7.466746622696518 4.1190284006297579 10.036536114290355 1.6927362326532591 11.302286906167867 75.399778876453638 104.85469883307815 35.819833379238844 3.4826637431979179 153.4456469155848 34.285257896408439 11.523820234462617
leaf_count=2973 1729 3217 847 639 5810 8692 901 304 8188 708 189 222 412 1496 425 71 208 294 372 525 1624 1800 480 1184 542 632 164 219 196 62 132 131 798 980 76 454 329 100 76 162 180 1538 223 533 464 231 50 791 1250 101 246 126 252 52 364 603 1313 589 117 1869 377 110
internal_value=0.000401773 0.00177211 -0.00807143 -0.000111046 0.000845791 0.000262876 0.00586153 -0.00984094 -0.0106838 0.00675539 0.00136307 0.00783637 -0.00695148 -0.0100549 0.000464541 0.000906573 0.0108117 0.0132251 0.017336 -0.00076601 -0.00167778 -0.0059684 -0.0128244 0.00480465 -0.00212969 0.00762652 0.00863388 0.00229408 0.0084507 0.0077899 0.0119459 0.0100306 0.0080107 0.00277592 0.0214885 0.0218952 -0.000319038 0.00870238 0.0189266 0.0255461 0.0359868 0.00580141 0.0075049 0.00228759 -0.00230449 -0.00299437 0.0136541 0.0107513 -0.000968489 0.00440771 0.0163591 0.0244219 -0.00895824 0.0337834 0.0394 0.0138681 0.0182841 0.00357762 0.0178401 0.0042638 0.0131177 0.0176387
internal_weight=3715.02 3201.25 513.769 2195.23 1929.69 1850.57 1006.02 465.894 452.183 933.568 1558.37 185.24 265.542 205.266 1373.13 1336.65 159.725 143.911 109.768 938.133 858.926 232.039 94.5561 398.516 115.621 282.895 79.207 26.4905 47.8751 844.922 265.331 253.779 240.316 132.506 17.8437 88.6354 726.419 68.7683 40.915 32.1491 20.6105 579.591 459.738 179.609 126.815 88.6468 79.1179 280.129 137.483 83.5228 27.8878 20.421 53.9598 16.302 14.6093 195.439 120.04 60.2767 11.0237 205.869 52.423 45.8091
internal_count=59742 42227 17515 31014 25300 24611 11213 16472 16168 9484 18801 1739 5714 4713 17062 16637 1517 1328 1034 11852 11163 7980 3789 4785 1726 3059 689 816 1043 8545 2179 2117 1985 1187 207 826 9539 847 518 442 280 6366 4828 1898 1365 939 689 2930 4191 2689 889 643 1502 517 465 2139 1536 1001 336 2427 558 487
is_linear=0
shrinkage=0.03


Tree=71
num_leaves=63
num_cat=0
split_feature=4 21 11 20 11 21 7 2 23 13 8 17 11 11 9 14 18 24 17 8 2 24 34 13 26 22 22 22 21 14 21 29 25 2 18 16 20 7 29 4 4 30 24 8 13 23 24 14 11 18 31 8 17 9 9 7 9 19 25 21 5 13
split_gain=44.3227 27.0347 19.6519 16.7969 14.932 12.5101 12.0695 15.5267 11.8391 11.5928 10.5939 11.5554 10.0008 9.99424 10.2325 9.47116 9.40161 10.7059 8.23704 8.10108 8.33781 8.03936 7.97659 10.3089 8.95427 8.8973 7.95767 7.91376 15.2602 8.45267 8.04796 7.50954 7.42144 7.42096 7.40065 6.99392 8.57509 8.52216 7.43155 6.98111 6.93847 6.77162 6.74177 10.3627 8.1555 7.01314 7.6316 6.66257 6.59068 8.20164 6.54876 13.0033 12.3405 8.4218 7.63158 7.33242 8.19646 7.23466 6.7222 12.6568 6.68265 6.61108
threshold=-0.037920959293842309 -0.84830385446548451 -1.3079199790954588 0.0096291690133512037 -0.61370083689689625 1.1108442544937136 0.99609312415122997 0.6982811987400056 0.81915113329887401 0.30384878814220434 0.92694547772407543 1.0000000180025095e-35 0.81423151493072521 1.0244308710098269 1.5080313682556155 0.57751688361167919 -0.24626781046390531 -0.41886998713016504 -0.75104182958602894 1.7417139410972597 0.41467522084712988 1.2883771657943728 3.5000000000000004 0.093881733715534224 -0.89787879586219776 0.72050413489341747 1.3275449275970461 -0.99464249610900868 0.39408384263515478 -0.72725367546081532 2.1238493919372563 0.81534090638160717 -0.37860259413719172 1.0000639557838442 -0.35935087502002711 -1.1695284843444822 -1.4913994669914243 -2.1027426719665523 0.13809524476528171 1.0255577564239504 -0.15453774482011792 -1.0000000180025095e-35 0.47050340473651892 -0.24980201572179792 0.75537917017936718 -0.27390830218791956 -1.2803805470466612 0.97745609283447277 1.6922051906585696 -0.24626781046390531 0.5000000149011613 0.43511506915092474 1.1437456011772158 0.44800487160682684 1.0402650833129885 0.42972676455974584 -0.097861256450414644 0.39127214252948767 -0.41962152719497675 -0.020768465474247929 -0.19092956930398938 0.77618724107742321
decision_type=2 2 2 2 2 2 2 2 2 2 2 2 2 2 2 2 2 2 2 2 2 2 2 2 2 2 2 2 2 2 2 2 2 2 2 2 2 2 2 2 2 2 2 2 2 2 2 2 2 2 2 2 2 2 2 2 2 2 2 2 2 2
left_child=3 4 5 19 -2 -3 13 8 16 -7 11 -5 -9 14 27 32 17 -8 -6 20 -1 -12 23 24 -15 -26 -18 28 -4 -30 50 -21 -16 34 -13 36 37 -20 -39 -14 47 -40 43 -37 -44 46 -45 -36 49 -24 54 52 55 -54 58 -52 -57 -56 59 -29 -61 -62
right_child=1 2 6 10 18 9 7 12 -10 -11 21 33 39 22 15 -17 26 -19 35 31 -22 -23 48 -25 25 -27 -28 30 29 -31 -32 -33 -34 -35 40 42 -38 38 41 -41 -42 -43 44 45 -46 -47 -48 -49 -50 -51 51 -53 53 -55 57 56 -58 -59 -60 60 61 -63
leaf_value=-0.016526656250115283 -0.021039481936791418 -0.015177037553994235 0.014561174207040712 -0.0052554475140066618 -0.014981410657577873 -0.0084651633852968981 0.014826012885074112 0.028683986991302556 0.010703132733408094 0.015356909230739509 -0.021061570304042477 7.8313468678845076e-05 -0.015302473005046493 0.011176060034787019 -0.0028756787154635491 -0.0069533120837043504 0.0025839917644802333 -0.010882244548235352 -0.010229168966982302 -0.0060341737746404354 -0.0045495357795439176 0.005610192160944192 0.015208934575804255 0.0082456016349535914 -0.0068160252848378624 0.017594664839104959 0.024197657308915165 -0.0098814559938090758 0.011680326791357665 -0.017519099777188567 0.017879159894001961 0.029178791460986592 0.03459869994311026 -0.0054006161146170142 0.023369373869070086 -0.017961476868795644 -0.0078811903874530711 -0.0075515505095014035 -0.0058815149182848657 0.013527840322242315 -0.010395802463283324 0.05012095127733511 -0.0011570300525419227 -0.0077753550491927023 0.01982746256602232 -0.0090043579884629306 0.015227052976145282 -0.0073657263318918659 -0.0017236618899923268 0.0016737982076989607 -0.0067893646512562416 0.011310725744192167 -0.00069657223702029359 0.021319059752056176 -0.012745051786440427 -0.010886591888340289 0.013361922029617026 0.013398234437925352 -0.0017506201295237923 -0.010897281377092165 0.018958184512404185 -0.004645572671940823
leaf_weight=202.26382279396057 47.043055729940534 83.044284040108323 82.8939712587744 171.43697557598352 42.786416828632355 37.315943524241447 13.118132680654524 42.047421419993043 185.88410697877407 27.61746128462255 36.343493798747659 37.399804251268506 6.9461333639919784 33.546925915405154 5.2464291062206057 8.3826977200806123 109.39446437358856 78.743891352787614 2.4635599367320529 11.699874484911559 76.394892141222954 11.107471637427805 152.5984659511596 156.53446666896343 154.1492232400924 9.9079364929348213 13.161314742639659 27.765157395973802 9.0486532635986823 22.651893954724073 17.235803885385394 3.4729155637323847 15.563510948792102 31.820285145193338 47.161023637279868 46.132356014102697 8.09563668258488 1.596060093492272 1.1604658253490896 16.098405465483665 4.5195348300039759 7.2206130754202613 84.606903174892068 16.992137864232063 15.615398753434418 44.621522570028901 29.184974730014801 4.8875430580228558 37.498512431979179 55.935071839019656 169.80233171768486 112.47366871498525 28.471288751810789 28.885189931839705 77.086392637342215 14.011689145117996 34.402106346562505 6.6766381785273543 779.87399779260159 6.4341247864067546 58.03442244976759 10.77994394302368
leaf_count=6436 2035 2600 1426 4032 1255 736 321 325 1390 413 858 451 48 328 68 153 1782 1032 88 336 1420 121 1337 1386 1421 82 174 596 71 256 132 96 185 306 673 1188 267 54 39 93 57 225 1116 523 205 871 787 71 310 577 2765 1612 224 216 1185 204 490 75 11283 94 874 138
internal_value=0.000160258 0.00165535 0.00266105 -0.00700105 -0.00616865 -0.00780218 0.0032748 0.00762665 0.00526869 0.0020404 -0.00244798 -0.000250173 0.0207173 0.00230188 0.000996961 0.0172245 0.000420904 -0.00663523 -0.00353418 -0.0122117 -0.0133812 -0.0148785 0.00556195 0.00261817 -0.00193314 -0.00486501 0.00576262 0.00062161 0.00802291 -0.00872857 -2.34931e-05 0.00726025 0.0264241 0.00651165 0.0106145 -0.00138452 0.013585 0.0258086 0.0351513 0.00365884 0.0170085 0.0430665 -0.00293454 -0.00715617 0.00289932 -0.00101536 0.00683 0.0200906 0.00966269 0.0117026 -0.000316178 0.00295262 -0.000599475 0.0112111 -0.00163683 -0.00388539 0.00598189 -0.0100239 -0.000789146 0.00623387 0.0124253 0.0151964
internal_weight=3715.29 3076.78 2729.26 638.508 347.519 147.978 2581.28 465.394 400.302 64.9334 344.676 297.225 65.092 2115.89 1515.72 29.1926 214.418 91.862 300.476 293.832 278.659 47.451 600.171 354.139 197.604 164.057 122.556 1486.53 114.595 31.7005 1371.93 15.1728 20.8099 125.788 93.9679 257.69 20.5363 12.4407 9.97714 23.0445 56.5681 8.38108 237.153 136.931 100.222 90.7986 46.1771 52.0486 246.032 208.534 1354.7 388.046 275.573 57.3565 966.651 218.216 48.4138 83.763 882.888 103.014 75.2485 68.8144
internal_count=59912 45055 36402 14857 8653 3749 32653 5165 4699 1149 6569 5590 466 27488 22047 406 3309 1353 6618 8288 7856 979 5441 3217 1831 1503 1956 21641 1753 327 19888 432 253 1558 1252 5363 673 406 318 141 801 264 4690 3369 1321 2181 1310 744 2224 1914 19756 5511 3899 440 14245 3459 694 1260 12985 1702 1106 1012
is_linear=0
shrinkage=0.03


Tree=72
num_leaves=63
num_cat=0
split_feature=15 6 5 7 11 11 25 25 22 14 11 14 11 5 6 14 10 17 13 32 20 26 7 15 14 31 16 13 20 20 10 17 26 5 9 20 26 8 31 11 10 7 6 25 15 26 20 9 16 32 9 22 6 6 6 8 15 14 29 16 4 29
split_gain=48.3589 23.0171 19.8753 13.621 13.2781 13.0647 13.4006 12.7808 12.4455 12.274 10.4005 10.6654 9.9603 9.74165 13.9107 9.83869 9.59652 10.0027 9.52989 8.71349 8.5834 8.39318 10.4615 9.56369 8.23303 8.16934 8.02617 11.6278 7.98323 7.76266 7.69045 9.36099 7.67767 7.66888 8.29893 8.52844 7.4127 7.37124 7.31693 7.3054 7.09061 7.03259 6.96451 7.57715 6.85289 7.18519 6.64406 6.98959 6.54767 8.60078 6.54027 6.53511 9.10471 7.96092 7.57752 9.02563 6.52632 8.10242 6.42183 6.42108 6.37885 7.10172
threshold=-0.35810057818889612 -1.0034729242324827 -0.1692342013120651 0.53186443448066723 1.3891112804412844 0.87587794661521923 -0.28460356593132013 0.42606683075428015 1.7088286876678469 -0.74262171983718861 0.53677165508270275 0.35399699211120611 1.1448631882667544 1.2959195375442507 0.63741746544837963 -1.8591957092285154 1.219083368778229 0.40815417468547827 -1.1273952126502989 11.500000000000002 -0.41625730693340296 0.85491618514060985 1.654106140136719 0.54806479811668407 -2.1423717737197872 0.5000000149011613 -1.0000000180025095e-35 0.47406791150569921 0.041525570675730712 -0.71601784229278553 -0.45326262712478632 0.88825759291648876 0.46508356928825384 0.6969047784805299 0.68495076894760143 -0.85677713155746449 0.91295722126960765 1.2884494662284853 1.0000000180025095e-35 0.62087619304656994 0.40818640589714056 -0.85574060678482045 1.2137548923492434 -0.079883679747581468 0.93266960978508007 0.65856915712356578 1.1196861863136294 -1.6834553480148313 0.10826282203197481 15.500000000000002 0.86300799250602733 -0.68099862337112416 0.95199352502822887 0.54522067308425914 -0.026751670986413952 -0.83072337508201588 0.40288814902305609 0.61778017878532421 0.19375000149011615 1.2068328857421877 2.0992439985275273 0.97058823704719555
decision_type=2 2 2 2 2 2 2 2 2 2 2 2 2 2 2 2 2 2 2 2 2 2 2 2 2 2 2 2 2 2 2 2 2 2 2 2 2 2 2 2 2 2 2 2 2 2 2 2 2 2 2 2 2 2 2 2 2 2 2 2 2 2
left_child=8 4 12 5 -2 6 26 16 10 18 19 -12 60 15 -15 -8 17 33 -5 29 -16 22 48 -23 -21 42 27 -4 -26 -1 31 -9 39 34 35 58 -30 59 -31 46 -28 -14 -17 -44 50 -46 47 -27 49 -11 -43 52 -50 54 -53 -56 -55 -58 -7 -24 61 -3
right_child=1 2 3 9 -6 7 13 30 -10 21 11 -13 41 14 20 25 -18 -19 -20 24 -22 23 37 -25 28 32 40 -29 36 38 -32 -33 -34 -35 -36 -37 -38 -39 -40 -41 -42 44 43 -45 45 -47 -48 -49 51 -51 -52 53 -54 56 55 -57 57 -59 -60 -61 -62 -63
leaf_value=-0.016061396094594765 -0.010742516685350903 -0.0082112205376201567 0.027629600935768554 -0.0081259083152497424 0.013398309199451293 -0.010108997826266846 0.0091726593259013386 -0.0058048217682576736 0.02193441337426702 -0.010699155130134953 0.0063325819868099587 -0.010923912663069269 -0.011645349318029005 -0.0096435739231645924 -0.0088832194251870483 -0.0089009472495190211 0.017999910351680665 0.0096204497305561083 0.013666854375803101 0.017140556637517859 0.023364799957644563 0.0063938893408278632 0.023091869328500467 -0.0094547166196967854 -0.01872446380298862 -0.013698184806455811 -0.00086632575527823723 -0.007204607454341848 -0.011208063655558051 -0.0026506218002652956 -0.007725138919212996 0.020788498492019115 -0.0071766896993588018 -0.0098760366823455389 0.012926595867466119 -0.0043398854284977901 0.0069546009886042297 -0.0074233464064997002 0.021332470044441811 -0.0089539410204658599 0.011539810451219689 0.021947875182291084 0.020846333786971073 -0.0028798653378382497 0.0080219440168128615 -0.016254752937596938 -0.0056118283655730078 0.013872491311177088 -0.018713076896873779 0.0068870323002765714 -0.0091659359870810593 0.00353152454845465 0.0089220566215083962 -0.0054244302290013639 -0.0028461403119980555 0.025492029440083174 0.0024420828596849473 0.014133992276183796 0.020363978826477756 -0.0077913365283989655 0.0096260408310840737 0.00742561909100948
leaf_weight=15.441208794713019 176.25115210562944 297.05500245280564 24.955525249242783 16.3917899671942 18.828345669433475 4.8923423644155291 46.648632416501641 21.29432406462729 7.4005794264376155 51.021587792783976 68.837975278496742 52.288204833865166 14.076005984097717 21.582468837499619 6.3468642458319655 329.82675865106285 58.846024040132761 242.95317774266005 222.62315444089472 3.777117282152175 34.771249011158943 56.021987412124872 52.17152676358819 73.855973247438669 158.42987012863159 5.1808352116495362 125.55776167288423 9.6540858764201385 129.11081862822175 29.61335034109652 95.768230736255646 17.951005313545465 71.967321071773767 42.728656837716699 54.018183516338468 107.6046770401299 20.332235667854548 7.4516858663409939 12.760323841124771 24.464718217030168 56.450084198266268 31.321859590709209 8.786139175295828 94.883719485253096 27.84898779541254 11.475853465497492 22.673456657677889 81.708867294713855 17.931737616658211 40.678262678906322 4.4210280105471602 42.345768984407187 15.972271673381327 48.763851661235094 11.30790353938937 48.669277127832174 171.98592187464237 74.194094061851501 20.005103264003992 4.3697229772806159 18.148286022245884 24.774024041369557
leaf_count=608 5085 4952 423 154 350 81 480 269 180 763 1789 1443 231 364 66 5924 587 1886 1891 107 284 887 596 637 6691 99 1704 155 4520 894 948 158 1002 439 636 1268 699 92 385 274 792 403 81 924 207 98 221 1346 219 729 62 666 126 542 148 578 1299 521 310 23 166 403
internal_value=0.000372246 0.00172448 0.00237459 0.00336635 -0.00813594 0.00169143 -0.000540638 0.00490674 -0.00827858 0.00620184 -0.00895104 -0.00125451 -0.00357489 -0.0024445 0.00845045 -0.00349403 0.00698946 0.00544311 0.0120364 -0.0114238 0.0179637 0.00418626 0.00570535 -0.00263492 -0.0133796 -0.00448202 0.00594763 0.01823 -0.0140219 -0.000655731 -0.0032423 0.00733372 0.000435623 0.00090521 0.00356837 -0.000578098 -0.00859182 0.0167374 0.00606085 0.00463421 0.00318712 0.00514522 -0.00679717 -2.40364e-06 0.00882424 -9.69701e-05 0.00792672 0.0115727 0.00420942 -0.00294515 0.0174469 0.00574734 -0.00622063 0.00683335 0.0138733 0.0203414 0.00420047 0.00617702 0.0136868 0.020266 -0.00590277 -0.00691233
internal_weight=3709.47 3211.48 3016.4 2587.28 195.079 1631.52 965.458 666.062 497.992 955.757 490.591 121.126 429.121 748.841 62.7006 686.14 531.048 472.202 239.015 369.465 41.1181 716.742 586.864 129.878 311.65 639.492 216.617 34.6096 307.873 57.8149 135.014 39.2453 205.995 229.249 186.52 132.502 149.443 63.9929 42.3737 134.028 182.008 89.1437 433.497 103.67 75.0677 39.3248 109.563 86.8897 522.871 91.6999 35.7429 431.171 33.904 397.267 102.323 59.9772 294.944 246.18 24.8974 56.5412 339.977 321.829
internal_count=59865 42549 37114 30592 5435 20721 14139 6582 17316 9871 17136 3232 6522 11065 714 10351 5207 4620 2045 13904 350 7826 6302 1524 12017 9871 3074 578 11910 1887 1375 427 2942 2734 2295 1659 5219 711 1279 1940 2496 1001 6929 1005 770 305 1666 1445 5591 1492 465 4099 345 3754 1392 726 2362 1820 391 619 5521 5355
is_linear=0
shrinkage=0.03


Tree=73
num_leaves=63
num_cat=0
split_feature=3 4 11 32 7 2 32 21 11 11 16 6 14 5 6 14 9 5 6 18 7 4 34 14 9 13 0 3 14 24 11 13 26 7 22 29 26 13 31 16 7 3 24 3 11 12 9 26 5 7 3 0 31 12 22 20 29 31 20 14 29 10
split_gain=45.8687 22.1763 18.4412 18.4023 17.4771 15.7518 14.6311 14.2292 13.6984 12.7035 9.84769 9.51315 9.12956 8.93677 8.791 8.30026 10.9185 8.0859 11.2767 6.89835 6.84816 10.7177 7.81142 6.97779 6.74753 12.1185 7.66223 6.78647 6.73766 6.68603 9.22509 7.02206 6.67316 6.64741 7.91198 13.5531 6.49354 8.2149 10.6 9.04721 6.43421 7.5553 6.41817 6.38316 6.29206 6.27656 6.18021 6.13236 6.76465 6.54608 5.84227 5.83097 5.69865 6.17552 5.67013 5.63362 5.59327 5.61096 5.55722 6.12556 7.54846 7.38457
threshold=-0.1959760785102844 -0.037920959293842309 -1.0813010931015012 9.5000000000000018 -0.3581834584474563 1.2661823034286501 10.500000000000002 1.265677869319916 1.117392957210541 1.4427454471588137 0.34108865261077886 -1.0870629549026487 -2.4485961198806758 1.3598398566246035 -0.38354104757308954 -1.7817230820655821 -1.9703051447868345 -0.4749594628810882 -0.73043251037597645 -0.32478055357933039 0.88840141892433178 1.0970341563224795 3.5000000000000004 -1.0000000180025095e-35 0.33295668661594396 -0.35479393601417536 -0.81253948807716359 -0.30270126461982721 -3.7366889715194698 0.13957007229328158 -0.90915584564208973 0.79148763418197643 -0.11993728950619696 -0.87310016155242909 0.010055993217974903 0.59411767125129711 0.068319011479616179 -0.81380185484886158 0.6428571641445161 0.22307621687650683 -0.89266744256019581 -0.081116169691085802 1.4937477707862856 2.2615014314651494 1.8242302536964419 0.89262923598289501 0.79091298580169689 -0.16008712351322171 -0.055152362212538712 0.07771120592951776 0.22567437589168551 0.62649786472320568 -0.78571429848670948 1.1941973567008974 0.69183698296546947 0.69372144341468822 0.14835165441036227 0.92857143282890331 1.5622845292091372 0.81482309103012096 1.0000000180025095e-35 0.45076435804367071
decision_type=2 2 2 2 2 2 2 2 2 2 2 2 2 2 2 2 2 2 2 2 2 2 2 2 2 2 2 2 2 2 2 2 2 2 2 2 2 2 2 2 2 2 2 2 2 2 2 2 2 2 2 2 2 2 2 2 2 2 2 2 2 2
left_child=2 10 13 45 8 7 24 15 12 11 -2 -8 -4 -1 -9 28 43 54 55 -10 21 -20 -23 -24 32 -26 -27 42 -5 31 -31 -16 -6 -30 35 -35 37 38 -18 50 41 -39 -28 -17 52 -3 -11 48 49 -42 -40 -38 -7 -54 -13 -19 -49 -58 59 60 -50 -61
right_child=1 3 4 5 6 44 9 14 19 46 -12 17 -14 -15 29 16 36 18 20 -21 -22 22 23 -25 25 26 27 -29 33 30 -32 -33 -34 34 -36 -37 51 40 39 -41 47 -43 -44 -45 -46 -47 -48 56 58 -51 -52 -53 53 -55 -56 -57 57 -59 -60 61 -62 -63
leaf_value=-0.016082258330353618 -0.011167844623230382 0.014856728175875127 0.014516120923887562 -0.0084047722010287453 0.015099813105174623 -0.0026401470006220513 -0.014978517368704987 -0.013238810540301744 0.015872948110566009 0.026249734754496868 -0.0013079019626645253 -0.018367541550140674 -0.013858459871042794 0.015587248439177951 0.027772110809619954 -0.01542944283184464 8.4167052816232218e-05 0.0075963410470535437 -0.0064140577771525679 -0.0039214287401642817 0.006182659254512413 -0.0016286276681847654 0.042675551713982976 -0.0076426811502457248 -0.009365237246511721 -0.0088209124482423358 0.046534693090573537 -0.0034667438440732102 -0.010579149362551254 -0.0053137274024890914 0.0085039200259075538 -0.0078971284138104666 -0.011002772376311903 0.0055219686872403006 -0.0011311844828562699 0.031964373867660226 0.0029288492062046608 0.017270917635688474 0.020030283667924444 0.041983405326179855 0.0035032031579332024 -0.01499439135128899 -0.0042949567036514504 0.016127959673514249 -0.011134896788577233 0.0012184050595088296 -0.0088825449701588673 0.0062582974287937916 0.015673693144558444 -0.018779054379737491 -0.015921253567572367 -0.0047030671597232997 0.017862775042877178 -0.0080872184713784157 0.0065076823191583524 0.037937337481003981 -0.014742990251732048 0.0080213439674080862 -0.014461982463154287 0.015779919272319455 -0.001426399925640375 -0.0054000388284018942
leaf_weight=159.29611475393176 127.62411460094154 144.22074921056628 6.7650113385170689 16.083846144378185 12.107324609532954 15.294885123148559 49.621599258854985 14.347461523488162 19.03637183830142 14.984660368412735 296.79378294758499 32.489221714437008 225.19340488500893 4.6042975466698399 20.545396151021126 52.092188669368625 42.177480578422546 25.304408207535747 200.1752575840801 42.396328866481781 69.708037108182907 11.397807680070402 5.0270483791828156 1.5305341817438591 5.9689269140362766 1.8969818167388499 15.872424699366102 2.5776662863790909 8.4626245610415918 47.583702132105827 287.61354667507112 3.8272886034101239 13.279562702402471 41.380095107480884 26.277064982801676 28.844333434477448 744.86555635370314 3.1414555329829446 2.1112744677811843 7.5432177130132914 16.532862232998013 55.724457621574402 1.610244084149598 2.3722812049090853 6.1918056383728972 39.316826030611992 3.1346976533532134 15.254172256216405 20.217341400682926 27.514582855626941 4.5151329934597015 97.852228937670588 101.97887244448066 6.1476166173815718 7.8076703585684291 3.767384309321641 68.069967284798622 8.0224004518240672 15.159348638728259 45.57322402484715 290.25413117185235 18.017024531960487
leaf_count=6493 2853 1184 121 123 224 114 1926 273 417 245 4148 1007 7062 134 266 921 631 874 4759 929 1387 132 57 23 134 45 287 38 88 530 1983 48 229 301 203 218 9577 75 44 104 219 881 13 18 40 300 56 165 217 330 67 862 706 42 229 127 835 88 174 565 3485 218
internal_value=-3.4142e-05 0.00190675 -0.0057594 0.00304928 -0.00376549 0.00225944 -0.000208579 0.00159682 -0.00946301 -0.00211899 -0.00436834 -0.00331058 -0.0127421 -0.0147575 0.00684199 0.000396939 -0.000209325 -0.00150533 0.000186373 0.00294534 -0.00171705 -0.00432353 0.0153033 0.0327057 0.013895 0.0228713 0.0317462 0.036577 0.00779794 0.00781383 0.00649314 0.0217801 0.00188211 0.01055 0.0128327 0.0177857 0.000295265 -0.00197464 0.00850123 0.0269987 -0.00304993 -0.0120552 0.041939 -0.0128144 0.0122023 0.012045 0.0195652 -0.0019352 -0.000408098 -0.0109111 -0.000778572 0.00202016 0.013761 0.0160951 -0.0133615 0.0165185 -0.00878138 -0.0119964 0.000903815 0.00170908 -8.21044e-05 0.0098228
internal_weight=3705.1 2769.54 935.553 2345.13 771.653 2161.59 478.261 2031.98 293.391 424.948 424.418 406.829 231.958 163.9 373.917 1658.06 1537.01 357.207 316.91 61.4327 287.839 218.131 17.9554 6.55758 53.3131 27.9262 21.9573 20.0603 121.048 359.57 335.197 24.3727 25.3869 104.964 96.5015 70.2244 1482.55 639.828 56.3471 14.1696 583.481 58.8659 17.4827 54.4645 129.613 183.538 18.1194 524.615 433.269 44.0474 6.62641 842.718 123.421 108.126 40.2969 29.0718 91.3465 76.0924 389.221 374.062 310.471 63.5902
internal_count=59844 32896 26948 25895 20321 24411 11792 23509 8529 10822 7001 10521 7183 6627 3100 20409 19476 8595 7359 1346 6358 4971 212 80 970 517 383 338 933 2827 2513 314 453 810 722 519 18537 8098 846 215 7252 956 300 939 902 1484 301 6296 5208 549 111 10439 862 748 1236 1001 1088 923 4659 4485 3702 783
is_linear=0
shrinkage=0.03


Tree=74
num_leaves=63
num_cat=0
split_feature=3 32 15 14 5 25 7 9 17 8 21 25 14 26 7 1 1 16 8 24 7 25 16 17 16 15 5 24 16 8 14 18 25 5 14 2 12 7 14 20 20 24 23 31 21 21 12 8 7 12 16 21 14 26 3 15 8 1 16 8 7 7
split_gain=49.0138 21.3037 17.3693 15.5907 14.9866 16.5516 13.0158 11.7173 17.9606 11.2513 10.8768 9.89683 9.60752 9.56694 9.2438 9.02554 8.56487 8.5557 8.48531 10.1606 8.33106 7.85519 7.8533 8.01312 7.51174 8.99577 10.4372 7.30151 9.84472 9.35744 11.7851 7.29379 7.10186 7.01433 8.06479 9.03945 6.77375 10.1694 7.55392 8.53225 10.1944 8.81154 7.38955 7.34802 7.07753 10.8867 12.3944 11.5825 7.52602 7.8996 7.45 9.23273 6.71062 6.62029 6.58043 6.56001 6.50509 6.48443 6.33677 7.44971 6.23039 6.16628
threshold=-0.44343279302120203 11.500000000000002 -0.70932689309120167 0.44758616387844091 -0.15857170522212979 -0.37795870006084437 -0.9095347225666045 -0.2661414891481399 0.58624929189682018 -0.44902868568897242 -1.0318311452865598 -0.20186261087656018 -0.55504992604255665 -0.80294334888458241 0.37824414670467382 -1.1970856189727781 -1.0000000180025095e-35 -1.3344732522964475 0.31552396714687353 0.94705218076705944 -0.31851172447204584 -0.60958361625671376 0.69457966089248668 -1.0000000180025095e-35 0.35869242250919348 1.4251330494880678 -0.70398774743080128 -0.13288953900337216 -0.22828955203294751 0.71311047673225414 0.4083890318870545 -0.43680751323699946 -0.16517005115747449 -1.0000000180025095e-35 -1.0505042076110838 1.2661823034286501 0.72935906052589428 0.5417534112930299 -0.76831158995628346 0.11265872418880464 0.59839507937431347 1.5198199748992922 0.84280914068222057 -0.50000001490116108 0.47948764264583593 0.21705467253923419 0.35080668330192571 1.4283491373062136 -0.32832045853137964 0.32185603678226476 0.50265556573867809 1.4608243107795718 -1.6036509275436399 -1.0098257064819334 0.13018609583377841 -0.078267596662044511 -1.9191123247146604 0.40376783907413488 -1.0000000180025095e-35 -0.24980201572179792 0.3483444750308991 0.23267050832509997
decision_type=2 2 2 2 2 2 2 2 2 2 2 2 2 2 2 2 2 2 2 2 2 2 2 2 2 2 2 2 2 2 2 2 2 2 2 2 2 2 2 2 2 2 2 2 2 2 2 2 2 2 2 2 2 2 2 2 2 2 2 2 2 2
left_child=3 9 -3 4 14 17 53 8 11 20 -7 -8 -13 16 -1 -9 -11 -6 19 -12 -2 -22 -20 -24 31 26 -26 32 29 30 -29 -10 -15 34 -17 -36 37 44 -39 -40 41 -41 43 -42 45 47 -47 -35 49 -46 -50 -52 60 -4 -48 -16 -14 -33 59 -55 -30 -19
right_child=1 2 6 -5 5 10 7 15 24 13 18 12 56 27 55 33 -18 61 22 -21 21 -23 23 -25 25 -27 -28 28 52 -31 -32 57 -34 36 35 -37 -38 38 39 40 42 -43 -44 -45 48 46 54 -49 50 -51 51 -53 -54 58 -56 -57 -58 -59 -60 -61 -62 -63
leaf_value=-0.020467438915599743 0.010522828210542422 -0.0099354653542335671 -0.017697854563199087 -0.015945052834559246 -0.0097233449660378453 -0.014585335486442301 0.0011884437456083747 0.02246302671835472 -0.0095542012247777953 -0.006991374567438027 -0.010055497628487928 0.00021953027752454499 0.014818828059289151 0.0055460030770744248 -0.016219808960802121 0.014142852917404849 0.021376888106877264 0.0064163843582117118 -0.00050247996135385341 0.013325602627060038 0.016869216097964254 -0.0067387433067092727 -0.010128954514648129 0.0243463109247389 0.021417127602188502 0.01056970728082956 -0.0040143172312096381 0.052830186451075227 0.0032711569842494327 -0.0066327199074774192 -0.0053100313788733951 0.026951968716107062 -0.016953909443262055 0.00010214417634548545 -0.0056885846367281468 0.01021212980622358 0.00068215132060455515 0.019215736219057374 -0.0021266821420217212 0.02389898144004747 -0.014336087311857275 -0.009164990158859191 0.01170181517869421 0.0046848689312797087 -0.0035297408363716178 0.0040383128932316515 -0.001386052883421801 0.02409787099038805 0.0033203745735114034 0.018178581465461609 -0.012385918896849321 0.0064764632092294654 0.0048603798486603258 -0.0075356556057736236 0.034437935480037776 0.0092089678741176569 -0.013891521019790047 -0.0047811841098865469 -0.005622159811456447 0.025717314980573159 0.03166439929647933 0.026485925734905384
leaf_weight=70.90336052980274 46.633209927007556 127.54711082205176 32.28903978317976 136.422616972588 12.163169346749781 76.772649593651295 118.89014538004994 16.867596797645092 5.4488902315497389 8.3925270028412324 132.75053906999528 69.006489403545856 3.4766391739249221 26.853235295042396 9.666293144226076 21.729103812947869 81.634573856368661 39.410798728466034 142.11052175424993 14.664931222796438 9.6196788996458036 99.316405409947038 5.0129366777837303 18.931418493390083 10.995403753593562 72.477667160332203 155.68566997908056 7.8610560204833728 13.378335740417244 3.4285458251833907 3.0319216474890709 25.02084688842297 16.277750384062529 190.15741960331798 200.32530970871449 33.444792252033949 407.36802207492292 55.181322595104575 66.448146350681782 52.928767174482346 20.698520569130778 5.6437092162668696 84.048880387097597 58.422081131488085 24.772724639624357 40.72353564761579 5.0199948456138399 15.014228444546459 83.304803624749184 28.781952256336808 94.257630687206984 27.071088321506977 185.04327554441988 7.7055645212531116 24.61929102241993 19.199536429718137 171.86714953929186 5.5046634413301936 136.85590329580009 8.6889037173241359 13.114030964672564 20.802383746951818
leaf_count=2533 650 4075 592 5066 474 2766 1895 291 56 96 3944 974 52 423 421 218 725 1099 3445 213 150 1073 102 235 124 475 1532 80 83 44 44 278 299 2800 2922 305 4059 443 911 631 269 37 591 736 263 486 86 199 1048 249 841 184 1445 186 244 514 2899 53 2246 200 63 520
internal_value=0.000125929 0.00178339 0.000636758 -0.00700554 -0.00471562 -0.00236733 0.0012228 0.00187185 -0.00154241 0.00731261 -0.00482863 -0.00588707 -0.0092845 0.0101988 -0.0149718 0.00327231 0.0185036 0.0103581 -0.00224763 -0.0073687 0.00054175 -0.00400522 0.00238111 0.0166257 0.00419627 0.00211522 -0.0017618 0.00713237 0.0092623 0.0300648 0.0400682 0.0160848 -0.00382462 0.00299009 -0.00152546 -0.00324751 0.00389074 0.00536866 0.00936389 0.00718197 0.00995683 0.0202429 0.0057724 -0.000847499 0.00273527 0.00603498 0.0158007 0.00238964 -0.000833878 0.00869304 -0.00347504 -0.00808755 0.00719221 -0.00630408 0.0290462 -0.000443861 -0.0129272 0.021362 -0.00342015 0.0119796 0.020122 0.0148491
internal_weight=3721.68 3022.87 2508.29 698.811 562.389 462.619 2380.74 2195.2 638.374 514.585 390.243 363.24 244.35 359.015 99.7692 1556.83 90.0271 72.3764 313.47 147.415 155.569 108.936 166.055 23.9444 275.133 239.159 166.681 268.988 225.857 14.3215 10.893 35.9744 43.131 1539.96 255.499 233.77 1284.46 877.094 343.371 288.19 221.742 58.5725 163.169 79.1206 533.723 275.534 70.3628 205.172 258.188 53.5547 204.634 121.329 211.536 185.539 29.6393 28.8658 175.344 30.5255 153.25 16.3945 26.4924 60.2132
internal_count=59957 38625 33450 21332 16266 12798 29375 26151 8338 5175 10705 5820 3925 3302 3468 17813 821 2093 7939 4157 1873 1223 3782 337 2518 2131 1656 2481 1759 168 124 387 722 17522 3445 3227 14077 10018 3618 3175 2264 668 1596 1005 6400 3815 816 2999 2585 512 2073 1025 1591 3224 330 935 2951 331 2632 386 146 1619
is_linear=0
shrinkage=0.03


Tree=75
num_leaves=63
num_cat=0
split_feature=3 5 32 14 25 6 8 11 15 26 15 14 25 32 21 23 26 12 16 8 15 11 23 21 2 15 21 13 8 34 16 26 29 18 26 14 6 7 12 13 23 34 7 8 15 18 1 23 25 19 18 11 8 0 5 16 25 8 13 6 7 7
split_gain=39.8564 19.1397 15.2975 13.73 22.3723 17.9544 13.9045 13.1497 15.8851 10.1869 13.3377 16.085 12.6621 10.7987 9.39104 9.09186 9.85134 8.1783 11.6895 9.25993 8.01408 7.97702 7.95028 8.38398 7.80843 7.73742 9.52379 9.00992 7.58181 12.5713 8.80861 8.54669 8.37655 8.21272 7.52218 7.23937 7.65417 7.69822 8.91408 8.39617 9.0234 19.5485 7.3424 7.07885 6.98152 6.90986 6.89031 6.87399 7.22746 7.73509 6.77966 10.1299 7.11766 12.7378 7.92941 6.62958 6.56501 6.83539 6.50984 10.711 6.48982 7.79395
threshold=-0.12844875454902646 -0.17966429144144055 8.5000000000000018 0.074332818388938918 -0.079883679747581468 -1.1967703700065611 -0.41784365475177759 1.3354479670524599 -0.6803370714187621 -0.83952859044075001 0.45527216792106634 -0.56972739100456227 -0.36514005064964289 11.500000000000002 2.1238493919372563 -0.65947484970092762 0.92591172456741344 0.57751688361167919 -1.0000000180025095e-35 -0.40614736080169672 0.056159144267439849 -0.90915584564208973 -0.11360399425029753 -0.89866319298744191 -0.15533923357725141 1.0171946287155154 0.33047629892826086 -0.7981724441051482 -0.78495243191719044 3.5000000000000004 1.0499411821365359 0.044969392940402038 0.83974358439445507 -0.52837771177291859 0.2466075196862221 0.27779406309127813 -0.78889381885528553 -0.65814325213432301 1.0000000180025095e-35 0.5783371925354005 -0.012348851189017294 3.5000000000000004 -1.0231593847274778 -0.26163959503173823 0.15181130915880206 0.72623136639595043 -0.0093692927621304972 -0.1682174280285835 -0.59580814838409413 0.80240711569786083 -0.49019223451614374 0.77945005893707286 0.061857214197516448 0.71323183178901683 0.78647562861442577 -0.7170794904232024 -0.0082805575802922231 0.57213476300239574 -0.27392549812793726 -0.27249692380428309 -0.48710039258003229 -1.3664271235466001
decision_type=2 2 2 2 2 2 2 2 2 2 2 2 2 2 2 2 2 2 2 2 2 2 2 2 2 2 2 2 2 2 2 2 2 2 2 2 2 2 2 2 2 2 2 2 2 2 2 2 2 2 2 2 2 2 2 2 2 2 2 2 2 2
left_child=1 20 43 4 17 -6 -7 8 -4 10 11 12 -10 -12 25 -5 -17 18 19 -3 -1 -16 23 -8 -21 26 27 -11 29 30 -9 32 -30 -33 -20 36 -29 38 -38 40 41 -39 -40 -2 -22 58 -14 -28 -49 50 51 52 53 -50 -54 -19 57 -35 59 -13 61 -58
right_child=2 3 7 15 5 6 22 28 9 14 13 45 46 -15 21 16 -18 55 34 24 44 -23 -24 -25 -26 -27 47 35 31 -31 -32 33 -34 56 -36 -37 37 39 42 -41 -42 -43 -44 -45 -46 -47 -48 48 49 -51 -52 -53 54 -55 -56 -57 60 -59 -60 -61 -62 -63
leaf_value=-0.017817508302139212 0.0019997291931171937 -0.006712808647564121 -0.010470581337140373 -0.015360689395618972 -0.021198778912047023 -0.010698274398029572 -0.0040478718273885056 -0.016128401290474773 -0.0088576268581863175 0.0070908519749810234 0.013585266028837459 -0.0097025139287511483 -0.0033069410306705593 -0.002017736334976733 -0.0084806746956648006 -0.0069757706654911527 0.0096947980682864851 -0.0063685470424856032 0.0087477370706898015 -0.0082646929469032404 0.019469269973817673 0.021997498297931989 -0.00077205294136458119 0.016608649299365702 0.040319513031413318 0.0025966326471476417 -0.0087702016998369228 -0.015132378458486865 -0.0013092974434033508 0.010912875929917829 0.0086613129755250175 -0.0010850726817414271 0.016456092134602363 0.032025744855877024 -0.011511739448398802 -0.01041356792569564 -0.0094277452887162692 0.03972595339621917 0.001673516427640962 -0.016142907858524777 -0.0031335185092928861 -0.013985627319652799 0.031793342894478945 0.017293648748601811 -0.0077118507280830324 -0.0093705035359470043 0.043138024058606173 0.017369881902710063 -0.0028477337836523638 -0.011404440802384471 0.00017061763070591257 -0.0070417638099526513 0.031024001149971329 0.026716147853983054 -0.0078302651314101877 0.029193457625707131 0.019657153825762087 0.0051669192416065012 0.005430654541767414 0.03152579388443446 0.014930651469760171 -0.0087795985369414058
leaf_weight=124.16164359729737 42.418975193053484 5.0574960904195931 105.68633204139769 94.311758487485349 39.062866641208529 89.354865403845906 22.968607996590436 42.528589703142643 4.1827987972646978 45.078629035502672 44.49239607155323 4.9313078541308668 2.4684151690453353 201.96965978480875 7.3609146419912568 187.19610550813377 33.716208964586258 3.7004901478067067 28.800047384575009 1.7883324101567275 5.1433900762349358 25.417279131710529 178.47566947340965 53.356162242591381 12.160799802280959 573.69968235492706 57.145192755386233 29.402672506868839 107.57661841623485 41.46030917391181 14.085131388157604 32.48655111156404 25.482597056776285 30.258980615064502 27.281041491776705 202.25685790367424 9.8833032194524986 9.3366800770163554 12.882244925945995 28.380724180489779 82.485005704686046 7.1723992601037017 13.720846118405463 79.087981890887022 51.432514311745763 15.973295478150247 20.99105633050203 20.462538307532668 40.305111698806286 36.889448370784521 392.92198349349201 25.062115415930748 22.426491046324376 13.88437222316861 3.5989908687770358 25.757536523044109 7.1716998293995848 14.162298548966644 91.142029257491231 17.983865741640329 81.94060735963285 25.221921106800437
leaf_count=5265 420 172 3042 4153 1802 2310 847 452 53 780 305 118 32 1861 85 4964 844 125 601 53 127 160 2826 1714 318 4210 1146 615 980 381 91 260 219 318 582 3441 173 183 205 343 1088 141 192 581 972 280 235 235 497 374 4612 215 261 140 34 507 94 147 1477 262 637 250
internal_value=0.000177776 -0.00498036 0.00205349 -0.00295197 0.000214519 -0.00316616 -0.000845135 0.0015531 0.000604178 0.00119522 0.00543521 0.0121039 0.0310998 0.0010131 0.000149605 -0.00777851 -0.00427321 0.0121855 0.00614777 0.0236725 -0.0136701 0.0149365 0.00274961 0.0105257 0.0335536 -0.000193148 -0.00171775 -0.00505536 0.00636331 -0.000914316 -0.00975851 0.00854464 0.00256577 0.0125332 -0.00124322 -0.00651094 -0.0022671 0.000421117 0.011686 -0.0031252 0.00120357 0.0185642 0.0197805 0.0122445 -0.00386052 0.00706366 0.0385287 0.000703873 0.00174793 0.000995252 0.00201759 0.0085907 0.0136015 0.00634405 0.025255 0.0244503 0.0152679 0.0248517 0.00966208 0.0225048 0.0106592 -0.000697321
internal_weight=3697.2 983.726 2713.48 802.988 487.764 383.218 344.155 2591.97 2169.59 2063.91 404.135 157.673 27.6423 246.462 1659.77 315.224 220.912 104.546 75.0877 19.0066 180.738 32.7782 254.8 76.3248 13.9491 1627 1053.3 440.599 422.375 98.074 56.6137 324.301 133.059 191.242 56.0811 395.521 193.264 163.861 36.4864 127.375 98.9941 16.5091 26.6031 121.507 56.5759 130.03 23.4595 612.696 555.551 535.089 498.199 105.277 80.215 54.1895 26.0255 29.458 158.756 44.4213 114.057 22.9152 114.334 32.3936
internal_count=59807 28182 31625 21818 11857 9499 7697 30624 26795 23753 4623 2457 320 2166 19130 9961 5808 2358 1726 543 6364 245 5387 2561 371 18885 14675 7161 3829 924 543 2905 1199 1706 1183 6381 2940 2325 570 1755 1412 324 397 1001 1099 2137 267 7514 6368 6133 5759 1147 932 637 295 632 1446 465 1857 380 981 344
is_linear=0
shrinkage=0.03


Tree=76
num_leaves=63
num_cat=0
split_feature=15 4 9 21 11 0 11 14 25 15 23 2 7 32 26 25 14 6 22 32 3 1 26 19 10 17 20 11 14 29 7 11 24 7 5 21 29 4 9 14 14 14 11 23 21 7 3 14 32 11 7 26 3 4 26 6 11 7 22 23 23 20
split_gain=42.7511 17.5308 13.4987 12.7285 16.3375 12.4315 12.4213 10.8256 10.0885 11.4142 10.4693 12.4097 9.98174 9.46951 13.6993 9.60626 10.4796 10.8536 9.30841 8.86722 11.2771 8.10995 8.39066 8.05966 7.84839 7.58156 7.58133 8.39267 9.23954 10.2215 7.85491 7.58615 7.75749 7.35384 7.23753 8.63795 7.20598 7.0881 6.91883 6.75804 6.68111 12.9139 9.12373 9.07722 6.66041 6.77211 6.93413 6.63471 6.60261 6.56712 6.52426 6.47212 6.71532 6.46884 6.31371 7.52459 6.26548 6.16812 6.05017 6.00954 11.8114 8.2394
threshold=-0.70932689309120167 -0.50676548480987538 -2.1104872226715083 1.0244275927543642 -1.3079199790954588 0.96266800165176403 0.70472145080566417 -2.6278655529022212 -0.48031878471374506 0.40288814902305609 1.1927740573883059 0.65758499503135692 -0.55664002895355214 9.5000000000000018 -0.83952859044075001 -1.0000000180025095e-35 0.25006461143493658 1.4368966221809389 1.7088286876678469 15.500000000000002 0.2499162703752518 1.2667402029037478 0.25828680396080023 -0.015136046335101126 -0.61524793505668629 -1.5007890462875364 1.1064030528068545 0.036560259759426124 -0.8211623728275298 0.10555555671453477 0.55190867185592662 1.4253736734390261 -0.091450687497854219 1.8214670419692995 -0.40633372962474817 -0.84830385446548451 0.41421568393707281 1.1713857650756838 1.0662485957145693 0.52783089876174938 0.49164715409278875 -0.043234279379248612 0.31376935541629797 1.1927740573883059 -0.8020324409008025 -1.132578372955322 1.0132325887680056 -1.40824419260025 15.500000000000002 -1.4424275159835813 1.0946914553642275 0.57390287518501293 -0.34385974705219263 0.67351880669593822 -0.48624397814273829 1.401394307613373 1.4063847064971926 1.6130090951919558 -1.6230215430259702 0.10523957759141923 0.65309941768646251 0.051335826516151435
decision_type=2 2 2 2 2 2 2 2 2 2 2 2 2 2 2 2 2 2 2 2 2 2 2 2 2 2 2 2 2 2 2 2 2 2 2 2 2 2 2 2 2 2 2 2 2 2 2 2 2 2 2 2 2 2 2 2 2 2 2 2 2 2
left_child=6 19 7 4 25 13 18 -3 9 51 21 12 -12 14 37 16 48 23 -1 20 49 33 53 -18 26 -4 27 30 29 -29 -17 32 -30 59 47 -36 -13 50 54 -8 41 -22 -43 -44 -37 46 -46 -26 58 -2 -6 52 -5 -23 55 -14 -25 -47 -15 -10 -61 -62
right_child=1 2 3 8 5 -7 39 -9 10 -11 11 36 38 15 -16 24 17 -19 -20 -21 40 22 -24 56 34 -27 -28 28 31 -31 -32 -33 -34 -35 35 44 -38 -39 -40 -41 -42 42 43 -45 45 57 -48 -49 -50 -51 -52 -53 -54 -55 -56 -57 -58 -59 -60 60 61 -63
leaf_value=-0.013974517563807146 0.013638610468429556 0.014224483517099942 0.020347458138389406 -0.0044707937450924251 0.031963890178101965 0.0087259392302384726 0.0076472010941957859 -0.01530811785258827 -0.0083666112544822091 0.0045926637072684516 -0.01422663946276204 -0.012746027788813436 0.017222545833196882 -0.0089119687101924527 0.0025596453845525978 -0.014300052453140007 0.014678425828053262 0.02419656754173382 0.018314002615225582 -0.010449387488522466 -0.0029332030847555738 0.00045433763357887949 -0.00062811715848948529 -0.0039840707046396567 0.010509338008232068 -0.015583241833533171 0.01791394831557902 -0.014562840608773104 -0.01057118662196414 0.020375873054896462 0.006402914452053373 -0.011985698283483824 0.007381873114707259 0.01643133441193035 -0.010106400146367911 0.020276184263673988 0.00722874020981981 -0.0072244322651491295 -0.0035043549061911251 -0.01345946409618295 -0.0043206572549047348 0.0036058660899535365 0.04413952249391058 -0.003772430962000934 -0.021151726132923855 6.6289481428349336e-05 0.005892780623531239 -0.015333132688606482 0.0027350802213732574 -0.01236453049791255 -0.0049308370375261441 0.0025349959990986345 0.04421769242871347 0.03628177088915549 0.021777461309907101 -0.0093529814181429697 0.0092027152237374541 -0.01407796371678423 0.014003752922212441 0.0091942362823097933 0.012453117543421406 -0.0035501263476943692
leaf_weight=248.56307701114565 5.8633677456527939 9.3729946408420783 1.4992877691984166 1.9314723704010308 27.229692542925481 193.09489045105875 45.038341045379639 60.306468658149242 58.303497215732932 33.493912540376186 6.5627259463071814 24.297019071877003 15.02370920404792 7.9470542576163998 113.30419524945319 44.21667212434113 21.520692992955446 10.789180628955362 4.1622812412679187 153.95355427637696 27.861383365467191 6.3356897421181229 17.276803191751242 284.54494174011052 6.8387524895369998 62.078200301155448 22.638612436130643 5.289239225909113 22.348475378006697 41.357620453462005 21.258677428588271 28.795885361731052 104.77665644139051 21.708896039053798 96.927382515743375 8.2801017630845291 31.695935476571321 4.0511422697454682 12.82833558693528 13.85599742643535 31.854575261473656 14.232867525890471 13.753732802346351 3.4761247262358657 23.301451947540045 689.86801743507385 9.6111600808799249 57.37072841078043 127.04063465259969 61.744858145713806 3.5677464175969353 6.3886356577277175 15.215269777923821 12.187661610543726 100.99494075030088 13.960159808397291 31.749158225953579 23.909157941117883 124.72462545335293 121.51215136051178 27.642260823398829 256.29878497868776
leaf_count=10514 231 72 41 49 289 1615 1254 979 1225 281 47 134 94 123 1177 1048 470 85 114 3561 292 55 125 5062 95 1857 265 71 517 486 404 331 1310 231 2075 148 168 28 82 413 472 221 181 36 467 9115 95 1040 1804 1825 33 106 195 75 595 77 420 315 1568 1408 255 2038
internal_value=0.000288459 0.00127243 0.00196323 0.00227304 0.00110717 0.00156218 -0.0102545 -0.0106491 0.00554773 0.0172264 0.00451966 0.0101762 0.0145679 0.000837219 0.00800095 0.000232126 0.00329086 -0.000124573 -0.0130978 -0.00544011 -0.000412587 0.00221565 0.0150675 -0.00124293 -0.00131693 -0.0133142 0.0029436 0.00137433 0.00438854 0.0153879 -0.0076008 0.000721995 0.00394514 0.00112396 -0.00267745 -0.00190722 -0.00177324 0.0231514 0.0163277 0.00201679 0.00633749 0.0119515 0.0237271 0.0357989 -0.000794997 -0.00116197 -0.0135186 -0.0120203 0.00779106 -0.00932549 0.0275981 0.0312508 0.0389621 0.0267287 0.0183423 0.00492955 -0.00253779 -0.00050213 0.0123573 0.000239786 0.00156421 -0.00180364
internal_weight=3697.63 3386.01 3073.27 3003.59 2219.93 2156.35 311.62 69.6795 783.658 57.0293 726.629 205.363 149.37 1963.26 148.153 1815.1 608.316 348.604 252.725 312.74 158.787 521.266 35.8002 337.815 1206.79 63.5775 290.682 268.043 202.568 46.6469 65.4753 155.921 127.125 485.466 916.107 851.897 55.993 34.8486 142.807 58.8943 91.1787 59.3241 31.4627 17.2299 754.97 746.69 32.9126 64.2095 259.712 67.6082 30.7974 23.5354 17.1467 18.5234 129.979 28.9839 316.294 713.777 132.672 463.757 405.453 283.941
internal_count=59759 47464 40645 39594 32354 30456 12295 1051 7240 631 6609 1197 895 28841 1527 27314 9532 6037 10628 6819 3258 5412 255 5952 17782 1898 4432 4167 2715 557 1452 2158 1827 5157 13350 12215 302 350 848 1667 1202 730 438 217 10140 9992 562 1135 3495 2056 322 350 244 130 766 171 5482 9430 1691 4926 3701 2293
is_linear=0
shrinkage=0.03


Tree=77
num_leaves=63
num_cat=0
split_feature=15 3 14 9 11 3 14 9 25 0 7 11 21 25 18 0 13 14 26 31 21 26 31 17 23 23 18 12 16 11 10 9 2 14 24 2 18 14 26 24 23 26 13 13 15 3 12 3 3 12 13 16 13 14 31 30 21 22 19 15 22 10
split_gain=35.5366 18.3346 20.0265 14.8948 12.9955 9.83802 10.7653 11.6338 13.3492 10.921 9.39637 9.78182 10.9438 9.84386 8.90399 9.36576 8.63258 11.3348 9.10394 7.96698 7.60816 7.16774 8.96368 6.89986 7.25672 7.50984 8.29811 7.85527 10.5347 7.13361 6.74335 6.63303 7.21695 7.20187 6.58813 10.2444 6.82973 6.65739 10.6147 9.22922 8.28067 7.40334 8.46528 7.70438 12.4001 7.786 6.39221 9.8047 6.13563 10.8293 6.11654 8.43003 10.2845 7.76946 8.64899 11.2432 8.61229 7.96167 6.26472 6.45495 6.09329 7.16881
threshold=-1.0622653365135191 0.2499162703752518 0.44252236187458044 -1.5803926587104795 0.63317885994911205 1.7891547083854678 -0.56972739100456227 -1.9703051447868345 1.7691885232925417 1.0000000180025095e-35 -1.3425802588462827 -1.2331668138504026 1.9256711602211001 -0.37795870006084437 1.5137625932693484 0.90177693963050853 0.31711356341838842 1.0000000180025095e-35 -0.18334023654460904 0.78571429848670971 0.13441967964172366 0.20493439584970477 -0.21428572386503217 0.91908085346221935 1.7446504831314089 1.0553156137466433 -0.40024028718471522 0.19435914605855945 0.63698607683181774 0.57219555974006664 0.85535001754760753 0.24743814766407016 0.7512376904487611 1.3972038030624392 -0.50455302000045765 -0.56336852908134449 -0.7825830578804015 -1.7817230820655821 0.58667337894439708 0.61211174726486217 1.1271724700927737 0.38634522259235388 -1.3425718545913694 -0.15570193529129026 0.066972590982913985 0.034246072173118598 0.62557914853096019 1.6190043687820437 1.5103702545166018 0.40207087993621832 -0.38817144930362696 -1.1695284843444822 0.44476972520351415 0.43654190003871923 -0.35714286565780634 -1.1000000238418577 1.265677869319916 -0.043305888772010796 -1.5773448944091795 -0.011619723867624996 0.58332300186157238 -0.46449612081050867
decision_type=2 2 2 2 2 2 2 2 2 2 2 2 2 2 2 2 2 2 2 2 2 2 2 2 2 2 2 2 2 2 2 2 2 2 2 2 2 2 2 2 2 2 2 2 2 2 2 2 2 2 2 2 2 2 2 2 2 2 2 2 2 2
left_child=4 2 3 -2 -1 6 9 -8 14 -3 -5 12 21 16 15 50 17 -13 -18 -6 -4 -12 -23 24 25 27 60 -7 -29 -30 -19 32 -17 -34 -15 -36 -37 38 39 -38 -40 42 -39 44 -43 -45 -33 -48 49 -11 53 52 -52 54 57 -56 -55 -9 -53 -60 61 -27
right_child=1 5 20 10 19 23 7 8 -10 48 11 13 -14 34 -16 31 18 30 -20 -21 -22 22 -24 -25 -26 26 -28 28 29 -31 -32 46 33 -35 35 36 37 41 40 -41 -42 43 -44 45 -46 -47 47 -49 -50 -51 51 58 -54 56 55 -57 -58 -59 59 -61 -62 -63
leaf_value=-0.015884132169933469 -0.013797477476568471 0.0087312162078837102 -0.013899791844460928 -0.0089223152915426998 -0.0032711651076877341 -0.004941637577135575 -0.013468461377147082 0.017260405803261707 -0.011169194035611302 0.006291953585154289 -0.020911993489951614 0.028667810366933354 0.020507878615831032 -0.0051848203659348958 -0.010682366555128331 0.020402863608141426 0.015969365406962411 -0.005996839972492383 -0.007828915311916736 0.027385825002178163 -0.0034132447309938715 0.015353982221727101 -0.011639093490140464 0.011421431926792645 0.025084419490056329 -0.008953290095512479 -0.015533661727911154 -0.00058699332229182762 -0.0012975861302017629 0.036267431551469595 0.021279869329232391 0.018356734946754938 -0.0082314877286841105 0.018296406433890515 -0.011248648248320519 0.024959237987295494 0.019276093266161719 0.026312765136254978 0.037231838183849383 -0.0074475649059117808 -7.5435575261284638e-05 0.0059482678750303192 0.0038704553741011911 0.0056591653377046141 -0.020262818827306784 -0.011326499014790796 -0.0026336790118226209 0.026594847318248422 0.012122649827983268 -0.010487185721587773 0.032423896976225906 0.026694892597555347 -0.009017688035587966 -0.0062237558698322272 -0.0028257779379766554 0.025574514119487104 0.018854097209516647 -0.011731696470636923 -0.0064845294666392127 0.0006459529860542312 -0.012785848593523365 0.018401738443574182
leaf_weight=151.98780192807317 59.819503135979176 331.45754947699606 138.66579460259527 72.589470912702382 30.626199403777719 25.196390297263861 46.349001979455352 8.2980445418506878 71.057922627776861 55.821037255227566 32.604540386237204 33.719204090535641 6.3079076483845702 104.07377161923796 45.082112723961473 8.4008419122546893 18.712835118174553 21.00683508254588 32.233757702633739 4.8170999549329272 117.37467583920807 12.347174109891055 25.82353357039392 175.52875728160143 6.9003427326679221 9.2220968902111071 34.370864048600197 20.850567046552896 5.4451053030788925 15.112733300775288 6.9973097480833522 66.539209205657244 48.841921512037516 6.2602164279669514 37.948149839416146 8.7944800928235036 13.117773318663238 11.441494720056651 14.361740799620749 27.746725868433714 7.3734918124973765 23.058659313246608 240.36832480318844 101.469222959131 38.256534831598401 26.561314042657614 43.233542898669839 8.2836815081536752 22.384847551584244 76.451240787282586 10.267809174954889 2.7787281293421975 5.5864803642034522 54.806716596707702 15.705452179536222 43.241934586316347 10.538893036544321 18.8480872977525 127.50615296140313 825.4072477594018 10.289388865232466 21.108386360108852
leaf_count=7019 1674 2605 4317 2134 958 234 757 110 760 441 1053 600 99 3245 686 88 351 528 661 138 2953 335 873 1001 35 57 218 200 51 115 151 587 480 78 743 165 230 199 145 251 60 564 4587 1762 545 341 375 52 126 572 161 37 88 836 185 547 113 238 2509 8551 67 130
internal_value=0.000386684 0.0010734 -0.0018686 0.000103607 -0.012167 0.00266669 0.00185273 0.000563686 0.00106711 0.00569755 0.00108043 0.00198786 -0.00788097 0.00302397 0.0017502 0.00221898 0.0110182 0.0181246 0.00155825 0.00376602 -0.00924998 -0.0115974 -0.00214057 0.00747039 0.00258018 0.000665325 -0.00567511 0.00770186 0.0150988 0.0280103 0.00301 0.00844616 0.000528998 -0.00394624 0.00157484 0.00288794 0.00403314 0.00342611 0.0122086 0.00229713 0.0269285 0.00205703 0.00538261 -0.00239033 -0.0107004 0.00184204 0.0125103 0.00400313 -0.000873962 -0.00343486 0.00117922 0.000291223 0.0191604 0.00668474 0.01235 0.0183785 -0.00112659 -0.00156314 -0.000119897 -0.00033702 0.00345501 0.00999435
internal_weight=3697.38 3509.95 1232.77 976.734 187.431 2277.17 1953.15 1467.03 1420.68 486.115 916.914 844.325 77.0832 767.242 1349.63 1304.54 112.67 61.7233 50.9466 35.4433 256.04 70.7752 38.1707 324.025 148.496 141.596 74.9907 66.6048 41.4084 20.5578 28.0041 181.559 63.503 55.1021 654.572 550.498 512.55 503.755 62.5997 40.8645 21.7352 441.156 251.81 189.346 61.3152 128.031 118.056 51.5172 154.657 132.272 1122.99 971.546 15.8543 151.439 86.0935 58.9474 65.3456 27.1461 955.692 952.913 40.6199 30.3305
internal_count=59771 51656 28566 21296 8115 23090 20982 17238 16481 3744 19622 17488 2360 15128 15721 15035 2291 1279 1012 1096 7270 2261 1208 2108 1107 1072 472 600 366 166 679 1660 646 558 12837 9592 8849 8684 686 481 205 7998 4786 3212 1109 2103 1014 427 1139 1013 13375 11346 249 2029 1080 732 949 348 11097 11060 254 187
is_linear=0
shrinkage=0.03


Tree=78
num_leaves=63
num_cat=0
split_feature=15 21 32 11 11 7 24 17 15 5 7 13 26 26 15 20 1 9 19 26 24 7 34 29 13 18 11 7 17 21 18 29 15 11 25 20 22 21 23 30 5 12 20 26 20 13 23 25 21 17 31 24 3 11 26 12 5 29 12 22 15 17
split_gain=35.09 21.128 15.4361 16.2079 14.7997 13.7366 13.398 11.3305 9.68055 9.30784 9.60209 10.8295 15.3304 8.62944 8.55133 8.08743 8.06004 7.69915 7.59934 7.46805 8.95894 6.98267 20.6465 12.1787 10.8502 9.14625 7.74456 12.3764 8.92485 8.83238 8.66161 8.27443 9.54727 9.29371 7.67154 7.75667 7.3128 8.66886 7.08488 8.81279 8.34055 6.97327 6.91788 7.13333 6.80888 7.16596 6.77103 9.59065 6.57567 8.38965 8.07279 6.87572 6.45252 6.39446 6.38978 6.52601 6.30574 6.26164 7.33534 7.36167 6.17352 6.86237
threshold=-1.0622653365135191 -0.84830385446548451 11.500000000000002 -1.1629440188407896 0.63317885994911205 -1.3425802588462827 0.59064468741416942 1.8419355750083926 -1.0000000180025095e-35 0.81595304608345043 -0.58111324906349171 -0.28792919218540186 0.51748836040496837 1.0000000180025095e-35 -1.0000000180025095e-35 -0.47804015874862665 0.039999959990382201 -1.6554731130599973 -1.1215525865554807 0.37824055552482611 1.0979564785957339 0.9823996126651765 2.5000000000000004 0.67708334326744091 0.30384878814220434 -0.24626781046390531 0.81423151493072521 -0.20062796771526334 1.0000547766685488 0.43658106029033666 -0.45506182312965388 0.13809524476528171 0.87479302287101757 -0.12966374307870862 -0.051614318042993539 -0.26260557770729059 1.2323118448257449 0.85398736596107494 1.3835538029670718 -7.1388888359069815 -0.11842333897948264 1.2274254560470583 0.7558145821094514 -0.56982207298278797 0.83788928389549266 -1.1348543167114256 0.28996576368808752 0.14320220798254016 1.4334087371826174 -0.353479653596878 0.21428572386503222 0.45980474352836614 -0.25920544564723963 1.2867087721824648 0.35583893954753881 0.57717359066009533 -0.44074738025665278 0.064583335071802153 -0.37465462088584894 -0.55430847406387318 0.53742599487304699 0.69286668300628673
decision_type=2 2 2 2 2 2 2 2 2 2 2 2 2 2 2 2 2 2 2 2 2 2 2 2 2 2 2 2 2 2 2 2 2 2 2 2 2 2 2 2 2 2 2 2 2 2 2 2 2 2 2 2 2 2 2 2 2 2 2 2 2 2
left_child=4 6 8 16 -1 -5 -2 9 46 17 -11 12 -12 15 -13 -9 -4 44 -19 41 -21 25 23 24 38 26 31 29 -29 -28 -30 32 33 -20 -32 -36 -24 -38 39 -23 -41 -10 -17 53 45 -7 -3 -48 -33 51 -51 -50 -16 -44 55 -39 -47 -15 -59 -60 -35 -62
right_child=1 2 3 5 -6 7 -8 13 19 10 11 14 -14 57 52 42 -18 18 21 20 -22 22 36 -25 -26 -27 27 28 30 -31 34 48 -34 60 35 -37 37 54 -40 40 -42 -43 43 -45 -46 56 47 -49 49 50 -52 -53 -54 -55 -56 -57 -58 58 59 -61 61 -63
leaf_value=-0.016256286540346637 -0.0096296535190574552 0.0066515354735360013 -0.010999318562730681 -0.012583817520628707 0.0043177221028353257 0.011965373788822353 0.0024426475039514817 0.02230153911487336 0.0091351405743455936 -0.0088908250293651299 0.030715691117852075 -0.012071625561400153 -0.00385238162569325 -0.007429537857744215 0.020405128507342368 -0.010164014049286657 0.0045889119169131585 0.01904106634288932 0.0245836717876903 -0.0050690989424920074 0.007965806921234192 -0.010028902657614773 -0.0039315054148257493 -9.5816748735671179e-05 0.0049618609813993362 -0.0037694069249746168 0.0055023693777737602 -0.0034318038106120239 -0.0069940924680897852 0.020641736468867682 -0.0038699996420331747 -0.0034545560506572732 -0.0057926204005471285 -0.0057142303644602014 -0.0039407631138903181 0.027936779190966609 -0.014292251434043701 0.041308354799570159 -0.0045259073792991182 0.0039982453226064954 0.040040785790215076 -0.0098175656676792161 0.024740719555500227 -0.0060937084770323014 0.0059433933030898908 0.0052248864494416269 0.033241407781909794 -0.0022084919698191607 -0.0070057489792180374 0.014798649331379679 -0.0074356284025342686 0.036519057551873159 0.0045753067132464484 -0.0091353749352785681 -0.00051533406938572318 0.0011361108327958341 -0.017120886629406584 -0.0036418024407477751 -0.0037003408769710651 0.020213114264159695 -0.0015054993262419555 0.035076819102674996
leaf_weight=147.96911279018968 244.71794529166073 39.64105991832912 137.20741102751344 55.048615887761116 37.328486245125532 7.1958482619374982 121.16853089630604 8.7979217395186406 257.37978645227849 29.893763652071357 32.287649888545275 19.44438411295414 15.250075081363319 9.4117399416863901 22.80211091786623 42.870376605540514 34.760606591589749 15.712885070592163 29.103108188137412 112.7206361964345 74.507800735533237 2.2152025364339343 158.59946082346141 35.957032974809408 29.213989943265915 428.43208661861718 100.04907931387424 164.39693124778569 18.349369168281555 52.952640499919653 12.290799420326946 453.59045851230621 32.220772616565228 25.862942380830646 7.2176785431802264 28.508327260613441 5.3340280465781715 7.7204666733741778 4.1063383072614661 8.1056475508958084 36.199540074914694 14.71396525390446 15.204775571823122 18.512784443795681 24.510490803048015 11.15621464140713 25.449324613437057 8.1004722174257022 2.5503344107419235 18.434639303013682 34.472537577152252 7.1865582913160324 175.40907686017454 3.7772549875080577 9.57703731022775 5.5044757835566998 65.712800638750196 15.085641626268623 11.507576486095784 95.281501432880759 8.7273691184818727 3.9456561617553225
leaf_count=6948 7222 983 3711 1144 1146 124 1721 80 2242 393 377 400 185 62 382 319 692 356 660 1227 477 40 2111 443 309 7178 1246 1694 131 436 98 7544 297 505 65 195 86 84 26 125 451 117 98 110 326 239 385 120 48 166 291 82 1444 19 111 53 1147 139 98 621 112 40
internal_value=0.00043965 0.00112099 0.00192052 0.000960958 -0.0121071 0.00159739 -0.00565271 0.00195249 0.0065489 0.00127837 0.00618061 0.00801261 0.020315 0.00835342 0.00492981 0.00103625 -0.00780778 0.000484071 0.000973635 0.00482411 0.000190431 0.000755239 0.00485581 0.0145228 0.0207241 -0.000127232 0.0014444 0.00476038 0.000324087 0.0112294 0.00921648 -0.000642814 0.0070526 0.0131491 0.0154866 0.0218035 -0.00136128 0.0115339 0.0285562 0.0316322 0.0345209 0.00795158 -0.00246164 0.00650473 -0.0070872 -0.0110068 0.0163725 0.0255059 -0.00218478 0.00658511 0.000920402 0.0266098 0.00685362 0.0175005 0.0190592 0.0294868 -0.0137567 0.0131025 0.0149184 0.017586 0.00268194 0.0165857
internal_weight=3681.36 3496.07 3130.18 2597.67 185.298 2425.7 365.886 2370.65 532.513 2150.2 295.087 265.193 47.5377 220.45 217.656 89.1631 171.968 1855.11 1746.54 459.322 187.228 1730.82 302.533 115.798 79.8407 1428.29 999.859 383.765 230.763 153.002 66.3662 616.094 99.8598 67.6391 48.0168 35.726 186.735 28.136 50.6267 46.5204 44.3052 272.094 80.3652 37.4948 108.575 84.0649 73.1909 33.5498 516.235 62.6441 52.9072 9.73689 198.211 18.982 22.802 13.2249 76.869 131.286 121.875 106.789 38.536 12.673
internal_count=59681 51587 42644 37093 8094 32690 8943 31546 5551 30000 3181 2788 562 1546 2226 626 4403 26819 24983 4063 1704 24627 3839 1394 951 20788 13610 3865 2183 1682 489 9745 1614 1317 358 260 2445 334 642 616 576 2359 546 227 1836 1510 1488 505 8131 587 457 130 1826 117 248 137 1386 920 858 719 657 152
is_linear=0
shrinkage=0.03


Tree=79
num_leaves=63
num_cat=0
split_feature=23 11 7 21 14 25 11 32 8 12 32 16 9 25 14 9 32 6 12 14 15 15 11 16 11 1 9 17 20 22 24 31 8 8 23 10 8 7 10 9 20 15 18 11 24 9 15 10 16 7 12 12 5 21 13 10 6 17 13 5 11 5
split_gain=41.1121 20.1017 14.349 14.0737 14.0736 14.0309 13.6879 13.0022 12.2204 10.568 10.1901 9.87855 9.29429 10.9714 8.7759 11.3496 8.74397 8.52459 8.42596 8.01387 7.79655 8.34636 10.5187 8.74496 7.65787 7.60597 7.45798 7.34838 7.93957 7.48975 6.98312 6.89226 6.88431 6.81118 6.80073 6.65739 6.57674 6.69067 6.33273 6.19305 6.17465 7.66995 6.36848 6.15191 6.09518 6.49375 6.00995 5.99198 5.94152 7.76552 5.6889 7.77535 5.66252 6.4684 6.82563 6.58209 5.89536 6.78362 5.55034 5.5144 6.06358 5.48531
threshold=0.33359599113464361 0.036560259759426124 -0.85574060678482045 -0.84830385446548451 0.25006461143493658 -0.65099784731864918 1.2597640752792361 14.500000000000002 -0.23700874298810956 -1.8846442699432371 10.500000000000002 0.65004980564117443 0.49961508810520178 1.2899801135063174 0.42680302262306219 -0.24239320307970044 7.5000000000000009 0.71393960714340221 -1.0719419121742246 -0.98038837313652027 0.39302809536457067 0.84062969684600841 0.28050771355628973 0.78678208589553844 -1.0325360894203184 -1.0000000180025095e-35 0.78183287382125866 0.15071965754032138 0.52844575047492992 0.70171388983726513 0.31139662861824041 -0.50000001490116108 -0.95499321818351735 -0.5087064504623412 -1.3013700246810911 -1.9691833257675169 0.56005251407623302 -1.5142455697059629 1.3696413636207583 0.72313570976257335 -1.5227289795875547 -0.14339940249919889 1.622722387313843 0.88720330595970165 0.75775164365768444 0.75199341773986828 1.1367890834808352 -0.41329030692577357 0.46607579290866857 -0.89266744256019581 -0.50667771697044361 0.67441216111183178 2.0299458503723149 1.7577928900718691 2.0910431146621709 -0.055912777781486504 0.97222048044204723 1.957612216472626 -0.53413373231887806 1.0909038782119753 0.59715119004249584 -1.0000000180025095e-35
decision_type=2 2 2 2 2 2 2 2 2 2 2 2 2 2 2 2 2 2 2 2 2 2 2 2 2 2 2 2 2 2 2 2 2 2 2 2 2 2 2 2 2 2 2 2 2 2 2 2 2 2 2 2 2 2 2 2 2 2 2 2 2 2
left_child=1 3 6 -1 5 19 36 16 11 43 33 59 13 17 15 58 25 -8 -11 -5 40 22 -22 44 26 -4 46 -6 -29 -30 -13 -32 -27 -7 -21 -18 -2 -38 48 -36 42 -42 61 -9 45 -24 -20 -19 -12 -50 -39 -52 53 54 -26 -56 -54 -58 -10 -3 -61 -17
right_child=2 8 7 4 27 10 12 9 14 18 38 30 -14 -15 -16 20 35 47 24 34 21 -23 23 -25 52 32 -28 28 29 -31 31 -33 -34 -35 39 -37 37 50 -40 -41 41 -43 -44 -45 -46 -47 -48 -49 49 -51 51 -53 56 -55 55 -57 57 -59 -60 60 -62 -63
leaf_value=-0.017922204423822415 -0.014032786449245304 -0.01050162684806288 -0.013116130129445827 -0.0088549678245524698 -0.012766326952600366 -0.0077704078455013712 -0.00027725179211584894 0.026428077328702622 0.012551832090605375 -0.0093097470755032496 -0.0089143522473090556 -0.0031015954562515638 -0.0079324070673189532 -0.0087632171713643882 -0.0046220390601987033 -0.0048847734326467156 -0.013380102366769942 0.004544427790591242 -0.017958274493120843 -0.0054542875443535878 -0.0055060140252994154 0.004510434343206522 0.054867998307640574 -0.0050549477730949732 0.00047571456003280541 -0.0095995843889837094 0.0075512373527223623 -0.012923434724653972 0.023451640260487516 -0.0022882551296996736 -0.0078204917361081247 0.028898380512212045 0.026342071269628148 0.020560420058776074 0.047323459845626359 0.0055598382544008087 -0.01532369666001852 -0.01025980476026594 0.010569477644901727 -0.0058932649158520162 -0.0078092226284723247 0.0088134294765796917 -0.0078813184628996578 -0.001590131898813945 0.0012044113022473626 0.0063761184188178121 0.0071759160571018589 0.036190179061329548 0.032205488209591349 -0.0016240673513129628 0.022748968811840652 -0.0082343598978515883 -0.005553107893471511 0.01056009300344731 0.019999112829106894 0.00082199216787865565 0.028399757784093933 -0.0058901458236236791 -0.0062919127202895834 0.025945291257957841 -0.0087177604770660999 0.037963920604881345
leaf_weight=100.09135266765952 101.31784109212458 148.60843062214553 2.8314967546612015 3.1519752647727719 227.19077722076327 7.7467571301385787 13.932480324059723 18.30794028937817 12.661610536277292 64.240157859399915 163.10628235340118 25.268925836309791 28.892719158902764 14.096041943877934 82.106929136440158 2.0760170165449372 12.413688411936162 9.1745828725397569 41.327320570126176 2.2214647699147454 5.2021907754242447 22.283910062164068 14.159638280048975 3.0006987005472174 1030.4789166897535 2.9129307158291331 16.742919994518161 23.909232133999467 11.285638680681584 25.041910694912076 3.9059927761554709 11.544255478307603 33.980362797155976 20.832382230088115 7.8891846816986781 890.62197436764836 13.535751273855565 8.9768617525696737 17.322090116329491 1.1225626729428766 34.809339135885239 63.06728027574718 2.9098359514027825 9.3367229308933002 3.2466489672660819 4.5154346935451022 7.6373886689543715 17.602349288761619 2.176359347999095 38.301097839139402 17.158936003223065 7.7314729019999495 8.0539107527583855 63.925299387425184 27.682180711999536 32.646770492196083 16.609958831220869 4.8564174324274054 66.567858647555113 3.91209460608661 5.5412363708019257 8.0727106202393752
leaf_count=4794 1743 3647 29 72 7763 207 228 272 279 843 5527 498 359 203 1962 70 141 92 703 78 68 233 178 36 11311 25 244 531 198 420 53 147 219 376 152 8192 287 159 574 25 993 1230 78 107 38 63 69 165 60 789 258 126 84 441 189 216 110 26 1426 73 99 233
internal_value=0.000326184 -0.00429657 0.00248815 -0.0077935 -0.00581001 -0.000771558 -0.00454537 0.00321205 8.75225e-05 0.00130651 -0.0026318 -0.00568864 0.00497142 0.0118686 0.00365654 0.00649545 0.00590303 0.0191897 0.000884236 0.0238484 0.0109105 0.0200023 0.0291886 0.0361405 0.00144315 0.0189636 -0.00816161 -0.0103432 -0.000926244 0.00757803 0.0068805 0.019973 0.0226973 0.0128674 0.0329258 0.00522724 -0.0098888 -0.00053773 -0.00487739 0.040957 0.00593791 0.00280944 0.0221162 0.018171 0.041671 0.046966 -0.0137363 0.0277685 -0.00641356 0.00353569 0.00658285 0.0133574 0.00200814 0.00164263 0.00107423 0.0104787 0.0139968 0.020995 -0.00271417 -0.00903834 0.00964006 0.0304796
internal_weight=3691.88 1174.85 2517.03 651.389 551.298 263.87 232.419 2284.61 523.461 1341.85 249.485 198.781 83.6982 54.8055 324.68 242.573 942.76 40.7094 1314.2 14.3852 163.344 52.4085 30.1246 24.9224 1249.96 39.7248 65.7076 287.428 60.2368 36.3275 40.7192 15.4502 36.8933 28.5791 11.2332 903.036 148.721 47.403 220.906 9.01175 110.935 97.8766 13.0586 27.6447 21.9217 18.6751 48.9647 26.7769 203.584 40.4775 33.8673 24.8904 1184.25 1154.73 1090.81 60.329 29.5203 21.4664 79.2295 158.062 9.45333 10.1487
internal_count=59811 32970 26841 21566 16772 7860 3620 23221 11404 14615 7533 4517 1047 688 6887 4925 8606 485 14236 327 3220 616 383 315 13393 273 1016 8912 1149 618 698 200 244 583 255 8333 2573 830 6950 177 2604 2223 381 379 279 241 772 257 6376 849 543 384 12377 12157 11716 405 220 136 1705 3819 172 303
is_linear=0
shrinkage=0.03


Tree=80
num_leaves=63
num_cat=0
split_feature=3 32 8 17 21 12 4 9 2 8 33 11 3 34 6 21 14 2 13 18 25 17 3 14 9 4 21 20 24 21 25 25 20 25 32 12 29 8 3 8 29 11 6 10 31 11 30 4 13 9 12 21 6 7 11 24 12 9 21 12 8 10
split_gain=36.9377 19.7283 13.1608 12.999 12.734 12.6132 11.6553 10.5586 10.2497 12.2459 10.1797 8.85056 8.76264 9.34945 8.71858 8.64573 9.73956 9.4032 8.61058 14.1452 10.6874 8.35041 8.55112 8.28109 8.20695 8.17178 7.71832 8.28029 7.58576 8.66481 7.45085 6.9345 6.86739 10.0951 9.15215 9.06424 7.3561 7.35247 6.8592 7.42475 6.71081 8.20786 6.70732 6.69284 7.20488 8.45682 7.88143 8.42015 7.10081 10.3146 6.67022 6.6605 6.65121 7.03022 6.59975 8.67768 6.46693 6.37417 6.00072 5.99775 5.97108 5.95201
threshold=-0.42061558365821833 15.500000000000002 -0.54912319779396046 0.13502205908298495 0.7952142357826234 0.8471064865589143 -0.46991141140460962 -0.61529108881950367 -0.29719716310501093 0.33667333424091345 1.0000000180025095e-35 0.036560259759426124 1.2974110245704653 2.5000000000000004 -1.0034729242324827 -0.14217275381088254 -0.094809271395206438 1.7691940665245058 -0.16117478162050244 -0.25409944355487818 0.54386845231056224 -0.86589622497558583 -1.6285080313682554 0.47093339264392858 -1.5803926587104795 0.062171373516321189 1.0244275927543642 -1.4073493480682371 -0.71470084786415089 1.3856074810028078 2.6074717044830327 -0.48031878471374506 -0.19316029548645017 -1.0000000180025095e-35 9.5000000000000018 0.81636804342269909 0.32291667163372045 1.2273285388946535 0.90905573964118969 -0.21593847870826718 0.68990385532379161 -0.30170240998268122 0.013712045270949604 0.34527760744094854 0.78571429848670971 -0.32677510380744929 -4.0833332538604727 0.88692310452461254 0.77618724107742321 0.83403253555297863 0.94375747442245495 1.7157173752784731 0.61455959081649791 0.17512354999780658 -0.55980283021926869 -0.8272317349910735 0.54727965593338024 0.67311069369316112 -1.4592373967170713 1.0000000180025095e-35 1.867189407348633 -0.028835852630436417
decision_type=2 2 2 2 2 2 2 2 2 2 2 2 2 2 2 2 2 2 2 2 2 2 2 2 2 2 2 2 2 2 2 2 2 2 2 2 2 2 2 2 2 2 2 2 2 2 2 2 2 2 2 2 2 2 2 2 2 2 2 2 2 2
left_child=3 2 12 8 23 24 38 11 -1 14 30 -8 -2 -14 -10 16 -9 -17 31 -20 21 -21 -23 32 -6 -25 27 -13 -16 -30 58 61 40 54 36 37 -35 -36 51 57 41 -4 -42 44 45 -15 -47 48 49 -48 -7 -3 -52 -54 55 -34 -46 -40 -5 -45 -60 -11
right_child=1 6 4 10 5 50 7 15 9 18 -12 26 13 43 28 17 -18 -19 19 20 -22 22 -24 25 -26 -27 -28 -29 29 -31 -32 -33 33 34 35 -37 -38 -39 39 -41 42 -43 -44 59 56 46 47 -49 -50 -51 52 -53 53 -55 -56 -57 -58 -59 60 -61 -62 -63
leaf_value=-0.015796723926520484 -0.00259423031851803 -0.016032304214479116 -0.015269882759489839 -0.010994335325779311 -0.0050437759113931011 -0.01250445345524826 -0.013161163567723419 0.0056740501079737739 -0.02179314954363331 -0.010536201846739094 -0.012549006153265716 0.016169884783552396 -0.0046813382127407575 -0.0062938941500388229 0.012325416078561319 0.0024881933175969523 -0.0077472022043370567 0.023180166546786399 -0.0052277214758740557 -0.0047883350808386859 -0.014076343514723044 -0.0086743262638053296 0.026930098558343163 -0.0059722530613883157 0.013915628011450626 0.0082742214788011706 0.013065628490568309 -0.0062484094559034321 -0.01030345019868523 0.013099663697874993 -0.015184374049222548 -0.010198877745297319 -0.0058622889735049435 -0.0081254516970629635 -0.01177796178046139 0.0078834838648972477 0.019336616262170269 0.0068397994044270549 0.014201847184763991 -0.013026181896117987 0.001483275059846268 0.0076265739727917232 0.022143221337725109 0.019246644785433795 -0.016328059262014746 -0.005323290303378244 0.048049400576648894 0.00073314828558358009 0.0068275401784320183 -0.0011061318899669797 0.019697928093911545 0.015152526098894056 0.014832075687690129 -0.007557800155406488 0.0056641730308392008 0.035325622407996971 0.012273503238573649 -0.011349948412488422 0.015797035787499657 -0.0082628261499431196 -0.0054654092325385952 0.023150073250796564
leaf_weight=106.76241541467607 336.28143197763711 78.263181618414819 11.107515833340583 7.0685177892446509 19.534032186493278 22.70013714954257 79.759576919488609 66.209924654103816 42.681664222851396 3.9854264315217733 24.217604979872704 11.808167692273853 47.581416074186563 7.3725938126444808 12.436423195526002 789.99951700586826 152.34629188012332 15.38139430247247 64.638455796055496 10.023816150613127 7.0323199070990077 4.5648153796792021 43.235553943552077 128.84904855582863 312.33845238760114 44.899104919284582 23.689023233950138 132.46898034214973 184.99561372492462 11.178418694064019 7.2402569800615302 82.289993011392653 4.641471982002261 9.3341027628630382 102.82076769229025 34.805890644900501 23.672602165490389 19.74205338023603 26.673394091427326 20.830157589167356 19.996942540630698 126.5596533101052 50.465424621477723 4.5597174204885986 7.9920311048626926 5.5404522418975821 21.748172815889124 8.4819878563284856 9.3320190161466581 4.2275459840893737 14.637737911194561 2.8037219494581214 13.120393350720404 36.660919569432735 91.311794426292181 11.432312518358229 10.743287019431589 7.9356239996850482 69.279508788138628 23.304112710058689 11.572462320327757 7.1933598285540921
leaf_count=4212 5193 2089 224 189 205 185 1660 1004 2195 141 476 202 369 78 526 8753 2853 107 1991 381 129 170 1274 2188 2635 510 178 1764 5703 269 88 2541 127 69 1233 356 185 225 334 295 413 1497 504 32 62 44 172 48 67 31 172 47 90 230 1041 185 71 97 1222 170 156 220
internal_value=0.000464846 0.00191712 0.00420656 -0.00571275 0.00601949 0.01011 -0.000666856 0.000241051 -0.00755501 -0.00555423 0.00319688 -0.0052542 9.85015e-05 0.00599064 -0.0100272 0.00158961 -0.00364537 0.00302396 -0.000403554 0.00454039 0.013953 0.0182108 0.0230305 0.00344229 0.0127414 -0.00216228 -0.00122762 -0.00393346 -0.00716616 -0.00867745 0.00763048 -0.00713582 0.0053695 0.00238002 -0.00178584 -0.00484619 0.0115232 -0.00862852 -0.0088344 -0.000553719 0.00949024 0.00530879 0.0167668 0.0108954 0.0152897 0.0202387 0.0244184 0.0283413 0.0340599 0.0411621 -6.1379e-05 -0.0141361 0.00490818 -0.000841562 0.00951623 0.0248631 -0.000796676 0.00764982 0.0102253 -0.00151776 0.0126126 0.0115957
internal_weight=3694.36 2993.96 1585.8 700.397 1098.63 418.992 1408.17 1271.66 581.018 474.256 119.378 247.726 487.165 150.883 251.292 1023.94 218.556 805.381 222.964 129.495 64.8565 57.8242 47.8004 679.639 331.872 173.748 167.966 144.277 208.61 196.174 95.1607 93.4688 505.891 297.761 190.375 157.369 33.0067 122.563 136.506 55.4392 208.13 137.667 70.4624 103.302 75.4381 56.7028 49.3302 43.7897 35.3077 25.9757 87.1192 81.0669 64.4191 49.7813 107.386 16.0738 18.7353 34.609 87.9205 27.8638 80.852 11.1788
internal_count=59877 37994 18611 21883 12274 3517 19383 16521 19752 15540 2131 3804 6337 1144 8693 12717 3857 8860 6847 3945 1954 1825 1444 8757 2840 2698 2144 1966 6498 5972 1655 2902 6059 3421 2068 1814 254 1458 2862 726 2638 1721 917 775 573 440 362 318 270 203 677 2136 492 320 1353 312 133 431 1567 202 1378 361
is_linear=0
shrinkage=0.03


Tree=81
num_leaves=63
num_cat=0
split_feature=15 32 23 25 11 17 25 8 7 6 7 20 12 11 12 8 4 7 18 3 12 12 7 32 3 14 8 10 6 4 24 30 33 19 6 8 20 2 23 14 10 23 27 15 25 2 13 16 10 7 16 16 13 20 7 22 12 33 3 8 10 10
split_gain=31.8999 24.3196 19.5339 15.5837 12.4178 10.2882 10.1473 9.89343 11.6802 9.72079 10.0427 9.56192 8.92398 8.72513 8.72316 8.28475 8.07512 8.04844 8.00343 7.39356 7.65634 7.14207 7.05546 6.9493 6.71399 6.68948 8.80461 8.23503 7.3902 6.65921 7.50748 7.49421 8.19024 7.29623 7.04324 9.5684 7.70506 6.42897 7.55377 11.5475 8.1845 9.33229 8.81969 8.54394 8.41872 7.303 7.14786 6.93481 6.83712 6.73477 6.59248 12.2107 7.57479 8.84082 8.92684 7.81214 7.41133 6.93508 11.2291 7.70023 6.90071 9.56075
threshold=-1.0622653365135191 11.500000000000002 0.24323514103889468 -0.37755309045314783 0.63317885994911205 0.72698989510536205 1.665272653102875 0.57213476300239574 0.20366187393665316 0.5097789764404298 0.72583124041557323 0.94490996003150951 0.069199059158563628 -1.289753198623657 0.55126884579658519 -0.26163959503173823 -0.21817633509635923 -0.048996914178133004 0.80353301763534557 -0.94918426871299733 0.99326458573341381 0.32185603678226476 -0.22651425749063489 9.5000000000000018 1.0756298303604128 -1.0704640746116636 1.3302729129791262 -0.2159721031785011 -0.83271804451942433 -0.56525394320487965 0.80774500966072094 -3.7749999761581416 2.5000000000000004 -1.4972182512283323 1.3127656579017641 0.18539299070835116 0.0096291690133512037 1.1341597437858584 0.54429334402084362 0.49164715409278875 0.49774681031703955 0.41017347574234014 7.5000000000000009 0.9572044610977174 0.54386845231056224 0.95958691835403453 0.61391496658325206 -0.43029090762138361 0.22621353715658191 -0.74332183599472035 0.15750233083963397 0.3150652945041657 0.099796343594789519 0.82642474770545971 0.6683173179626466 1.3489745259284975 1.1941973567008974 1.0000000180025095e-35 1.3360965847969057 -0.34270763397216791 -0.81433650851249684 -1.059039771556854
decision_type=2 2 2 2 2 2 2 2 2 2 2 2 2 2 2 2 2 2 2 2 2 2 2 2 2 2 2 2 2 2 2 2 2 2 2 2 2 2 2 2 2 2 2 2 2 2 2 2 2 2 2 2 2 2 2 2 2 2 2 2 2 2
left_child=4 7 3 9 -1 15 13 11 17 10 14 18 -11 -4 -3 -5 -17 -9 21 -12 -21 -2 -16 -23 -25 26 -18 28 -27 30 -15 33 37 -31 35 36 -32 38 39 40 42 -42 43 47 46 49 -43 -33 -44 -40 -51 -52 53 60 55 -55 -56 -54 59 -59 61 -53
right_child=1 2 6 5 -6 -7 -8 8 -10 12 19 -13 -14 29 22 16 25 -19 -20 20 -22 23 -24 24 -26 27 -28 -29 -30 31 34 32 -34 -35 -36 -37 -38 -39 45 -41 41 44 48 -45 -46 -47 -48 -49 -50 50 51 52 57 54 56 -57 -58 58 -60 -61 -62 -63
leaf_value=-0.015405185985676095 0.0080318569931463052 -0.009323542575979938 -0.0090916377242894596 -0.012652783036539829 0.0034923068663864887 0.0052043059560830463 -0.004641938530267788 0.0078768120524771081 0.01796021192630326 0.039169251455525952 -0.010607957650122934 0.01154853472772968 0.0017907857757033787 -0.010527814138784246 0.017874735689327782 -0.013981880694661671 0.015233580326430482 -0.012381680187953426 -0.016110500935628078 0.021951991710470995 -0.01283663161974731 0.0051198062509036617 -0.0044817888628255198 -0.012295694754260903 0.0039849041621956589 -0.010843572425150716 -0.012759668927904115 -0.0090658900338643263 0.0083224233668569292 0.020397963050079949 -0.0033717950212124106 0.018749881730818686 0.024068932191498738 -0.0036320493707924003 -0.0092804247986100798 -0.0069016713908432803 0.027719970662522481 0.0098629522214110001 -0.0045633748974826397 -0.0031246482568650226 0.0058822763938611022 0.043614299083406069 0.029538988572639681 0.017848123856785674 -0.0046000014350283461 -0.0098921875847619543 0.00062252593077192944 -0.0042255662633631152 -0.010227144331035238 0.0097985138730772251 -0.011846423270978391 -0.0025089322333329738 0.0046389214095206863 0.015661735356625898 -0.0040438089688248019 -0.0053968294693854052 0.018903746597016914 0.019940793927312454 0.030212540866361461 -0.0092399076318079049 -0.0042182464805493834 0.020314510200412837
leaf_weight=145.50628852378577 110.67997450288385 80.095087717287242 55.515738805755973 200.57104481570423 37.454284509643912 56.294988412410021 216.30918372608721 77.352893835864961 116.12118898518384 7.2252492383122471 6.9430965101346365 98.380997477099299 11.806575210765002 67.745023068040609 19.984963668510318 62.250094084069133 32.213463126681745 17.718303648754954 17.996217479929328 32.817891298793256 3.336973048746585 72.826115367002785 22.630155822262168 62.036474253982306 31.537459405139089 20.496788335032761 9.6130444556474668 126.21405362058431 58.890817176550627 7.097317934036254 8.7022565212100762 8.6994427889585477 12.737664531916378 198.3630790784955 22.627596024423838 17.162072658538818 19.753040665760636 125.40781357884407 111.27747557125986 65.301839599385858 25.296087335795164 19.355619054287679 16.21672205999494 22.609319433569908 3.8683521486818782 41.20277557708323 4.2315025832504025 81.994581179693341 2.1573782209306946 111.62934845685959 47.74929516017437 39.878192715346813 266.32520801015198 81.17458457686007 83.636669218540192 16.792846733704209 9.7866591680794937 7.9894331805408028 22.044371537864208 16.92298936471343 269.60117204859853 22.109951607882977
leaf_count=7050 1544 2186 864 6125 1154 947 2370 974 989 107 254 879 179 1377 528 2355 830 196 440 696 68 765 540 874 229 772 243 3550 1457 112 136 152 121 2266 212 245 248 890 1567 1060 381 266 227 217 50 320 50 1228 30 1384 564 412 2411 642 637 145 71 75 134 179 2651 203
internal_value=0.0004951 0.00113917 -5.58723e-06 -0.0041532 -0.0115466 -0.00660704 0.00145069 0.00658589 0.0117615 0.00334386 0.000736774 0.00369509 0.0211782 0.00214271 -0.00368507 -0.00794802 -0.00474824 0.00367126 0.000927889 0.0124011 0.0175717 0.00230047 0.00677867 -0.00163481 -0.0068848 -0.00219423 0.00812439 -0.00443644 0.00302474 0.00249817 -0.00379633 0.00299917 0.00371823 -0.00233709 0.00314836 0.00962114 0.0191286 0.00346987 0.0028632 0.00754249 0.0113022 0.0208724 0.006845 0.00322929 0.0316497 0.00181711 0.0373595 -0.00115721 0.023681 0.00229549 0.00308104 0.00218244 0.00304912 0.000819952 0.00587158 0.0119653 -0.000801705 0.00669906 0.0168127 0.00188728 -0.00213972 0.0065404
internal_weight=3688.27 3505.31 2900.66 751.384 182.961 566.544 2149.27 604.65 211.192 184.84 165.808 393.457 19.0318 1932.96 122.71 510.249 309.678 95.0712 295.076 43.098 36.1549 277.08 42.6151 166.4 93.5739 247.428 41.8265 205.602 79.3876 1877.45 135.99 1741.46 1536 205.46 68.245 45.6174 28.4553 1523.26 1397.85 249.731 184.429 52.7516 131.677 113.303 27.4555 1148.12 23.5871 90.694 18.3741 1106.92 995.641 884.011 836.262 522.98 191.391 97.9674 93.4233 313.282 46.9568 24.9124 331.589 61.9881
internal_count=59828 51624 44734 20837 8204 16279 23897 6890 2159 4558 4272 4731 286 21527 3254 15332 9207 1170 3852 1018 764 3412 1068 1868 1103 6852 1073 5779 2229 20663 2218 18445 16067 2378 841 629 384 15946 15056 3661 2601 747 1854 1597 366 11395 316 1380 257 11075 9508 8124 7560 4761 1495 787 708 2799 388 254 3266 615
is_linear=0
shrinkage=0.03


Tree=82
num_leaves=63
num_cat=0
split_feature=15 4 3 3 9 14 11 6 31 7 5 16 32 8 8 8 6 8 14 7 2 15 26 26 22 9 7 7 7 23 12 4 14 9 8 12 9 22 26 2 11 16 13 32 22 22 16 22 15 22 14 31 26 15 12 6 23 2 23 22 12 22
split_gain=39.064 21.4684 16.4946 13.4399 13.0069 10.9069 10.6327 11.5321 10.0462 9.5848 10.4244 9.09548 8.44676 9.56321 8.03716 8.56209 8.8063 8.48458 10.4729 7.8875 7.774 8.70308 7.64071 8.39317 7.44527 10.3783 8.61507 7.29778 10.2436 7.47092 7.06528 6.96894 6.7286 6.55173 8.57535 6.52378 6.30091 6.25428 6.19691 7.51189 9.2281 6.571 9.61922 6.6973 6.25354 6.14923 6.04179 6.72442 5.90394 5.77143 6.8217 8.14445 6.58942 5.72905 5.70684 5.65041 13.8665 7.04068 6.09035 8.4591 7.92861 8.3648
threshold=-0.33441953361034388 -0.013657241128385065 0.14172088354825976 1.1403037309646609 -2.1104872226715083 -1.7817230820655821 0.049944764003157623 -1.0304466485977171 0.6428571641445161 0.75122755765914928 1.1304299831390383 -0.38803222775459284 15.500000000000002 -0.17989873141050336 0.4097068458795548 0.61037188768386852 0.9314323663711549 0.91202846169471752 0.50077518820762645 -0.83758437633514393 1.5836554169654848 -0.16586381942033765 0.90322747826576244 1.1703364849090578 0.90357834100723278 0.5314791500568391 0.88840141892433178 0.73943787813186657 -1.0231593847274778 1.1271724700927737 -0.61168742179870594 0.67351880669593822 -2.8263701200485225 0.77471131086349498 1.2273285388946535 -0.551875740289688 -0.63227635622024525 0.43412087857723242 0.6665778160095216 0.040032675489783294 0.77945005893707286 0.23467655479907992 0.73289230465888988 17.500000000000004 1.1117325425148012 0.038869975134730346 1.0000000180025095e-35 -0.57004755735397328 -0.43990533053874964 0.59275949001312267 0.30193264782428747 1.0000000180025095e-35 0.60342898964881908 1.8544031381607058 1.0593443512916567 1.201640844345093 0.90495297312736522 0.61578992009162914 -0.55700504779815663 1.0000000180025095e-35 0.033414529636502273 -0.11838522925972937
decision_type=2 2 2 2 2 2 2 2 2 2 2 2 2 2 2 2 2 2 2 2 2 2 2 2 2 2 2 2 2 2 2 2 2 2 2 2 2 2 2 2 2 2 2 2 2 2 2 2 2 2 2 2 2 2 2 2 2 2 2 2 2 2
left_child=3 2 -2 12 32 19 7 -7 11 10 22 31 13 -1 20 -16 17 -17 27 -6 21 -10 -9 -24 49 26 -26 28 -19 -30 -4 -8 -3 34 -21 -28 -37 -18 41 40 -40 42 43 44 -32 -5 54 -48 -49 50 51 -11 -53 -36 -15 58 57 -57 59 60 -13 -62
right_child=1 4 30 45 5 6 8 9 14 24 -12 55 -14 46 15 16 37 18 -20 33 -22 -23 23 -25 25 -27 35 -29 29 -31 38 -33 -34 -35 53 36 -38 -39 39 -41 -42 -43 -44 -45 -46 -47 47 48 -50 -51 -52 52 -54 -55 -56 56 -58 -59 -60 -61 61 -63
leaf_value=-0.011230757777215461 -0.011953813181154613 0.01125079365464257 -0.010711313821413002 -0.0036004530047315255 -0.0084071112449195361 -0.013680172957438178 0.0068730117835462011 -0.0052643102087221701 0.02813288743187034 0.018980040682407131 0.013335182150624854 0.0028269007186436539 -0.013740041886347601 -0.0075260475239495341 0.029579309756817704 -0.00041879846061260357 -0.0073051464364884957 -0.0041467222517707972 -0.0076755851180266071 0.0083136381128593919 0.025908344876422351 0.001960461306296768 0.014757109699740293 -0.0061730355470157022 -0.0073046810689226934 -0.00034670937341414509 0.001889889368982794 0.0017658431879126182 0.048406327541161441 -0.0027966991650606177 0.03346602083083889 0.031737399477042121 -0.014364653518757127 -0.0037223101377798318 0.027105559855078103 0.0029962800884502034 0.030320489692632829 0.018827801607551181 -0.0083644922361124224 -0.012317691238580248 0.024840817201633537 0.0016121714252063865 -0.013181258109351182 -0.01023672708576805 -0.0038100512054956479 0.017047725813401481 -0.0080782409295956457 0.020163817964170872 -0.0079456821729572812 -0.0078467747230593823 -0.0060882901936624807 0.0080146344650958989 -0.019864891320604827 -0.0038253688789527608 0.016885229538743985 0.023423745530246721 0.0022714956298970179 -0.0041099631258614449 -0.00053480262198864865 -0.010384391021627882 0.004005153270456017 0.045033429043124726
leaf_weight=113.05846402328461 167.21839505806565 7.1000290773808947 46.179746920242906 22.346843475475907 18.04675464797765 53.17018536105752 46.618662277236581 370.48601689375937 7.0798601042479268 32.863635763525963 30.295206993818283 22.056927500292659 209.59535977430642 62.818500795401633 21.642521759495139 18.767916470766068 32.805060010403395 3.8841565474867812 6.0370338242501012 140.79851917736232 9.6441485658287984 239.30343512445688 34.49881605617702 26.761787002906203 9.1369104869663698 53.345489762723446 14.433831928297876 7.3520859386771908 18.521250100806363 2.2873775474727145 18.661717424169193 9.7826881073415262 54.453841554000974 23.383092949166894 38.395453657023609 10.610261326655744 38.875305891036987 5.5740635730326167 12.513437421992423 47.889361452311277 8.8965003006160241 179.30275684967637 4.9526741411536923 2.306798852980136 3.7401634138077489 21.851849345490336 12.146046788431702 28.287828195840117 5.5441809501498964 50.045754365622997 31.599625138565898 14.979164537042381 7.4908486846834412 4.8486369401216498 5.098419001325964 40.278883643448353 356.91206783056259 8.5978080853819829 775.54047540389001 10.660266602411864 8.6240205615758914 7.5383738800883284
leaf_count=4274 5143 51 710 377 235 1883 822 6383 124 393 340 510 8566 2478 238 230 262 64 80 1116 58 2314 527 442 112 594 172 97 235 22 298 111 828 195 312 125 385 42 194 582 101 2136 82 39 57 361 407 867 155 655 481 255 148 34 177 354 2451 60 8635 213 181 132
internal_value=9.52492e-05 0.00129083 -0.00444957 -0.00783556 0.00233275 0.00265557 0.00206103 -0.000827914 0.00341485 0.000201295 -0.00239633 0.00214181 -0.00943363 -0.00524613 0.00772078 0.014109 0.00929286 0.0163056 0.0236399 0.00890038 0.0045903 0.00325713 -0.00364022 0.00583788 0.00471798 0.0098197 0.0167899 0.0297793 0.0364182 0.0433265 -0.000459149 0.0134189 -0.0107867 0.0105686 0.0124348 0.0205141 0.0252745 -0.00177701 0.00140131 -0.0060938 0.00752404 0.00397125 0.0159422 0.0230157 0.0276829 0.00730308 0.000917011 0.00880612 0.0151274 -0.000169821 0.00443605 0.0104527 -0.00320363 0.0236005 -0.00466135 0.00157256 0.00444705 0.0186484 0.000139425 0.00989386 0.016097 0.02926
internal_weight=3697.54 3216.79 491.662 480.747 2725.13 2663.57 2438.1 778.593 1659.51 725.423 462.042 1286.61 436.549 226.953 372.899 116.871 95.2289 56.8498 38.0819 225.472 256.027 246.383 431.747 61.2606 263.381 126.402 73.0563 32.0449 24.6928 20.8086 324.443 56.4014 61.5539 207.426 184.043 63.9194 49.4856 38.3791 278.263 69.2993 21.4099 208.964 29.6614 24.7087 22.4019 44.1987 113.895 45.9781 33.832 136.979 86.9333 55.3336 22.47 43.2441 67.9169 1230.21 405.789 48.8767 824.42 48.8796 38.2193 16.1624
internal_count=59905 42243 9342 17662 32901 32022 30130 12895 17235 11012 7692 13469 16924 8358 3766 1270 1032 728 498 1892 2496 2438 7352 969 3320 1388 794 418 321 257 4199 933 879 1657 1462 682 510 304 3489 877 295 2612 476 394 355 738 4084 1429 1022 1932 1277 796 403 346 2655 12536 2865 414 9671 1036 823 313
is_linear=0
shrinkage=0.03


Tree=83
num_leaves=63
num_cat=0
split_feature=3 5 9 8 24 15 32 17 2 25 15 25 22 3 9 12 18 25 23 6 10 9 3 8 16 5 32 24 7 2 7 8 32 27 12 31 1 1 25 16 15 17 25 12 22 8 17 27 0 6 16 7 3 8 1 10 16 19 16 8 12 9
split_gain=33.3433 14.5136 11.6588 10.1245 10.3766 9.55271 9.22527 9.92181 8.83854 8.34923 7.98871 7.41614 7.38094 7.17922 11.9022 10.0514 8.31672 8.62397 8.08338 7.67043 7.1262 6.9531 7.98306 6.94719 6.87664 6.86962 6.85164 6.63221 6.40744 6.84916 6.6499 6.36222 7.62865 7.35776 6.16095 5.98429 8.55852 7.64852 13.0253 7.57576 8.00756 7.54043 7.27724 8.98266 8.74645 7.76998 7.63413 7.2266 10.7095 7.97594 12.1296 10.012 10.3916 7.56177 6.69545 6.67583 6.57735 6.5506 6.52667 6.42886 6.38775 7.06544
threshold=-0.44343279302120203 -0.42819893360137934 -2.0064330101013179 0.099043894559144988 1.2289209961891177 1.2889174818992617 11.500000000000002 1.8419355750083926 -0.084566995501518236 -0.55705916881561268 -0.70932689309120167 -0.40824557840824122 -2.1659055948257442 -1.1322949528694151 1.1163510680198672 -1.1544341444969175 -1.0000000180025095e-35 -0.11852892860770224 0.32269875705242163 -0.98886486887931813 -0.028835852630436417 0.58528757095336925 -0.97545635700225819 0.76844340562820446 -0.7170794904232024 0.71292531490325939 12.500000000000002 -0.64478307962417591 0.3483444750308991 -0.12336368858814238 1.1894072890281679 -0.36271837353706354 7.5000000000000009 3.5000000000000004 -1.1831317543983457 0.5000000149011613 -0.0093692927621304972 1.0423846244812014 0.25834591686725622 0.069720093160867705 1.4694843888282778 1.6455517411231997 -0.0082805575802922231 -1.458899140357971 -0.021890838630497452 -1.2036213278770445 1.4143499732017519 2.5000000000000004 0.27386207878589636 -0.22558667510747907 0.45322726666927343 -0.68454545736312855 0.33757752180099493 0.76844340562820446 -1.9970443844795225 1.1333757638931277 0.53058320283889782 1.0157214403152468 0.64098006486892711 -0.94381716847419728 -3.5252015722176479e-16 -0.77249959111213673
decision_type=2 2 2 2 2 2 2 2 2 2 2 2 2 2 2 2 2 2 2 2 2 2 2 2 2 2 2 2 2 2 2 2 2 2 2 2 2 2 2 2 2 2 2 2 2 2 2 2 2 2 2 2 2 2 2 2 2 2 2 2 2 2
left_child=1 -1 5 4 11 12 8 10 -4 27 -8 28 -2 15 16 23 21 20 19 -19 -18 22 -15 -5 -16 -22 -17 -10 29 -3 -30 -11 -33 -34 -26 37 54 47 39 -39 41 -41 45 44 -44 -38 55 48 49 51 -51 -12 -53 57 -37 -45 -47 58 -52 -48 -58 -62
right_child=2 3 6 13 -6 -7 7 -9 9 31 35 -13 -14 14 24 26 17 18 -20 -21 25 -23 -24 -25 34 -27 -28 -29 30 -31 -32 32 33 -35 -36 36 42 38 -40 40 -42 -43 43 46 -46 56 59 -49 -50 50 53 52 -54 -55 -56 -57 60 -59 -60 -61 61 -63
leaf_value=-0.016201269389047132 0.018988402145986846 0.017853358749411342 -0.0079185152324922625 0.026032272072823968 0.02075440713641891 0.008220074640195826 -0.0073826948473198145 0.0069050217738822247 0.00090982144696014045 0.00016771083832103114 -0.0082983694693991028 -0.012051137611807726 -0.014282557009544504 0.01654213732785359 -0.0095175911372807898 0.0033787898306895359 -0.0011534642985058152 -0.010457375230607878 -0.011339228183677814 0.016042327592380022 0.035366670027651433 -0.016500107604988958 -0.0049046316305056169 -0.0023935085240316852 -0.0054739666304537294 -0.0053947222771396561 -0.015198637223692959 0.027757720765303282 0.030677631047666021 -0.013610570446849062 -0.0062522494135434856 0.02155774548413069 -0.0018374736452757068 0.0091928579852392483 0.038097036501969779 0.020237541743501095 0.022592339192709875 -0.0081656397341851004 -0.0096139454359363118 0.019232466220129703 -0.0058491178720838487 -0.011807024778043396 -0.0084360597171948722 -0.0025454469320363052 0.028219120227823448 0.0014042938169875853 0.028733809180103074 -0.0024411172471538773 -0.0077313709450701935 -0.0066948788003710529 0.021479790077849288 0.036344850200663907 0.0046548584333205118 -0.0050512176984547187 -0.012012166046626397 0.010304996566251536 -0.0022694858510096602 -0.01233141161014022 0.0066683159080999973 0.0037943095374657035 -0.0040319882592806909 0.022722365148955419
leaf_weight=99.84449197165668 2.2046273099258533 3.6814490193501141 36.609453761950135 7.6633028192445662 5.8404518272727719 22.143819332122803 107.36098078265786 229.62624507583678 12.196271084249018 143.5150604378432 9.4466798435896617 196.21383458189666 83.454532991163433 14.894084351137279 2.2154296897351751 21.27895993925631 10.023212210275235 9.934630065225063 25.808613140136003 28.406068514101207 14.727151116356255 28.721964443102479 67.732469506561756 17.986415613442659 2.1799806784838429 3.1073818085715166 70.926813680678606 23.312438989058137 6.2158412309363467 19.288405533879995 4.8703974103555083 28.421013252809644 74.795935435220599 181.42144470196217 10.880054784938689 2.0127075370401135 26.511161031201482 13.087607448920606 32.193509111180902 80.419529715552926 13.671970807015894 4.4064763896167269 5.5445679314434555 297.37735443282872 15.480396043509243 111.65303830616176 9.4099972024559957 906.78065006434917 68.070851664990187 77.534587759524584 40.672039046883583 17.561684986576438 18.737397966906428 32.128814982250333 43.500451870262623 36.400440286844969 17.365775674581528 6.6594712473452082 82.752491323277354 31.696235653012991 9.2793216593563539 41.981763698160648
leaf_count=4064 40 139 474 270 87 155 3644 1634 215 1549 229 6648 1650 405 92 493 286 454 402 739 362 770 1719 596 54 62 2358 236 214 715 181 197 643 1604 238 38 337 182 330 711 78 28 118 3662 227 1550 66 12145 813 1123 489 417 322 306 830 433 239 67 775 233 106 469
internal_value=0.000104052 -0.00590797 0.00146039 -0.0039884 -0.00868105 -0.0080089 0.00182689 0.00104561 0.00551102 0.00664454 0.000408113 -0.00985285 -0.0124262 -0.000616702 0.00259338 -0.00643485 0.00039814 0.00687585 0.000439457 0.0087616 0.019375 -0.00501984 -0.000315376 0.00896049 0.0245127 0.0286385 -0.0109581 0.0197867 0.00273395 -0.00627769 0.0175531 0.00533878 0.00789814 0.00599931 0.0313222 0.000832614 0.00320489 -0.000270031 0.00616537 0.0109349 0.0137447 0.0170526 0.00417007 0.00174409 0.018789 0.00866387 0.000553424 -0.00102564 0.00258804 0.00513925 0.00278779 0.015974 0.0225307 0.00738498 -0.00872397 -0.00101262 0.0060612 0.0105298 0.0121954 0.0120004 0.0130279 0.0179514
internal_weight=3669.84 672.441 2997.4 572.597 236.11 107.803 2889.6 2389.32 500.272 463.662 2159.7 230.27 85.6592 336.487 218.631 117.855 203.356 92.0071 64.1493 38.3407 27.8577 111.349 82.6266 25.6497 15.2755 17.8345 92.2058 35.5087 34.0561 22.9699 11.0862 428.153 284.638 256.217 13.06 2052.34 648.213 1404.12 143.779 111.586 98.498 84.826 602.7 395.909 21.025 206.791 374.884 1260.34 353.564 285.493 239.747 45.7458 36.2991 162.213 45.5132 333.778 180.28 130.084 123.425 41.1062 68.6269 51.2611
internal_count=59712 21348 38364 17284 7984 1845 36519 31601 4918 4444 29967 7897 1690 9300 5583 3717 5199 2305 1595 1193 710 2894 2124 866 384 424 2851 451 1249 854 395 3993 2444 2247 292 26323 8308 18015 1329 999 817 739 7440 4739 345 2701 4394 16686 4541 3728 2760 968 739 1637 868 4095 2364 1331 1264 299 814 575
is_linear=0
shrinkage=0.03


Tree=84
num_leaves=63
num_cat=0
split_feature=6 4 32 11 11 21 25 16 14 13 4 15 15 16 14 8 4 4 23 14 26 5 26 8 25 14 31 10 11 10 32 15 10 23 23 7 11 14 13 2 14 13 10 13 0 11 30 0 5 22 8 10 6 10 23 21 26 27 32 8 14 10
split_gain=28.8065 16.454 15.8948 12.3721 11.364 12.8288 10.8243 10.7731 10.7356 10.5433 9.88403 9.68406 9.83912 9.31076 10.8676 9.18981 8.84921 8.32728 10.3199 7.93935 7.67511 7.47765 7.18089 7.52579 7.08359 7.56921 8.00629 6.90035 7.3048 8.23257 9.13221 6.88151 6.7491 6.72877 7.56777 7.05663 7.73043 8.93353 9.79453 6.67775 6.66834 6.92779 6.56098 8.69949 6.53931 6.4802 6.45266 7.42721 6.35464 6.34878 6.3142 6.30286 6.24589 6.08542 6.07245 5.96176 5.9588 5.72428 6.54965 5.68861 5.64934 5.61165
threshold=-1.0870629549026487 -0.037920959293842309 9.5000000000000018 -0.072313152253627763 -0.61370083689689625 1.0244275927543642 -0.018762397579848763 0.34108865261077886 -1.0000000180025095e-35 -2.2299249172210689 2.5858197212219243 0.82950487732887279 0.90859434008598339 -0.38803222775459284 0.42620393633842474 -0.072338536381721483 0.10340107604861261 1.0026745796203616 0.79597467184066784 -0.94694581627845753 0.45667062699794775 -1.0156213045120237 -1.2101056575775144 0.9864204227924348 -0.69682997465133656 -0.91759115457534779 0.5000000149011613 -0.38558237254619593 -0.46876958012580866 0.79477289319038402 15.500000000000002 0.70078271627426159 -1.0759878158569334 -0.1682174280285835 0.61792618036270153 1.0780563950538637 0.27024970948696142 0.15916776657104495 0.2985550612211228 -0.010033368598669766 0.059922223910689361 -0.79414671659469593 -0.89583823084831227 -0.3644759058952331 1.1033436059951784 1.3026249408721926 -3.7321428060531612 1.2548713088035586 -0.82393279671668995 -0.40130424499511713 0.23467507213354113 0.16004930436611178 1.3573565483093264 -0.028835852630436417 0.60902729630470287 0.62744286656379711 0.63271719217300426 3.5000000000000004 15.500000000000002 0.75508347153663646 -3.0694205760955806 1.5822163224220278
decision_type=2 2 2 2 2 2 2 2 2 2 2 2 2 2 2 2 2 2 2 2 2 2 2 2 2 2 2 2 2 2 2 2 2 2 2 2 2 2 2 2 2 2 2 2 2 2 2 2 2 2 2 2 2 2 2 2 2 2 2 2 2 2
left_child=3 7 13 55 6 9 8 20 19 -6 44 -10 -13 14 -3 -14 40 56 39 -4 21 -2 32 27 54 26 -26 48 -29 30 -30 -31 -9 -27 -35 36 -36 38 53 -19 41 50 43 -23 60 52 -39 59 -24 -34 -5 -12 -37 -38 -7 61 -8 58 -57 -48 -11 -1
right_child=1 2 4 16 5 24 17 22 11 10 51 12 15 -15 -16 -17 -18 18 -20 -21 -22 42 23 -25 25 33 -28 28 29 31 -32 -33 49 34 35 45 37 46 -40 -41 -42 -43 -44 -45 -46 -47 47 -49 -50 -51 -52 -53 -54 -55 -56 57 -58 -59 -60 -61 -62 -63
leaf_value=-0.019751751171163446 -0.017761296573165036 0.037080799142405758 0.0011580448440013957 -0.0076511082624136388 0.022498444186217523 0.039546227411984707 -0.012994880538722173 -0.014145336928526259 -0.0053132345801956858 0.010235287316184019 0.0024187194093874039 0.040037559631388116 0.018096044517765655 0.0071525796357486265 -0.0038894837866055541 -0.017933021077960049 0.011190054181259079 -0.0050604569387973355 -0.012609851709609593 0.027923056363305377 -0.016203536703394139 0.03463619552688775 0.008148200801202472 -0.013554384519244948 0.0061239920249996221 -0.015924839912427071 0.02331497282240955 -0.0086223790966808919 0.018704394038769473 -0.017477466298100122 0.00094707635855067118 0.0062229728949328884 -0.0067919373741794154 0.013159328753671531 -0.0075097332388115246 0.005560814204008782 -0.018402822992524107 -0.0073830484242010984 0.014195208164402251 0.029973700602384103 -0.012945192424718258 -0.003628741393132811 -0.0040795456826417335 -0.001723113755926772 0.0075714478256842894 -0.011327779532354271 0.019216421732274083 -0.0067981974962008467 -0.010394510082015935 0.022840697060737585 0.033207095149958961 0.027611870131098913 0.023736873530729345 0.00037329178917637078 -0.0060866110060194952 0.030264980635668712 -0.0011729588143505716 -0.010289332665260865 -0.0091873100494264358 -0.0041797825042674376 -0.00046217516087524867 0.0030612868374865288
leaf_weight=103.81194739416242 24.321512092836201 15.724447201937439 18.913270941004157 2.8244540737941852 15.179350994527338 4.9270716346800318 138.95083911065012 3.7484177825972429 111.40104754082859 40.760469706729054 18.285918865352869 4.1673063524067429 8.0502725690603256 206.92576562799513 6.8839484900236121 7.4545555934309933 28.837489460594952 5.2593187298625734 10.557402886450289 17.229162091389298 75.807883922941983 5.093779074028137 17.344424759037793 36.910558952949941 73.529072802513838 10.339331187307833 35.9927301350981 30.589673088863492 54.277488317340612 15.886674977838991 47.521650081500411 19.375152338296175 5.9070441601797965 68.552335057407618 80.312021235004067 51.33011544123292 29.32667925581336 14.305225469171999 15.254390645772217 10.751212522387506 57.855888156220317 48.545439717359841 92.768890204839408 13.26099112536758 100.28958769142628 7.8260183632373801 60.747253369539976 12.434235047549008 69.904424173757434 23.898662593215704 4.8303295839577913 14.719207011163233 24.224684879183769 28.022901065647602 1.960296709090471 3.8230091044679311 53.767114866524935 16.59837351180613 3.4873546054586768 9.0473758988082391 1524.6123381769285 9.2931263269856554
leaf_count=5205 887 237 250 83 246 48 3218 67 2789 337 130 44 89 1745 143 79 533 92 95 270 2343 153 330 619 482 203 218 619 674 313 700 196 112 777 697 357 177 101 89 137 1912 1278 2670 398 762 45 392 66 1054 352 119 103 126 166 16 129 1233 566 145 69 21785 476
internal_value=0.000383915 0.00115132 0.00205693 -0.00877977 0.00138636 0.00220594 -0.00333523 -0.00364643 0.00237946 0.000938669 0.000680546 -0.00175361 0.0153958 0.00954263 0.0261608 0.000624756 -0.00245291 -0.00764884 0.00709672 0.0157599 -0.00883627 -0.00428278 -0.000194028 -0.00177331 0.006271 0.00568758 0.0125448 0.000160584 0.00369685 0.006653 0.0108474 -0.00529932 0.0119893 0.00373486 0.00443098 0.00246507 -0.000113487 0.00351327 -0.0042764 0.0199997 -0.00622743 0.00118085 -0.00069502 0.0136222 0.000334369 0.00974933 0.00929401 0.0124522 -0.00646651 0.0168359 0.0210648 0.0158086 0.0125001 -0.009934 0.029461 -0.0150595 -0.00980971 -0.00114777 0.0153572 0.0161069 -0.000151924 -0.0178271
internal_weight=3674.54 3394.63 2858.01 279.907 2628.48 2241.98 386.502 536.617 167.216 1713.85 1698.67 131.073 19.6721 229.534 22.6084 15.5048 142.894 219.286 26.5679 36.1424 211.253 135.445 325.364 291.81 528.132 521.244 109.522 254.899 167.651 137.061 101.799 35.2618 33.5541 411.723 401.383 332.831 249.45 169.138 72.604 16.0105 114.056 56.2002 111.124 18.3548 1665.66 83.3808 96.5341 82.2289 87.2488 29.8057 7.65478 33.0051 75.5548 57.3496 6.88737 137.014 192.718 23.9087 7.31036 69.7946 1565.37 113.105
internal_count=59746 49300 37813 10446 35688 27392 8296 11487 3521 23363 23117 3001 212 2125 380 168 3925 4775 324 520 6451 4108 5036 4505 4029 3965 700 3886 2502 1883 1374 509 531 3265 3062 2285 1757 1060 432 229 3392 1480 3221 551 22884 528 628 527 1384 464 202 233 483 343 64 6521 4451 840 274 461 22122 5681
is_linear=0
shrinkage=0.03


Tree=85
num_leaves=63
num_cat=0
split_feature=3 32 14 32 14 24 3 16 5 6 25 22 14 25 8 26 10 14 31 31 24 18 21 5 3 7 1 22 7 31 22 14 21 14 16 1 29 26 32 10 25 26 14 20 15 5 7 3 26 13 3 16 10 26 26 26 14 32 3 3 3 8
split_gain=32.402 17.1969 14.3136 10.7959 10.0836 10.0745 9.48859 9.49276 8.64805 8.34366 8.42506 7.92034 7.81946 7.93273 11.1427 7.74239 8.53046 7.27724 9.5778 11.1012 10.6594 11.5096 8.44132 8.99061 8.30485 7.8983 7.74373 8.19159 7.90095 9.07071 9.24308 7.66664 7.22176 6.98922 12.2538 6.97028 7.27252 7.03153 6.96072 7.65798 8.59077 7.92978 7.00193 8.99377 9.2108 7.45115 7.87051 7.68346 7.277 6.89736 6.69274 6.67995 6.62142 9.61154 6.61326 6.61073 6.51271 6.3589 6.69329 8.70568 6.32722 6.31536
threshold=-0.44343279302120203 14.500000000000002 -0.90419462323188771 10.500000000000002 -1.8591957092285154 1.7264087796211245 1.9293065071105959 1.3702960014343264 1.0556914806365969 -0.51477232575416554 -0.47980779409408564 -0.096416007727384553 0.61778017878532421 -0.52157127857208241 -0.15617907792329785 -0.93347719311714161 0.074760224670171752 0.9616278111934663 0.5000000149011613 0.21428572386503222 0.44767670333385473 -0.27230566740036005 1.3856074810028078 -0.12708774954080579 0.99762001633644115 -0.89266744256019581 0.6825527846813203 0.010055993217974903 0.55190867185592662 -1.0000000180025095e-35 -0.75051265954971302 0.43654190003871923 1.1924432516098025 -1.0000000180025095e-35 0.43494336307048803 0.082948561757802977 0.42261904478073126 -0.45185631513595576 8.5000000000000018 -0.99484986066818226 0.32743325829505926 -1.1639166474342344 1.2651422023773196 -0.12623994797468183 0.65817347168922435 -0.12708774954080579 0.31961327791213995 1.2230356931686404 -0.38642202317714686 0.17026471346616748 1.2230356931686404 0.65004980564117443 -0.020924362353980538 0.37824055552482611 1.1703364849090578 0.68094950914382946 -1.0100318193435667 17.500000000000004 0.85275113582611095 1.7516152262687685 1.3553729653358462 -0.27428470551967615
decision_type=2 2 2 2 2 2 2 2 2 2 2 2 2 2 2 2 2 2 2 2 2 2 2 2 2 2 2 2 2 2 2 2 2 2 2 2 2 2 2 2 2 2 2 2 2 2 2 2 2 2 2 2 2 2 2 2 2 2 2 2 2 2
left_child=3 2 -2 15 -5 9 38 -8 12 -3 -11 -7 13 14 -6 16 -1 18 19 22 -20 25 23 35 -21 -22 27 28 54 30 -30 -26 -15 -28 -35 36 37 -12 61 -40 41 60 43 44 -43 -46 47 -47 -45 -24 52 -32 53 -23 -25 -29 -34 58 -13 -60 -41 -4
right_child=1 5 6 4 8 11 7 -9 -10 10 17 57 -14 32 -16 -17 -18 -19 20 24 21 50 49 26 31 -27 33 55 29 -31 51 -33 56 34 -36 -37 -38 -39 39 40 -42 42 -44 48 45 46 -48 -49 -50 -51 -52 -53 -54 -55 -56 -57 -58 -59 59 -61 -62 -63
leaf_value=0.036617042868973167 0.010452228836281234 -0.0068266037913884917 -0.001022037341839739 0.0049835109521072013 -0.01423675814506585 -0.0066725685185417237 0.019789372099935736 -0.0032867113387385076 0.0044542368127689063 0.0073781892261227831 0.030163022781930664 0.033144098630779141 -0.019500130194141933 -0.010441171489059365 0.015928767699343101 -0.00081099028610520489 -0.0020650293986108352 -0.0063612150485469598 -0.0056404468173064347 -0.01507560540241047 -0.0079185507672925644 0.025357041072422547 0.00116744684121686 -0.0035426771911194117 -0.0070983865339900101 0.014882984991934193 -0.0017853152271970747 -0.01039001384117927 -0.0095371491660181679 -0.0064591144637517021 0.031492320556131097 0.012992869274521797 0.022845742678812168 -0.007590401378730645 0.025335913787201292 -0.016913305518749928 -0.012056227607563568 -0.0031082913769143604 -0.0066014907301951949 0.015463090898730032 -0.0062223684696091595 0.00079058954314000895 0.012679792798569909 -0.0087238156710714113 -0.0095362477338225161 0.034982603442072158 5.6541882922190315e-05 0.0013426679695600608 0.00070825516466521275 0.017621806182720322 -0.008302652252758334 0.0075023681470505078 -0.0030665437641470925 -0.00065839064585264753 0.01539539439968049 0.0027082040456323361 -0.0040286362014241035 -0.0076031008995770168 -0.0056503553726189948 0.020935106585951446 -0.0030587791340973385 0.014347311656500843
leaf_weight=6.9273645645007482 241.49285213463008 198.61491682380438 36.45308427605778 50.966916643083096 13.191861500032244 17.31413053162396 46.661855429410934 21.427377469837666 39.545433363877237 112.1062319483608 5.6715505421161643 14.361618345603345 61.059300458058715 370.62678006757051 23.673417665995657 65.633148582652211 8.120118751190601 190.65858128108084 76.386596623808146 84.088054208084941 12.147157045081256 20.928665816783905 55.718605287373066 158.94078707695007 53.698496764525771 126.22339878417552 32.099350705742836 116.30037019774318 7.9705745186656705 19.694150555878878 21.35752803646028 19.156989030539989 6.5587600953876999 11.708349173888562 29.553767243400216 49.872438976541162 15.832975965924559 10.531477916985752 108.40681700501591 66.103986107744277 99.844903788529336 80.459945453330874 42.749028497375548 93.195960139855742 5.6132683865725985 23.764930319041014 12.45702241361141 8.2805180475115758 291.56855900865048 34.899961249902844 46.075550720095634 24.191917039453983 43.657893598079681 24.721013564616442 13.511118598282335 46.092967647127807 23.521077878773212 7.2035759836435309 17.267232153564692 19.308979690074921 19.739742644131184 62.365444934926927
leaf_count=193 1874 5484 426 864 526 154 302 101 987 1485 96 118 2558 12968 761 1625 197 2280 1544 1297 167 245 506 2145 409 1150 277 1575 89 202 262 171 134 154 261 741 278 185 1467 1001 1119 1663 575 1096 66 239 107 58 3595 319 343 193 517 279 163 617 636 51 107 93 147 514
internal_value=-3.70439e-05 0.00129766 0.00395794 -0.00597718 -0.00738191 -0.000637823 0.00237548 0.0127994 -0.00858805 -0.00113636 -0.000343669 0.00973381 -0.00965636 -0.00807796 0.00472322 0.00411258 0.0204341 -0.00100894 -0.000106503 -0.00189606 0.00400628 0.00675093 -0.000153463 -0.00153981 -0.00892813 0.012675 6.27277e-05 -0.00157818 0.00187524 0.00979188 0.0158128 -0.00132034 -0.00929937 0.00870829 0.0161823 -0.0104205 0.000605972 0.0129043 0.00156612 0.000668549 0.00176518 0.00304208 0.00168764 0.000662732 0.00731284 0.0167625 0.0207079 0.0276445 -0.00165894 0.00809461 0.000460398 0.0207533 0.00518192 0.0125945 -0.00166695 -0.00670243 0.00425223 0.014761 0.0183206 0.00921424 0.0112701 0.00890156
internal_weight=3668.28 2998.45 1260.59 669.824 589.144 1737.87 1019.09 68.0892 538.177 1662.41 1463.8 75.4555 498.631 437.572 36.8653 80.6806 15.0475 1351.69 1161.03 810.891 350.14 273.754 653.948 563.329 156.944 138.371 481.421 408.059 245.666 73.2142 53.52 72.8555 400.707 73.3615 41.2621 81.9084 32.036 16.203 951.003 852.185 743.778 643.933 558.089 515.34 130.576 50.1157 44.5025 32.0454 384.765 90.6186 135.383 45.5494 89.3076 45.6497 172.452 162.393 30.0798 58.1414 50.9378 36.5762 85.8437 98.8185
internal_count=59756 38307 14350 21449 19434 23957 12476 403 18570 23434 17950 523 17583 15025 1287 2015 390 16465 14185 9940 4245 2701 8063 7238 1877 1317 5938 5246 3054 746 544 580 13738 692 415 1300 559 281 12073 11133 9666 8547 7399 6824 2133 470 404 297 4691 825 1384 455 1041 524 2308 2192 770 369 318 200 1148 940
is_linear=0
shrinkage=0.03


Tree=86
num_leaves=63
num_cat=0
split_feature=3 11 32 6 4 3 0 26 14 9 14 9 9 5 7 23 11 9 2 32 8 28 32 20 4 26 32 15 17 23 12 15 26 9 23 12 23 21 5 14 31 6 8 16 17 14 14 9 17 20 17 4 16 32 31 17 17 9 15 23 14 9
split_gain=33.7887 16.9522 15.6236 15.9124 14.93 12.1325 10.3504 8.77967 8.13375 8.05311 7.62262 10.4598 9.3126 7.38489 7.27909 6.8054 6.78376 12.3067 6.78109 7.01611 11.8827 6.67558 7.87417 6.54408 6.45788 6.40082 9.12682 8.73315 6.95491 7.62271 6.94787 7.50503 9.68645 7.99332 6.63528 6.43793 7.45944 6.39631 6.26364 9.77871 8.15616 7.26408 6.23242 6.10659 6.10336 5.88158 5.84183 5.78366 6.52513 5.77415 5.76811 5.74712 5.88834 5.73872 5.63255 5.50235 7.64419 8.83118 8.51059 7.43725 6.42796 6.24737
threshold=-0.36640575528144831 -0.86511835455894459 15.500000000000002 0.98397204279899608 -0.097492337226867662 1.8791651129722597 -0.030506875365972515 -1.4723684787750242 0.58963707089424144 0.5553458333015443 -1.7817230820655821 -1.9703051447868345 0.65484705567359935 1.4602301716804507 -0.33789350092411036 1.3620494008064272 1.4620768427848818 0.97874069213867199 0.45921522378921514 14.500000000000002 -0.32166874408721918 0.78571429848670971 12.500000000000002 0.87146314978599559 -0.58886259794235218 -0.83952859044075001 7.5000000000000009 0.98198452591896068 0.40815417468547827 -0.027577824890613552 0.8048265576362611 0.045292682945728309 -1.6272511482238767 0.57751688361167919 -1.4132503271102903 0.72210854291915905 0.60902729630470287 0.89152303338050853 -0.13803075999021527 -0.058174533769488328 -0.35714286565780634 1.1021810770034792 -1.4068744778633115 0.49818708002567297 0.37150834500789648 0.89371901750564586 -1.8591957092285154 -0.052058493718504899 0.43828025460243231 0.31477063894271856 1.5649132132530215 -0.46991141140460962 0.53490614891052257 14.500000000000002 0.6428571641445161 0.53844395279884349 -0.76865875720977772 0.77471131086349498 -0.011619723867624996 -1.4353450536727903 -0.13370531797409055 -0.97249707579612721
decision_type=2 2 2 2 2 2 2 2 2 2 2 2 2 2 2 2 2 2 2 2 2 2 2 2 2 2 2 2 2 2 2 2 2 2 2 2 2 2 2 2 2 2 2 2 2 2 2 2 2 2 2 2 2 2 2 2 2 2 2 2 2 2
left_child=1 23 5 7 9 6 38 14 18 46 12 -12 53 47 -4 42 25 50 19 20 -6 -11 -23 -1 -9 27 -27 28 29 34 31 32 -31 37 -13 36 -30 -34 41 40 -40 -2 -7 -21 49 -17 -3 48 -5 -16 -18 52 -49 -8 -35 56 -22 58 59 -58 -59 -61
right_child=2 4 3 13 8 15 10 24 -10 21 11 16 -14 -15 44 45 17 -19 -20 43 55 22 -24 -25 -26 26 -28 -29 35 30 -32 -33 33 54 -36 -37 -38 -39 39 -41 -42 -43 -44 -45 -46 -47 -48 51 -50 -51 -52 -53 -54 -55 -56 -57 57 60 -60 61 -62 -63
leaf_value=-0.016304678889771024 -0.0029202016751179471 0.0068700398690097544 -0.0081642596716337782 -0.0090486743306716893 -0.0078335448470014911 -0.0088548589322294327 0.017356180156181251 -0.013512971433787564 -0.011920758678405193 -0.00845490379870272 -0.011415689560191032 -0.0092111281390566419 -0.0088256031816036449 0.013303133685799313 0.012527572717811958 0.0099122355632774786 0.016706495272621903 -0.015313252303076567 0.020869825556425987 -0.0061006837938246449 -0.0055247791414215095 0.037870789681685113 -0.004450364636309349 -0.0008738847637258572 -0.0036880627936687008 0.017298818244055124 0.00084068916116582454 -0.0028468419231409206 0.0088767309067223129 -0.01421834494822616 0.014795154554895256 -0.012390644295363655 -0.011914512423252708 0.047793977008073106 0.021743330433191259 0.0045336066162702795 0.03689557633491794 0.021354036592513222 -0.012206773940164884 -0.020257610757678474 0.013985611289883277 0.024817763723609061 0.020056963690596737 0.0044391818532869181 0.021395709138287689 -0.010645874371794812 -0.020669040584484853 0.0086576771404460601 0.0020792409022242866 -0.0098080782169012899 -0.002105655728144082 0.0048329595714018863 -0.01846805764591183 -0.0021990863135518198 -0.001881091893143222 -0.0028572524329197589 -0.0051480672690663656 -0.01782672932332487 0.012261644704123179 -0.0012420141436493169 0.014510673482636871 0.049795676277515737
leaf_weight=140.55025506578386 34.249546965584159 5.3163432944566003 20.350054353475571 74.659194013103843 44.225410907529294 4.5779434964060775 81.28300996683538 63.137714474461973 45.139672347344458 25.834979621693492 39.320319387130439 4.7254235511645666 14.910268446430562 50.542026776820421 16.514210075140003 31.040197767317295 84.440900050103664 10.821484722197054 9.723353957757352 170.00419971998781 14.863909019157289 2.4502043314278108 6.495264308527112 30.505627351813018 610.60577919520438 26.531431071460247 815.15855338331312 58.497075593098998 20.116709573194385 8.6143810264766234 17.409683970734477 37.641793854534626 8.6985898464918154 3.6466150376945725 27.901636780239642 24.26647375151515 18.386002533137798 3.3928080089390269 16.003002141602337 37.91774817276746 16.857137287035584 5.9608136899769297 71.340688697993755 64.829639419913292 23.284034479409456 14.421477757394312 65.627154075540602 7.5588480625301626 113.65396819449961 15.315707223489879 16.300632052123547 366.29881152883172 15.019921112805603 14.771496236324309 2.2150838412344456 23.42669815197587 2.1701162979006794 8.0058507090434414 51.348339642398059 2.2043054802343258 4.9049767898395649 11.701305651105937
leaf_count=6569 780 124 427 855 1191 36 530 1639 1523 1018 684 146 103 336 330 151 820 101 158 4966 420 73 256 1034 10431 217 9998 424 231 151 212 399 156 53 613 234 166 37 150 643 203 67 457 1232 258 75 2630 108 929 282 110 2925 155 125 35 279 93 150 829 68 115 322
internal_value=0.000231928 -0.00552736 0.00166353 -0.000668932 -0.00293768 0.00370297 0.00291443 -0.00360999 -0.000515949 -0.0128124 0.00364815 0.00293974 0.0110236 0.00284205 0.00582192 0.0126351 0.0034604 0.0103559 0.000876878 0.000134989 0.00483773 -0.000747095 0.0165636 -0.0136558 -0.00470153 0.0027017 0.00145857 0.00702182 0.0102717 0.00546033 0.000292242 -0.00442486 0.0070363 0.0181105 0.0166319 0.0179798 0.0249592 0.00093663 -0.00571349 -0.0108225 0.00130233 0.00348164 0.0178741 -0.0031591 0.0112357 0.00298207 -0.0182889 0.00181963 -0.0024525 0.00190776 0.0137069 0.00389327 -0.00946375 0.0143889 0.0367975 0.00968753 0.0127631 0.0162723 0.0203899 0.0372843 -0.00492015 0.0435164
internal_weight=3677.69 729.328 2948.36 1376.94 558.272 1571.42 1450.04 749.207 452.548 105.724 1339.05 1228.09 110.965 627.733 75.464 121.38 1188.77 111.563 407.408 397.685 162.851 34.7804 8.94547 171.056 673.743 1077.2 841.69 235.512 177.015 114.246 81.619 64.2093 26.5675 17.9531 32.6271 62.7692 38.5027 12.0914 110.988 70.7779 32.8601 40.2104 75.9186 234.834 55.114 45.4617 70.9435 577.191 188.313 31.8299 100.742 388.878 22.5788 96.0545 5.8617 118.626 95.1988 80.3349 67.4241 16.0757 12.9108 13.9056
internal_count=59832 23050 36782 18675 15447 18107 17388 13367 11346 4101 15545 14787 758 5308 1297 719 14103 1031 9823 9665 3467 1347 329 7603 12070 13072 10215 2857 2433 1802 1043 831 432 281 759 631 397 193 1843 996 353 847 493 6198 870 226 2754 4972 1784 612 930 3188 263 655 88 2276 1997 1577 1312 483 265 390
is_linear=0
shrinkage=0.03


Tree=87
num_leaves=63
num_cat=0
split_feature=6 32 11 15 21 24 24 4 32 9 24 7 17 16 11 25 5 29 21 5 11 26 6 25 4 26 3 16 16 9 12 33 26 9 7 22 25 15 29 29 26 26 34 21 4 26 25 6 25 31 21 6 16 21 15 16 26 2 12 9 12 25
split_gain=26.4155 16.4071 14.7479 13.3371 10.9566 11.0232 10.2997 9.91481 7.7782 7.2407 12.4978 7.00202 9.89628 9.04167 9.32806 7.97872 7.62353 6.68924 6.43494 8.00249 6.27352 14.9036 8.28547 8.32125 8.22964 6.38801 6.21447 7.26943 7.20621 7.74983 7.20693 6.10339 6.1853 6.10016 7.43887 8.04254 6.40052 7.45925 5.82969 5.81207 5.78487 5.77647 5.71591 5.62017 5.60823 5.52338 6.09988 8.64513 5.46165 5.41314 5.36667 6.2362 5.28118 5.25258 5.16232 5.15812 5.10454 5.0756 5.06544 5.02202 6.95108 7.49916
threshold=-0.92880016565322865 11.500000000000002 -0.072313152253627763 -0.29607845842838282 1.6731751561164858 0.71745863556861889 -0.99074435234069813 -1.0000000180025095e-35 7.5000000000000009 0.50827404856681835 -1.4117928147315977 -1.2823532223701475 0.050320535898208625 -1.1125821471214292 -1.1629440188407896 -0.59580814838409413 -0.22352393716573712 0.13809524476528171 -0.52868244051933277 -0.065406117588281618 0.24782812595367434 -0.93347719311714161 0.87721347808837902 -0.37860259413719172 -0.6638805866241454 1.3097661733627322 1.4413411021232607 -0.031453160569071763 1.0000000180025095e-35 0.5553458333015443 0.14079722762107852 1.0000000180025095e-35 0.93550792336463939 -0.70783951878547657 -0.38533312082290644 0.70171388983726513 0.32743325829505926 0.77324831485748302 0.5419580638408662 0.26969698071479803 -1.0098257064819334 -0.60855847597122181 2.5000000000000004 -1.4592373967170713 -1.2486637830734251 -1.117840528488159 -0.59580814838409413 -0.27249692380428309 -0.39214168488979334 -0.78571429848670948 0.63832852244377147 -1.3787549138069151 -2.0532319545745845 1.4086498618125918 0.9572044610977174 -1.844151973724365 0.90322747826576244 -0.91818377375602711 1.104895353317261 1.6135858297348025 0.94375747442245495 -0.48014044761657709
decision_type=2 2 2 2 2 2 2 2 2 2 2 2 2 2 2 2 2 2 2 2 2 2 2 2 2 2 2 2 2 2 2 2 2 2 2 2 2 2 2 2 2 2 2 2 2 2 2 2 2 2 2 2 2 2 2 2 2 2 2 2 2 2
left_child=2 4 50 26 8 54 -5 -4 18 42 -11 12 -8 16 15 -15 -13 41 -2 -20 21 22 23 -19 -25 45 28 -28 52 31 49 32 57 -18 -35 36 37 -36 -14 -12 -40 -10 55 -42 -16 -22 -47 -48 -33 -31 -1 -52 -3 -21 -6 -9 -45 -30 -41 -46 61 -61
right_child=1 3 7 6 5 -7 11 9 17 10 39 13 38 14 44 -17 33 20 19 53 25 -23 -24 24 -26 -27 27 -29 29 30 -32 48 -34 34 35 -37 -38 -39 40 58 43 -43 -44 56 59 46 47 -49 -50 -51 51 -53 -54 -55 -56 -57 -58 -59 -60 60 -62 -63
leaf_value=-0.016164538639576672 -0.0054388206705920008 0.0017282759282987285 -0.013703230507461807 0.023664502277113895 0.044882860975426132 0.0047075345077957883 -0.014186035653095756 0.014783842633287334 0.0067384741772633762 -0.006366331676606057 -0.00045427646455213443 -0.009222473291394041 -0.0056918357748723791 0.018403246690138694 -0.012884962923268729 -0.0098833668710595918 -0.0046674888737789867 -0.0054933211404619578 -0.0056102133714469333 0.028171825722972339 -0.0010679793366338316 -0.0044006239791228568 -0.0072235426010915293 -0.0090352396220908932 0.038376846855274697 -0.0071330313942325205 0.02919016850541338 -0.004507073372434652 0.012798608863223338 -0.0087376101069407391 -0.0014494551145635439 0.02507718362029553 0.0093008913485991274 -0.0057307142660477563 0.051134857344157014 0.0019932003430708821 -0.0023940635043732052 -0.0042154629548921685 -0.0094446012673972731 0.032230971896648489 -0.0068743682945488736 -0.0089715403349154184 0.003433753684841201 0.038123349033840355 0.0012503897473592305 0.030963268832703998 -0.012084269721745264 0.011324655379591913 -0.0032932356503378815 0.028451630016759228 0.013033050981895934 -0.010687058546181391 -0.01329889435369193 -0.003844124622066221 0.0042791421451290343 -0.014077833390685955 -0.0047224889394186847 -0.017459435525776255 -0.0073015851244295875 -0.010267907207861053 -0.012372781610121855 0.026484883209455256
leaf_weight=136.40956795867532 9.3365088552236539 23.592825891450047 40.152955807745457 12.845554116182027 10.733739158138631 22.385878875851631 58.329240928404033 2.3126194626092902 26.698194892145693 20.124207178130746 7.7629696605727103 7.2754509411752215 18.646202463656664 5.2422433067113152 19.966640828177333 99.559607841074467 6.1349890939891329 4.9729310851544204 7.7008312661200753 32.578605946153402 37.540100544691086 127.62326974049211 7.1319606620818368 1.9236251348629689 16.528711186721914 19.766619356349111 4.875967629253867 11.186741724610327 1.9606367247179139 1.9453725842759002 25.203118828125298 4.1702204039320376 7.6960102142766109 4.5281737688928869 12.724935397505766 7.4403114803135386 2.3596672229468814 1.6769201345741738 3.3286006897687921 20.380994529463354 2.4882620386779299 60.705050986260176 57.072651224210858 8.1827245224267191 2146.9686240982264 9.3694659583270532 11.445217030122874 166.35651951283216 15.459706663154064 12.669570389203725 10.686528152786194 22.741824335418642 132.38385709188879 3.9902791753411284 4.826709456741809 35.87542634177953 1.8423527814447886 47.234519093297422 1.4507703483104695 3.4851683508604827 4.138347962871193 18.232580054551363
leaf_count=6891 145 983 1422 278 100 131 1406 84 302 523 214 176 285 91 375 1891 134 66 88 247 320 1859 60 40 218 172 65 146 73 60 696 137 216 101 267 129 35 18 58 508 41 703 1388 109 25169 101 209 1374 441 385 371 773 5101 21 28 857 23 1401 32 47 47 204
internal_value=0.000370279 0.00120663 -0.00734943 0.000229332 0.00575915 0.0204242 0.000952648 -0.00140808 0.00455877 0.00234045 0.0110603 0.000784418 -0.00708322 0.00111097 0.000842231 -0.00769487 0.0141196 0.00328521 0.0149279 0.0193393 0.00491161 0.000230432 0.0174712 0.0249378 0.0325617 0.00787508 -0.00581596 0.0102231 -0.00692929 -0.00118647 0.00888624 -0.00665141 -0.011388 0.0195364 0.0246306 0.0303197 0.0395467 0.0452645 0.00520483 0.0221177 0.016319 -0.0040678 -0.00253526 0.023912 0.00126683 0.00932178 0.0113792 0.00952849 0.0066011 0.022536 -0.0136003 -0.00239498 -0.0110428 0.0246362 0.0363915 -0.0108208 0.0312981 -0.015184 0.0287329 0.00142616 0.0134534 0.0197692
internal_weight=3670.36 3315.39 354.971 2733.78 581.614 37.9463 2445.4 185.133 543.668 144.98 49.7189 2432.55 92.8174 2339.73 2297.59 104.802 42.1404 490.062 53.6062 44.2697 402.658 158.18 30.5572 23.4253 18.4523 244.478 288.379 16.0627 272.316 116.339 39.8181 76.5211 56.8912 34.865 28.73 24.2018 16.7615 14.4019 34.4881 29.5947 15.8419 87.4032 95.2607 12.5133 2192.79 224.711 187.171 177.802 19.6299 14.6149 169.838 33.4284 155.977 36.5689 15.5604 38.188 10.0251 49.1952 21.8318 2172.82 25.8561 21.7177
internal_count=59835 46772 13063 40588 6184 259 30884 5028 5925 3606 1277 30606 1922 28684 27824 1982 860 5424 501 356 4419 2243 384 324 258 2176 9704 211 9493 3409 1141 2268 1690 684 550 449 320 285 516 754 231 1005 2329 173 25842 2004 1684 1583 578 445 8035 1144 6084 268 128 941 132 1474 540 25467 298 251
is_linear=0
shrinkage=0.03


Tree=88
num_leaves=63
num_cat=0
split_feature=15 4 11 21 32 26 11 7 17 20 14 25 21 32 15 14 1 15 11 23 8 14 5 20 23 11 14 13 11 17 19 5 22 11 13 35 25 15 7 18 23 5 16 7 16 12 12 8 14 4 12 7 17 17 16 25 13 2 12 21 16 22
split_gain=24.1422 13.3444 15.1532 12.092 15.4366 11.5682 11.3336 11.2471 10.1571 9.39667 8.8939 9.39643 7.55444 12.2337 7.22747 7.09055 6.9376 6.93203 6.62575 8.80377 11.469 8.02383 6.49473 6.44964 10.5305 6.30655 6.34246 6.2663 6.19874 7.48194 7.39536 6.06041 6.04244 6.6719 6.88712 6.17642 6.02874 8.66809 6.65388 8.63252 7.5391 11.0405 9.38938 9.52712 7.40308 7.39004 7.46237 7.37762 7.07742 6.77013 6.61037 6.14693 6.02534 5.83448 5.74375 6.57338 10.303 8.3151 6.24231 5.91899 5.72978 5.71918
threshold=-0.87416577339172352 1.0026745796203616 -1.14650422334671 0.41548287868499761 11.500000000000002 -0.99181425571441639 0.18952471017837527 -1.551740229129791 -0.58913344144821156 -1.5527678728103635 -2.6278655529022212 2.6461292505264287 1.0000000180025095e-35 9.5000000000000018 0.65817347168922435 -0.56972739100456227 0.039999959990382201 1.2087481617927553 1.3539066910743716 -0.45913468301296229 -0.30845902860164637 0.30193264782428747 -0.27610240876674647 1.1064030528068545 0.25508962571620947 0.50191807746887218 -0.71619588136672963 0.9702059030532838 1.117392957210541 0.43828025460243231 -0.31847010552883143 0.78647562861442577 -1.8123565912246702 0.27024970948696142 0.29213695228099829 1.0000000180025095e-35 -0.63218361139297474 0.76187613606452953 1.3729028105735781 -0.25409944355487818 0.24323514103889468 0.24459843337535861 0.16886872798204425 -0.13893931359052655 0.24317814409732821 -0.34279575943946833 0.58397313952445995 -0.61240980029106129 -0.71619588136672963 -0.25772756338119501 0.71823149919509899 0.81077107787132274 1.1795822978019717 1.3789117336273196 1.2753466963768008 -0.25927941501140589 0.28009641170501715 0.78288003802299511 0.77505582571029674 1.3425840735435488 -0.1746130362153053 0.019689001142978672
decision_type=2 2 2 2 2 2 2 2 2 2 2 2 2 2 2 2 2 2 2 2 2 2 2 2 2 2 2 2 2 2 2 2 2 2 2 2 2 2 2 2 2 2 2 2 2 2 2 2 2 2 2 2 2 2 2 2 2 2 2 2 2 2
left_child=6 2 3 16 -5 14 -1 28 -8 22 61 12 13 25 -3 17 -2 -7 21 20 -20 32 -10 -23 -25 -12 -27 54 30 -30 -4 -29 -15 35 -35 -34 37 -14 39 40 41 51 43 49 -44 -40 48 52 -47 -42 -51 -38 -45 -36 55 56 59 -58 -56 -17 -49 -9
right_child=1 5 7 4 -6 15 8 10 9 -11 11 -13 36 18 -16 27 -18 -19 19 -21 -22 23 -24 24 -26 26 -28 31 29 -31 -32 -33 33 34 53 -37 38 -39 45 -41 42 -43 44 47 -46 46 -48 60 -50 50 -52 -53 -54 -55 58 -57 57 -59 -60 -61 -62 -63
leaf_value=-0.013357704558527292 -0.021643129781136403 0.024492387838731304 0.015941181725131478 0.014790053084054974 -0.0076964178445049977 0.014398569598082759 -0.011371305623308597 0.013970785400831761 -0.008229178454482889 0.00032916056724264408 -0.00068783818356818861 -0.011911957213639083 0.018897733731958317 0.012051426271092187 0.0066016686534564458 0.022013626998357336 0.0074651041830012602 0.00062593372822941867 -0.011002135200709378 0.0007011597630524098 0.035864631304184644 -0.0090333854989980769 0.035500901670658856 -0.015063573431795176 0.023822883395684214 -0.0023269281674752752 0.024821116189868968 0.019983623722642872 -0.0094281914889116324 0.016448696289199306 -0.017403443286578214 -0.003294682245654905 0.00065311112815549094 0.0054551516145028133 -0.0099295224060203281 -0.011875221704550895 -0.0034035546579101635 -0.0071233418887061729 -0.0024799454420747248 -0.0020151150195019483 -0.0040060690751531755 0.013839107645966251 -0.013987631782474422 -0.012783145478803581 0.0032239218112269231 -0.0021368758731955661 0.0041255362233608185 -0.0027688663538498275 0.024705975858553397 0.036374486282347171 -0.0010549258462785405 -0.019768326369524532 0.017629157548613987 0.010982293728400217 0.022953842775735051 -0.0059509949872522776 -0.016940227566016416 0.012904095673440809 -0.0091960515284525753 -0.010303100170310785 0.017584462313600321 -0.0014448108837730917
leaf_weight=153.58662694320083 52.671490370295942 38.149121774360538 2.7728796740993849 30.966828633099794 112.47138804104179 78.74057430587709 31.878856744617224 73.863579729571939 1.8195903841406096 33.970442678779364 24.185840276069939 44.912147486582398 37.037294773384929 25.668178251944482 48.265631459653378 24.354578400030736 5.9571326049044719 54.941772274672985 4.1081511769443759 125.48137758299708 9.7324716635048354 228.33338148612529 9.4732423573732358 6.4043329022824791 9.9360010605305416 9.1641373038291913 26.925429482012987 21.377689840272069 19.380227176472548 12.15511837787926 55.004617800936103 14.26842752471566 59.279386953450739 135.81392828188837 55.250022679567337 81.17702021356672 100.13213064428419 12.835919890552757 43.337070038542151 457.98118759505451 4.9098860658705261 23.012030022218823 18.28310757689178 21.892119901254777 786.91467096284032 10.005960520356892 61.037429880350828 15.998618019744752 41.073356900364161 20.764336315914992 4.7537790667265645 22.096073754131794 2.861470963805913 10.60599811375141 11.483235470950605 154.20223885588348 18.360830893740061 8.6838567666709405 4.8156650587916365 3.0996561367064706 36.737162200734019 28.655486788600683
leaf_count=7772 2205 409 101 421 2546 713 1163 617 75 1033 439 509 552 545 325 254 176 309 100 1588 209 5271 302 171 146 85 304 159 439 167 1622 91 1674 2444 851 2456 2287 122 568 5863 95 455 237 305 6994 94 607 230 428 266 63 449 25 106 58 1407 200 64 25 30 434 230
internal_value=0.000520948 0.00115346 0.000399437 -0.00743022 -0.00250715 0.00576361 -0.00876937 0.000982857 0.000622827 0.00936113 0.0013387 0.00098419 0.00123579 -0.0011446 0.0154074 0.00348377 -0.0183313 0.00896483 -0.00221277 0.00360066 0.0227257 -0.00355364 0.0280917 -0.0077051 0.00862351 0.0113272 0.0184832 0.000556771 -0.00920405 0.00143198 -0.014661 0.0114067 -0.000725594 -0.00184398 0.00165141 -0.00674697 0.00235863 0.0121618 0.00203079 0.00141087 0.0028959 -0.00336664 0.00390493 0.0120246 0.0027492 0.00784517 0.0117717 0.00570508 0.019726 0.0250416 0.0303713 -0.00702255 -0.0068958 -0.00602439 -0.00137276 -0.00282555 0.00577471 -0.0068392 0.013526 0.0173398 0.0117048 0.0097951
internal_weight=3684.01 3453.28 2972.54 202.067 143.438 480.743 230.729 2770.47 77.1421 45.2633 2681.16 2578.64 2533.73 812.066 86.4148 394.329 58.6286 133.682 751.79 139.322 13.8406 612.468 11.2928 244.674 16.3403 60.2754 36.0896 260.646 89.3128 31.5353 57.7775 35.6461 367.795 342.126 201.67 140.456 1721.66 49.8732 1671.79 1516.34 1058.36 145.24 913.115 107.917 805.198 155.454 112.117 77.4894 51.0793 30.428 25.5181 122.228 24.7536 65.856 225 208.701 54.4989 27.0447 16.2989 27.4542 52.7358 102.519
internal_count=59885 49540 45496 5348 2967 4044 10345 40148 2573 1410 37819 36972 36463 16389 734 3310 2381 1022 15561 1897 309 13664 377 5588 317 828 389 2288 2329 606 1723 250 8076 7531 3401 4130 20074 674 19400 17703 11840 3191 8649 1418 7231 1697 1129 994 522 424 329 2736 330 957 2038 1955 548 264 83 284 664 847
is_linear=0
shrinkage=0.03


Tree=89
num_leaves=63
num_cat=0
split_feature=3 5 10 17 21 25 13 10 5 14 3 4 12 14 4 18 16 24 14 25 14 4 6 2 7 0 12 3 5 3 6 8 14 24 29 0 7 20 4 6 29 9 25 14 6 20 8 17 26 8 12 10 8 12 25 3 8 20 4 3 21 8
split_gain=23.6011 14.7226 13.0865 11.786 11.4223 12.3343 11.3893 11.1038 9.59868 8.74014 12.0308 9.36155 8.13516 7.75886 7.61834 7.47018 10.4488 12.8534 7.65354 7.78764 7.16927 7.1302 7.07091 6.95097 6.58594 6.51711 6.66009 6.31509 6.3094 6.12294 6.18509 12.0782 6.94174 6.30994 6.05467 10.4262 9.90123 8.09946 11.2758 9.60704 6.52893 9.46917 7.19155 6.13368 10.768 6.91784 7.21545 12.1037 6.67121 7.36866 8.21846 6.86874 6.60959 6.3296 6.36613 6.19026 6.1108 9.50433 6.04482 6.23452 5.97437 7.74679
threshold=-0.88344165682792652 -0.19092956930398938 -0.52494600415229786 1.8017661571502688 -0.15244280546903607 -0.49638220667839045 -0.4987592995166778 -1.1162142753601072 -0.39321604371070856 -1.281393229961395 -1.0885182023048399 0.15862626582384112 1.0005776882171633 0.37779803574085241 0.15862626582384112 -0.24626781046390531 -0.14012216031551358 -0.54831284284591664 -0.84881624579429615 2.2106661796569829 0.25006461143493658 2.4110674858093266 -1.4999637603759763 0.98682820796966564 -1.3425802588462827 0.49462532997131353 -0.085751030594110475 1.1724450588226321 0.058730471879243858 -0.84662634134292591 0.20169790089130404 0.050141893327236182 1.6905227899551394 0.21346681565046313 0.46862745285034185 -0.14575984328985211 1.654106140136719 1.0620574355125429 0.88692310452461254 1.1021810770034792 0.23303167521953586 0.95807054638862621 0.27829262614250189 0.53468039631843578 0.9314323663711549 -1.0000000180025095e-35 -0.32166874408721918 0.69286668300628673 1.011988699436188 -1.0387327075004575 -0.3558389395475387 -0.065044026821851716 -0.40614736080169672 1.0934068560600283 -0.48014044761657709 1.6522202491760256 -1.0279243588447569 0.46022948622703558 0.62006649374961864 0.41204597055912023 0.18561772257089618 0.02514576725661755
decision_type=2 2 2 2 2 2 2 2 2 2 2 2 2 2 2 2 2 2 2 2 2 2 2 2 2 2 2 2 2 2 2 2 2 2 2 2 2 2 2 2 2 2 2 2 2 2 2 2 2 2 2 2 2 2 2 2 2 2 2 2 2 2
left_child=8 2 7 -4 6 22 12 -2 -1 10 -10 -11 25 15 -9 20 17 -17 28 -20 -8 24 -6 -15 -7 -3 -27 -14 -18 -26 31 32 -31 -33 36 -36 40 43 39 -39 41 -32 -43 44 48 -45 56 -48 49 -37 51 -51 -53 54 -52 -49 57 -47 59 -58 61 -42
right_child=1 4 3 -5 5 21 13 14 9 11 -12 -13 27 23 -16 16 18 -19 19 -21 -22 -23 -24 -25 29 26 -28 -29 -30 30 34 33 -34 -35 35 37 -38 38 -40 -41 60 42 -44 45 -46 46 47 55 -50 50 53 52 -54 -55 -56 -57 58 -59 -60 -61 -62 -63
leaf_value=-0.018213475580874033 -0.0067678206681074582 0.0013259074943586838 -0.0082387278060618106 0.012061644444178296 -0.013074365385307655 -0.011937311102441731 -0.0062247493443087281 0.0018354481982560229 -0.0039773912361110502 -0.0094686294889553199 0.022519748187783031 0.0077357358353716535 0.04033461426452907 -0.0090157536688257149 0.019259452189348769 -0.0013788794476718188 0.018702777469041611 0.03724276049789909 -0.0057195768416139405 0.023077143459546395 0.0067533889230252924 0.0123997569929769 0.012514116454763809 0.01162220168302602 0.02181677866213615 0.035320048668782411 -0.003096011038816183 -0.0076494755000422838 -0.0048442695423968739 -0.0086658238446289965 0.0050258234398041614 0.0051181087239844849 0.016958408243404111 -0.015461040421067206 -0.012561208967747645 -0.00033353915976609244 0.016602574956620375 -0.0095950126045695611 0.016721009480109038 0.0041157975267748191 0.015021139835644511 -0.013717283508713044 0.015465076079715022 -0.012290562481321439 0.0052209326039156911 0.01751625374627214 -0.017016798810741071 0.024669198860074463 -0.0015236256303750848 -0.0087945240351435441 -0.010063808464789409 -0.012050602961215804 0.023210974497620628 -0.00050771222954235844 0.026863535199769459 -0.006433887953893375 -0.0060686608238927223 -0.012361851511574012 -0.010818741778356225 0.02573182294522643 -0.0042636924377539949 -0.0070020018036699187
leaf_weight=51.8246352635324 49.326082814484835 88.331682605668902 314.67209970392287 23.623175073415041 6.4007610734552136 24.188007977791131 192.15678437799215 47.737766156904399 41.401296694763005 202.77244705148041 18.520833522081375 29.137587695382535 5.4178726999089113 186.68061844725162 39.960321034304798 13.343193709850313 26.478328843601048 12.445013572461901 96.682182112708688 4.3004760909825555 43.179249385371804 59.587887970730662 153.71221097093076 11.674429004080592 9.6521544493734819 6.0884099416434765 5.2360614072531444 1.4148566573858259 12.620064679533241 153.57851986866444 309.87475352734327 183.47654047142714 5.5668155038729301 9.6223265379667264 25.245166696608067 19.542905582115054 30.319015350192785 85.056200742721558 26.886738505214453 89.761055361479521 30.763121740892529 38.901655472815037 4.8621025383472434 22.025661146268249 295.22296023368835 11.287126481533052 24.368030468001962 9.1426905393600482 19.265784256160259 14.410765184089543 1.9626177363097657 2.9150344319641635 14.25547747686505 8.9510687608271819 89.283667150884867 6.8897360637783995 4.6079515013843766 18.275579148903489 3.0084184855222693 29.768295656889677 292.88496234826744 20.159710923209786
leaf_count=2432 1003 1907 6061 201 153 430 3475 1135 916 7786 373 683 111 4087 479 534 342 288 1729 54 835 362 2047 143 249 79 67 17 143 3797 2818 3677 119 153 280 248 247 856 157 574 333 357 42 269 2242 109 281 73 223 174 19 46 144 106 996 40 86 184 22 269 2656 216
internal_value=0.000564758 0.00133888 -0.00352559 -0.00666612 0.00215159 0.00323444 -0.00115402 0.00418971 -0.00686374 -0.00457536 0.00531602 -0.0071894 0.00766742 -0.00277127 0.0103854 -0.000347228 0.00445272 0.0202807 0.000940338 -0.00346236 -0.00375257 0.00257502 0.0111262 -0.00754519 0.00224146 0.00462182 0.0220499 0.0313647 0.0114148 0.00245152 0.00229632 -0.0012777 -0.00728024 0.00372827 0.00311008 0.00486706 0.0011056 0.00549407 0.000285942 -0.00263642 0.000318539 0.00315864 -0.00922188 0.00724198 0.00883323 0.00139718 0.00462764 -0.00500784 0.0147581 0.0168134 0.0192756 0.00494376 0.015857 0.0233432 0.0255877 0.012951 0.0103863 -7.05909e-05 0.0176881 0.0212398 -0.00260618 0.00645594
internal_weight=3680.71 3337.05 475.319 338.295 2861.73 2155.68 706.049 137.024 343.657 291.832 59.9221 231.91 106.489 599.56 87.6981 401.205 165.869 25.7882 140.081 100.983 235.336 1995.57 160.113 198.355 1935.98 99.6562 11.3245 6.83273 39.0984 1911.79 1902.14 352.244 159.145 193.099 1549.9 822.133 727.765 796.888 201.704 174.817 697.446 353.639 43.7638 595.184 465.81 129.373 107.348 40.4005 170.587 151.322 131.779 31.5813 17.1705 100.197 91.2463 16.0324 66.9474 29.5627 37.3847 34.3762 343.808 50.9228
internal_count=59934 47744 8879 6262 38865 25054 13811 2617 12190 9758 1289 8469 2181 11630 1614 7400 3090 822 2268 1783 4310 22854 2200 4230 22492 2053 146 128 485 22062 21813 7746 3916 3830 14067 7398 6669 7118 1587 1430 6422 3217 399 5531 4198 1333 1064 394 1956 1733 1485 364 190 1121 1015 113 670 293 377 355 3205 549
is_linear=0
shrinkage=0.03


Tree=90
num_leaves=63
num_cat=0
split_feature=3 4 14 32 14 4 23 26 31 8 4 11 7 9 3 13 4 11 21 14 32 9 31 26 12 21 17 19 7 26 2 24 26 26 11 11 9 29 18 29 29 20 34 9 3 22 11 21 29 29 3 21 29 6 8 4 8 29 6 7 6 4
split_gain=26.9134 21.4046 13.0695 11.9086 11.0322 9.65839 8.98876 8.89507 11.6539 9.78282 9.12689 8.76308 8.66085 8.64397 8.47746 9.8595 8.58903 8.31963 8.08166 7.25356 9.39096 10.5215 9.32323 10.9827 9.90263 7.9453 7.24291 7.20075 7.42647 7.1292 7.86841 9.72241 7.11171 7.95037 7.88753 14.8018 12.8479 6.99636 6.59568 7.72833 6.38773 6.34207 6.33273 7.00575 6.37528 6.32513 6.13124 6.0789 5.96829 5.90846 6.03217 5.87018 5.86514 5.8523 5.84954 7.60582 5.83001 5.81679 5.77233 5.7475 7.07053 7.13864
threshold=-0.1161692328751087 -0.23698300123214719 0.82920244336128246 11.500000000000002 -0.91759115457534779 0.84936901926994335 -0.28900152444839472 1.1545861363410952 0.6428571641445161 -0.47009916603565211 0.92645138502120983 1.2867087721824648 1.4326497316360476 -1.9703051447868345 1.1233904361724856 -1.3407142758369444 0.75685957074165355 0.43058872222900396 0.47948764264583593 0.47093339264392858 8.5000000000000018 1.1284433007240298 1.0000000180025095e-35 -0.85678783059120167 0.91708901524543773 0.32011167705059057 1.2744898796081545 -0.31847010552883143 0.56197017431259166 -1.260078430175781 1.0000000180025095e-35 0.58023867011070263 -1.9868686795234678 -0.35897295176982874 -0.55980283021926869 0.50191807746887218 -0.32731302082538599 0.42261904478073126 -0.262730062007904 0.2264957278966904 0.074175827205181136 0.92117333412170421 3.5000000000000004 0.50827404856681835 0.38644681870937353 -0.25623913109302515 -0.69436243176460255 1.0000000180025095e-35 0.56696429848670971 0.56696429848670971 -0.27002891898155207 1.265677869319916 0.41421568393707281 0.85641866922378551 -1.4587825536727903 0.50648710131645214 1.4815164208412173 0.97058823704719555 -1.2736592292785642 -0.40547001361846918 -0.3289418071508407 1.3448793292045595
decision_type=2 2 2 2 2 2 2 2 2 2 2 2 2 2 2 2 2 2 2 2 2 2 2 2 2 2 2 2 2 2 2 2 2 2 2 2 2 2 2 2 2 2 2 2 2 2 2 2 2 2 2 2 2 2 2 2 2 2 2 2 2 2
left_child=1 12 3 37 7 6 11 8 9 -2 46 18 57 52 15 -15 27 -9 -5 20 26 29 -23 -24 -25 -21 48 28 -16 30 31 -22 -8 34 -34 36 -36 -3 -7 -40 -18 -35 43 44 -27 -46 -10 -14 -17 50 -39 58 -6 -51 -44 -56 -19 -1 -41 -47 -61 -62
right_child=4 2 -4 5 13 38 32 17 10 -11 -12 -13 47 14 16 19 40 56 -20 25 21 22 23 24 -26 42 -28 -29 -30 -31 -32 -33 33 41 35 -37 -38 49 39 51 -42 -43 54 -45 45 59 -48 -49 -50 53 -52 -53 -54 -55 55 -57 -58 -59 -60 60 61 -63
leaf_value=-0.016512366933717073 -0.0069980951161462178 -0.00052129042725939691 -0.016535023957502972 -0.013989800938209122 0.001254160375380318 -0.002501026304774025 -0.018213090077321442 0.0017053396588106859 -0.013878512650732642 0.0049015083658597615 0.031174124199779583 0.013160065558413741 -0.011172441223813308 0.010889268289388267 0.034498049025072614 0.0039827360037741804 -0.0056318051850474827 0.031402157406155984 0.0019681579563771228 -0.0086988358284785378 0.011765014141395001 0.0015226387582003356 -0.0090649127496206447 0.042632920774715415 -0.0096743868479422668 -0.0042071570212534352 -0.012137589079150895 0.0017579537001123767 -0.0086251473722114124 -0.0019606821710594106 0.020518915310586323 -0.0098985493125009448 -0.0089238208389869518 -0.0042565095767619849 -0.0052270217085646125 -0.0023354422007929353 0.035619091139398901 0.032904715197166284 -0.0056304656175851803 -0.0071352008325260615 0.010997127999562446 0.0091649091196008368 0.01151902551835087 -0.0026166454922331964 -0.0098146678844850434 -0.0077219700207672194 0.010789478090137264 0.022544591436108322 0.029377073973862841 0.012517517057901634 -0.0054431143965213685 -0.0087558547292110635 -0.015006774063428929 -0.0083255261228929577 -0.014444028064981908 0.0085559261860180518 -0.0012136716979383466 0.0048941167733042388 0.028499124833449234 -0.0089188607529000295 0.030901880552098204 -0.0068699074061260397
leaf_weight=149.5050659077242 79.838762141764164 54.363725576549768 44.75724284350872 137.83198882825673 32.582321856170893 34.583942761644721 15.28676012624055 20.124916132539511 5.9517862591892472 229.32224217057228 16.709493599832058 10.663393864408134 4.3666848102584463 64.841252595186234 6.653186231851576 16.167602995410562 20.387694031000137 25.361326299607757 34.280717941001058 174.68988053780049 32.940448917448521 32.083993146196008 4.2696091532707241 14.075135393068196 1.9795022960752238 16.772458776831627 4.4545898064970961 733.73599662445486 2.7875539120286703 629.49387812428176 22.226405382156372 31.715032912790775 15.118483092635868 225.21718853712082 7.6741590956226018 29.331098601222038 22.931751899421215 14.723176658153536 10.94358805939555 2.6819014716893426 176.8688625767827 31.963267583400011 9.4028225876390916 70.834470732137561 4.527505910024046 3.8273328244686118 71.920998688787222 6.2803155295550823 17.332236552610993 39.796481058001518 2.9696617648005477 2.9227509777992955 43.767336395569146 12.671653624624012 55.300250897184014 12.881377819925545 5.4559046514332286 10.177761883474885 26.877207243815068 3.2722704522311679 30.928943991661072 3.3018895685672751
leaf_count=6528 695 1119 1649 6445 545 549 332 163 78 1771 95 310 203 1082 76 133 124 165 1372 3555 603 419 53 187 24 337 29 6216 30 8911 281 364 412 5094 180 538 474 296 179 66 1122 619 126 972 56 55 617 228 157 892 43 37 833 130 873 141 33 421 398 79 377 28
internal_value=0.000540696 -0.00380167 -0.00165526 -0.000640595 0.00205333 -0.00238204 -0.00384168 0.00629367 0.00467173 0.00176605 0.013604 -0.00913188 -0.0132738 0.00119357 0.00154578 -6.78045e-05 0.00369203 0.0175819 -0.0108455 -0.000706578 0.000913235 0.000149529 0.0125094 0.0261282 0.0354177 -0.00406261 0.0145644 0.00218332 0.0231874 -0.000835127 0.00698289 0.00119078 -0.000969293 8.23957e-05 0.008356 0.0130662 0.0260815 0.00763001 0.00717413 0.0143421 0.00918169 -0.00244548 -0.000112597 0.00381146 0.0107376 0.0160798 0.00818053 0.00956486 0.0192302 0.0135605 0.0266871 0.0209245 -0.00841683 0.00719729 -0.00668504 -0.00981102 0.0262645 -0.0150408 0.0247015 0.0196695 0.0230444 0.0268472
internal_weight=3676.71 947.92 777.59 732.833 2728.79 608.308 530.299 454.685 403.743 309.161 94.5823 182.776 170.33 2274.1 2197.75 1257.32 940.433 50.9421 172.113 1192.48 806.738 768.784 52.4082 20.3242 16.0546 385.739 37.9544 743.177 9.44074 716.376 86.8819 64.6555 347.523 332.236 75.0555 59.937 30.6059 124.525 78.0094 43.4254 197.257 257.18 211.049 133.465 62.6304 45.8579 77.8728 10.647 33.4998 70.161 17.6928 32.4819 76.3497 52.4681 77.5845 68.1816 30.8172 159.683 29.5591 41.3304 37.5031 34.2308
internal_count=59919 28514 21134 19485 31405 17005 15776 3617 3256 2466 790 8127 7380 27788 26410 18842 7568 361 7817 17760 11161 10842 683 264 211 6599 319 6322 106 10159 1248 967 7649 7317 1604 1192 654 2480 1229 680 1246 5713 3044 1904 932 595 695 431 290 1361 339 501 1378 1022 1140 1014 198 6949 464 539 484 405
is_linear=0
shrinkage=0.03


Tree=91
num_leaves=63
num_cat=0
split_feature=15 4 25 6 13 15 16 11 6 5 12 6 4 15 6 17 20 29 24 6 10 8 11 22 30 12 26 29 29 20 13 11 32 10 5 8 25 20 6 6 24 11 6 12 13 8 26 12 20 17 11 25 8 32 20 3 25 8 29 13 0 31
split_gain=29.7803 16.5047 14.4563 14.6315 13.1559 10.3649 11.3664 9.9913 9.91066 9.56945 8.98814 9.23616 8.92065 8.74985 8.3922 8.57956 10.7529 8.30905 8.77088 8.60048 8.17734 8.0765 6.7144 7.06601 7.10552 6.71127 7.1739 6.6377 8.85178 6.49097 6.42069 6.0153 6.95639 6.18685 5.91597 5.84564 5.81074 6.05426 6.3621 7.12299 5.67214 7.02212 6.27115 8.17021 8.09421 7.42076 6.84645 6.7727 6.26168 6.15738 6.49935 5.8275 5.72682 5.69547 5.75598 5.63827 7.04276 5.58827 12.4142 6.42601 6.32983 5.65458
threshold=-1.0622653365135191 1.7498977184295657 -0.26728245615959162 -0.48703022301197046 0.099796343594789519 0.57750803232193004 0.92402580380439769 0.70472145080566417 0.18883521854877475 1.038222670555115 0.77065813541412365 1.2619948983192446 -0.49190726876258845 0.40288814902305609 -0.98886486887931813 -0.58913344144821156 -0.29592159390449518 0.43303571641445165 -0.89961332082748402 0.05606405250728131 1.7887822389602663 1.3754691481590273 -0.74970772862434376 -0.096416007727384553 -2.1249999999999996 0.16025676578283313 -0.65925106406211842 0.26969698071479803 0.85164836049079906 0.37115101516246801 -2.1159498691558833 1.3354479670524599 15.500000000000002 0.32401989400386816 0.41925939917564398 -0.48008322715759272 -0.48023346066474909 1.5928686857223513 -0.38354104757308954 -0.88756141066551197 0.11557222157716752 -1.0661130547523496 1.5222473144531252 1.0825784206390383 1.2698329687118532 1.867189407348633 1.5980801582336428 0.87617370486259472 -0.42950887978076929 -0.63018488883972157 -0.45576441287994379 3.1635932922363286 0.12662190943956378 11.500000000000002 0.7042379379272462 1.6190043687820437 2.137098073959351 0.69988471269607555 0.55902779102325451 -0.18907271325588224 0.26560039818286901 -1.0000000180025095e-35
decision_type=2 2 2 2 2 2 2 2 2 2 2 2 2 2 2 2 2 2 2 2 2 2 2 2 2 2 2 2 2 2 2 2 2 2 2 2 2 2 2 2 2 2 2 2 2 2 2 2 2 2 2 2 2 2 2 2 2 2 2 2 2 2
left_child=7 2 8 4 -4 17 21 -1 9 20 -10 27 13 34 -9 -16 35 19 -19 -3 25 -7 -6 -24 -25 26 -2 29 -29 -12 -28 33 -33 -8 -5 -17 37 38 39 -27 57 53 43 46 49 47 -43 51 -49 -45 -51 52 -44 54 -42 56 -54 61 59 -59 -61 -14
right_child=1 5 3 12 22 6 31 14 10 -11 11 -13 40 -15 15 16 -18 18 -20 -21 -22 -23 23 24 -26 36 30 28 -30 -31 -32 32 -34 -35 -36 -37 -38 -39 -40 -41 41 42 45 44 -46 -47 -48 48 -50 50 -52 -53 55 -55 -56 -57 -58 58 -60 60 -62 -63
leaf_value=-0.015318790404149799 0.0033127038132226183 0.023713539939205604 -0.011606755489228279 -0.016671909218002399 -0.013362784647113357 -0.0047234943872235631 0.0084695201211453137 -0.012952437350184929 0.0096858426375727499 0.015968445186834008 -0.0076314765413505875 0.022834703643039682 0.0077295955928971876 -3.9939354056781572e-05 -0.0067511788619303396 0.00061422624184512005 -0.0093005322634160913 -0.0095570297784358035 0.030119922048768389 -0.0054221044076116472 0.017017939279589261 0.018223907808112918 -0.0038424266710592801 -0.0093366251835723529 0.020261574420329009 -0.00037904350472555543 0.013986932177333194 -0.015462205859749183 0.0084000106628640565 0.01712168590295151 -0.01219685224235886 0.014389395920185713 -0.015835058219250124 0.032971747413913663 -6.3968293595793898e-05 0.051394281167629327 -0.0033687670003977434 0.030362749867253278 -0.0058118185363391249 0.023001332061456291 -0.0097222268571642428 -0.0013602766246158017 0.0059074963363205113 -0.0078445531492617841 -0.012870547201190772 -0.015843927755978517 0.01285635065458276 0.01724624132692051 -0.0051258413560565531 -0.0074335479254784989 0.013979672015675871 -0.0086345381900982017 0.030595400680999033 -0.011607707485491985 0.01805920325958324 0.0013600603960084712 0.0041239548209647207 0.0018867549006308106 -0.0024880043292966826 0.033680142397706343 -0.0050020922454742075 -0.0029610915321922437
leaf_weight=135.34112492669374 44.594929771497846 8.9200651962310094 186.38920915964991 68.191732864826918 13.877356871031223 97.575353536754847 26.857909709215164 13.550029056146739 303.44310349412262 27.09744059946388 12.793495789170267 8.3008509464561921 76.515833823941648 111.21236957237124 8.7418057788163406 2.7275885920971614 3.3391616698354518 3.3623009528964749 36.329174233600497 22.533803004771471 15.939320416189728 10.985416751354931 29.446141339838505 6.0370735079050055 30.546160734258592 23.042644602246583 5.0117942430078974 45.998506681993604 15.628721756860612 17.232054561376572 108.46618824824691 8.8604679182171839 8.564909450709818 14.8188479244709 26.270773289725184 4.8486707080155611 83.547786947339773 4.6026481417939058 28.956319751217961 18.550565757788718 8.0876849759370106 1259.1541366297752 108.49392980709672 13.51379727758467 12.701588312163947 10.280760452151297 26.267407696694136 8.4141999669373018 66.133378177881241 11.422971121966837 96.387841558083892 12.037169285118578 28.015734490007162 70.568706667050719 9.6142175458371621 15.199256896972654 14.872363721951841 11.217802371829746 30.021827448159456 23.68889652192593 3.0221822960302225 93.899204929359257
leaf_count=7099 1000 119 6843 1968 531 670 149 481 3388 495 154 57 1758 1425 277 82 68 52 337 202 364 73 742 145 644 630 133 536 176 183 2675 43 46 80 597 128 1950 71 514 407 105 13921 717 215 105 82 280 71 412 136 890 131 183 1243 79 75 134 264 588 458 46 2381
internal_value=0.000320131 0.00092311 0.000356906 -0.000754986 -0.00733091 0.00845108 0.00413944 -0.0118096 0.00395351 0.000318716 0.00715198 -0.000635398 5.02531e-05 -0.00582361 0.00262546 0.0138126 0.0272285 0.017673 0.0260657 0.00495977 -0.00117341 -0.00170127 0.00273902 0.00682556 0.0148419 -0.00233898 -0.00662037 -0.00383236 -0.00923448 0.00699089 -0.010499 0.0141637 -0.000684821 0.0197804 -0.0122885 0.0406251 0.00199745 0.00780116 0.0044172 0.0113979 0.000664403 7.4116e-05 0.000516704 -0.000277573 0.00663347 0.00472172 -0.00102107 0.00584755 -0.0016754 0.00910397 0.0114819 0.00894742 0.0104325 -0.00793926 0.00602063 0.0177461 0.0228049 0.00495886 0.0119201 0.0222861 0.0292049 0.0019225
internal_weight=3652.06 3483.52 3244.71 2481.5 266.296 238.808 167.663 168.548 763.206 359.81 403.397 99.9536 2215.21 205.675 33.2073 19.6572 10.9154 71.1453 39.6915 31.4539 332.712 108.561 79.9067 66.0294 36.5832 316.773 158.073 91.6528 61.6272 30.0256 113.478 59.1021 17.4254 41.6768 94.4625 7.57626 158.7 75.1522 70.5495 41.5932 2009.53 1771.17 1682.89 1419.45 134.026 263.447 1285.42 253.166 74.5476 121.325 107.811 178.618 166.581 88.2706 17.7019 58.0874 42.8881 238.366 67.9507 37.9289 26.7111 170.415
internal_count=59808 51673 49902 37169 8905 1771 1061 8135 12733 8239 4494 1106 28264 3990 1036 555 278 710 389 321 7744 743 2062 1531 789 7380 3808 1049 712 337 2808 318 89 229 2565 210 3572 1622 1551 1037 24274 18779 17352 15547 1346 1805 14201 1723 483 1241 1026 1240 1109 1427 184 392 317 5495 1356 768 504 4139
is_linear=0
shrinkage=0.03


Tree=92
num_leaves=63
num_cat=0
split_feature=17 6 15 5 21 16 9 6 15 1 21 8 32 15 5 10 16 3 6 6 7 26 2 34 8 15 0 32 15 5 8 31 5 7 3 12 13 9 1 18 18 3 17 30 21 0 26 10 21 17 29 9 7 31 8 17 14 9 14 32 12 13
split_gain=18.6767 13.6503 10.8213 9.99511 9.94394 8.63501 7.99041 14.9378 10.9131 8.85002 8.2733 10.0603 11.4262 9.61225 7.26391 7.85206 11.9592 7.2309 7.16353 7.98327 7.65427 7.61592 7.06618 10.1332 7.02105 6.90151 6.83407 6.79928 6.77339 6.64195 6.43009 6.34756 6.36328 6.31377 6.29739 6.15911 6.10101 6.0092 5.99773 6.31595 5.78018 5.75886 6.00348 5.67801 6.79942 5.97034 11.7728 8.35463 9.4575 12.6868 8.5149 13.0389 8.07533 6.20058 5.61228 6.35839 5.80839 5.53092 6.10707 9.81859 8.55095 6.7758
threshold=-0.62181267142295826 -0.89975279569625843 -1.0821889638900755 0.24459843337535861 1.6731751561164858 -0.7170794904232024 -1.0593020915985105 0.78147754073143016 0.99375811219215404 -0.90127521753311146 0.99842476844787609 -0.69970405101776112 11.500000000000002 -1.2493558526039121 -0.20125912874937055 -0.055912777781486504 0.61795890331268322 -0.65262737870216359 1.3273013234138491 1.156781852245331 -0.048996914178133004 -1.3405264019966123 -0.010033368598669766 2.5000000000000004 -0.92239210009574879 1.0053778886795046 -0.91989600658416737 7.5000000000000009 -1.0000000180025095e-35 0.0081878043711185473 1.7795041203498843 0.5000000149011613 -0.055152362212538712 -0.20062796771526334 1.5103702545166018 -0.724065601825714 0.24136392772197726 0.71823149919509899 -0.10239508748054503 -0.72282785177230824 -0.2830126136541366 1.2597366571426394 2.5629298686981206 -2.1249999999999996 1.1108442544937136 0.97633057832717907 0.84534144401550304 0.35541640222072607 -0.88190791010856617 0.88825759291648876 0.77350428700447094 0.8978787660598756 -0.039850447326898568 -0.50000001490116108 0.28183160722255712 -1.0000000180025095e-35 0.58963707089424144 -1.6156679987907407 0.46302035450935369 10.500000000000002 0.37818798422813421 -0.28792919218540186
decision_type=2 2 2 2 2 2 2 2 2 2 2 2 2 2 2 2 2 2 2 2 2 2 2 2 2 2 2 2 2 2 2 2 2 2 2 2 2 2 2 2 2 2 2 2 2 2 2 2 2 2 2 2 2 2 2 2 2 2 2 2 2 2
left_child=2 -2 -1 6 38 24 7 -3 28 33 13 31 17 -11 15 16 -15 -13 19 22 -21 -20 23 35 -5 -14 -7 -28 -9 30 41 -12 -33 -8 -27 -16 -36 -18 -4 -40 -34 -23 -43 44 -29 47 -47 48 49 52 51 54 -45 -50 -49 -56 -57 -41 59 60 -59 -61
right_child=1 3 4 5 -6 26 9 8 -10 10 11 12 25 14 18 -17 37 -19 21 20 -22 29 -24 -25 -26 34 27 43 -30 -31 -32 32 40 -35 36 -37 -38 -39 39 57 -42 42 -44 45 -46 46 -48 50 53 -51 -52 -53 -54 -55 55 56 -58 58 -60 61 -62 -63
leaf_value=-0.015216830511547354 -0.0052124221901133283 -0.010995393206866572 -0.014131913898205575 -0.0095501402396456665 0.016104446229646321 -0.010730092439353528 0.031676278456405998 0.011156401445645133 0.0094600909803106235 0.019219456785406167 -0.0059655844255271798 -0.011115242279059009 0.008062064288559271 -0.0081905036032156476 -0.0066570898525255577 -0.010709361439009028 0.017480987671494398 0.018532604023320607 -0.012215588859783537 -0.015562733014342026 -0.00073485078606757486 0.015004840865778902 2.0599558595945416e-05 -0.0032915799426196557 0.026547155030458017 -0.0053254530575617678 0.02474745238395927 0.0022469331868554716 -0.0097572983934062427 -0.011502510269819279 -0.013528137719955939 0.024541465126556538 -0.0083127536023655732 0.0030303029311702272 -0.0019402897067772914 0.042956543073662395 0.016869163207155199 -0.0044324601079112035 0.016912318514523846 -0.016482505775211587 0.011761740802956539 0.00057939852095205717 0.025725179292125814 0.040083559145494545 -0.016340287206684172 0.01367469660100395 -0.0066836051283222665 0.0065774081375011362 0.0051426187024850856 -0.013806977923578259 -0.0043938725198351784 -0.0098884752261597306 -0.0070437746602931804 -0.0052728718834988498 -0.0071367752249250644 0.028714464303582307 -0.0047742215834969326 0.029876157817312371 -0.0082292883615880594 0.0058486406520970443 -0.00079803404760914122 -0.0059818958357835709
leaf_weight=76.417212860658765 277.95140740927309 135.26184102799743 43.852564563974738 3.2743195956572917 17.977315444499254 22.203363204374909 9.7397333420813101 13.068181332200764 85.146457897499204 17.708696155808866 112.19421509280801 4.8706262782216063 168.50926133897156 58.512130058370531 1.3131352644413707 113.04150724038482 32.888819437474012 78.77798468619585 15.297743251547216 53.503961132839322 68.587701812386513 91.749462286010385 748.12434877827764 10.618180043995379 21.056777414865792 94.437298197299242 10.126190593466161 58.004049237817526 63.319510404020548 11.44593754224479 6.7824739739298812 8.2187509778887016 24.209826907142993 15.306778354570268 31.312181137502193 6.2650435157120254 24.092559665441513 13.582062114030121 9.1667339541017991 22.73679259326309 18.146067564375702 71.099972866475582 4.7518960833549491 9.9779839664697647 19.911567781120539 133.77998043037951 28.131278619170189 33.990168392658234 71.047548776492476 4.8150979708880177 30.170553840696812 15.526501400396226 2.4890431594103584 155.66860115155578 3.6823269035667172 45.565890241414309 3.6953619159758082 12.620874539949002 103.6177504947409 60.531028235331178 14.792594783008097 126.39181264396757
leaf_count=3945 9503 2938 1420 73 265 372 255 205 612 670 1078 60 2169 1253 30 1940 400 499 151 570 573 846 11858 202 435 668 66 666 741 89 57 80 192 306 150 125 120 161 182 590 162 439 25 177 166 886 206 383 727 56 327 163 44 1677 56 420 39 175 2565 1380 237 2832
internal_value=0.000234314 0.00107937 -0.00519715 0.00169352 -0.00317702 0.00488033 0.000714891 -0.00382536 0.00232839 0.00142666 0.00116666 0.0041898 0.0067138 -0.000132559 -0.000466864 -0.00540019 0.000543479 0.0162767 0.000540489 -0.000625212 -0.00758946 0.00557984 0.000526351 0.0168333 0.0208895 0.00398825 0.00412478 0.00473195 -0.00571386 0.00732646 0.0088485 -0.00205819 0.00636678 0.0175873 -0.000705478 0.0351307 0.00695825 0.0112679 -0.00424836 -0.00282784 0.000621337 0.0101197 0.00364817 0.0042067 -0.00320201 0.00529819 0.0100433 0.00315343 -0.000176702 0.0184948 0.00906366 0.0130464 0.0313516 -0.00196836 0.0174577 0.0232726 0.0259939 -0.00359591 -0.00243348 0.00049214 0.0157542 -0.00209826
internal_weight=3651.06 3162.95 488.105 2885 411.687 673.117 2211.88 296.796 161.534 1915.09 1890.04 564.769 402 1325.27 1307.56 218.025 104.983 83.6486 1089.54 888.412 122.092 201.127 766.321 18.1964 24.3311 318.351 648.786 626.582 76.3877 185.83 174.384 162.769 50.5746 25.0465 149.842 7.57818 55.4047 46.4709 393.71 349.858 42.3559 167.601 75.8519 616.456 77.9156 538.54 161.911 376.629 243.998 17.2821 132.631 102.46 12.467 226.716 86.9337 52.9436 49.2613 340.691 317.954 214.336 27.4135 186.923
internal_count=59657 46066 13591 36563 9646 6939 29624 4496 1558 25128 24567 5178 3666 19389 18719 3754 1814 559 14965 13358 1143 1607 12215 357 508 3107 6431 6059 946 1456 1367 1512 434 561 938 155 270 561 9381 7961 354 1310 464 5993 832 5161 1092 4069 2681 277 1388 1061 221 2404 898 515 459 7779 7189 4624 412 4212
is_linear=0
shrinkage=0.03


Tree=93
num_leaves=63
num_cat=0
split_feature=15 7 11 32 15 17 20 2 14 31 13 12 31 11 11 5 4 9 4 11 32 20 11 15 14 23 17 6 6 9 12 12 23 26 5 7 20 26 9 12 2 2 30 14 7 26 7 14 14 22 11 20 7 1 23 26 20 7 11 7 22 34
split_gain=22.5048 17.1522 11.6464 10.5597 13.0752 8.75583 8.69696 8.55112 8.19309 7.92351 7.86593 7.4553 11.851 9.08993 8.0128 10.7479 7.45179 7.43934 6.92603 7.11781 7.7781 8.26565 6.85778 6.7995 7.21996 6.66216 6.60691 7.51041 6.51285 6.31839 6.24745 8.25862 7.84867 7.37002 7.29945 7.93892 6.24498 6.22782 6.1958 6.15082 6.09998 6.08222 6.07788 6.34004 11.354 11.4349 9.05966 7.68534 9.49049 7.52546 7.51532 8.73403 7.24895 7.90276 7.15419 5.97574 6.13349 6.39267 7.17979 5.95702 5.8649 5.97503
threshold=-1.0622653365135191 -0.85574060678482045 0.86423179507255565 15.500000000000002 -0.078267596662044511 -1.068642199039459 0.82642474770545971 0.7711932659149171 -1.5581745505332945 -0.35714286565780634 -1.1823988556861875 0.28891630470752722 1.0000000180025095e-35 -0.40353153645992274 1.0367280244827273 0.04810826666653157 -1.1420241594314573 -0.63227635622024525 -1.0000000180025095e-35 1.117392957210541 12.500000000000002 -1.4073493480682371 1.3354479670524599 -0.35810057818889612 -0.18275956064462659 1.6299912929534914 -0.40822257101535792 -0.92880016565322865 0.62571614980697643 0.47991286218166357 0.1051829867064953 0.57717359066009533 0.84280914068222057 -1.260078430175781 0.16727872192859652 -2.0210648775100704 -0.07447385415434836 1.0021815299987795 0.85605168342590343 0.28891630470752722 0.38654157519340521 1.7691940665245058 -5.0714285373687735 -0.094809271395206438 0.82355144619941723 0.72301873564720165 1.2956362962722781 0.58963707089424144 1.1525018215179446 0.038869975134730346 0.88720330595970165 -0.85677713155746449 0.76338607072830211 1.0132402181625368 0.85054907202720653 1.0783019661903384 0.11265872418880464 1.4981490373611452 0.91171324253082286 1.012822210788727 -1.1774236559867857 3.5000000000000004
decision_type=2 2 2 2 2 2 2 2 2 2 2 2 2 2 2 2 2 2 2 2 2 2 2 2 2 2 2 2 2 2 2 2 2 2 2 2 2 2 2 2 2 2 2 2 2 2 2 2 2 2 2 2 2 2 2 2 2 2 2 2 2 2
left_child=2 18 -1 6 7 -6 11 8 -5 17 -11 12 13 23 16 -16 -14 -7 40 30 37 29 39 -3 -25 42 38 -28 -9 -22 -20 32 33 -32 35 -35 -29 -21 -4 -8 -2 55 -15 44 -44 -46 47 50 59 -50 51 -45 53 -53 -52 56 -12 -58 -59 -49 -13 -62
right_child=1 3 26 4 5 9 22 28 -10 10 41 60 14 25 15 -17 -18 -19 19 20 21 -23 -24 24 -26 -27 27 36 -30 -31 31 -33 -34 34 -36 -37 -38 -39 -40 -41 -42 -43 43 46 45 -47 -48 48 49 -51 54 52 -54 -55 -56 -57 57 58 -60 -61 61 -63
leaf_value=-0.013235074854853524 -0.017759852391514192 0.017189158599789856 -0.015747291447872958 0.016811289678736182 -0.014011767287615442 -0.010429078286151127 0.0010093969224348827 -0.0053227351127189283 -0.010269636307650966 -0.0094577599062908666 -0.0010889741032877578 0.0088962629690710528 0.023558368122874845 -0.0070655565575894917 0.016110528218888885 -0.010401948812870007 -0.0048074161174567016 7.3056001536969147e-05 -0.011851068046145481 0.022174757730243487 0.025624284787989737 -0.006362659666758262 0.017523361778939952 0.0054808013049738495 -0.015648415324538208 -0.014794210592484473 -0.0053363753138097932 0.040463236440382251 0.027644839739161792 -0.007460176528660145 -0.012225766022688458 -0.0071268237071394347 -0.009657282719310557 -0.0094365595545489456 -0.010522042320689621 0.03479328323325271 -0.0072591803849029017 -0.0072983985689865369 0.019261982882330768 0.0082310585534280806 0.0010771674351358616 0.018803179660212225 0.0018896184580534563 -0.00061632639481446546 0.0053661631678685309 0.047302657995893567 -0.010425369840080665 -0.014381790294672061 0.036285316260250562 -0.0079812975611572076 0.021869676904693248 0.047912795015675767 0.006900845042364134 -0.0048887037951746495 -0.0061860784689373588 0.012156881415299598 0.0035134823173627815 0.021877331616864899 -0.0088234507716925814 0.018132999057932572 0.0012941783762939767 -0.0049933871043161583
leaf_weight=140.73319585807621 53.002795587293804 9.3698366703465563 10.974637044593694 6.2488777050748459 28.144018298946321 70.247899423353374 167.3390532489866 7.880133640021084 172.7993205813691 37.540661592967808 264.19378786627203 55.718764725141227 3.8455871846526852 10.29489583801478 43.369935436174273 15.276549311354755 165.54948411881924 313.73699844349176 86.284566145390272 21.620927855372432 10.132640626281498 65.006832458078861 45.299891475588083 23.700165897607803 26.098707472905517 4.1953738182783118 5.6885836776345968 6.3264444507658482 6.1243354342877865 5.1235573384910813 3.1123064374551204 64.810612093657255 9.7206029910594207 2.169413876719779 2.4113150537013999 17.589770326390862 1.4426072686910609 5.8173977620899668 1.6680929362773884 292.81652508210391 20.352631266228855 18.909118350595236 76.611185181885958 5.6892364202067247 14.796858686953785 6.6316428147256365 5.8339451737701884 14.977402574382728 6.2768173459917289 2.7802143059670925 14.245915807783605 27.93875177484006 7.7248580306768408 1.8177609872072924 11.170180529356001 59.34523756429553 458.7536651333794 28.341949061490595 5.6991093046963206 2.15259114652872 388.0727493930608 203.23870484158397
leaf_count=7349 1854 338 371 144 527 1061 1896 213 5413 571 4459 739 126 168 490 141 3331 3864 2273 254 165 935 265 370 587 29 186 154 90 97 80 1351 147 74 51 440 30 69 63 2857 411 135 858 111 113 51 71 253 86 48 210 427 93 22 104 895 4732 324 46 21 4616 2531
internal_value=0.000723451 0.00124247 -0.00987821 0.00196355 0.000119356 0.0012209 0.0036073 -0.00705799 -0.00889347 0.00161619 0.0031907 0.0021465 0.00487689 0.00904303 -0.000185225 0.00892979 -0.00350649 -0.00195761 -0.0048501 -0.00268467 0.00335553 -0.00156211 0.0068698 -0.00128318 -0.00601008 0.0118734 0.00743984 0.019206 0.0125746 0.0154145 -0.00617667 -0.000940071 0.00997403 0.0178701 0.0235673 0.0290122 0.0322292 0.0157642 -0.00697832 0.00564393 -0.0127982 0.00381209 0.0127421 0.0139169 0.0078674 0.0248384 0.0191603 0.0214127 0.0060754 0.0246913 0.026458 0.0337567 0.0384326 0.044448 0.0105494 0.00335249 0.00258701 0.0045489 0.0162657 -0.00712214 1.38949e-05 -0.000890659
internal_weight=3664.79 3497.95 166.834 3130.8 1477.97 1284.91 1652.83 193.053 179.048 1256.77 872.784 1147.38 500.348 272.306 228.042 58.6465 169.395 383.985 367.155 293.8 107.701 80.263 505.455 59.1687 49.7989 213.138 26.1004 13.4576 14.0045 15.2562 186.099 99.814 35.0034 25.2828 22.1705 19.7592 7.76905 27.4383 12.6427 460.156 73.3554 835.243 208.942 198.647 98.0397 21.4285 100.608 94.7737 26.187 9.05703 68.5867 43.1706 37.4814 29.7565 25.4161 816.334 756.989 492.795 34.0411 17.13 647.03 591.311
internal_count=59780 51627 8153 43426 22474 16614 20952 5860 5557 16087 11162 15934 8048 3960 4088 631 3457 4925 8201 5936 1520 1197 5018 1295 957 2665 804 370 303 262 4416 2143 792 645 565 514 184 323 434 4753 2265 10591 2636 2468 1022 164 1446 1375 408 134 967 653 542 449 314 10456 9561 5102 370 274 7886 7147
is_linear=0
shrinkage=0.03


Tree=94
num_leaves=63
num_cat=0
split_feature=24 32 8 10 11 12 4 4 0 32 3 9 12 7 4 14 17 7 8 25 7 7 11 14 9 3 24 17 31 8 8 3 14 1 13 16 4 12 5 29 11 4 3 17 5 9 22 16 11 17 26 25 16 11 19 26 22 13 11 8 8 4
split_gain=23.6213 23.0695 22.231 11.7516 11.2188 11.0903 9.88021 9.72082 9.55617 10.1263 9.7259 9.1385 8.78253 8.62973 8.00827 7.95423 11.1963 9.37447 7.75855 7.65572 8.77532 7.65407 10.0395 7.41745 8.73785 8.44507 7.31418 7.08154 7.02761 6.58552 6.58098 6.56737 6.47438 6.44572 6.28118 6.19632 6.19524 6.14218 6.7677 6.12338 6.19074 6.068 6.38555 5.8424 6.30284 5.80376 6.05751 6.64239 5.80208 5.76345 5.68783 5.58033 6.28278 7.13865 7.3319 5.93326 5.51872 5.77939 5.50387 5.40099 5.3465 7.49149
threshold=-0.091450687497854219 9.5000000000000018 -0.13281947374343869 0.44019000232219702 1.4427454471588137 -0.86056876182556141 1.8828417062759402 -0.71008953452110279 -0.019554853439331051 12.500000000000002 -1.2006285786628721 -0.4381690621376037 0.28891630470752722 0.9405823051929475 -0.84395095705986012 -0.62010607123374928 0.90356245636940014 0.42972676455974584 1.822136461734772 -0.25256711244583124 -1.2267602682113645 -0.31851172447204584 0.38465130329132086 -1.8591957092285154 0.31642414629459387 0.77253621816635143 0.8192451298236848 0.69286668300628673 0.5000000149011613 1.018180310726166 0.68613728880882274 0.86608561873435985 0.65493202209472667 -0.17501153051853177 0.26273006200790411 0.66538929939270031 0.15862626582384112 -0.70610886812210072 -1.0000000180025095e-35 0.65686276555061351 0.88720330595970165 -0.35337153077125544 1.1724450588226321 -0.8576013147830962 0.85997521877288829 -1.1828377246856687 1.0844227671623232 -1.7538997530937193 0.08535808697342874 -0.11205464601516722 0.76058393716812145 2.7535746097564702 0.57209491729736339 1.773987412452698 0.77070274949073803 -1.0718821883201597 -0.75051265954971302 0.27230566740036016 -0.67995125055313099 0.86635097861289989 1.7417139410972597 0.15862626582384112
decision_type=2 2 2 2 2 2 2 2 2 2 2 2 2 2 2 2 2 2 2 2 2 2 2 2 2 2 2 2 2 2 2 2 2 2 2 2 2 2 2 2 2 2 2 2 2 2 2 2 2 2 2 2 2 2 2 2 2 2 2 2 2 2
left_child=1 3 6 5 7 -1 -3 -4 -2 13 -11 -6 15 14 -10 17 -17 50 29 35 -21 22 26 39 25 43 48 31 36 49 -23 34 -32 -13 -27 -12 -15 38 -19 40 -22 42 -33 -25 -45 -7 47 -47 -16 -14 -9 52 55 54 -54 -24 -37 -58 -29 -59 -26 -62
right_child=8 2 4 -5 11 45 -8 12 9 10 19 33 18 28 21 16 -18 37 -20 20 23 30 51 24 60 27 -28 58 -30 -31 32 41 -34 -35 -36 56 -38 -39 -40 -41 -42 -43 -44 44 -46 46 -48 -49 -50 -51 -52 -53 53 -55 -56 -57 57 59 -60 -61 61 -63
leaf_value=-0.0046914583337994966 -0.0047467301622968272 -0.013221938098985144 -0.015253600303914613 -0.0058961519156640173 -0.0071287353442004535 -0.0014374108045870364 0.019228204119302619 -0.011088571492063916 -0.013665593210165616 -0.012103918597150657 0.0028712306814579029 -0.0068863213408051505 -0.001912729554155072 0.010010916996079033 0.014685087846945671 -0.011798170854289291 0.0089051283376393713 -0.0092202697810340947 0.022038285510308255 -0.010888896937376576 0.0096606720600438001 -0.0011186405838296337 -0.012566139159278468 0.0071260540062941255 0.0028293793849618462 0.020953006677568217 -0.014429927713935751 -0.013273448829453792 0.00014463853770560993 -0.0074026714445498418 0.010324377818519973 0.024452594139304461 -0.013665211468760654 0.028241113424145894 -0.011465735382359064 0.026095606073684066 0.026940525204047772 -0.00044887769910702133 0.032693484365338726 0.017065854686475777 -0.0079776300434623287 -0.0082477027382149865 -0.0049317415552523596 -0.0094977999280834845 0.0053239677657951441 -0.0070680242446865835 -0.0024001114924575048 0.040325869486560285 -0.011365666274335563 0.011248151494482979 0.0097147924301316056 -0.0095378822008413688 0.027371879778314696 -0.0041853915884403322 -0.0054298979669310009 0.010955249168742917 -0.0021321162368478164 0.017101791371317201 0.0068910914871271253 -0.0075008575471366447 -0.01729022169334064 0.012542176595851922
leaf_weight=10.445838039740918 190.05494750663638 266.34391546994448 46.84109119977802 18.953279694542289 10.843860961496828 4.7265676772221914 4.4751956406980744 34.532017598859966 18.616388814523816 44.23947386443615 364.20038669742644 3.683573296293619 52.469463629648089 75.395083045586944 20.387927075847987 143.70320166181773 24.128774378448725 2.001576602458953 13.479278502985833 55.065946191549301 37.000483738258481 235.07999676465988 8.0725986752659065 22.111229160800576 728.88595938403159 12.312009776011111 19.2376913651824 8.68500082567334 34.791376277804375 47.84099359344691 89.636660765856504 6.7687748875468996 7.006539760157465 20.299195691943169 4.0543509665876618 14.431301215663551 28.291223488748074 12.921232485212384 12.537592750974001 38.734169874340296 26.455693315714598 121.95338423550129 12.257015161216257 215.89095293078572 26.004893228411674 1.4396195933222795 3.3342152480036011 23.731904027052227 6.7799048963934174 61.081830692477524 12.457834983244537 5.346353191882371 54.463153315708041 7.477679379284381 5.171318255364894 36.338288361206651 33.507543563842773 43.005466230213642 142.45189625397325 6.6765792556107035 21.568743094801906 6.4874104075133792
leaf_count=267 3223 9583 2099 438 199 107 66 1112 290 1146 4598 77 1943 577 360 4837 419 52 371 1048 320 2137 84 496 8130 155 208 86 296 1357 671 102 71 359 55 145 163 268 263 284 186 1170 140 3963 340 66 67 497 107 1272 370 52 446 48 36 435 340 412 1050 65 237 50
internal_value=0.000364872 -0.00406397 -0.00550977 0.0127965 -0.00171209 0.0206802 -0.0123469 -0.00299432 0.00166996 0.00213914 0.00107118 0.0136023 -0.0014534 0.00536977 0.00351122 -0.00510761 -0.0086502 0.00292019 0.0036107 0.00140053 0.000346939 0.00428742 0.00950392 0.000815507 0.000202636 -0.00258141 -0.00215562 0.000794231 0.0119006 0.00145566 0.00161685 -0.00360638 0.0079985 0.0225886 0.0121183 0.00475219 0.0156571 0.0154269 0.0260404 0.00840721 0.00226146 -0.00578441 0.00843552 -0.00646716 -0.00782884 0.0282259 0.0326249 0.0368932 0.00742784 0.00534262 -0.00516936 0.0140321 0.0155228 0.0210806 0.0243274 0.0058408 0.0112878 0.00738514 0.0053444 0.013412 0.00231138 -0.00953839
internal_weight=3667.17 832.272 769.641 62.6314 498.822 43.6781 270.819 463.995 2834.9 2644.84 1992.75 34.8266 417.154 652.092 513.615 242.282 167.832 74.4503 174.872 1948.51 1486.69 494.998 163.275 1431.62 1329.43 572.49 46.4055 308.482 138.478 161.392 331.723 157.346 96.6432 23.9828 16.3664 461.821 103.686 27.4604 14.5392 102.19 63.4562 140.979 19.0258 264.007 241.896 33.2323 28.5057 25.1715 27.1678 113.551 46.9899 116.869 111.523 67.1122 59.6345 44.4109 97.6209 83.1896 151.137 49.682 756.942 28.0562
internal_count=59811 26089 24647 1442 14998 1004 9649 14363 33722 30499 24518 635 12264 5981 4945 7321 5256 2065 4943 23372 17812 4655 1776 16764 15974 7557 675 2758 1036 4572 2879 1622 742 436 210 5560 740 583 315 790 506 1412 242 4799 4303 737 630 563 467 3215 1482 1101 1049 530 482 519 962 817 1136 477 8417 287
is_linear=0
shrinkage=0.03


Tree=95
num_leaves=63
num_cat=0
split_feature=15 11 3 32 32 25 11 15 25 23 22 16 14 12 24 23 24 10 1 26 16 12 15 16 14 9 22 9 32 26 15 10 15 6 20 19 22 9 4 22 22 21 14 14 6 15 23 21 18 11 20 32 11 25 16 24 30 21 9 26 11 32
split_gain=20.8334 13.8489 10.9158 8.97826 8.81065 8.73079 9.92114 9.42665 8.11153 10.6488 8.00342 9.30262 8.85576 14.3286 10.9931 8.58943 9.30575 8.01938 7.41928 19.6933 9.60082 9.53952 11.2896 8.59972 8.52437 8.17828 8.17355 7.76574 7.64878 7.20147 7.11371 6.91928 6.71593 8.56265 6.36248 6.26422 6.82699 6.20301 6.33299 6.19637 7.16859 6.19045 6.16392 12.3619 6.7327 6.03591 7.36612 6.39866 7.03729 6.02982 6.51923 6.27941 5.83559 7.89053 7.38164 11.5847 9.36886 8.2374 7.08744 7.00449 8.3207 6.69367
threshold=-0.87416577339172352 0.65716460347175609 -0.91010287404060353 11.500000000000002 7.5000000000000009 -0.039128061383962624 1.3891112804412844 -0.29607845842838282 0.7058299481868745 0.65309941768646251 -0.16238173097372052 0.71557229757308971 0.18064018338918689 0.99326458573341381 -0.012708995025604962 0.67064848542213451 0.20086015760898593 -0.22447074204683301 1.0132402181625368 0.6212579905986787 0.94832953810691845 -0.53867638111114491 -0.045666480436921113 -0.66816750168800343 -2.6278655529022212 -0.4031390100717544 -1.5897994041442869 0.27842929959297186 15.500000000000002 1.0783019661903384 -0.50858402252197255 0.72511258721351635 0.5668831765651704 1.2619948983192446 0.80165413022041332 0.77070274949073803 0.7607933282852174 0.18186276406049731 -0.17573804408311841 0.58332300186157238 -0.55430847406387318 -0.81791895627975453 -1.0000000180025095e-35 -0.50440591573715199 0.57974433898925792 1.2230495214462282 0.14423266053199771 0.26795932650566107 -0.29509323835372919 -1.0813010931015012 1.3466543555259707 11.500000000000002 -0.072313152253627763 0.51139450073242199 0.45322726666927343 0.5143815577030183 -3.5499999523162837 -0.010693989694118498 -0.19411889463663098 0.82435524463653576 -0.97198981046676625 10.500000000000002
decision_type=2 2 2 2 2 2 2 2 2 2 2 2 2 2 2 2 2 2 2 2 2 2 2 2 2 2 2 2 2 2 2 2 2 2 2 2 2 2 2 2 2 2 2 2 2 2 2 2 2 2 2 2 2 2 2 2 2 2 2 2 2 2
left_child=1 3 8 41 -4 6 10 -7 9 49 11 30 13 32 -14 16 -13 -18 21 45 -21 22 28 27 35 26 -26 -23 -9 -24 -6 37 42 -34 52 36 -25 -3 -39 40 -29 -1 43 -12 -45 46 -20 48 -47 50 -2 -51 59 54 55 -54 -57 -58 -55 60 -27 -56
right_child=2 31 4 -5 5 7 -8 18 -10 -11 12 15 14 -15 -16 -17 17 -19 19 20 -22 23 29 24 25 34 -28 39 -30 -31 -32 -33 33 -35 -36 -37 -38 38 -40 -41 -42 -43 -44 44 -46 47 -48 -49 -50 51 -52 -53 53 58 61 56 57 -59 -60 -61 -62 -63
leaf_value=-0.014768339966003829 -0.01970646083676381 -0.0017612059176489914 0.012592905683719903 -0.015657850188512078 0.01253953245780752 -0.0084711280855790209 0.011821381764015331 0.031697350389952833 -0.017785946902508364 0.012961681915645465 0.01090555363977054 -0.00012161125097980362 -0.0063465443987904581 -0.012340469269513129 0.0041541296864375538 -0.0041594413149685528 -0.00014717613721557045 0.047206928570111988 -0.01073029591912626 -0.014966349494017385 0.0058729136414285288 -0.00087196506746028317 -0.0083884226423884961 0.018812354892943223 0.014635203422008773 0.0062110306960085028 -0.0054940989735514307 -0.0052858605752498294 -0.0051099379247800981 0.0043297041625246216 -0.0076088767775386685 -0.012989606134290213 0.0029185321222871038 0.026011260826327456 0.0041387819928573807 -0.011305436106039636 -0.009618935112260826 -0.0055803385159192516 0.028498094884373038 -0.0047404421012964496 0.043257017573278128 0.010380559469681076 0.0049650614180044962 0.046959232601370103 0.0017110207950142089 0.033198601587346978 0.016636734412372178 -0.0024559891225615204 -0.0041365380214769109 0.010037572673423105 0.013802815695575767 -0.0055840838589797329 -0.00056662929430414163 0.011984506391862585 0.011637345673655522 -0.0091547405823987626 0.0036651616349058511 0.029154363933995883 -0.010159243710745704 0.0075931856603580882 -0.014192747109424862 -0.0015624619160865257
leaf_weight=8.3697882480919379 33.156166308559477 18.549516106024384 53.408006392419338 144.3801241889596 12.872507254593073 113.66253176238388 101.06052116490901 7.3521590204909426 35.690556766465306 27.372817702591419 46.91825835686177 12.159163852222266 124.628821041435 24.15125703625381 286.92575850151479 23.226673131808639 4.3622700311243534 6.9527847934514266 6.2926973514258853 47.871678115800023 28.42328517884016 14.463348874822261 256.08832935336977 43.089297622442245 14.525845020078121 19.856191650032997 310.83275288436562 2.1493047131225458 6.5910021103918552 44.126135438680649 166.13462365884334 10.106999281793831 129.81236323527992 11.547405198216437 373.57356540486217 5.95920705795288 5.8427931629121295 4.6265834402292993 14.635246032848952 3.0394410276785484 9.3058530874550325 21.09441533870995 35.587764354422688 14.253910969011487 3.9563262462615958 5.9622058011591434 103.52663941495121 49.583214901387691 6.0787791460752469 23.707109705545008 2.4567488925531498 118.88813431188464 66.732489163056016 10.934420766308902 33.800750913098454 7.7652116008102885 18.256215188652277 34.729383477941155 83.382797442376614 21.664160898886621 77.869824885390699 312.56840095482767
leaf_count=446 1616 568 432 7677 390 3394 1075 155 582 482 662 261 3061 254 3602 244 50 79 98 495 172 406 4067 289 190 380 4019 79 174 675 2699 319 1069 69 3226 37 43 172 419 69 186 797 619 229 45 40 879 264 46 569 79 3948 1538 120 237 90 262 331 891 341 1196 3022
internal_value=-4.55962e-08 -0.00880837 0.000578889 -0.0126677 0.00104523 0.000829827 0.00313056 -0.000251979 -0.00550922 -0.00300618 0.00209874 -0.00275087 0.00372202 0.00793181 0.000936258 0.00857591 0.0196946 0.0345004 0.000227378 0.0050384 -0.00731908 -0.000452738 -0.00515456 0.000565932 0.000213626 -0.0002641 -0.00438751 0.0154885 0.017542 -0.00647878 -0.00585863 0.00506701 0.0101631 0.0056291 0.00101484 0.0112951 0.0148405 0.0108469 0.0208495 0.0278502 0.0353104 0.00213047 0.0159596 0.021185 0.039615 0.0105892 0.0146696 0.00276245 0.0186669 -0.00574566 -0.0159801 -0.00273486 -0.000700119 0.000583471 0.00217471 0.00819737 0.0171353 0.0214454 -0.00711796 -0.00658655 -0.00994653 -0.000127077
internal_weight=3666.89 221.763 3445.13 173.844 3203.86 3150.45 1004.55 2145.9 241.272 205.581 903.49 225.708 677.782 266.227 411.555 46.7009 23.4742 11.3151 2032.24 247.738 76.295 1784.5 314.158 1470.34 1441.38 1386.49 325.359 28.9579 13.9432 300.214 179.007 47.9183 242.076 141.36 1061.13 54.8913 48.9321 37.8113 19.2618 14.4946 11.4552 29.4642 100.716 65.1285 18.2102 171.444 109.819 61.6242 12.041 178.208 35.6129 142.595 687.56 568.17 473.852 127.483 60.7508 52.9856 94.3172 119.39 97.726 346.369
internal_count=59925 10398 49527 8920 42251 41819 14408 27411 7276 6694 13333 3723 9610 2947 6663 634 390 129 24017 1994 667 22023 5071 16952 16212 15843 4209 740 329 4742 3089 1478 2693 1138 11634 369 332 1159 591 334 265 1243 1555 936 274 1327 977 350 86 6212 1695 4517 8408 6491 5480 2221 683 593 1011 1917 1576 3259
is_linear=0
shrinkage=0.03


Tree=96
num_leaves=63
num_cat=0
split_feature=6 9 5 25 6 25 3 23 22 11 23 11 12 26 6 8 18 22 6 9 7 16 2 9 21 8 11 7 8 11 3 21 22 20 21 34 21 26 23 16 6 21 8 6 6 22 22 8 3 8 21 27 7 9 27 7 34 11 12 5 21 3
split_gain=22.9767 10.9058 9.81492 9.85257 8.64212 9.63417 8.49383 9.18213 8.3753 9.68554 8.56073 7.7041 7.53655 9.49455 7.50077 6.69917 9.81538 10.0176 9.02646 7.35232 7.18062 10.7908 6.69764 6.4956 6.44058 7.58608 6.43077 6.40327 11.2918 10.2914 10.098 9.98389 8.08342 11.242 7.38853 6.62242 8.73387 9.01279 9.56752 7.65262 6.85726 8.18792 6.36783 6.83205 6.28659 6.23217 6.22027 10.3707 7.70294 9.61854 7.53655 6.19454 8.8646 6.16723 6.08998 9.73528 10.5176 9.42014 7.44104 9.3583 6.65751 6.04423
threshold=-1.0733762383460996 -2.2353019714355464 -1.0918197631835935 3.1635932922363286 1.3273013234138491 -0.5810696780681609 1.1724450588226321 1.1380447745323183 0.85249227285385143 0.049944764003157623 0.60902729630470287 1.3891112804412844 1.0692905187606814 -1.3665250539779661 -0.36978991329669947 0.12662190943956378 -0.2830126136541366 -1.0000000180025095e-35 -0.85970526933670033 -0.94600728154182423 -0.38533312082290644 0.30833587050437933 -0.73574247956275929 0.85605168342590343 0.65997180342674266 0.27094881236553198 0.13139581680297854 0.69212937355041515 -0.8754153549671172 0.8508099913597108 1.1569622159004214 -1.4845988154411314 0.67407795786857616 0.59839507937431347 1.8604154586791994 1.5000000000000002 0.55354994535446178 0.36244197189807897 0.7217925786972047 0.74975574016571056 1.1021810770034792 0.90575578808784496 0.65899744629859935 -1.6587309241294859 1.2137548923492434 1.3275449275970461 -0.44085322320461268 -0.84148156642913807 1.1887134909629824 -0.54912319779396046 1.4334087371826174 7.5000000000000009 -0.40547001361846918 -1.8359406590461729 5.5000000000000009 -0.63015946745872486 2.5000000000000004 1.130693316459656 0.67441216111183178 0.37425498664379125 1.4857981801033022 0.64183306694030773
decision_type=2 2 2 2 2 2 2 2 2 2 2 2 2 2 2 2 2 2 2 2 2 2 2 2 2 2 2 2 2 2 2 2 2 2 2 2 2 2 2 2 2 2 2 2 2 2 2 2 2 2 2 2 2 2 2 2 2 2 2 2 2 2
left_child=11 -2 6 4 5 8 45 -8 9 -4 23 24 14 -14 15 -7 -17 18 19 -18 21 -20 -21 -11 25 -1 -10 29 -29 30 34 -31 35 -34 -16 51 39 40 -39 -37 -38 -42 43 -27 46 -3 47 -15 50 -50 -48 52 -33 -30 57 -56 58 -6 59 60 -57 -19
right_child=1 2 3 -5 54 12 7 -9 26 10 -12 -13 13 44 27 16 17 61 20 22 -22 -23 -24 -25 -26 42 -28 28 53 31 -32 32 33 -35 -36 36 37 38 -40 -41 41 -43 -44 -45 -46 -47 48 -49 49 -51 -52 -53 -54 -55 55 56 -58 -59 -60 -61 -62 -63
leaf_value=-0.017566290302318946 -0.010990876449891544 -0.013749595300427324 -0.0076258959054968422 -0.013227322225650501 0.0055858562495883449 -0.0097889498117014126 0.017886024145781606 -0.013613912149027517 0.029294150884277483 0.024201843155188179 -0.0030669890665580464 0.007199006209575004 0.02159115380943805 -0.014193435089115787 -0.001575813420395551 -0.0095383812104984072 -0.0077878177786863166 -0.0072924210844489542 -0.010897249402067481 -0.0061680942214975033 -0.0084313483087838231 0.03655534368777992 0.047615433574633222 -0.004589104816265805 0.0027771005708367002 -0.01436789638288047 -0.0048080914804132166 -0.0055299230359374162 0.024620826397834934 -0.014899700335073828 -0.0092130591358000752 0.0074530789401345563 0.035196443507704192 0.0025299409278555177 0.016775824335581915 0.003301950154434281 -0.0029565738560923364 0.0088225684654934886 -0.017628711180131568 0.01400954829612675 -0.004165916046005704 0.027225392688510961 -0.01023606750407462 0.012047409318697692 0.016356403777224623 0.0089219421408466594 -0.0092931323810908628 0.023507248616810986 -0.0091205123997530786 0.019912994715692231 0.013822734808760086 0.011330608425198467 -0.018626945563071328 0.0044583663796812622 -0.0075907765171987331 0.023458068377095256 0.015154139709694512 -0.0048142279263315045 -0.0066797499108418052 -0.010153204178578243 -0.0089729898129855528 0.012995640170267475
leaf_weight=100.34327817987651 65.721254211850464 86.848408795893192 35.048964337445796 36.867380043491721 221.45413300767541 125.58122720755637 17.515758080407981 8.7457209862768632 19.385979946702722 31.327011266723275 22.889412162825465 22.68218594789505 24.374691942706704 5.4376039784401682 703.93334529083222 61.196233344264328 1.6585470382124174 47.239442949183285 4.2198595805093646 1.217189042828976 14.518485295586288 5.6365097034722567 8.7363057266920787 6.983370589092373 29.925902627408504 7.7783868284896007 4.6556390933692446 106.34399037063122 9.4166733454912883 22.791505385190248 164.92158752307296 13.587256692349909 11.903871558606623 23.541242254897952 15.328315420076249 198.68344933353364 41.820777133107185 13.12064543738961 42.747948177158833 84.091638203710318 10.283249471336605 14.348279220983384 84.841920545324683 24.884123734198511 22.117487926036119 8.9297982109710556 86.562267990782857 17.369487325660884 12.907018449157475 21.750140022486448 10.21532867848873 9.6553996689617616 33.765493016690016 450.15026428736746 27.612811185419559 25.566453069448475 139.843596117571 115.30716609023511 42.902976386249065 11.161483608186243 4.2134321667253962 12.799129046499727
leaf_count=4578 1225 2299 780 439 1678 4267 176 63 304 457 247 501 314 102 13191 1791 65 1401 180 47 407 136 286 107 962 324 45 1363 126 415 1528 194 122 213 192 2555 352 125 301 780 68 85 3374 961 185 168 1442 301 115 174 119 104 341 5055 271 188 906 743 282 72 26 190
internal_value=-7.74529e-06 0.00066895 0.000915852 0.0012388 0.00142806 0.000674487 -0.00726555 0.00689617 0.00878905 0.00427899 0.0111579 -0.00834041 0.000259659 0.00575621 -0.000241673 -0.00476597 -0.000575795 0.00532537 0.0167771 0.0339426 0.00421391 0.0194092 0.0411751 0.0190298 -0.00987721 -0.0116388 0.0229995 0.000418088 0.0030976 -0.0006687 -0.00263345 0.00266317 0.00360792 0.0164955 -0.00107161 0.0024534 0.00381249 -0.00280549 -0.0112022 0.00667426 0.00454382 0.0156285 -0.00606672 0.00468444 0.00303274 -0.0112981 0.000668612 0.0135829 -0.00198797 0.00931368 -0.00629395 -0.00673292 -0.0111465 0.00513204 0.00469338 0.00818457 0.0102553 0.00200653 0.00169158 0.0102362 0.0182392 -0.0023008
internal_weight=3657.41 3386.95 3321.23 3199.19 3162.32 2574.26 122.04 26.2615 120.29 96.2488 61.1998 270.456 2453.97 200.734 2253.24 282.803 157.222 96.0255 35.9869 11.612 24.3749 9.85637 9.95349 38.3104 247.774 217.848 24.0416 1970.43 565.911 1404.52 884.183 520.341 497.549 35.4451 719.262 462.104 405.096 122.321 55.8686 282.775 66.4523 24.6315 117.504 32.6625 176.359 95.7782 154.242 22.8071 131.435 34.6572 96.7776 57.0081 47.3527 459.567 588.062 251.301 223.688 336.761 83.8443 40.9414 29.7799 60.0386
internal_count=59808 49108 47883 45177 44738 40572 2706 239 1940 1591 811 10700 38632 2752 35880 8770 4503 2712 1121 398 723 316 333 564 10199 9237 349 27110 6544 20566 14911 5655 5240 335 13383 4905 4266 931 426 3335 505 153 4659 1285 2438 2467 2253 403 1850 289 1561 639 535 5181 4166 1745 1474 2421 568 286 214 1591
is_linear=0
shrinkage=0.03


Tree=97
num_leaves=63
num_cat=0
split_feature=15 7 17 17 11 14 8 3 8 21 4 11 20 10 34 23 7 9 21 12 7 9 6 10 24 15 3 33 3 19 3 29 20 0 9 8 9 9 31 13 10 3 10 19 15 0 24 12 3 12 6 9 18 17 21 21 13 1 21 8 11 21
split_gain=20.4539 13.1198 11.2399 10.9627 10.6484 10.2874 9.67999 8.89976 9.95754 8.42876 8.4002 7.91529 7.71322 11.4241 7.64804 7.56579 7.43202 8.6423 9.22622 10.0279 11.4692 7.41399 8.83451 7.24711 7.39108 7.12838 6.79849 6.63454 6.59544 11.8421 7.47715 7.07229 10.0696 7.06119 7.16755 10.3947 7.38411 6.81654 6.78654 10.0179 10.0006 7.86596 7.82739 7.69019 7.02074 6.62935 6.54105 9.74503 8.65426 8.03086 7.7393 12.4759 8.56158 6.91813 6.31455 6.30007 6.25062 7.05722 6.71722 6.21874 6.1853 6.74918
threshold=-1.0622653365135191 -0.9095347225666045 -0.49992771446704859 -0.11205464601516722 1.117392957210541 -1.7817230820655821 0.52249017357826244 1.8322706222534182 -0.88794508576393116 -0.40558201074600214 2.3550682067871098 0.99969345331192028 -1.9655183553695676 -0.30627489089965815 3.5000000000000004 1.2748765349388125 0.5417534112930299 -0.29455792903900141 -0.55626222491264332 0.6202562451362611 0.58334979414939891 0.51518043875694286 -1.0163071751594541 0.82499328255653392 1.201741695404053 1.6116285324096682 0.41204597055912023 1.0000000180025095e-35 -0.50920531153678883 -0.83438527584075917 -0.21713111549615857 0.19375000149011615 0.48001562058925634 0.91561946272850048 0.92312008142471325 -0.53938835859298695 -0.83916664123535145 0.46981281042099005 0.78571429848670971 0.45278142392635351 1.0719824433326723 1.4619360566139223 0.050267828628420837 0.76206535100936901 0.64805662631988536 0.94941943883895885 0.88272625207901012 0.97174546122550975 0.78486108779907238 1.3603669404983523 1.2137548923492434 0.68495076894760143 -0.5660252273082732 0.50020048022270214 1.8065880537033083 -1.6936467885971067 0.71823149919509899 -0.059131985530257218 0.57403382658958446 0.86635097861289989 1.1595193743705752 -0.16339561343193051
decision_type=2 2 2 2 2 2 2 2 2 2 2 2 2 2 2 2 2 2 2 2 2 2 2 2 2 2 2 2 2 2 2 2 2 2 2 2 2 2 2 2 2 2 2 2 2 2 2 2 2 2 2 2 2 2 2 2 2 2 2 2 2 2
left_child=2 4 -1 -4 -2 6 9 10 14 -3 12 -5 13 -7 -9 23 28 60 -19 -20 -21 22 -6 -12 -25 -11 -8 55 56 30 -30 32 -31 34 35 -34 -37 45 42 40 41 -40 -33 -41 -44 -32 47 48 -22 -49 -48 52 -52 -50 59 -24 58 -58 -14 -28 -18 -62
right_child=1 5 3 11 21 7 26 8 -10 25 15 -13 16 -15 -16 -17 17 18 19 20 46 -23 27 24 -26 -27 54 -29 29 31 37 38 33 -35 -36 36 -38 -39 39 43 -42 -43 44 -45 -46 -47 50 49 53 -51 51 -53 -54 -55 -56 -57 57 -59 -60 -61 61 -63
leaf_value=-0.017126693876211047 -0.0089013730189815288 0.015934032542581123 0.017935631361436319 -0.011945766594961989 -0.016518391308443549 0.033997259592570786 0.0060331773716162463 -0.011263608984023194 0.0093336054028066457 -0.0072036176548703774 -0.0019510924233501947 0.013684715041546114 -0.010231137837836505 -0.0038604694256441615 0.0068503050836120662 0.027543401261770614 -0.0047192501704647243 -0.010334079216514608 0.0071482338388755198 0.020435248325309577 -0.010645981208150598 -0.0071921308808918644 -0.0092924197888883397 0.03113194825541174 -0.0075338165602658186 0.0094160092056515248 0.006259627251425726 -0.0031685451196372242 -0.01141678155715403 -0.0016283262748499375 0.043834517158183199 -0.00065146265275237353 0.0011342497337811194 -0.0059167989953480609 -0.0045128597944517528 -0.0026961668108771929 0.028569553784495189 0.00027150559196581438 0.006436835942950068 -0.011500565961506353 0.025121889916392682 -0.011608814127971772 -0.010502105392350197 0.016626716892882025 -0.0023274495968345927 -0.0069106782046309354 -0.014580606707662796 0.018816281351618225 0.018963364320992559 -0.0082600811343799159 -0.013226881079979725 -0.013777732943793562 0.014769146535038755 -0.0055073320404221823 -0.0097220651178240424 0.020005754187911357 0.03122813188254369 -0.0019959053760765372 0.0027772942218000037 0.029534505595926304 0.025119374827946593 -0.0019843784546628605
leaf_weight=85.843218389898539 209.74011737946421 22.382870251312852 15.372669504955409 50.711867026984692 7.4745789598673573 9.619146693497898 74.648256308399141 41.614322546869516 200.78640935756266 78.315817685797811 43.677776787430048 9.0516949240118247 169.2777414303273 12.306938013993202 33.646568275988102 12.607478268444536 217.16596614662558 36.595114264637232 423.6648665079847 17.546390760689974 51.059950228780508 43.404224069789052 4.6533296611160031 9.1454230397939664 4.1036826670169821 27.441279292106628 18.430504381656647 19.170331047847867 2.8647739375010159 151.77558981906623 9.2298720274120587 452.87490717042238 26.092078795656562 17.661616699770093 14.7205055905506 6.9703478496521702 42.968553590588272 6.360188825055956 119.25012463331223 52.58916858676821 17.435757907107472 21.597370326519012 189.24485037475824 5.7913432568311682 191.37698143161833 1.3007301837205876 54.468368630856276 37.800005544908345 17.183226849883795 9.6573501499369723 8.420502617955206 31.288324575871229 39.480301989242435 16.268678020685911 3.2360492870211592 44.675421670079231 3.2378201978281167 17.313376837410033 42.617284339852631 34.401967918500304 8.9750637914985436 18.633656207472086
leaf_count=4675 5709 250 727 2501 191 228 766 281 1228 733 345 229 5421 307 215 70 3689 903 5690 180 954 681 97 70 27 151 111 263 90 2086 154 6452 347 144 185 97 482 112 1836 680 243 167 3534 57 1777 16 465 534 185 141 57 215 269 136 17 606 107 419 1067 206 127 173
internal_value=0.000267979 0.000754079 -0.0100234 -0.00134559 -0.00490295 0.00134687 0.00702069 0.000832446 0.00590799 0.00106363 0.000292019 -0.007307 4.36595e-06 0.015977 -0.00324323 0.0102206 -0.000163922 0.00186682 0.00347185 0.00425419 -0.000124585 0.00219747 0.00767468 0.00447002 0.020373 -0.00266085 0.012606 0.0112587 -0.00145008 -0.000625408 0.0199354 -0.00101 0.00337522 0.010143 0.0134143 0.0169495 0.0243574 0.026646 -0.00210733 0.0025794 0.00645897 0.00336662 -0.00333373 -0.0076188 -0.00647535 0.0373596 -0.00183516 0.00285457 -0.00327642 0.0130442 -0.00640161 -0.000244047 0.00906271 0.00789389 0.0201464 0.0166411 -0.00605651 0.0083251 -0.00761111 0.0226583 -0.00297993 0.00932716
internal_weight=3667.22 3506.24 160.979 75.1362 329.118 3177.12 258.857 2918.27 276.047 128.14 2642.22 59.7636 2572.68 21.9261 75.2609 69.5344 2550.76 988.208 743.433 706.838 283.173 119.378 75.9737 56.9269 13.2491 105.757 130.717 68.4991 1562.55 1330.1 19.7556 1310.35 260.189 108.413 90.7515 76.031 49.9389 16.8908 1050.16 216.664 158.283 140.847 833.497 58.3805 380.622 10.5306 265.627 131.969 84.5119 47.4574 133.657 79.1891 47.9008 33.4519 56.0685 49.3288 232.446 20.5512 211.895 52.8325 244.775 27.6087
internal_count=59875 51743 8132 3457 7547 44196 2234 41962 1724 1134 40238 2730 39726 535 496 512 39191 13718 9729 8826 3136 1838 1157 442 97 884 1100 966 25473 18459 372 18087 3341 1255 1111 926 579 282 14746 2983 2246 2003 11763 737 5311 170 2956 1950 1275 675 1006 541 326 321 334 703 7014 526 6488 317 3989 300
is_linear=0
shrinkage=0.03


Tree=98
num_leaves=63
num_cat=0
split_feature=3 4 23 17 14 5 16 11 26 16 10 11 25 20 14 26 31 13 3 8 6 24 17 3 23 6 15 24 10 24 22 10 16 14 8 5 2 25 5 31 12 13 25 26 8 13 13 11 25 23 15 10 8 4 21 22 12 11 14 30 3 2
split_gain=20.0744 15.3306 13.2321 11.4313 9.5159 9.28836 9.14419 9.1129 8.8122 15.6034 8.56682 8.4348 11.0637 12.9711 7.95914 11.7405 12.8911 9.11791 7.89169 8.95709 7.85978 7.81399 7.68242 7.33617 8.96644 6.94721 6.66713 6.42173 6.3352 6.24918 6.22819 6.08355 13.6397 8.91935 7.77517 7.67218 9.22912 7.12775 8.95914 7.77531 6.76804 7.40798 6.72342 10.6638 6.71506 7.04429 8.21801 7.14415 7.12307 6.90154 8.66681 6.82721 6.57671 6.41931 6.2848 6.79216 6.19022 6.1534 6.09691 6.40694 5.94492 7.81946
threshold=-0.1959760785102844 0.86763000488281261 -1.0210873484611509 0.38953115046024328 0.30193264782428747 -0.45116445422172541 1.1778065562248232 1.130693316459656 0.87342774868011486 -0.38803222775459284 0.56021824479103099 -1.0015843510627744 1.010866701602936 0.14263084530830386 -0.43974521756172175 -0.67658764123916615 -0.64285716414451588 -0.7981724441051482 -1.6285080313682554 0.33667333424091345 1.0157400369644167 1.4048704504966738 1.0391722917556765 1.2784881591796877 1.244126617908478 0.87721347808837902 1.0053778886795046 1.4691410064697268 -1.0112839341163633 -1.4117928147315977 0.83227279782295238 -0.63797533512115467 0.69457966089248668 -1.0704640746116636 0.12662190943956378 2.0299458503723149 0.28507712483406072 -0.26728245615959162 0.71292531490325939 0.35714286565780645 -1.2183021306991575 -1.5797746181488035 -0.44716548919677729 -0.78741386532783497 0.18539299070835116 -0.62899938225746144 -0.3644759058952331 1.2010232806205752 1.6240814924240115 0.95249816775321972 0.9193224608898164 0.63049170374870311 1.7417139410972597 -0.31491564214229578 1.8604154586791994 1.1549260020256045 0.71823149919509899 1.0908902883529665 0.23911408334970477 -9.1833333969116193 0.48858162760734564 -0.73574247956275929
decision_type=2 2 2 2 2 2 2 2 2 2 2 2 2 2 2 2 2 2 2 2 2 2 2 2 2 2 2 2 2 2 2 2 2 2 2 2 2 2 2 2 2 2 2 2 2 2 2 2 2 2 2 2 2 2 2 2 2 2 2 2 2 2
left_child=1 2 3 7 31 30 60 -1 11 18 -3 28 13 14 15 16 -13 -18 -10 -20 -11 -22 -19 24 -8 -16 29 -26 -7 -12 -4 32 40 -34 35 37 -37 38 39 42 53 -42 -33 -44 -36 47 -47 -46 49 50 -48 -51 -53 -2 55 56 -39 -45 59 -58 61 -6
right_child=4 10 5 -5 6 8 23 -9 9 20 26 12 -14 -15 25 -17 17 22 19 -21 21 -23 -24 -25 27 -27 -28 -29 -30 -31 -32 34 33 -35 44 36 -38 54 -40 -41 41 -43 43 57 45 46 48 -49 -50 51 -52 52 -54 -55 -56 -57 58 -59 -60 -61 -62 -63
leaf_value=-0.01822498527743208 -0.0078113019916092952 -0.00058935819499739562 -0.017127047108280911 0.011851509864321 0.015237613143893857 0.0044110758779024586 -0.0020545992936199598 0.007850491922098829 -0.010339686267014625 -0.0060500496686124025 -0.0093207441069015143 -0.014254095044751017 -0.014645283148278497 0.0082980053686647071 -0.011929886220336293 -0.0038269031272423698 -0.010696789819927641 0.039893744986776308 0.0063365409276749584 0.046666827339171976 0.026330160327236313 -0.0047012387860870981 -0.0082600969899901261 0.00274876882425388 0.039738589445511487 0.01063274252477436 -0.0019643494906568799 -0.0019672401916312333 -0.018135618332932386 0.028724095391556206 0.0055604034941857811 -0.0084676288678624985 0.011934127043368999 -0.0045598659561224735 0.017878612049901679 -0.011676828638068711 0.03069125651690538 -0.0052120477164055903 -0.012066749041075119 0.016825851091375309 -0.01441030522271391 0.0097595047286037455 0.031996469082679189 -0.0082315679091608113 0.0060241387218774034 -0.013891803503713324 0.0049748316747848373 0.029187814000925426 -0.0061621402986844209 0.0037200938632999561 -0.0069371650206177882 0.019763587533117667 -0.004780049260497363 0.029395513841480415 0.010679886130838253 -0.015169836891272825 0.025302380685921697 0.017751827918554581 0.01699814566377042 -0.0017321145105820546 -0.00033584042968813751 -0.0064998578532675204
leaf_weight=121.38114758301526 2.7951566521078375 51.220405560918152 57.718071969226003 11.172726781107484 11.08785014413297 11.950760240666567 10.271878873929383 10.569596260786055 2.4891452817246345 64.599983184598386 2.0882733520120409 5.5111168194562223 50.104014428332448 106.24656212702394 103.93579300958663 89.975771795026958 2.5037008430808809 15.538474735803904 10.391836947761478 9.2749559758231026 11.238382801413538 10.932381279766558 1.7098749615252007 107.41409509256482 11.083280071616171 9.954788586124776 10.645538654178379 3.6150225549936286 49.917025820352137 24.066236026585102 10.666760160587726 30.373258549720049 33.446753907948732 122.0845888722688 25.918208461254835 3.6763695310801259 9.2468241900205594 266.05644916649908 19.279223438352346 46.718720555305481 7.7978537920862427 191.1326748766005 7.9095715358853331 22.712493116036061 49.917371295392513 22.359425026923418 168.61695207469165 12.623828945681451 61.143483657389879 97.16443613730371 75.550660073757172 57.593713812530041 9.6229175291955453 21.720885459333658 24.162281135097146 37.624271269887686 3.398963099345564 6.6567529886960974 16.979515602812171 125.11828462406993 796.55964680202305 268.92854658607394
leaf_count=7383 59 864 2321 381 291 438 117 376 90 1496 52 102 826 2510 3389 2432 53 353 386 274 151 122 28 643 88 188 88 26 1832 348 397 410 223 1018 279 38 64 3111 190 582 92 2324 95 286 546 260 2399 113 482 691 565 413 68 269 169 390 41 66 219 1158 9296 5867
internal_value=2.2155e-05 -0.00398341 -0.00534936 -0.0134306 0.00125647 -0.00340581 -0.000745288 -0.0159259 -0.00206216 0.00542311 0.00757861 -0.00392458 -0.00218729 -0.000138315 -0.00414388 0.00141699 0.0176399 0.0276206 0.0252712 0.0309606 -0.00074562 0.0129793 0.0343366 0.00654953 0.019713 -0.00959354 0.0176579 0.0315854 -0.0137762 0.0246781 -0.0134505 0.00278624 0.00607759 -0.00075163 0.00172625 -0.000610713 0.0187433 -0.00117254 0.00482932 0.00806358 0.0107435 0.00848199 0.00127105 0.00926876 0.00420574 0.00341272 0.00214164 0.0125143 0.00304318 0.0044787 0.00122376 0.00913467 0.0161622 0.0245488 -0.00289996 -0.00373999 -0.00252552 -0.000616499 0.00239703 -9.63621e-05 -0.00166845 -0.0053869
internal_weight=3644.17 855.803 767.783 143.123 2788.36 624.659 1208.96 131.951 556.275 108.927 88.0205 447.348 385.48 335.376 229.13 115.239 25.2632 19.7521 22.1559 19.6668 86.7707 22.1708 17.2483 132.384 24.9702 113.891 36.8 14.6983 61.8678 26.1545 68.3848 1579.4 378.978 155.531 1200.42 619.913 12.9232 606.99 133.65 114.371 223.447 198.931 67.6521 37.2788 580.511 554.593 492.052 62.5412 469.692 408.549 244.168 164.381 67.2166 24.516 473.34 449.177 411.553 29.3692 145.497 128.517 1076.58 280.016
internal_count=59828 26880 25528 8140 32948 17388 16328 7759 14670 2519 1352 12151 9881 9055 6545 2968 536 434 750 660 1769 273 381 874 231 3577 488 114 2270 400 2718 16620 3985 1241 12635 6819 102 6717 1629 1439 2744 2416 857 447 5816 5537 4878 659 4618 4136 2964 1172 481 328 5088 4919 4529 352 1418 1199 15454 6158
is_linear=0
shrinkage=0.03


Tree=99
num_leaves=63
num_cat=0
split_feature=11 15 14 21 21 25 15 5 25 7 24 14 9 23 29 9 8 16 9 17 16 9 5 23 11 5 15 3 11 23 12 25 0 23 2 12 9 14 12 24 8 24 8 32 5 18 8 20 23 14 29 8 17 9 9 17 12 11 32 9 7 9
split_gain=19.2656 21.3562 10.5285 10.1856 10.9717 10.332 8.75103 8.46449 7.95702 11.3038 7.55559 8.1399 7.4829 7.25103 7.16157 19.1407 11.7431 9.78561 7.11745 7.05465 6.92431 8.47715 7.61553 6.90276 7.29953 6.81157 6.36526 6.18197 7.76202 6.145 7.28522 6.69108 7.37336 7.12134 6.39211 7.57441 6.83389 11.7422 6.50483 6.27908 5.97763 8.75827 7.25794 9.41728 9.11614 5.9295 7.79608 6.78106 5.85818 5.82375 7.11483 5.74449 5.58716 5.55267 5.8614 5.51729 9.64802 7.5264 6.20727 6.53469 7.932 6.28754
threshold=0.22568751126527789 -0.90548706054687489 -1.8591957092285154 0.14524177461862567 0.16444855928421023 -0.57583296298980702 -0.16586381942033765 -1.4921591281890867 1.665272653102875 -0.58111324906349171 0.92642220854759227 0.52783089876174938 -0.54422825574874867 0.86667206883430492 0.074175827205181136 0.99846389889717113 -1.6923742294311521 -0.91033002734184254 0.75199341773986828 -0.44727680087089533 0.49818708002567297 0.736219882965088 1.5941750407218935 0.95249816775321972 0.024524024687707428 -0.49752376973628992 0.77324831485748302 0.83848851919174205 -0.69436243176460255 1.244126617908478 0.50891572237014782 2.137098073959351 0.84603378176689159 1.4392973184585574 0.88031867146492015 0.052217373624444015 1.1003385186195376 0.48057322204113012 0.89577630162239086 1.6401560306549074 -0.74439981579780568 -0.23025658726692197 0.4097068458795548 14.500000000000002 0.16727872192859652 -0.49019223451614374 0.28183160722255712 0.92117333412170421 0.71306049823760997 -2.6278655529022212 0.56696429848670971 1.7795041203498843 0.050320535898208625 0.70002666115760814 -0.37445831298828119 1.8419355750083926 -0.551875740289688 0.62087619304656994 9.5000000000000018 0.68862292170524608 1.211091220378876 0.58528757095336925
decision_type=2 2 2 2 2 2 2 2 2 2 2 2 2 2 2 2 2 2 2 2 2 2 2 2 2 2 2 2 2 2 2 2 2 2 2 2 2 2 2 2 2 2 2 2 2 2 2 2 2 2 2 2 2 2 2 2 2 2 2 2 2 2
left_child=1 -1 6 10 18 12 -3 -2 14 -10 11 40 -6 48 15 16 -9 19 -5 53 -18 22 -22 24 -12 -21 27 28 -14 34 31 32 33 39 36 -36 -7 -38 -39 -31 41 -4 52 -44 -45 -37 -47 -48 -11 50 -15 -8 -42 54 -16 58 -57 -58 -19 60 61 -60
right_child=7 2 3 4 5 29 51 8 9 13 23 -13 26 49 17 -17 20 55 -20 25 21 -23 -24 -25 -26 -27 -28 -29 -30 30 -32 -33 -34 -35 35 45 37 38 -40 -41 42 -43 43 44 -46 46 47 -49 -50 -51 -52 -53 -54 -55 -56 56 57 -59 59 -61 -62 -63
leaf_value=-0.013426036579021586 -0.014278041421861747 0.035871269092763003 -0.012489058967524259 0.035090490145741199 -0.009454833179646056 -0.0041520987838197182 0.0015243562828816 -0.01850952812896612 -0.015704504471023811 0.0062683172895089392 0.020814701067865621 -0.016316464299459623 0.02056334718269481 -0.0015733583937236105 0.0091270016135421832 -0.015039533104215328 0.0045009729467916752 0.0076028636220012774 -0.009278934445240087 -0.0075276573746776076 0.014605821261185944 0.034671922155652103 -0.014205195438054295 -0.0065471610285554888 -0.0091075811862602017 0.023266909849850914 -0.0040870896095082637 0.03271738102129218 -0.0088981021673841827 0.038922535197652326 -0.0014497700873923663 -0.013295770685461665 -0.0073469888666265843 0.0019711961114574866 0.017474967059044177 0.016766093554814246 0.01599136221623576 -0.013726348421876162 0.013446029268774477 -0.0031261668479980833 -0.015852619377043183 0.011010249882098739 0.01042692023441341 -0.015230285926724199 0.01171682897934421 -0.013868667603596145 -0.0095985302779900555 0.027990650124326829 -0.024681563391454362 -0.00015085478753942862 0.026073392719784236 0.0222014060841287 0.00077339598587558773 0.016970556644656597 -0.019522801357727632 -0.011547307454560276 0.023940398805325492 0.006115890481322145 -0.00053779709029332448 0.0041055171641505728 0.0078667695648642223 -0.0083110731541621002
leaf_weight=133.9170415122062 22.771761381067336 4.7996349716559044 16.424955202266574 7.5677334433421475 9.7434084638953191 615.9987183958292 70.048366628587246 7.0743059944361439 44.720229133963585 5.763823905959728 21.55391066707671 71.195997695438564 12.823644039221106 13.84632967785001 6.9535985561087772 24.035252599045634 64.756100375205278 121.46142016164958 2.0288212345913053 5.1184341814368954 98.04750988073647 17.351088304072618 5.0668009538203469 25.547446195036173 6.8592140264809123 40.165749048814178 10.107151377946137 16.131735788658261 10.733755914494397 16.28002133965493 53.713887881487608 3.1663099825382224 5.7321321144700041 9.9424060788005573 25.970806071534753 7.5086925886571398 37.470434996299446 25.672245983965698 6.278171442449092 2.9308776184916487 83.027780261822045 38.73082837741822 34.781480177305639 38.946481433697045 11.094546145759521 29.155089819803834 4.3142496980726701 4.7510798051953316 11.314190596342085 103.28325080499053 14.314337886869906 9.8466348843649012 22.3609410347417 6.2629879293963304 10.836467840708792 18.147514479234815 22.467389959841967 125.75091411732137 804.62795592658222 355.74380569439381 85.506305176764727 101.12159710563719
leaf_count=7515 454 105 752 159 185 10461 728 75 652 65 353 2425 302 82 247 297 1101 1014 48 131 933 146 35 333 97 884 97 167 193 139 400 35 40 73 344 78 538 480 99 20 2955 999 926 1571 355 332 51 45 117 946 81 99 439 194 356 156 154 759 10514 4257 890 1190
internal_value=0.000378034 -0.00221498 -0.00107695 -0.00176247 -5.95349e-05 -0.000471566 0.00886945 0.00220813 0.00241901 -0.00332128 -0.00592476 -0.00767996 0.0111055 0.000797375 0.00300373 0.00809128 0.0112903 0.00233612 0.025745 0.0129917 0.0128851 0.017033 0.0125986 0.0041503 0.0133092 0.0193838 0.0156241 0.0205394 0.00793186 -0.00134384 0.00579116 0.0149938 0.0189063 0.0243881 -0.00224095 0.00600765 -0.00314107 0.00550637 -0.00729007 0.0331867 -0.00489818 0.00355593 -0.00737792 -0.000734138 -0.00873422 -0.00158544 -0.00671325 0.0130488 -0.015182 0.00335378 0.0142922 0.00523019 -0.0124497 -0.000307456 -0.0087789 0.00184596 0.0069439 0.00951086 0.00124679 0.000647657 -0.000607683 -0.0014465
internal_weight=3643.67 1507.16 1373.24 1288.54 918.021 908.425 84.6946 2136.51 2113.74 193.242 370.524 316.563 59.5397 148.522 1920.5 216.331 192.296 1704.16 9.59655 69.3372 185.221 120.465 103.114 53.9606 28.4131 45.2842 49.7963 39.6891 23.5574 848.885 91.7656 38.0517 34.8854 29.1533 757.119 71.6999 685.42 69.4209 31.9504 19.2109 245.367 55.1558 190.211 84.8225 50.041 45.7291 38.2204 9.06533 17.078 131.444 28.1607 79.895 105.389 24.0531 17.7901 1634.83 166.366 148.218 1468.46 1347 991.256 905.75
internal_count=59668 33938 26423 25491 14286 14079 932 25730 25276 1943 11205 10422 944 1291 23333 2587 2290 20746 207 1812 2215 1114 968 783 450 1015 759 662 495 13135 707 307 272 232 12428 850 11578 1117 579 159 7997 1751 6246 2852 1926 506 428 96 182 1109 163 827 3394 797 603 18934 1069 913 17865 16851 12594 11704
is_linear=0
shrinkage=0.03


Tree=100
num_leaves=63
num_cat=0
split_feature=4 11 15 21 2 14 6 15 3 31 5 11 25 3 4 12 24 21 3 12 25 6 11 18 9 3 24 23 12 21 11 23 3 25 14 17 11 31 21 19 24 9 1 25 4 24 24 21 14 5 11 7 24 7 9 12 23 5 9 10 14 7
split_gain=14.6949 15.0929 12.008 11.2124 9.88927 8.09149 7.86284 6.94222 6.95799 6.6308 7.75973 6.62914 8.44785 9.31669 7.60273 6.61299 6.71176 6.49259 7.01088 10.0771 6.16762 7.48733 9.97 7.29377 7.50659 7.37506 8.85558 6.93439 6.72746 6.69955 6.26287 8.91651 12.2992 7.18817 10.4606 9.43515 9.00015 12.6074 8.43492 8.42787 7.68988 8.08269 7.93054 7.20071 6.84229 8.49671 7.40331 7.19876 6.65403 6.6247 6.36648 9.76243 6.55961 6.29642 6.29176 6.27966 6.24951 6.18303 6.12167 6.80595 9.32463 7.30791
threshold=-0.037920959293842309 -1.828492999076843 -0.85489994287490834 1.4334087371826174 1.1659339070320132 -1.7817230820655821 1.7720968127250674 -0.21246297657489774 -0.91010287404060353 -0.78571429848670948 1.4835093617439272 -1.0492325425148008 -0.38311110436916346 -0.75526314973831166 1.4478222131729128 -0.30134941637516016 1.6401560306549074 0.18561772257089618 1.1233904361724856 -0.42628189921379084 2.6461292505264287 1.4763169884681704 1.130693316459656 -0.2830126136541366 0.12609954923391345 0.99762001633644115 1.5198199748992922 1.064257085323334 0.65126439929008495 0.77142310142517101 1.0367280244827273 -0.36394892632961268 0.57800382375717174 -0.15544714778661725 -0.11489746719598769 1.1437456011772158 -0.011559306178241966 1.0000000180025095e-35 -0.84830385446548451 -1.1022137999534605 0.27726155519485479 -0.54422825574874867 -0.7617284059524535 -0.5473370850086211 0.65473631024360668 1.1362311244010928 0.92642220854759227 -1.0491732954978941 -0.87627768516540516 0.12134637683629991 1.6585459113121035 -0.32832045853137964 1.1362311244010928 -0.79137632250785817 0.92312008142471325 1.0210787653923037 0.48739866912364965 0.44184470176696783 1.0268513560295107 1.1333757638931277 -0.78310251235961903 -0.5108426809310912
decision_type=2 2 2 2 2 2 2 2 2 2 2 2 2 2 2 2 2 2 2 2 2 2 2 2 2 2 2 2 2 2 2 2 2 2 2 2 2 2 2 2 2 2 2 2 2 2 2 2 2 2 2 2 2 2 2 2 2 2 2 2 2 2
left_child=2 -2 -1 4 5 7 -5 8 -3 10 -6 12 13 -7 -14 -4 -17 -15 19 -19 21 30 23 24 29 -25 -27 -24 -22 -23 33 32 -32 34 36 40 37 48 49 -40 42 56 -36 -43 46 -46 47 -33 -13 -35 51 52 53 -48 -39 -52 -42 -45 59 -41 -61 -62
right_child=1 3 15 6 9 11 -8 -9 -10 -11 -12 20 14 17 -16 16 -18 18 -20 -21 28 22 27 25 -26 26 -28 -29 -30 -31 31 44 -34 38 35 -37 -38 54 39 58 41 43 -44 57 45 -47 50 -49 -50 -51 55 -53 -54 -55 -56 -57 -58 -59 -60 60 61 -63
leaf_value=-0.016378692053538941 -0.017835453943489062 -0.009036151044290619 -0.0082359270088658409 0.0071691363031821847 -0.015198947869523685 -0.01758352363556295 -0.010335310742670013 0.0039205442386614853 0.034775941356472682 0.010213622630114848 0.018479961068505097 -0.011304731441952319 -0.012470176752843662 -0.0074754653248469321 0.014811285704431024 -0.0017180307175418332 0.014904478103653675 -0.0057622815632523746 -0.0091493064355537643 0.039715073508625923 -0.022224066108866885 0.00083688516822444674 0.015715479383109115 0.031465150016667408 -0.0025401844519794387 0.02038650248262593 -0.011420573629662032 -0.0062030336150539871 0.0046550552989343286 0.029827764836697121 0.02219205659563522 -0.0067025492561047411 -0.0092780282862037228 -0.014889117404973768 0.015790727309877343 0.0098944964503530422 0.0022777297153305678 0.041801780652699044 0.021229805263218864 -0.0028435220466079239 0.028417270658546046 0.014443703301393851 -0.0085030181711790165 -0.00099213072134376936 -0.011663595774484711 0.0069265079865740162 -0.016593598975519392 0.0083960968424032813 0.015987621817864839 0.0057541225440154754 -0.017591290678701226 -0.0044819112519661579 0.020429290502856239 0.011776794237755413 -0.0067085764737318827 0.010147305225483606 0.0014598732122849201 -0.019145859360586413 -0.01080444593538412 -0.0111231464871175 -0.010001578892632713 0.01364733380365908
leaf_weight=62.252987244166434 33.791927514597774 2.0651951627805829 142.27142515033484 329.02367173042148 17.261011212132875 6.6782861053943625 20.483340177685022 194.43249655887485 7.6271924022585136 128.75978313572705 3.8327843993902198 10.289553506299852 107.19202295783907 6.617433748207989 5.8610332068055859 356.09534643404186 18.281178565695882 4.4354649279266622 3.0606382656842461 11.335108982399104 17.987943621352319 13.669068869203331 10.825329165905712 20.368226181715727 47.215056248009205 11.693941436707975 10.470296707004307 69.479430563747883 10.861642245203255 10.823600396513937 35.160201551392674 29.433327056467533 12.263070568442343 77.469570442102849 8.43420596513897 56.185379356145859 64.57665534503758 14.425781602971254 8.6680012950673682 652.97726488020271 11.41185497120023 16.998284650966525 174.0766278821975 94.55352944880724 67.028374288231134 28.022342182695866 8.2357368599623459 189.84782014600933 12.318754742853345 14.068844406865535 29.852699354290962 91.318571150302887 25.798396039754152 10.116057779639958 1.3126593958586443 5.7817497588694087 15.735458476468919 15.72538307122886 68.970989972352982 19.594125580973923 10.28623109217733 67.349244470708072
leaf_count=3537 1244 86 3942 2827 139 356 105 1692 147 918 22 155 3760 246 88 7046 179 104 38 230 248 119 85 197 316 72 67 417 120 62 871 569 213 2726 224 610 768 265 218 10309 193 210 4721 1311 637 191 105 2251 195 292 249 690 257 91 27 42 176 158 1056 245 223 1016
internal_value=-7.08619e-05 0.000761657 -0.00443194 0.000998856 0.000332831 -0.000118946 0.00601196 0.00553336 0.0255425 0.00769151 -0.00671096 -0.000627781 -0.00672359 0.00615294 -0.0104884 -0.00284923 -0.000720601 0.0142465 0.0218466 0.0286165 -0.000205759 -5.0387e-06 0.00553029 0.0110436 0.00462757 0.020236 0.00602452 -0.0025004 -0.0129115 0.0165331 -0.000570507 0.0021884 0.0139455 -0.00161318 0.00128902 -0.000970421 0.0095642 0.0201566 -0.00317754 -0.00218419 -0.00290038 0.00199977 -0.00698923 -0.00134444 0.000909355 -0.0061107 0.00267426 0.00626522 0.00376848 -0.0115827 -0.00197503 0.00110977 0.0119548 -0.00178187 0.0371138 -0.0123958 0.0154492 -0.00429892 -0.00255923 -0.00173469 0.0054869 0.0100984
internal_weight=3633.04 3054.14 578.901 3020.35 2670.84 2520.99 349.507 204.125 9.69239 149.854 21.0938 2316.86 145.18 32.1269 113.053 516.648 374.377 25.4486 18.8312 15.7706 2171.68 2142.83 194.545 114.24 71.7077 42.5325 22.1642 80.3048 28.8496 24.4927 1948.29 532.858 47.4233 1415.43 496.044 393.121 102.923 38.3467 919.384 827.846 336.935 154.425 182.511 127.277 485.435 95.0507 390.384 219.281 22.6083 91.5384 171.103 135.469 44.1502 18.3518 15.7384 35.6344 27.1473 110.279 819.178 750.207 97.2296 77.6355
internal_count=59673 44969 14704 43725 40793 39714 2932 1925 233 1079 161 37789 4822 974 3848 11167 7225 618 372 334 32967 32599 1335 833 497 336 139 502 368 181 31264 6166 1084 25098 9013 7603 1410 642 16085 13067 6993 2048 4945 1679 5082 828 4254 2820 350 3018 1434 1143 453 196 292 291 369 1469 12849 11793 1484 1239
is_linear=0
shrinkage=0.03


Tree=101
num_leaves=63
num_cat=0
split_feature=32 15 25 21 6 4 3 6 4 7 14 23 10 22 7 7 26 12 23 34 15 10 15 21 4 14 25 5 34 1 32 23 4 14 27 4 5 21 14 3 26 6 21 21 7 7 22 4 12 12 14 10 21 3 30 23 10 15 13 22 21 7
split_gain=17.6929 13.9144 11.4334 10.6389 10.4497 9.35712 8.74869 8.38006 7.67388 9.68379 6.79039 6.66623 8.47739 14.0221 7.97249 8.20333 7.38483 6.76436 6.57138 6.4005 9.10187 8.42513 6.90608 6.23118 7.10932 7.50429 10.2388 8.63472 8.07527 7.53838 7.08191 6.22534 6.22292 6.63191 6.15227 6.0478 5.96271 5.84171 5.70217 6.87223 6.22403 6.84034 5.61959 5.74017 5.56984 6.87077 6.13808 5.39712 5.35455 5.98099 7.36231 6.43774 8.24654 5.34587 6.30121 5.32332 6.66972 6.43146 7.18027 6.02777 6.06091 5.90212
threshold=12.500000000000002 -0.85489994287490834 -0.039128061383962624 -0.54266214370727528 1.0052202939987185 1.3776036500930788 1.4619360566139223 0.87721347808837902 -0.085485760122537599 0.040684970095753677 -1.6551218032836912 0.36801271140575414 -0.19896489381790158 -0.33462138473987574 0.58334979414939891 0.24135378003120425 -0.93347719311714161 0.98222357034683239 0.76419970393180858 2.5000000000000004 0.034697191789746291 -0.49425697326660151 -1.2965850234031675 1.2293348312377932 2.3550682067871098 -1.8591957092285154 1.1605503559112551 -0.065406117588281618 3.5000000000000004 1.2885350584983828 14.500000000000002 1.089910686016083 -1.0000000180025095e-35 0.39253468811511999 6.5000000000000009 0.63809174299240123 1.9225520491600039 1.6344172954559328 -1.2361479997634885 -1.0885182023048399 1.2264904379844668 1.3863200545310976 1.0000000180025095e-35 -0.84830385446548451 1.211091220378876 -1.0231593847274778 0.94998401403427135 -0.81953218579292286 -0.42628189921379084 -1.6862248778343198 0.28889839351177221 -0.86692464351654042 -0.086916554719209657 -0.94918426871299733 -7.4500000476837149 0.67899614572525036 1.0291125774383547 0.58796215057373058 -0.75009268522262562 0.16996593028306964 0.082378692924976363 0.19387686252593997
decision_type=2 2 2 2 2 2 2 2 2 2 2 2 2 2 2 2 2 2 2 2 2 2 2 2 2 2 2 2 2 2 2 2 2 2 2 2 2 2 2 2 2 2 2 2 2 2 2 2 2 2 2 2 2 2 2 2 2 2 2 2 2 2
left_child=8 32 4 6 5 48 38 36 9 -1 18 12 16 -14 15 42 17 -12 -10 -18 22 -22 -21 24 25 28 27 30 -5 -29 -27 -8 -2 -34 -11 -17 -7 55 39 -4 41 -40 43 -15 45 -24 -47 -32 49 50 -3 52 -51 -50 -55 -6 57 58 -57 61 -61 -59
right_child=1 2 3 23 37 7 31 -9 10 34 11 -13 13 14 -16 35 19 -19 -20 20 21 -23 44 -25 -26 26 -28 29 -30 -31 47 -33 33 -35 -36 -37 -38 -39 40 -41 -42 -43 -44 -45 -46 46 -48 -49 53 51 -52 -53 -54 54 -56 56 -58 59 -60 60 -62 -63
leaf_value=-0.011603544199992004 -0.01766912767859102 0.014470595893971445 -0.017698347636902059 -0.0014671618968705915 0.021675558917909343 0.01997259572905696 0.018550298724463572 -0.01008008937220968 0.00054548089199677667 -0.0019591030598395008 0.033146004306482478 0.0021333384235892165 -0.014663517201761312 -0.0023269511460016282 -0.0029248077047455408 0.036497120109080489 -0.0013052267348637784 -0.0057539720739088309 0.018724118117170369 -0.0074616494396658149 -0.01268122889125277 0.022363775686489114 -0.0001616462062259875 0.0029449761103327084 0.0096060347917437776 0.0038841858643090419 -0.010795011892576579 -0.0010638881525043479 0.017317965057442729 0.012889782420741786 0.0026563171604397397 -0.0082518695889858135 0.00070607471647062112 -0.013663705475580178 0.01553188197800667 -0.0076768824077241248 -0.010597586784269449 -0.0075598169390503796 -0.014281143925467562 0.0098439478950308641 0.0073635263408015732 0.0055090044505120535 -0.0036908524363843719 0.023551169686254019 -0.0035266213876692155 0.049283847905318784 -0.001273620052650311 -0.014263055197497147 -0.0095378290354092132 -0.013944513942971163 -0.0092447882198329438 -0.010940854132636629 0.015963938697698601 0.015439201337023152 0.0014296841133799843 0.014548417829864803 0.024503359588533651 0.009723020586482313 -0.013057816663943796 -0.0088803848326743165 0.022276248608573326 -0.0095093971757115193
leaf_weight=55.528119697235525 48.347414967603981 23.791979294270277 6.3598627978935864 46.888975978828967 29.06984194740653 43.853000337257981 14.722375717014076 9.28869481384754 26.100088780745864 46.787084494717419 21.105998585000638 488.85444879252464 26.475462710484862 10.470319806598125 36.061671867035329 12.74499489367008 31.515465397387743 3.1773433508351436 54.155310325324535 2.8882508203387287 13.089221872389318 4.3790087625384322 3.8710278905928215 335.39326366689056 43.388642650097609 31.649416090920568 122.77142205089331 733.34500486496836 30.766898585483432 31.57586388476193 18.636720915324986 9.1554408110678178 72.923875829204917 42.392273555509746 23.576887514442205 1.4923447612673033 3.3765119500458232 13.737877344712613 162.93259169533849 24.328805352561176 12.139108167029915 14.748722799122332 22.991345101036131 17.518530672416095 2.7118303244933477 12.500535387545819 2.1834570709615955 97.445742398500443 31.033124778419733 8.7732545044273156 15.54677988681942 103.7288735434413 16.660955216735601 26.4713578177616 373.69515198841691 7.1205275170505038 13.525914363563059 29.622742060571909 25.609448425471783 3.9176063463091841 29.532265696674585 19.667566899210215
leaf_count=1446 2855 495 192 439 292 451 164 66 241 856 377 4069 742 271 600 230 694 52 310 143 178 51 127 2988 297 585 1585 11061 264 234 535 79 3429 2076 412 22 31 100 4724 360 348 208 399 361 64 348 62 1809 1008 233 482 2176 305 528 6310 79 109 204 270 34 198 125
internal_value=0.000459492 -0.000755097 -0.000205698 -0.00158818 0.0026853 0.0009337 -0.00732421 0.0120764 0.00404485 -0.00274993 0.00513226 0.00414106 0.00835878 0.00306723 0.00817403 0.0140823 0.0148094 0.0279428 0.0131909 0.00893986 0.0160051 -0.00087428 0.0262683 -0.000627213 -0.00167142 -0.00215201 -0.00283481 -0.00171101 0.0065728 -0.000407914 -0.00822389 0.00862417 -0.00910177 -0.00492481 0.00454324 0.031075 0.0169818 0.00916009 -0.0092041 0.00245625 -0.0111039 -0.0125326 0.0069851 0.014985 0.0313975 0.0361668 0.0433522 -0.0115492 -0.000207604 -0.00466374 0.0051126 -0.00772086 0.00505132 0.00156724 0.00253552 0.0108005 0.00763239 0.0047212 -0.00591991 0.00902804 0.0179469 0.00187997
internal_weight=3648.11 2727.94 2564.27 1736.25 828.023 656.22 244.387 56.5182 920.179 125.892 794.287 714.031 225.177 127.755 101.279 65.2175 97.4221 24.2833 80.2554 73.1388 41.6233 17.4682 24.1551 1491.86 1156.47 1113.08 1035.42 912.653 77.6559 764.921 147.732 23.8778 163.664 115.316 70.364 14.2373 47.2295 171.804 220.509 30.6887 189.82 177.681 50.9802 27.9889 21.2669 18.555 14.684 116.082 599.701 168.502 39.3388 129.163 25.4342 431.2 400.167 158.066 128.996 115.47 32.73 82.7402 33.4499 49.2903
internal_count=59783 47728 39368 25872 13496 12085 6075 548 12055 2714 9341 8790 4721 2625 1883 1283 2096 429 551 1667 973 229 744 19797 16809 16512 15809 14224 703 11295 2929 243 8360 5505 1268 252 482 1411 5832 552 5280 4932 1031 632 601 537 410 2344 11537 3691 977 2714 538 7846 6838 1311 1019 910 349 561 232 329
is_linear=0
shrinkage=0.03


Tree=102
num_leaves=63
num_cat=0
split_feature=15 9 14 11 11 10 5 25 13 13 11 22 15 25 9 16 6 1 8 32 25 6 9 10 9 22 3 14 30 11 18 11 8 20 13 22 18 5 11 1 14 6 14 10 19 5 10 12 6 24 34 1 24 8 22 27 3 11 14 1 32 3
split_gain=16.9662 11.4813 12.3461 10.9889 10.8678 8.92496 8.79048 8.02432 8.33541 7.62179 7.18106 8.9166 9.49437 9.62393 8.98227 8.81954 8.027 7.15534 7.24227 10.1534 10.0824 7.40694 7.00437 6.88079 9.61683 8.22841 6.58744 8.98378 7.5075 7.59336 8.42199 8.17086 8.36176 7.74637 6.56464 6.40821 6.32925 6.29282 7.45962 7.17236 6.2567 6.23737 6.2133 6.19464 6.47097 6.18885 6.16304 6.13348 8.34167 6.72868 5.90473 9.96728 8.63978 6.45501 6.31395 6.91401 8.11613 6.09642 7.11847 6.61467 8.36524 9.05713
threshold=-1.0622653365135191 -1.9703051447868345 -2.8263701200485225 -1.7223862409591673 0.88720330595970165 0.71075737476348888 -1.354126989841461 -0.13572748005390164 2.6503525972366337 0.28009641170501715 1.3891112804412844 -0.1519554406404495 -0.42519736289978022 -0.60958361625671376 -1.0389060378074644 0.49818708002567297 -1.4442479014396665 -0.017581360414624211 0.099043894559144988 15.500000000000002 1.1605503559112551 -0.21024841070175168 -0.20833356678485868 1.1333757638931277 0.53715500235557567 -0.29497428238391871 -0.60825031995773304 0.60173693299293529 -9.1833333969116193 1.173724412918091 2.1014931201934819 -0.57354065775871266 1.2669228315353396 1.0082484483718874 0.21694172173738482 -0.064188089221715913 -0.43680751323699946 1.8389619588851931 1.103959918022156 0.73172420263290416 -2.0186604261398311 -1.0304466485977171 1.3644728660583498 -0.11755844205617903 0.90486896038055431 1.0000000180025095e-35 -0.38558237254619593 -0.70610886812210072 1.3573565483093264 2.1075203418731694 1.5000000000000002 -0.0093692927621304972 -0.5334700047969817 -0.85278454422950734 1.0977837443351748 4.5000000000000009 1.3169611096382143 -0.80681017041206349 0.28889839351177221 0.64064437150955211 15.500000000000002 0.72049182653427135
decision_type=2 2 2 2 2 2 2 2 2 2 2 2 2 2 2 2 2 2 2 2 2 2 2 2 2 2 2 2 2 2 2 2 2 2 2 2 2 2 2 2 2 2 2 2 2 2 2 2 2 2 2 2 2 2 2 2 2 2 2 2 2 2
left_child=4 2 -2 -3 -1 41 9 10 17 -5 11 36 13 16 -15 -12 -13 -9 21 20 42 -19 -21 25 -25 -24 27 28 -14 30 31 33 35 -30 -16 -33 -8 -23 39 -39 -22 -6 -20 44 -10 -26 -41 -27 -49 -50 -28 -52 -53 54 55 56 -54 -55 -59 60 -60 -62
right_child=1 3 -4 6 5 -7 7 8 43 -11 15 12 26 14 34 -17 -18 18 19 22 40 37 23 24 45 47 50 -29 29 -31 -32 32 -34 -35 -36 -37 -38 38 -40 46 -42 -43 -44 -45 -46 -47 -48 48 49 -51 51 52 53 57 -56 -57 -58 58 59 -61 61 -63
leaf_value=-0.012835670473937168 0.016236242677544883 -0.012580872719737743 -0.011712003704476098 -0.017199817240791195 -0.0040264181367107282 -0.016736744394768188 -0.014359071559722108 -0.0059748747091005108 0.022427296765746452 0.0033568316944029056 0.00083521736756354088 -0.0080484619046417762 -0.013106508725778499 0.032660724762967414 0.011627841697434043 0.018808881930095431 0.042436665328498865 -0.0095236635363864057 0.0082290518772098892 -0.0074367230707756225 0.0079067598133465058 -0.00086375651146655035 -0.013232560723047095 0.020775559133607784 -0.010743258932040181 0.013104391923209849 -0.0058075544873869896 -0.013144861150192106 -0.0088212044828624072 -0.010595160275755001 -0.0084930832373872889 -0.0056002964736979058 0.0053850316346615457 0.027057825019091201 -0.0093871534463579338 0.048961056310504222 -0.0003217752321067094 -0.00045063958116785442 -0.0083499497530527926 -0.0026345960889318206 -0.0065964835514909581 0.026585569197886176 -0.008553176620068579 0.0012112055075996311 -0.0083074181647326689 0.014326794530381225 0.042470433666001957 -0.0046909393709673661 0.016084863138955057 -0.014380368091163808 -0.0095658048069662861 -0.0064875373632181195 -0.0041536665068108098 0.013848039325940776 -0.0027249688181696383 0.024331410179069018 0.022837617785545078 0.0065299925633677995 -0.014481249530989298 0.011234351461476012 -0.0119406647698613 0.01419889651213317
leaf_weight=131.04965999349952 11.847186822444199 48.912749006412923 107.94680418912321 38.345338580198586 7.4137319168075964 5.7452677059918633 28.530450304038823 163.96748093701899 31.530405784025788 23.695438951253891 43.57305871322751 1.7433439819142211 3.5510949240997425 5.4143203170970073 22.332355601713061 52.8150570448488 10.419542953372 82.957646976225078 383.15746859554201 110.59210228640586 33.148335583508015 1007.7997914683074 36.49523136112839 29.450118687935174 20.492849401198331 28.839298604056239 68.633670344017446 6.9675885755568734 9.8467700229957646 3.8330681882798663 4.4092833632603279 1.0714073497802044 7.8170487396419039 3.7766412142664185 21.288111148402095 17.222148170694716 211.53414577431977 8.5414226911962086 7.9219562895596018 2.7638664692640305 86.274253318086267 12.150966295972466 17.000172570347786 40.381761094555259 4.7217505834996691 8.6699765268713218 7.684123679995535 121.11264235153794 30.137435778975487 3.9318182170391074 43.865322597324848 49.819062711670995 25.054436758160591 41.829025371931493 17.345228331163526 40.769625334069133 10.488574296236036 130.88768834620714 50.902479028329253 17.325752662494779 16.072566330432892 22.875266645103693
leaf_count=7391 86 1484 2187 990 264 185 502 3508 194 438 564 62 99 187 753 515 249 2773 4599 1887 206 12018 790 446 356 550 827 241 285 74 135 25 129 85 721 336 3986 94 53 19 899 328 198 247 27 93 55 1776 208 27 691 1018 330 557 188 451 79 1170 576 165 279 231
internal_value=9.00609e-05 0.000528996 -0.00840824 0.000858623 -0.00942085 0.00746106 0.00107514 0.00129443 0.000307487 -0.00968375 0.00353757 0.0026637 0.00446612 0.0152765 0.00760964 0.0111256 0.0349638 -4.31237e-05 0.000450234 0.00243148 0.00515753 -0.0011653 -0.0012222 0.00132756 0.0100245 -0.0011551 0.00323489 0.0123893 0.0166994 0.0199343 0.0233935 0.0274858 0.0360983 0.00571917 0.00146123 0.0452493 -0.00224896 -0.000452594 0.0126678 0.0213487 -0.00241483 0.0165272 0.00741933 0.00972001 0.0179025 -0.00228404 0.0335478 0.00152678 -0.000966706 0.0111786 0.00213031 0.00334547 0.00477925 0.0063477 0.0129907 0.0165107 0.00564551 0.00393583 0.00194517 -0.00369548 -0.00701484 0.00328065
internal_weight=3646.69 3490.33 119.794 3370.54 156.36 25.31 3321.63 3259.59 2267.57 62.0408 992.014 895.626 655.561 61.1977 49.0348 96.3881 12.1629 2190.94 2026.97 909.302 519.58 1117.67 389.721 279.129 58.6129 220.516 594.364 58.4951 51.5275 47.9764 44.1433 39.734 26.1106 13.6234 43.6205 18.2936 240.065 1034.71 26.9114 18.9894 119.423 19.5647 400.158 76.6339 36.2522 29.1628 10.448 184.021 155.182 34.0693 535.869 467.235 423.37 373.551 93.6579 76.3126 35.543 279.893 238.064 107.176 89.8503 38.9478
internal_count=59886 51718 2273 49445 8168 777 47961 46533 31023 1428 15510 14431 9943 1972 1661 1079 311 30555 27047 12035 5902 15012 6133 4246 895 3351 7971 1409 1168 1069 995 860 490 370 1474 361 4488 12239 221 168 1105 592 4797 468 221 449 74 2561 2011 235 6562 5735 5044 4026 1048 860 409 2978 2421 1251 1086 510
is_linear=0
shrinkage=0.03


Tree=103
num_leaves=63
num_cat=0
split_feature=15 32 29 24 7 3 6 8 10 16 32 6 9 15 7 10 11 4 31 11 7 15 15 9 4 21 21 8 21 10 9 17 11 20 22 22 7 11 24 20 20 8 8 31 15 16 3 33 22 31 11 20 6 4 21 0 15 9 13 29 7 16
split_gain=16.425 11.9844 9.83063 11.4771 9.139 7.39482 7.30289 7.34936 8.21343 8.16877 8.61192 7.67654 7.4724 7.17695 7.13367 6.95696 14.3941 8.11083 6.51106 6.34513 8.16695 12.8756 7.75285 6.43983 6.34652 6.16383 8.74512 5.98243 6.54206 10.0535 6.42246 7.76783 6.57633 6.90565 6.19039 5.96878 6.40555 5.9198 9.39468 6.23523 7.71951 7.72925 5.83447 6.3223 7.68383 7.1395 6.51245 7.86188 5.75522 5.61199 6.29262 5.58082 5.52332 6.50927 5.50318 5.44095 10.2429 8.42491 5.77793 5.42977 5.40392 5.39238
threshold=-0.13276244699954984 9.5000000000000018 0.77350428700447094 0.71745863556861889 -1.6334047913551328 1.4413411021232607 1.3273013234138491 -0.44902868568897242 -0.3536494225263595 -0.38803222775459284 15.500000000000002 -1.1680982708930967 -0.77249959111213673 -0.452451542019844 0.92527714371681224 0.49774681031703955 0.14258944243192676 -0.55553704500198353 -0.21428572386503217 0.86423179507255565 0.20366187393665316 0.67667275667190563 1.3238772153854372 1.0783375501632693 0.062171373516321189 -0.7704004943370818 0.020264307036995891 0.6233954429626466 1.4334087371826174 -0.22447074204683301 -0.53116911649703968 0.81637004017829906 1.2867087721824648 -0.7004188299179076 1.2165494561195376 0.40697386860847479 1.2309058904647829 0.036560259759426124 0.88272625207901012 0.46925982832908636 -0.77797907590866078 1.7060287594795229 -0.62246045470237721 1.0000000180025095e-35 1.3057796359062197 0.46145592629909521 -0.35475680232048029 1.0000000180025095e-35 1.7625053524971011 0.6428571641445161 -0.21636962145566938 -1.0197976827621458 1.1258495450019839 1.4757307171821596 0.78259679675102245 1.075342118740082 0.52866318821907055 -0.041099790483713143 -1.9913144707679746 0.35504202544689184 -0.34815001487731928 0.32732039690017706
decision_type=2 2 2 2 2 2 2 2 2 2 2 2 2 2 2 2 2 2 2 2 2 2 2 2 2 2 2 2 2 2 2 2 2 2 2 2 2 2 2 2 2 2 2 2 2 2 2 2 2 2 2 2 2 2 2 2 2 2 2 2 2 2
left_child=1 25 5 -4 -2 48 7 8 14 11 19 -9 -13 -5 42 27 -17 -18 -7 20 24 23 -21 35 -11 -1 -27 28 30 -30 -12 32 49 -34 37 36 -22 60 39 40 -39 54 43 46 -45 -46 47 -6 -3 50 -32 -26 53 -24 -42 58 -57 -58 -10 -54 -29 -19
right_child=4 2 3 13 6 18 -8 9 55 10 15 12 -14 -15 -16 16 17 61 -20 22 21 -23 52 -25 51 26 -28 34 29 -31 31 -33 33 -35 -36 -37 -38 38 -40 -41 41 -43 -44 44 45 -47 -48 -49 -50 -51 -52 -53 59 -55 -56 56 57 -59 -60 -61 -62 -63
leaf_value=-0.0068363153863357845 -0.0092236568902923938 -0.0096307138998394416 -0.0030408990972899154 0.00062493481317964044 0.032852649963024942 0.021484113484955568 0.0041784431160895811 -0.0097962505192197829 0.016446305197476991 -0.0061290580937123345 -0.011133802930041648 -0.0052728969945264673 0.016329797388825985 0.030840285066770175 -0.0069459032206271266 -0.0074914715392764321 -0.014202942941485263 0.020858403309137116 -0.0059747638281138823 0.0042160336002513626 0.00044668744804989338 -0.00181226772584277 0.028909803040448295 -0.0092823053534376709 0.025049155336285291 0.032020031991374417 0.0018218338009091764 0.0031281747150349328 0.024146899531375377 -0.007485850366517173 0.015376780785120427 -0.0091216801719905087 0.039551326971059356 0.0043001798476194533 0.0090439402438148783 0.017845607218514487 0.01961204063895023 0.014864749197768085 -0.015762609496586519 0.015563437283944125 -0.022316774987107938 0.015259324672336606 -0.0053371246581141313 -0.0024020959086165656 -0.0099918932926626666 0.029385232804948945 0.0068825373748828741 -0.0083565186124583846 0.014401692688566562 -0.011247276394744642 -0.0010682884477137174 0.001003026695834459 0.020326714390808003 -0.0065372470650160762 0.009421866210406778 -0.013647340206300852 -0.0066298046120714634 0.024524803438740937 -0.0056364191069297569 -0.0059234786157619686 -0.024653848074538062 0.0065252120460413798
leaf_weight=11.169269455596803 71.592270911671221 368.11937595065683 114.78380381502211 12.659810271114113 14.620794760063292 9.5002366751432437 613.27409635297954 12.177226702682672 6.2051290879026046 163.36498250532895 56.208498472347856 15.013379784300922 75.972232693806291 11.668327355757354 62.541964217089117 73.888194323517382 8.7985567077994329 30.084515005350113 13.210944743826984 226.31242823600769 60.389618207700551 155.4720437861979 26.109366357326511 10.561564485542474 5.4706796035170546 11.994843028485777 18.851165476255119 6.3967964658513656 16.322460026480261 12.476592451333998 26.152033554390073 52.466021802276373 3.871974932029846 14.812182508409022 12.600637197494505 71.59766174480319 16.323192051611841 9.1683907080441696 42.599721260368824 16.014514684677124 22.579766737297184 4.0428519174456587 46.508990324102342 98.812191035598516 3.0129489433020344 8.8920222148299199 99.180202435702085 3.0839808592572799 4.9377641621977082 21.658542203716934 62.110680320300162 53.767316593788564 6.0626004636287716 3.5702143535017958 3.0638426952064028 12.237484056502579 8.9302636012434977 19.146105855703354 445.92705940175802 15.494623947888611 30.42644539475441 98.806104123592377
leaf_count=412 1985 14453 4523 251 379 127 4302 568 106 2651 958 359 1372 177 845 1431 171 462 180 2174 847 1176 183 148 62 315 421 173 160 127 569 516 52 167 159 970 240 152 380 193 390 69 655 1444 26 69 1203 84 133 388 1060 575 35 20 37 153 74 143 6594 88 603 1062
internal_value=0.000135695 -0.00448471 -0.00571743 0.00111609 0.00101376 -0.00810335 0.00127435 0.00051607 -0.00175513 0.0017388 0.00113697 0.00969334 0.0126762 0.017904 0.00184048 -0.00150675 0.00287285 0.00850228 0.00731541 0.00316097 0.00123328 0.00431843 0.00680245 0.0101902 -0.00312251 0.0101476 0.0163931 -0.00375807 -0.00102569 0.0113626 -0.00273274 0.00010424 0.00406857 0.0184129 -0.00851075 0.0118344 0.00547527 -0.0104234 -0.00599357 0.00227396 -0.0043534 -0.0115759 0.00393372 0.00590216 0.000680875 0.0194118 0.0106171 0.025415 -0.00912636 0.000935322 0.00436749 0.00500057 0.0168361 0.0243181 -0.0176061 -0.004207 0.00583878 0.0151112 -0.00515678 0.003896 -0.0200307 0.0105247
internal_weight=3633.07 576.896 534.88 139.112 3056.17 395.768 2984.58 2371.31 829.099 1542.21 1439.05 103.163 90.9856 24.3281 336.653 624.549 211.577 137.689 22.7112 814.496 536.947 314.344 277.549 158.872 222.603 42.0153 30.846 412.972 266.079 28.7991 237.28 181.071 128.605 18.6842 146.893 148.31 76.7128 134.292 97.4691 54.8694 38.8549 29.6865 274.111 227.602 110.717 11.905 116.885 17.7048 373.057 109.921 88.2627 59.238 51.2368 29.6796 25.6436 492.446 40.3139 28.0764 452.132 21.5572 36.8232 128.891
internal_count=59801 20992 19844 4951 38809 14893 36824 32522 11775 20747 18448 2299 1731 428 4705 9279 3126 1695 307 9169 6669 3381 2500 2205 3288 1148 736 6153 3997 287 3710 2752 2236 219 2156 2057 1087 1997 1221 841 648 496 3860 3205 1539 95 1666 463 14586 2017 1629 637 326 203 427 7070 370 217 6700 123 776 1524
is_linear=0
shrinkage=0.03


Tree=104
num_leaves=63
num_cat=0
split_feature=3 11 4 12 5 31 8 19 11 20 9 8 12 25 26 5 32 11 29 17 9 32 26 25 14 3 17 20 17 10 8 25 2 6 8 10 6 8 24 14 18 8 12 23 31 2 12 24 15 11 2 32 10 1 8 3 29 15 20 18 26 9
split_gain=15.0313 9.853 11.8689 13.8726 12.5668 9.91259 11.0547 9.28055 8.92747 8.79819 8.30669 10.4595 8.28733 8.12339 7.89165 7.70941 12.4732 7.81678 7.15429 7.55387 6.97418 7.58884 6.88845 6.74778 7.26775 6.70393 6.33049 6.93636 6.31617 6.26213 6.08379 6.08114 5.97243 5.89944 7.1333 7.03208 6.20382 6.04266 8.02354 8.97936 8.78282 6.7738 6.14789 5.94997 5.82477 5.67884 5.6634 5.64074 5.5764 5.53078 5.79834 5.50963 7.11608 6.70427 5.4275 7.30184 5.39115 5.37743 5.26796 5.23628 6.61932 5.5452
threshold=-1.0590053796768186 1.3354479670524599 1.0026745796203616 -0.4087477028369903 -0.11842333897948264 0.6428571641445161 1.6684588789939883 -1.2316017150878904 -0.33925813436508173 1.9629845023155215 -0.29455792903900141 0.37247663736343389 1.0000000180025095e-35 -0.0035811846610158678 0.79860830307006847 0.36174772679805761 15.500000000000002 0.236484169960022 0.68990385532379161 1.0944492220878603 -0.83916664123535145 16.500000000000004 0.08913708478212358 1.665272653102875 1.6332742571830752 0.72049182653427135 -0.052188064903020852 -0.41625730693340296 -1.0049579739570615 -1.693153917789459 -1.5121334791183469 -0.4470228105783462 1.086220443248749 1.201640844345093 2.0321841239929204 1.7887822389602663 1.156781852245331 -1.4068744778633115 1.3180243968963625 0.30193264782428747 -0.2830126136541366 -0.88794508576393116 -0.07038968056440352 1.0151652097702029 0.5000000149011613 -0.45995084941387171 -1.130471885204315 -0.27150523662567133 0.45527216792106634 -0.40353153645992274 0.8367069959640504 10.500000000000002 -0.53750944137573231 -0.91615131497383107 -1.1225246191024778 0.83848851919174205 0.62019231915473949 0.81746000051498424 -0.47804015874862665 -0.34344336390495295 0.84534144401550304 0.75640910863876354
decision_type=2 2 2 2 2 2 2 2 2 2 2 2 2 2 2 2 2 2 2 2 2 2 2 2 2 2 2 2 2 2 2 2 2 2 2 2 2 2 2 2 2 2 2 2 2 2 2 2 2 2 2 2 2 2 2 2 2 2 2 2 2 2
left_child=8 2 3 29 7 6 12 -5 -1 51 11 -6 22 18 30 17 -17 47 25 -20 -14 49 32 24 33 46 28 -28 -19 -2 -7 -10 -4 34 36 37 -12 -35 39 41 -40 -39 -41 -43 -27 -31 -3 -13 -8 50 -22 -9 54 -54 55 -53 -32 -24 -56 60 -26 -61
right_child=1 13 5 4 10 14 48 9 31 -11 23 15 20 -15 -16 16 -18 26 19 -21 21 -23 57 -25 59 44 27 -29 -30 45 56 -33 -34 35 -36 -37 -38 38 40 42 -42 43 -44 -45 -46 -47 -48 -49 -50 -51 -52 52 53 -55 58 -57 -58 -59 -60 61 -62 -63
leaf_value=-0.013596582510976117 0.010018753594699168 0.0171111925022869 0.0076955802985138816 0.026079767406083216 -0.0048177830759393633 -0.0092637600028469148 -0.0012918818099765016 0.0042580522111567258 0.011184126532182604 0.022091667278982569 0.0027916522872771057 0.00634591501047275 0.010623914853028757 0.0024228658050153727 -0.0045848909874864471 0.030709536727220557 -0.0067248184652249346 0.016834925467796323 0.028171449872075892 0.00040075297160147878 -0.0048523986037661629 0.01019622160670052 0.0080785276126174917 -0.00679418346682833 -0.019577280513524614 0.016552404936247808 0.025316228894679878 0.0039256559268334547 -0.017169372595355812 -0.017039841358621584 -0.0055697486986014764 -0.0046930577225240888 0.031614112426128396 -0.0029967001597809863 0.019681360044505547 -0.013550622693846954 -0.010052657162330603 0.022441293386110141 -0.00024766862627830172 -0.0059485531999114482 0.015991332752355446 -0.014702411886434227 0.030763280092414882 0.0083683991685749685 -0.0073254152597073477 -0.0044930844543197039 -0.0095144470383088497 -0.01177579384832691 0.03290875950523782 -0.010146229798684188 0.02110854415812511 -0.0057129269276483445 0.0080301161954187388 -0.013328217665787703 0.011798465642264727 0.030894149838288396 0.021282626043256155 -0.0097446650555388231 -0.0089862904426265683 0.01412114771275275 0.013517382843074098 -0.012733976659621973
leaf_weight=98.870142287574708 20.488398493267596 4.2718369998037806 40.324459871277213 3.4219391932710996 322.68015672918409 4.5455065183341494 5.4862657897174349 31.115909121930599 21.793676011264324 4.8808051003143182 780.74055536556989 18.839513103477657 24.696761976927519 376.84405880793929 16.515517508611083 16.761550902388993 10.269379585050045 2.4881033096462479 28.616867499426007 12.14632345177233 18.43831925466657 20.741173170506954 27.032271679490805 56.504707770422101 25.723329737782482 40.683800427243114 17.683361604809761 40.103661864995956 11.503880106844006 30.616337245330215 5.3996656853705636 111.15626099612564 9.7949430719017965 30.582038201391697 16.816542976535857 8.7445366382598859 30.533758774399757 12.45902171358466 82.379314856603742 2.9359123371541491 41.986547317355871 11.426722817122934 35.97755354642868 20.983760043978691 8.4329403750598413 522.22661688085645 29.540872192010283 43.786762315779924 10.077993892133234 122.66173437610269 6.8533311858773223 6.8410630477592331 11.137353985570369 159.75569400750101 9.5792741812765581 5.364491356536746 67.827647810801864 24.063449144363403 43.174321244470775 12.549526554532351 2.9211695520207277 6.6886292351409784
leaf_count=5151 478 75 405 104 5311 35 58 499 656 71 13292 657 206 3459 158 203 204 45 352 98 216 184 303 618 315 340 222 359 235 1086 48 3176 62 228 226 64 273 91 524 26 290 92 293 136 72 10274 465 621 67 954 53 195 423 3410 303 61 574 167 940 177 34 82
internal_value=0.000309945 0.000815281 0.000144956 -0.000625686 0.000588959 0.00488169 0.00220162 -0.00529112 -0.00700001 -0.00614988 0.00157458 -0.00172206 0.000705041 0.00468186 0.0131432 0.00442454 0.017658 0.0012252 0.0112026 0.0208444 -0.00292781 -0.00516048 0.00745738 0.0029287 0.00344566 0.00554751 0.00773674 0.0119661 -0.00828242 -0.00470389 0.0169574 -0.00177937 0.0148138 0.00396429 0.00271961 0.00799282 0.00224962 0.00904374 0.0108416 0.0178089 0.00564087 0.00737391 0.0276315 -0.000643402 0.0121547 -0.00533442 -0.00437962 -0.00625821 0.0234704 -0.00757624 0.00450535 -0.00706286 -0.00861381 -0.0117476 -0.000119218 0.0146787 0.0190731 -0.000435684 -0.00451739 -0.00747748 -0.014695 0.00408351
internal_weight=3649.49 3417.67 2917.13 2512.67 1939.34 404.459 310.171 275.271 231.82 271.849 1664.07 484.116 294.606 500.537 94.2883 161.436 27.0309 134.405 123.693 40.7632 193.391 168.695 101.215 1179.95 1123.45 82.9294 71.779 57.787 13.992 573.331 77.7728 132.95 50.1194 1075.57 828.091 247.475 811.274 238.731 208.149 83.783 124.366 44.8695 38.9135 32.4105 49.1167 552.843 33.8127 62.6263 15.5643 147.953 25.2917 266.968 235.852 170.893 64.9591 12.2056 73.2273 51.0957 52.7536 47.8827 28.6445 19.2382
internal_count=59796 50813 45952 42462 30624 3490 2675 6006 8983 5902 24618 7857 2550 4861 815 2546 407 2139 1402 450 1613 1407 937 16761 16143 952 861 581 280 11838 657 3832 467 15535 13791 1744 13565 1680 1452 638 814 319 319 228 412 11360 540 1278 125 1223 269 5831 5332 3833 1499 256 622 470 1243 608 349 259
is_linear=0
shrinkage=0.03


Tree=105
num_leaves=63
num_cat=0
split_feature=15 11 6 20 9 9 29 26 25 21 3 9 12 11 8 13 4 25 12 3 10 8 21 21 16 11 29 17 13 10 26 15 6 11 23 24 23 1 21 16 16 21 9 29 20 23 9 8 25 34 3 26 12 8 8 16 24 23 8 9 12 1
split_gain=14.8491 10.6267 8.51542 7.72076 7.64353 8.31704 8.08515 8.85898 7.59023 11.9044 8.88521 8.30136 8.011 10.136 7.96132 7.95003 8.44458 7.55438 8.61005 10.6613 7.45373 9.49885 7.64086 7.32719 7.14402 8.65688 6.78478 6.76161 6.74109 7.5598 7.30307 6.63791 7.26434 6.57035 7.19912 23.2832 8.48795 7.79444 7.22793 6.96964 9.29347 8.28336 7.07208 6.58749 6.45362 7.093 7.7302 6.92316 6.42179 6.26705 8.62112 6.25691 6.1245 6.0363 6.62269 6.72312 5.92858 5.91796 6.19252 7.17969 6.02163 5.83396
threshold=-0.70932689309120167 0.99969345331192028 0.18883521854877475 0.80165413022041332 0.87124556303024303 -2.1104872226715083 0.2264957278966904 -1.6272511482238767 -0.10151049867272376 -0.54266214370727528 -0.1959760785102844 -1.542561888694763 0.42676126956939703 -0.072313152253627763 -0.35319894552230829 2.5572278499603276 2.1601321697235112 -0.60287487506866444 0.62557914853096019 0.5403808355331422 0.45076435804367071 0.36044721305370336 1.7157173752784731 -0.13108481466770169 0.96323463320732128 0.15361523628234866 0.41421568393707281 0.40815417468547827 1.1184479594230654 0.15060027688741687 0.08913708478212358 0.50769728422164928 0.16466777026653293 1.3713554143905642 0.58106192946434032 0.87203970551490795 0.26603899896144872 0.99529123306274425 1.3425840735435488 0.44926755130290991 0.23467655479907992 0.54333114624023449 0.47194749116897589 0.65686276555061351 1.2140451073646548 1.5104522705078127 1.5080313682556155 0.29326105117797857 1.0000000180025095e-35 1.5000000000000002 0.6160244643688203 0.7151293456554414 -0.26688106358051294 -1.0279243588447569 -1.6923742294311521 -1.0000000180025095e-35 -0.10410919040441512 -0.19759795069694516 1.3754691481590273 1.1408677101135256 -0.27721859514713282 0.72219482064247142
decision_type=2 2 2 2 2 2 2 2 2 2 2 2 2 2 2 2 2 2 2 2 2 2 2 2 2 2 2 2 2 2 2 2 2 2 2 2 2 2 2 2 2 2 2 2 2 2 2 2 2 2 2 2 2 2 2 2 2 2 2 2 2 2
left_child=1 2 -1 8 5 -5 28 -8 33 10 -10 48 13 14 27 16 -14 -9 31 23 22 -22 24 -20 56 -26 57 -13 29 30 -7 32 -19 34 35 37 -37 -2 53 40 42 -41 52 51 -6 46 -46 -48 -11 50 -12 -39 -35 54 -36 -56 -21 60 59 61 -15 -59
right_child=3 -3 -4 4 44 6 7 17 9 11 49 12 15 26 -16 -17 -18 18 19 20 21 -23 -24 -25 25 -27 -28 -29 -30 -31 -32 -33 -34 39 38 36 -38 43 -40 41 -42 -43 -44 -45 45 -47 47 -49 -50 -51 -52 -53 -54 -55 55 -57 -58 58 -60 -61 -62 -63
leaf_value=-0.011845580034364981 0.0008115388409805223 0.0078246251295048062 0.0018915922438949831 -0.013404852124356461 0.0030984686654758971 0.014526572108726755 0.01673338265314684 0.018062831340433398 -0.012551744744708687 -0.014064140113219293 0.024444372317760334 -0.017376304246565701 -0.0029595977510110828 0.028465635800537001 0.0015818922211787007 0.013675508658083209 0.01294020136953963 -0.0060158958984537214 0.018693746487265291 -0.0054388157700418866 -0.011493380942273925 0.01353431779851819 -0.0018738036585764103 -0.010243647134421675 -0.016593791170690961 0.011253255631286299 0.0086641832775948523 0.0092387906584235242 -0.0049205057822553086 0.018815028751307469 -0.0010130387494694251 -0.0050186243491988627 0.0097988673480417822 -0.0022616196881990185 -0.011757864512088923 -0.0068922025873063538 0.034354093703276356 0.040710976617214852 0.013497007919763852 0.020620950572997076 -0.01518981490585177 -0.0056306327397363581 -0.0080869869683685321 -0.0035610098161936196 -0.014486342243606582 0.015276915840054424 0.02191036670344253 -0.014021652362407369 0.001274861396485824 -0.0043728218890227467 -0.0061293966282684464 -0.0073918522716937014 0.034839573100544648 -0.0052193924916163186 -0.014119446489600672 0.017388705422786029 0.022926795023049625 -0.0070332826487515179 0.012207683227875172 0.018571810406985856 -0.0071810964037889828 0.008149123792913918
leaf_weight=173.37542928755283 315.55527435801923 37.023680151440203 50.962468654848635 18.196430339477956 91.201999022625387 45.273302343674004 35.550711186602712 20.80303707998246 119.32613145932555 57.117184539325535 12.497279256582262 40.587523982860148 589.00724782887846 8.0369475437328202 95.956359799951315 24.914863031357527 26.768486946821213 36.966750939376652 4.5929045481607309 5.4118647221475831 29.089663963764906 17.812307730317116 28.24719313532114 46.493084875866771 8.3850023578852397 37.839598577469587 260.24999939836562 7.250285340473055 21.388724414631724 77.290277508087456 58.036554546095431 203.54373600147665 66.669724939391017 5.1601160783320674 9.2472202870994789 3.5595000032335546 23.602785594761372 6.5421086363494378 20.165354423224926 48.562399670481682 16.272290624678135 11.243494018912314 7.4497998673468819 5.5295786578208208 67.48193858191371 6.1973375082015982 7.4116605259478074 3.6225679311901331 39.355618689209223 155.09351219795644 12.748266061767934 1.3688272945582864 6.9378018006682405 231.59581517148763 3.4823799449950448 29.399006988853216 68.54716682434082 124.04875642061234 24.844654645770788 8.3350631929934007 3.8509605675935736 23.275510290637612
leaf_count=9782 6987 1035 1518 244 1038 497 385 263 4112 1198 232 1052 7027 179 2094 157 180 912 92 91 221 121 174 711 65 207 3346 97 167 794 637 1560 881 82 108 51 244 91 162 512 196 75 108 86 775 31 76 52 422 2503 155 18 81 2774 45 339 554 1690 227 104 86 215
internal_value=0.000520713 -0.00630077 -0.00875173 0.00105593 0.00325206 0.00445175 0.00493153 0.00316103 0.00012231 -0.00102262 -0.00637305 0.000198957 0.000872215 0.00336068 -0.00348981 -0.00145245 -0.00216976 0.00218386 0.00143082 0.00555267 0.00870648 -0.00160026 0.0119093 -0.00620743 0.0150942 0.00507524 0.00555127 -0.01285 0.0100725 0.0119328 0.00615309 -0.00191168 0.00414055 0.00262018 0.0015033 0.0043446 0.0287178 0.00193254 -0.0019551 0.00976063 -0.000756343 0.015632 0.0119053 0.0208951 -0.00237579 -0.00811356 -0.0107639 0.00941993 -0.00805218 -0.00205643 0.0105445 0.0327484 0.0229811 -0.00331516 0.00659622 0.0126286 0.0206382 0.00122761 -0.000351612 -0.00267373 0.018211 -0.00444588
internal_weight=3646.35 261.362 224.338 3384.99 1006.05 830.138 811.942 609.953 2378.94 1633.26 299.665 1333.6 1237.13 596.436 143.794 640.691 615.776 574.402 553.599 246.419 195.333 46.902 148.431 51.086 120.184 46.2246 452.642 47.8378 201.989 180.6 103.31 307.18 103.636 745.674 650.048 356.158 27.1623 328.996 293.89 95.6259 35.82 59.8059 19.5477 13.4405 175.916 84.7135 78.5162 11.0342 96.4728 180.339 25.2455 7.91094 12.0979 273.724 42.1286 32.8814 73.959 192.392 180.504 155.659 11.8879 147.324
internal_count=59918 12335 11300 47583 10548 8576 8332 6237 37035 25076 7002 18074 16454 9090 3243 7364 7207 5852 5589 2236 1433 342 1091 803 917 272 5847 1149 2095 1928 1134 3353 1793 11959 10905 7477 295 7182 3428 1054 467 587 271 195 1972 934 903 128 1620 2890 387 109 163 3266 492 384 645 2501 2236 2009 265 1905
is_linear=0
shrinkage=0.03


Tree=106
num_leaves=63
num_cat=0
split_feature=4 11 4 32 21 20 6 25 17 32 23 21 17 8 31 14 6 4 15 2 9 11 11 23 21 29 17 8 29 11 6 18 11 21 16 6 25 3 23 21 12 16 9 3 24 23 1 17 3 21 14 27 4 3 9 12 14 8 1 12 31 3
split_gain=14.2561 12.5261 12.1799 10.3642 11.0337 8.22654 7.07625 8.72157 8.739 6.53565 7.41344 7.08664 6.27587 6.17493 6.85992 8.69043 6.2657 6.12492 9.49234 8.47889 7.17629 13.1825 9.35872 8.13761 9.8479 9.43839 8.7573 7.68424 7.1742 6.8613 9.80191 8.18394 9.06902 9.41312 8.26703 6.68858 7.87921 11.0823 7.3794 11.3739 7.7688 6.45214 6.31018 6.09929 6.95607 5.96417 8.25263 5.95254 5.94907 5.8199 7.97629 8.05184 7.08105 6.07928 5.82153 5.67287 5.6115 6.11697 5.5887 5.57739 5.41393 5.4124
threshold=-0.49911274015903467 -1.0492325425148008 1.4478222131729128 11.500000000000002 0.56307387351989757 0.0096291690133512037 -1.6083979606628416 -0.83276501297950734 1.0944492220878603 9.5000000000000018 -0.28900152444839472 0.70334848761558544 -0.57760921120643605 0.92694547772407543 1.0000000180025095e-35 -0.94694581627845753 1.3001904487609866 1.5478326082229616 0.52866318821907055 -0.43510070443153376 1.5080313682556155 0.35920882225036627 1.117392957210541 0.69644734263420116 -0.94698768854141224 0.69615384936332714 -0.40822257101535792 0.54657480120658886 0.60769233107566845 1.8242302536964419 0.096833460032939925 -0.27230566740036005 1.5227683782577517 -0.064421165734529481 1.0851001739501955 1.2137548923492434 1.665272653102875 -0.31207790970802302 0.90495297312736522 0.87905642390251171 0.17724067717790606 -0.32749749720096583 0.85113501548767101 0.094359811395406737 0.16246993839740756 0.58106192946434032 1.2667402029037478 -0.63018488883972157 0.81220680475234996 -0.86454546451568592 -1.9338154196739195 2.5000000000000004 0.062171373516321189 -0.64094799757003773 0.28915867209434515 1.1342283487319949 -0.8211623728275298 -0.37421622872352595 0.95938405394554149 -1.0719419121742246 0.6428571641445161 0.27477781474590307
decision_type=2 2 2 2 2 2 2 2 2 2 2 2 2 2 2 2 2 2 2 2 2 2 2 2 2 2 2 2 2 2 2 2 2 2 2 2 2 2 2 2 2 2 2 2 2 2 2 2 2 2 2 2 2 2 2 2 2 2 2 2 2 2
left_child=5 2 3 4 -2 48 -3 8 -8 10 11 12 -9 14 15 -7 59 20 19 -19 22 27 35 24 25 -24 42 41 -28 30 -30 32 33 -32 -35 49 37 -37 39 40 -39 -22 -25 -26 47 -12 -47 -45 -1 50 53 -52 -53 -11 -54 -17 -6 -58 60 -16 -40 -34
right_child=1 6 -4 -5 56 13 7 9 -10 17 45 -13 -14 -15 16 55 -18 18 -20 -21 21 -23 23 26 43 -27 28 -29 29 -31 31 -33 61 34 -36 36 -38 38 58 -41 -42 -43 -44 44 -46 46 -48 -49 -50 -51 51 52 54 -55 -56 -57 57 -59 -60 -61 -62 -63
leaf_value=-0.013175109423678647 -0.011946521361256809 -0.0098542510846773897 0.016783334062683654 -0.010099139749653936 0.031719537636145288 0.021146071377617093 0.018159463819307404 -0.0022753774303661753 -0.013083416638594645 -0.010300008055286723 -0.0031529705527219422 -0.0081363181893688487 0.034961851511367319 -0.013760266852602695 -0.012129115206357521 -0.010221481465130463 -0.0087322216535587263 -0.0099380700567760216 0.0016297037048771464 0.017497085133658091 -0.004319273952093995 -0.0026153035438096221 -0.011786657670922889 -0.017519797624198408 0.021643470520093546 0.0141266442034908 -0.0008001936404566784 -0.0029736952642291361 -0.013600281778108113 -0.0072195506722606819 -0.010881803497478767 0.002417540845946075 -0.0012943365459938303 0.024143338219689791 -0.0017912361168877246 0.029394142697726822 -0.0047751128833935074 -0.0008583222607365862 -0.0032824132931070353 -0.0032951589630817275 0.032398523016124267 0.044809869722866075 0.011749008793024681 0.018477029608304992 0.012547134686584282 0.0094365946478181736 -0.015126505325772442 -0.011642068490460683 0.00061859066061727749 -0.0011495930789782005 0.0047218871140564658 -0.0168136237052883 0.016387530049796973 0.029208950501790374 -0.010355851921881975 0.013936857682699725 -0.010201735043207125 0.015464561677109754 0.011176030432615541 0.013780414559783167 0.0073890193831757309 0.035728330323259207
leaf_weight=126.82718300260603 18.153401274234056 43.899007120169699 16.195650374516845 196.60762187279761 7.0202877726405886 5.7274909997358909 43.565891567617655 4.4311545118689581 5.9274000842124215 2.4064158825203776 65.942424624226987 3.9379439223557702 14.183521330356598 24.113567091524601 4.5816628029569975 71.591607698239386 13.869221029803155 8.4996667858213169 193.35510295629501 66.577865958213806 1.8734277850016976 23.713876282796264 31.0672372803092 28.657082475721836 43.664670029655099 14.621126011013983 242.52196305058897 4.4207873539999119 10.981906756758688 22.056741397827864 12.249617235735057 54.145822359248996 3.7010262832045582 27.679746739566326 15.737371288239954 10.782675791531799 97.329738952219486 8.0578779261559266 165.71540414914489 20.571393445134163 20.607633501291275 10.491041972301899 4.5445084273815146 2.879231488332155 62.639712683856487 137.2668011970818 9.0151297152042371 20.949091676622629 35.22411890514195 1224.314942558296 25.983940033242106 82.564405991695821 8.8034374341368693 4.372639723122119 10.783081770874558 5.4993632463738313 9.8739420697093063 15.049286162480707 38.231032330542803 59.886975461617112 52.126660622656345 21.913012564182281
leaf_count=5242 654 1522 196 6674 61 93 787 129 77 58 675 62 287 608 145 1680 128 123 1225 647 52 295 692 349 736 314 1967 80 149 157 124 442 36 186 80 128 1030 82 1174 155 195 164 52 46 610 922 52 317 523 20654 937 2979 206 64 266 114 182 201 239 1378 338 135
internal_value=0.000317953 0.000930364 -0.00529056 -0.00704427 0.0047732 -0.00541861 0.001478 0.0016608 0.0135606 0.00143752 0.00618635 0.020924 0.0274927 -0.00103608 0.0012246 -0.00466539 0.00735779 0.00101416 0.00527188 0.0139645 0.000534591 0.0123377 0.000309496 0.00346658 0.00883475 -0.00291845 0.00126704 0.0292147 0.0025161 0.00717569 0.00951115 0.0118028 0.0175525 0.00929909 0.0155287 -0.000801385 0.00251986 0.00480547 0.00347743 0.0135365 0.024311 0.0382657 -0.0125002 0.0129165 0.00756732 0.00417465 0.0074729 -0.00542925 -0.0102481 -0.00181711 -0.00761709 -0.00948824 -0.0131545 0.0167653 0.0025525 -0.00775422 0.0146058 0.00529065 0.0013211 0.0111986 -0.000620388 0.0310411
internal_weight=3639.98 3292.66 262.9 246.705 50.0969 347.321 3029.76 2985.86 49.4933 2936.37 234.777 22.5526 18.6147 185.27 161.156 82.8185 78.3379 2701.59 268.433 75.0775 2433.16 40.4991 2392.66 620.01 175.821 45.6884 444.189 16.7853 410.987 168.465 146.409 135.427 81.2808 55.6667 43.4171 1772.65 413.422 316.093 305.31 49.2369 28.6655 12.3645 33.2016 130.133 86.468 212.224 146.282 23.8283 162.051 1359.23 134.914 128.135 102.151 6.77906 19.5865 77.091 31.9435 24.9232 256.073 64.4686 217.842 25.614
internal_count=59875 49964 7968 7772 1098 9911 41996 40474 864 39610 2127 478 416 4146 3538 1887 1651 37483 1995 770 35488 591 34897 6392 2715 1006 3677 296 3276 1309 1152 1003 561 390 266 28505 3341 2311 2183 432 277 216 401 1709 973 1649 974 363 5765 25164 4510 4388 3451 122 472 1794 444 383 1751 1523 1512 171
is_linear=0
shrinkage=0.03


Tree=107
num_leaves=63
num_cat=0
split_feature=6 32 18 15 14 16 20 4 24 15 26 18 23 29 0 29 6 26 4 7 32 26 9 26 25 24 29 6 1 4 15 19 8 1 0 8 24 7 9 9 26 5 4 24 13 2 21 13 16 29 20 20 23 15 9 13 16 21 32 5 8 16
split_gain=14.1219 13.3713 11.9212 9.54408 9.30337 8.64454 9.78634 7.62872 7.8688 7.67484 6.76875 9.49568 6.79662 6.66827 8.52913 8.02306 6.66454 6.4849 6.24048 6.20661 6.1867 5.91212 5.82311 5.80116 5.75154 5.85222 12.6291 5.91907 5.72895 7.54494 7.45726 7.35913 7.00311 5.89227 6.48618 6.04719 5.90769 5.66665 5.63581 6.38281 6.10374 11.0772 8.22846 7.85074 7.02733 5.9305 5.68488 6.00557 5.61014 6.12256 6.11211 6.12125 5.59294 5.54082 7.40989 7.37463 6.01331 7.91931 7.74799 7.69805 7.05742 6.97027
threshold=-1.0733762383460996 15.500000000000002 1.5651661157608034 -0.11064685881137847 -1.0100318193435667 0.43961790204048162 1.2880911231040957 2.3550682067871098 -0.93204161524772633 0.57750803232193004 0.90322747826576244 -0.25409944355487818 -1.6034415960311887 0.39230769872665411 -0.17838940769433972 0.36038962006568914 0.80212673544883739 0.37266267836093908 1.8828417062759402 -0.671451836824417 11.500000000000002 0.44739785790443426 -0.88454407453536976 -0.033662246540188782 -0.50881838798522938 -0.43354919552803034 0.2264957278966904 -0.068545993417501436 1.4615095257759096 0.37602879106998449 1.1209225654602053 1.3053084015846255 -1.0029166936874387 0.12184178456664087 1.1852644085884096 -0.36271837353706354 0.78768736124038707 0.69212937355041515 0.63310286402702343 1.4405040144920351 0.33949564397335058 0.26876352727413183 -0.73874974250793446 1.1752741336822512 -0.22875075042247769 -0.64410510659217823 1.4086498618125918 -1.0386824607849119 0.58344125747680675 0.17914438992738727 0.46022948622703558 0.81382939219474804 -1.4353450536727903 0.24768622219562533 -2.2353019714355464 0.9702059030532838 0.30077716708183294 -0.89866319298744191 9.5000000000000018 0.66897583007812511 -0.36271837353706354 -0.34829533100128168
decision_type=2 2 2 2 2 2 2 2 2 2 2 2 2 2 2 2 2 2 2 2 2 2 2 2 2 2 2 2 2 2 2 2 2 2 2 2 2 2 2 2 2 2 2 2 2 2 2 2 2 2 2 2 2 2 2 2 2 2 2 2 2 2
left_child=5 2 13 4 21 6 10 8 22 -9 -1 12 -12 15 18 24 -6 -11 52 23 -21 -3 -5 -17 25 26 -2 -27 29 31 -30 53 -31 35 -35 -34 -36 -24 40 48 41 46 -43 45 -42 -44 47 -26 49 -40 -50 -52 -15 54 -16 56 57 -56 -58 -60 61 -59
right_child=1 3 -4 7 16 -7 -8 9 -10 17 11 -13 -14 14 28 19 -18 -19 -20 20 -22 -23 37 -25 38 27 -28 -29 30 32 -32 -33 33 34 36 -37 -38 -39 39 -41 44 42 43 -45 -46 -47 -48 -49 50 -51 51 -53 -54 -55 55 -57 58 60 59 -61 -62 -63
leaf_value=-0.015317913745413587 0.039380082033584882 0.022805313249293212 -0.0095592741538075288 -0.00992044367593105 -0.011890564323554099 0.00032530259879747924 0.016316540865519456 0.026689847425439613 -0.0013559996723281041 -0.0074155844547382256 -0.010388251325425977 -0.012064308610892452 0.029530617415555155 0.018828502306202585 -0.016970531691063561 -0.012758046866848697 0.0012854912242674214 0.013572617697138733 0.014750290777387156 0.004407184217076426 -0.019299529650480211 -0.0081383530138014627 0.028954442946943479 0.022309768811817645 0.01646482275621345 -0.014861094130229915 -0.010994504486989959 0.0099057482883323708 -0.015571734250453764 -0.0043859423028081452 0.0081997859491913985 -0.013887578989861841 -0.0090788596389729265 0.022158917932463752 0.019837028238612796 0.010187447823508715 -0.0076988834473528094 -0.0048699470600096556 -0.018565688646139202 0.012223743649375602 -0.011584710954354333 -0.011085132793092136 -0.0050367305029290219 0.0019274111216902074 0.0017179642407990879 0.032070155834589942 0.014858849062680842 -0.0020390381835663843 -0.0091432825967362515 -0.0014734614891215218 0.019889071908894725 -0.0013272532630647237 -0.010966933126895832 0.002675349576719244 -0.010284745196596693 -0.0084083530547219912 0.035710890887316403 0.01217883545700422 0.0072517154057264877 0.035686955034485345 0.015012013403651244 -0.0085459339264433009
leaf_weight=127.81650194339454 8.8672798452898842 9.962885598652063 68.610560615547001 3.6849101809784797 156.29100555926561 99.220595712773502 7.0864622527733436 12.44893768802285 1285.5703163910657 23.232124231755733 2.5738993184641004 15.811412875540553 7.4576838370412606 1.6961264992132772 5.7205710550770155 2.9901807149872184 42.804561416618526 20.243408136069775 7.2405833490192881 10.862341516651211 36.783517020754516 5.5960497409105292 13.329501440748574 5.4497956167906505 12.602080386132 7.3081980664283028 3.9716574801132074 25.324890559539199 22.5953478962183 21.642580956220627 16.659934211522341 15.253859339281915 14.640843195840715 68.759121630340815 5.9384640008211163 61.042116427794099 14.807988006621597 4.1933441823348394 41.073271386325359 15.114717690274118 42.391966748982668 5.1402711058035484 2.9690198712050906 14.84442153945565 141.50082976650447 29.209304966032505 21.501855112612247 148.02750822808594 33.826005830429494 33.510499287396669 14.473099635913966 31.411993762478232 60.915142961777747 493.29762537032366 18.094577016308904 16.385080053471029 12.110380319878457 20.511034089140594 69.608743607066572 5.6716076154261819 68.54829060845077 29.172364197671413
leaf_count=6524 189 301 1477 110 6209 2721 267 101 16730 150 169 750 324 75 153 59 841 121 59 107 481 185 322 89 236 129 92 291 194 198 90 123 148 528 41 533 83 102 718 189 680 99 53 96 1730 290 177 2168 340 584 105 221 1331 4396 617 331 161 657 1346 87 1538 646
internal_value=8.02462e-06 0.00052929 0.00228736 -0.0014868 -0.00729049 -0.00666209 -0.0108548 -0.000549279 -0.00102931 0.00983137 -0.0125826 0.0012362 0.0192397 0.00278069 0.00427971 0.000481733 -0.00909568 0.00274905 -0.00556108 -0.00990902 -0.0139896 0.0124033 0.0152547 0.00976143 0.00147272 0.011193 0.0250831 0.00312165 0.00500546 0.00547956 -0.00569651 0.00409317 0.0108248 0.012888 0.0179768 0.00612873 0.0025047 0.0215758 0.00063241 -0.00391189 0.0024978 0.00565987 0.017193 0.0210525 -0.00157412 0.0284295 0.00198563 -0.000134117 -0.00582661 -0.0114612 -0.000189151 0.00666156 -0.00882706 0.00455508 0.00819864 0.00913227 0.0105727 0.00626385 0.0165916 0.0114832 0.00911103 0.000341236
internal_weight=3645.4 3385.43 1808.08 1577.36 214.655 259.967 160.746 1362.7 1306.78 55.9245 153.659 25.843 10.0316 1739.47 1050.31 689.155 199.096 43.4755 69.8519 56.0858 47.6459 15.5589 21.2078 8.43998 633.069 45.472 12.8389 32.6331 980.461 941.205 39.2553 754.374 186.831 165.189 89.5056 75.683 20.7465 17.5228 587.597 169.41 418.187 234.294 52.163 47.0227 183.893 32.1783 182.131 160.63 154.295 74.5838 79.7111 45.8851 62.6113 739.12 245.823 240.102 223.717 136.326 87.3907 75.2804 118.232 49.6834
internal_count=59862 49107 23935 25172 7536 10755 8034 17636 17264 372 7767 1243 493 22458 13335 9123 7050 271 1465 736 588 486 534 148 8387 701 281 420 11870 11586 284 10055 1531 1333 652 681 124 424 7686 2157 5529 3119 538 439 2410 343 2581 2404 1968 1302 666 326 1406 9932 5536 5383 5052 3458 1594 1433 2841 1303
is_linear=0
shrinkage=0.03


Tree=108
num_leaves=63
num_cat=0
split_feature=15 4 14 25 16 4 25 17 9 8 29 14 7 15 25 11 6 9 16 3 16 18 1 11 18 10 11 4 10 26 10 15 16 16 20 7 6 20 17 8 15 14 21 24 13 15 1 26 10 13 9 7 18 17 3 25 7 15 7 26 26 17
split_gain=17.3492 9.1522 8.36045 8.64458 8.52246 7.98417 8.10168 12.7143 8.50934 8.18384 9.9492 9.33813 10.1846 10.5057 9.84605 9.11852 8.5105 9.48927 8.66318 8.10974 10.6452 7.88396 7.83628 7.74817 7.58917 8.20542 9.72184 8.23571 10.9599 13.1697 6.80646 6.80431 6.73457 7.67484 6.63948 6.48555 6.31056 6.30093 6.83902 6.2619 7.92842 8.15303 7.43121 10.788 6.23914 7.40854 7.42951 6.41026 7.122 6.52963 6.90854 6.38624 8.50525 6.62845 7.15171 6.36121 6.25784 6.20005 6.19316 6.16929 6.75601 6.36293
threshold=-0.70932689309120167 -0.013657241128385065 0.43844300508499151 -0.38311110436916346 0.3956234753131867 -0.56525394320487965 -0.52157127857208241 0.69286668300628673 1.3728389739990237 -0.10755961015820502 0.91987180709838878 -0.62010607123374928 0.6570396125316621 0.90859434008598339 1.3380020260810854 1.3354479670524599 -0.36978991329669947 1.6135858297348025 0.48970197141170507 0.92317384481430065 0.33357828855514532 -0.35935087502002711 -1.3571861386299131 -0.31456629931926722 -0.49019223451614374 1.1749159693717959 -0.83507922291755665 0.089077860116958632 1.8886014819145205 0.75286248326301586 0.72511258721351635 1.2889174818992617 0.74975574016571056 -1.1695284843444822 0.44115605950355535 -0.19191205501556394 -1.6306828856468198 2.0652475357055669 -1.2876865267753599 1.0518922805786135 1.1777188777923586 -0.42329020798206324 0.72498425841331493 0.76815342903137218 0.37361946702003485 -0.24745969474315641 1.410634517669678 0.22642578929662707 -0.073571242392063127 0.86326530575752269 0.47991286218166357 0.82355144619941723 -0.47589449584484095 0.8023381531238557 -0.35475680232048029 -0.33364337682723993 0.3682489693164826 1.7307633161544802 0.031166020780801777 -1.6637870669364927 0.93550792336463939 1.2172078490257265
decision_type=2 2 2 2 2 2 2 2 2 2 2 2 2 2 2 2 2 2 2 2 2 2 2 2 2 2 2 2 2 2 2 2 2 2 2 2 2 2 2 2 2 2 2 2 2 2 2 2 2 2 2 2 2 2 2 2 2 2 2 2 2 2
left_child=1 -1 3 4 -3 37 7 8 36 10 16 12 15 32 24 -11 22 18 57 20 -17 -21 -8 -12 30 59 -27 31 29 -29 39 -28 33 -14 -9 -25 -7 38 -2 40 41 -13 43 -43 45 -20 51 -46 49 50 -49 55 -53 54 -54 -47 -51 -18 -50 -26 61 -61
right_child=5 2 -4 -5 -6 6 9 34 -10 11 23 14 13 -15 -16 19 17 -19 44 21 -22 -23 -24 35 25 26 27 28 -30 -31 -32 -33 -34 -35 -36 -37 -38 -39 -40 -41 -42 42 -44 -45 47 46 -48 48 58 56 -52 52 53 -55 -56 -57 -58 -59 -60 60 -62 -63
leaf_value=-0.015758922646753323 0.018207525190051768 0.0017464653240635661 -0.011904987354411636 -0.0033456930540804296 0.032410023697602826 -0.010006892867670814 0.017924915923290416 -0.012360016278736891 -0.014047633346733748 0.00021183118429654531 -0.005804832539272776 -0.0062802277748673216 -0.0099569934982635978 0.0042857939970430596 -0.0089923050050871485 -0.0036668119231456518 -0.0052285471545992484 0.021165819332361686 0.018575937698469241 0.013049143370404267 0.025615720371174516 -0.013976212998351572 -0.011868043539693491 -0.00033181849778234909 0.0092635846011240863 -0.014155383209395012 0.0080716218673797541 0.041172369824988488 -0.0035490095926395447 -0.0062542222225092066 -0.0020287653607098011 -0.014246454155068334 -0.001673208904937202 0.024741552876874857 0.0054687987863504504 0.013594184136751231 0.014854543754707648 0.023095137116357356 -0.005534290952182855 -0.0016846165730687375 -0.00062107348291362986 -0.0025617535546551707 0.036104282252363354 0.027597717491297243 0.0096227518905716361 0.0096293658356904829 0.011967926057723887 -0.011712520114655463 -0.017160289274291855 0.025686287244322321 0.013043620914168138 -0.0092491863993623014 -0.013685076344807685 -0.0022289699320349626 0.018231517403075562 -0.0058839741732137759 0.00025926348716829038 0.015754019418083326 0.0011944427565804413 -0.0051121449641020264 0.0055593045850390339 0.003652638074003373
leaf_weight=71.469002578407526 6.5945708435028783 21.561734954826537 61.450201550498605 94.60262873955071 8.7554920120164734 6.4621662683784953 4.2469420628622165 33.353457223623991 6.9272342054173341 285.12007504794747 35.46913409139961 7.4325744602829209 3.6196590941399327 92.525709122419357 79.90253515355289 13.657199818640946 398.62294827401638 12.445182528346775 11.637485845014451 13.594045810401441 37.117205245420337 15.38531957566738 94.379178682342172 43.293895338661969 42.822950727306306 12.182875708676873 61.266226034611464 18.189491082914177 10.063876757398246 5.2750123785808674 46.082883830182254 10.338219601660965 11.374301880598066 66.420353122055531 32.684274075552821 92.02553638163954 135.59112774208188 2.6963075129315248 258.12798656895757 24.802726575173438 21.976912908256054 20.446175367571414 21.99621888063848 15.704553447663782 116.52984339371324 21.222559260204434 28.076332747936249 21.849682940170169 25.098605036735535 16.686754848808054 11.434719219803808 29.895315984264016 3.5568442940711966 31.300627905875444 45.0014718323946 318.92344615422189 14.73144894838333 8.3397021796554309 35.40513451769948 374.27465027943254 85.515449711121619 88.941930888220668
leaf_count=4148 185 851 2877 4161 305 196 129 391 122 3784 629 112 120 532 1020 194 6431 132 208 74 317 89 2949 580 677 315 1048 168 112 60 590 80 88 832 298 971 2154 40 6120 305 135 433 235 147 1002 242 176 223 259 133 111 240 55 210 391 3034 109 55 288 6066 1261 733
internal_value=0.00043637 -0.0069898 -0.00330315 0.00122356 0.0139367 0.00101089 0.00143879 0.00699126 0.0117298 0.00101668 -0.000611184 0.00256923 0.00570312 0.0115782 0.000765964 0.00278374 -0.00154585 -0.000800685 -0.00113236 0.0114234 0.0181167 -0.00124408 -0.00978215 0.00607572 0.00171135 0.000365075 0.00744118 0.0104728 0.0217253 0.0312847 0.00753916 0.0041298 0.0191383 0.0224044 -0.0037721 0.00928566 0.0134218 -0.00391812 -0.00461629 0.0113826 0.0149753 0.0198756 0.0234515 0.0123014 0.000822391 -0.00112755 -0.00179462 0.00471463 -4.74669e-05 0.006629 -0.00261488 -0.00277559 0.00340585 0.00840912 0.0148343 -0.00479058 0.0154365 -0.00461257 -0.00714828 -0.00108885 -0.0019731 -0.00340819
internal_weight=3646.48 257.839 186.37 124.92 30.3172 3388.64 3121.22 215.018 148.981 2906.2 1420.17 1486.03 538.814 173.94 947.215 364.874 1249.38 1150.76 1138.31 79.7538 50.7744 28.9794 98.6261 170.789 867.313 708.871 117.316 105.133 33.5284 23.4645 158.442 71.6044 81.4143 70.04 66.0377 135.319 142.053 267.419 264.723 112.359 87.5564 65.5795 58.1469 36.1507 731.35 489.614 477.977 241.736 125.206 64.7026 33.2844 449.9 109.754 79.8589 48.5583 340.146 31.4182 406.963 60.5037 591.555 548.732 463.217
internal_count=59932 12342 8194 5317 1156 47590 41245 3161 2472 38084 18557 19527 6030 1572 13497 4458 16377 13299 13167 674 511 163 3078 2180 12477 10520 1783 1468 340 228 1957 1128 1040 952 689 1551 2350 6345 6305 1367 1062 927 815 580 6681 4556 4348 2125 1123 576 334 4172 896 656 446 3276 242 6486 547 8737 8060 6799
is_linear=0
shrinkage=0.03


Tree=109
num_leaves=63
num_cat=0
split_feature=6 5 7 25 24 16 14 7 8 2 30 17 17 32 13 26 0 13 8 17 20 7 7 0 3 14 25 14 3 6 25 20 17 26 8 16 14 8 27 26 26 23 8 17 26 19 34 3 32 29 15 8 13 9 14 27 14 30 20 1 14 19
split_gain=16.2431 8.23044 8.67845 10.0053 11.3193 7.2353 6.96506 7.12457 7.54804 8.94934 6.98169 6.77583 9.66033 7.32871 7.25807 7.02416 6.81217 6.72471 7.42812 6.51877 6.50487 6.3447 6.33824 7.01196 6.17128 6.96716 10.2775 10.034 8.23411 6.18665 6.13698 6.07001 6.00265 5.8734 7.49401 6.66872 6.25429 5.77494 15.6341 7.15653 5.74892 5.70664 5.63027 5.54803 5.4897 5.46892 5.37935 6.42931 5.36765 5.35901 5.44542 5.70994 5.30361 5.2711 5.23598 5.60859 11.4714 8.72953 7.95972 6.75476 6.01853 5.70747
threshold=-0.92880016565322865 -1.0918197631835935 -1.3425802588462827 -0.83276501297950734 0.11557222157716752 1.0000000180025095e-35 -0.91759115457534779 0.60444775223732006 0.31552396714687353 -0.031009424477815625 -8.708333492279051 -0.4931629598140716 1.1254220604896548 14.500000000000002 0.37361946702003485 0.80794420838356029 1.1524307131767275 -1.0793811082839964 -0.8754153549671172 0.050320535898208625 -0.19316029548645017 -0.85574060678482045 1.654106140136719 2.0492070913314824 1.2413458824157717 0.059922223910689361 -0.079883679747581468 -0.91759115457534779 -0.18320861458778379 -1.2248231172561643 1.0000000180025095e-35 0.52844575047492992 -0.22289099544286725 1.0783019661903384 0.64679124951362621 1.2068328857421877 0.79677385091781627 -0.86396509408950795 6.5000000000000009 0.42623396217823034 -0.033662246540188782 0.92840743064880382 0.95482221245765697 -0.086556725203990922 0.22642578929662707 -0.59204229712486256 2.5000000000000004 -0.76712700724601735 10.500000000000002 0.72077924013137828 1.0549679398536684 -0.13281947374343869 1.0029851198196413 -0.12380238622426985 -0.87627768516540516 1.5000000000000002 0.4221912026405335 -3.8166666030883785 -0.62945547699928273 0.99529123306274425 0.37779803574085241 1.0396730899810793
decision_type=2 2 2 2 2 2 2 2 2 2 2 2 2 2 2 2 2 2 2 2 2 2 2 2 2 2 2 2 2 2 2 2 2 2 2 2 2 2 2 2 2 2 2 2 2 2 2 2 2 2 2 2 2 2 2 2 2 2 2 2 2 2
left_child=24 5 19 4 52 -2 7 8 10 -10 -5 -11 13 14 16 -14 21 -9 43 -3 -15 -13 23 54 25 26 27 31 29 -28 40 -1 -30 34 35 -24 -36 38 -12 -40 -21 46 -22 -19 -26 -27 -29 -48 -17 -7 51 -51 53 -4 -8 56 57 -56 60 -58 -59 -60
right_child=1 2 3 6 -6 49 22 17 9 11 37 12 15 20 -16 48 -18 18 -20 30 42 -23 33 -25 44 45 28 41 32 -31 -32 -33 -34 -35 36 -37 -38 -39 39 -41 -42 -43 -44 -45 -46 -47 47 -49 -50 50 -52 -53 -54 -55 55 -57 59 58 61 -61 -62 -63
leaf_value=-0.013209177963122723 -0.017643282479533142 -0.010971953950060651 0.0056056024284010155 0.021486176989058949 -0.0075305483750848544 -0.0063764787984229672 -0.010301238834556191 -0.0080009699989397245 -0.011838626384150987 -0.010318461781496631 -0.005703846674318145 -0.0026309166951117976 -0.0065654621898035368 -0.0051786455664963532 0.0061825610894460561 -0.009503695365026937 -0.0038375832367900523 0.017144816950787428 0.012656344806947866 -0.0043489753420867571 0.024253716193377052 0.037719078808565558 0.018258480418283197 0.020264947141058417 0.016905348720675766 0.0063422323911095507 -0.022296816672106673 0.00245431869699327 0.022964168511251291 -0.0020207432346771408 -0.0099151359855685194 0.013996696374889686 -0.0045645893080699532 -0.0090288967416042362 -0.0089696292075810875 -0.010568992981890638 0.021873752449590847 -0.0060354609348687608 0.036386635407722898 -0.0011033639299855972 0.02109127016697257 -0.0093656752848522446 0.00041124241625042142 -0.012756523559671568 -0.0068365064769931204 -0.01318908169201166 0.00046022808967477132 0.034874335103894198 0.020358122366759625 0.027233509292651326 -0.010902104397024527 -0.0020080415116590475 -0.0085415330853978351 0.036320545471966323 -0.01022318711346735 7.3691259834627579e-05 -0.0070395877658618981 -0.011769261184948003 0.016306961917237482 0.014778490984354012 0.02191609959085369 -0.012982491238353053
leaf_weight=23.817275090143088 31.703977166675031 80.535386909730732 9.2292508678510803 6.0523696700111023 10.945118319243191 58.297814621590078 35.531806486658752 15.62134970538318 18.010184965096414 12.466606755740939 39.263884656131268 3.2226500976830748 42.425079576671124 23.455645903944969 21.205609858967364 4.0746375992894199 3.8328902423381797 2.8244099197909263 165.00171537045389 10.926922388374805 16.26137548591942 28.155566239729524 61.39475133549422 11.088322868570684 15.07493791356683 11.266912017948924 34.716507739387453 13.676587039604781 5.5774847967550185 22.190969781950116 15.388661693781613 5.4289823323488227 18.121858101338148 12.205808155238627 23.176914217881862 4.8560218065977088 2.5487111378461114 149.44001734256744 10.507904088124635 6.0975962197408071 14.947440572082996 4.586454525589942 15.65117109660059 16.535488546825945 11.798843322321771 136.99597955308855 6.6026134081184855 15.395124183036389 15.002542458474634 10.095301341265444 5.4645025283098212 8.9199415184557438 1.7423218935728062 17.081180997192863 13.686875119805334 2056.8138017877936 74.499535888433456 16.703924336470667 112.30526487808675 10.407889851368962 1.2769759576767672 2.7424325663596383
leaf_count=563 1173 2285 163 88 106 1002 445 143 267 207 516 38 307 312 162 21 24 35 1309 165 185 282 821 85 241 613 2155 396 184 1181 262 83 415 195 306 25 29 2093 136 67 204 93 189 142 201 6251 295 404 103 185 47 161 27 283 242 29002 1195 305 1405 92 22 29
internal_value=0.000563248 0.00119104 0.00147627 0.00178902 0.016003 -0.00654607 0.00158168 0.00442149 0.00213214 0.0061833 -0.00182603 0.00819517 0.0097791 0.0148468 0.0220963 0.000144417 0.0297198 0.00900582 0.0106201 -0.00622402 0.00624167 0.033783 0.000857975 0.000526468 -0.00578426 -0.00703674 -0.00235412 0.00587837 -0.00938169 -0.015192 0.00322708 -0.00685276 0.00478622 0.00792374 0.010523 0.0155521 -0.00285162 -0.00300774 0.00492138 0.0255507 0.0113833 0.0148619 0.0142 -0.00577055 0.0070443 -0.0115464 0.0187451 0.0265432 0.0133309 -0.00153292 0.00912698 0.0159543 0.0249351 0.028162 0.000388986 0.000577066 0.00495103 0.00990976 0.0122765 -0.003692 -0.00512914 0.0150971
internal_weight=3654.88 3329.63 3215.14 3093.35 38.9979 114.482 3054.35 615.109 415.126 203.764 211.362 185.754 173.287 111.785 56.4167 61.5023 35.2111 199.983 184.362 121.798 55.3682 31.3782 2439.24 2335.06 325.251 298.377 150.114 69.507 80.6068 56.9075 41.263 29.2463 23.6993 104.182 91.9764 66.2508 25.7256 205.309 55.8694 16.6055 25.8744 40.2608 31.9125 19.3599 26.8738 148.263 35.6743 21.9977 19.0772 82.7776 24.4797 19.0152 28.0528 26.3104 2323.97 2288.44 231.623 146.715 133.029 84.9074 17.9809 115.048
internal_count=59962 46887 44319 41403 579 2568 40824 6626 4997 2097 2900 1830 1623 1192 506 431 344 1629 1486 2916 686 320 34198 32822 13075 12633 5769 1834 3935 3336 631 646 599 1376 1181 846 335 2812 719 203 369 1188 374 177 442 6864 1095 699 124 1395 393 346 473 446 32737 32292 3290 2003 1761 1287 327 1434
is_linear=0
shrinkage=0.03


Tree=110
num_leaves=63
num_cat=0
split_feature=15 11 5 4 31 26 8 17 25 11 3 20 14 17 13 23 9 13 22 11 12 23 13 26 14 2 27 9 23 15 17 9 11 11 10 20 0 20 11 8 8 9 16 12 8 23 13 25 4 9 3 10 3 13 1 19 5 6 26 10 20 22
split_gain=13.3484 12.6726 10.3498 10.4078 8.98606 18.2468 9.27792 8.72034 8.6326 9.79381 11.1073 7.8589 7.3282 8.69172 9.92515 7.15668 9.22423 7.1282 9.24112 9.57709 8.50331 7.05205 8.18119 6.8981 6.58998 6.44924 7.26156 7.88076 6.55649 6.31427 6.12795 6.09087 6.42406 6.09435 7.76899 7.27667 6.07902 6.07152 6.04664 6.5525 9.03794 7.32117 7.78655 9.63536 8.97774 8.55525 7.25773 8.58764 8.17818 8.38165 7.63762 11.8562 9.46957 9.00547 6.74681 6.47568 6.44826 7.4754 6.37585 13.9912 6.33075 5.99836
threshold=-1.3199901580810545 0.86423179507255565 -1.0918197631835935 1.2038460373878481 0.5000000149011613 0.70775419473648082 -1.295476973056793 1.0750442147254946 -0.15544714778661725 0.37184321880340582 -0.56408274173736561 0.030055848881602291 -0.78310251235961903 0.78362503647804271 -0.24956821650266645 1.064257085323334 -1.0063593387603758 -0.42448927462100977 0.79031693935394298 -1.289753198623657 -0.097801011055707918 -0.62429556250572193 0.38817144930362707 -0.60855847597122181 -2.6278655529022212 0.97366338968276989 1.5000000000000002 -1.0000000180025095e-35 0.7725568711757661 1.4464946985244753 1.0000000180025095e-35 0.98737704753875744 0.82725638151168834 1.8869471549987795 -0.71564483642578114 -0.44144129753112787 -0.019554853439331051 0.0096291690133512037 1.4063847064971926 -0.80611619353294361 -0.65156301856040943 0.81509399414062511 0.37615765631198889 -0.11907110363245009 -1.609866678714752 -0.49134655296802515 0.53743609786033641 -0.31848038733005518 0.41867727041244512 0.10710885375738145 -0.15107209235429761 -0.44273862242698664 -1.5014675259590147 -1.1273952126502989 -0.33246959745883936 0.55555951595306408 0.29435439407825476 1.1258495450019839 0.75286248326301586 -0.090601876378059373 -0.84198680520057667 1.0451247096061709
decision_type=2 2 2 2 2 2 2 2 2 2 2 2 2 2 2 2 2 2 2 2 2 2 2 2 2 2 2 2 2 2 2 2 2 2 2 2 2 2 2 2 2 2 2 2 2 2 2 2 2 2 2 2 2 2 2 2 2 2 2 2 2 2
left_child=1 -1 30 8 7 6 -6 21 23 11 -11 15 13 14 -13 -10 -17 18 -14 -20 -21 22 -5 61 -12 26 27 28 -26 -30 -2 32 37 34 -34 -36 -28 -29 39 41 -41 42 -25 -44 -45 -46 47 50 -48 -50 51 -42 -53 -54 -55 56 57 60 -40 -60 -47 -4
right_child=2 -3 3 4 5 -7 -8 -9 9 10 24 12 17 -15 -16 16 -18 -19 19 20 -22 -23 -24 38 25 -27 36 31 29 -31 -32 -33 33 -35 35 -37 -38 -39 58 40 46 -43 43 44 45 55 48 -49 49 -51 -52 52 53 54 -56 -57 -58 -59 59 -61 -62 -63
leaf_value=-0.015150711585503903 -0.012633353612011707 0.010788670734867143 0.0048487873752600741 0.037378745715597121 -0.0071628208168955142 -0.0097002076766291769 0.020935703044077748 -0.0049092010424903829 -0.0088121142470054138 -0.0083496711489099949 0.012773273163560597 -0.0051356094562176099 -0.0049571464117187406 -0.0049119140998000787 0.019162197354875208 -0.016797930140003674 0.011440510477760828 -0.0040339758119307808 -0.011980478490721532 -0.0024094602230008253 0.036174551132613093 0.0042374319777134803 -0.0081345705718917551 -0.00035076047820107171 0.014153971251244452 -0.0056318853990550751 -0.009535558378586273 0.020288291231642854 -0.018492385437371028 0.012103035558663152 0.00071093208343471416 -0.0071199593503923639 0.00075834648297359668 -0.007555653542517039 0.00024794903505006183 0.038915629562610972 0.0017870581237015961 -0.0087079755952677081 0.0026979302204971295 -0.014596674031688604 -0.0046377742543767886 -0.005821853874428024 -0.0034487853529688128 -0.0060882752189780221 -0.0077936761344274573 -0.0013139294025713705 -0.0084272283448549052 -0.0041588678375777963 0.027794587617458968 -0.0066404530490995527 0.0019279700313271969 -0.0069516227279149134 0.00016366681538091838 -0.0035608726770730965 0.03946094340955985 -0.0029722385097744864 0.0031755872935773895 0.005493831665846151 -0.0069013848344096082 0.038514458393034204 0.049342503626908472 0.018326926763459629
leaf_weight=82.287298489362001 78.740417378954589 17.220948821865022 200.47967174928635 7.108862938359378 9.5258496068418008 24.106964834034443 84.834871128201485 94.807834915816784 269.5910519650206 100.78538789320737 42.493669513612986 18.922368812374771 25.666117270477116 39.164861848577857 46.324056027457118 9.5078393444418889 33.048814454115927 419.06009930092841 4.3935802290216115 6.177513685077435 14.474355611018831 179.77058614231646 2.8746848441660404 48.273606487549841 9.2496520001441258 102.76011713780463 40.153446353971958 5.280329097062352 17.210445852950219 4.4452870264649382 48.341734966263175 7.2162841446697703 8.4517302438616735 2.9929515160620204 5.2029051166027775 25.046486012637619 791.29334848467261 12.861040042713283 46.427090208977461 38.304309136234224 18.675933315418661 35.7244259910658 17.623039676807821 7.494407193735241 4.1732788709923616 2.1476459335535791 125.85068124625832 112.48200755938888 7.6951761394739178 9.6902152085676772 136.01295975036919 6.3275052281096569 8.3713561361655575 2.8083417154848602 24.525772145017982 4.1079100575298062 6.5183548741042605 6.7903942614793769 7.7688338849693563 10.93962233699858 21.149917602539066 31.577321953140199
leaf_count=5182 2410 554 3513 113 69 199 632 589 8805 2241 267 295 524 293 610 118 392 6802 107 104 210 1518 48 1103 154 852 638 79 176 30 691 70 81 22 66 211 8207 110 532 690 562 637 307 114 131 41 2116 2046 88 124 1920 229 235 101 641 38 77 48 102 126 284 463
internal_value=0.000206889 -0.0103602 0.000518664 0.000836951 0.0053327 0.0121033 0.0178814 0.00235367 0.000225865 -0.000861343 0.000933462 -0.00323348 -0.00112912 0.00588323 0.0122515 -0.00702553 0.0040288 -0.00273323 0.00741297 0.018805 0.0264131 0.00601533 0.0259322 0.00259759 0.00183871 0.00132913 0.00212479 0.00964436 -0.002638 -0.0111198 -0.00772247 0.0150957 0.0181175 0.0240205 0.0270476 0.0332433 0.00118652 0.00229186 0.00110939 0.000197856 -0.00150334 0.00549568 0.00901147 0.0150604 0.0210455 0.0257319 -0.000247407 0.00233679 -0.00571656 0.0114051 0.00606191 0.0144722 0.0225534 0.0279938 0.0351737 0.0296449 0.0332224 0.0383518 0.00947494 0.022177 0.0452658 0.0070307
internal_weight=3633.33 99.5082 3533.83 3406.74 403.03 118.468 94.3607 284.562 3003.71 2061.77 1175.44 886.331 574.183 104.411 65.2464 312.148 42.5567 469.772 50.7116 25.0454 20.6519 189.754 9.98355 941.94 1074.66 1032.16 929.404 97.9571 30.9054 21.6557 127.082 67.0517 59.8354 41.6941 38.7011 30.2494 831.447 18.1414 709.883 644.747 490.744 154.003 118.279 70.0049 52.3819 44.8875 452.44 309.204 143.236 17.3854 196.722 60.7089 42.033 35.7055 27.3341 40.7142 36.6063 30.088 65.1355 18.7085 23.2976 232.057
internal_count=59737 5736 54001 50900 3168 900 701 2268 47732 31464 13204 18260 8945 1198 905 9315 510 7747 945 421 314 1679 161 16268 10963 10696 9844 999 360 206 3101 639 569 380 358 277 8845 189 12292 11532 8752 2780 2143 1040 733 619 8062 5734 2328 212 3688 1768 1206 977 742 488 450 373 760 228 325 3976
is_linear=0
shrinkage=0.03


Tree=111
num_leaves=63
num_cat=0
split_feature=15 14 0 14 15 22 5 11 3 25 25 23 3 6 8 25 26 8 26 25 13 22 6 5 3 29 25 23 32 15 1 11 12 10 31 15 3 11 16 14 23 12 12 24 8 25 15 14 15 14 6 24 4 23 0 32 12 29 22 11 8 20
split_gain=12.4445 9.02654 8.60783 9.3807 10.627 8.85873 8.59206 8.53081 7.41653 7.36217 7.15288 6.55849 9.31018 6.31398 7.36329 6.211 6.24434 5.93983 14.1254 10.0673 8.81168 10.5421 10.1184 6.6241 6.03706 6.22832 5.88836 5.63542 5.42008 9.5566 9.38126 7.60486 18.0046 8.55615 6.56469 9.71254 8.7979 8.25085 8.19456 10.4875 9.14263 6.42851 7.78228 8.11743 8.62338 7.27614 6.42624 6.40963 6.37459 7.83852 6.08449 6.00301 5.96004 5.92195 10.9863 7.94885 7.8163 5.92398 7.40895 5.79596 5.78693 5.68398
threshold=-0.98977747559547413 1.0000000180025095e-35 -0.31066185235977167 -0.91759115457534779 -0.16586381942033765 -1.9924099445343015 -0.078298300504684434 -1.0325360894203184 -0.57510352134704579 0.34611792862415319 -0.26715756952762598 0.28996576368808752 -0.80169677734374989 -0.36978991329669947 -0.21593847870826718 -0.4803821593523025 -1.5310466289520261 0.64679124951362621 0.58667337894439708 1.6240814924240115 -0.46675592660903925 -1.0000000180025095e-35 -0.51477232575416554 -1.0000000180025095e-35 -1.4265241026878355 0.58578431606292736 -1.0330775976181028 0.96773624420166027 15.500000000000002 -0.60647979378700245 1.4950020909309389 1.3713554143905642 0.052217373624444015 0.45076435804367071 -0.50000001490116108 -0.056831881403923028 0.85275113582611095 1.4427454471588137 0.15750233083963397 -0.077876452356576906 -1.0210873484611509 -0.66645434498786915 -0.63431221246719349 0.16246993839740756 0.28183160722255712 -0.070419464260339723 -1.0000000180025095e-35 -0.81105265021324147 0.40288814902305609 -0.43974521756172175 -1.0034729242324827 -0.96069931983947743 -0.19796457141637799 0.67064848542213451 0.54345199465751659 13.500000000000002 0.66698217391967785 0.89444443583488475 -0.33462138473987574 1.0640743970870974 -0.65156301856040943 0.11265872418880464
decision_type=2 2 2 2 2 2 2 2 2 2 2 2 2 2 2 2 2 2 2 2 2 2 2 2 2 2 2 2 2 2 2 2 2 2 2 2 2 2 2 2 2 2 2 2 2 2 2 2 2 2 2 2 2 2 2 2 2 2 2 2 2 2
left_child=1 10 5 4 6 -2 -4 13 -8 28 11 12 -1 -5 -15 -3 -17 24 27 20 -20 -22 -23 -24 25 -6 -7 -19 29 52 34 41 -33 -34 -30 36 -36 38 39 40 -37 45 -43 44 -44 46 50 -40 49 -46 -31 -50 -9 54 55 57 -57 -45 -59 -54 -56 -41
right_child=2 15 3 7 17 26 8 9 -10 -11 -12 -13 -14 14 -16 16 -18 18 19 -21 21 22 23 -25 -26 -27 -28 -29 30 31 -32 32 33 -35 35 37 -38 -39 47 61 -42 42 43 53 48 -47 -48 -49 51 -51 -52 -53 59 -55 60 56 -58 58 -60 -61 -62 -63
leaf_value=-0.0047203622443507884 0.018833525218653561 0.0013063079462465774 -0.01096402406325148 -0.014153135750278148 0.035254376847876009 0.015384510950886629 0.0022331187700382889 -0.0057176381786456986 0.035034821839165231 -0.0038741632604705548 -0.0050797180328190066 -0.0090757964824081678 0.038299124273463325 -0.0083972216517027385 0.0045596213346010758 0.0066085896440699985 -0.018996744995991983 -0.003547823087071912 -0.0018405507321456571 -0.00043642567608537979 0.0011667084721120014 -0.004557125619680435 0.00017417560272550058 0.040444277391360181 0.00014802717829279232 -0.0087984503682917922 -0.0078359667197702067 0.0073550781935766765 -0.004982264644013374 -0.0097233526833316215 0.014139447721794528 0.023350156660490791 0.006805626265763939 -0.010546143897718631 -0.013131292854844037 -0.011700141698659069 0.0065096620862745321 -0.0070519049594747725 -0.016091404408410899 -0.0040742138783570261 0.029032341937411107 0.027512083685568792 -0.009230401821843889 -0.0046999092835254448 0.016628488731431995 -0.009689673460332204 -0.0016454862622974316 0.0021138614533277988 -0.0075961272227099245 -0.0084509521732645289 0.028885855537553799 0.020583495951179514 0.025746145072504608 0.0013654576980330296 0.0024279110883585696 0.019100899382315267 -0.001203487559988481 -0.013377499549081899 0.023680986593825205 -0.0045858816012324458 0.028199732235134424 0.01196526458377138
leaf_weight=5.5293395109474668 8.2037289207801205 21.289767731912434 4.0665698125958469 51.882822782732546 3.6399386795237652 5.8200276140123597 9.5270422091707641 7.0264872452244154 17.692204857245084 272.16398348659277 46.296464052982628 4.66599884815514 7.5901872916147122 78.185559427365661 70.676116801798344 7.1483812630176535 74.220836105756462 92.450896132737398 11.693855633959172 25.676832184195518 12.863191557116805 4.9050718173384658 4.0949666928499928 35.10548784211278 360.06649527139962 1.8768745120614765 186.84454590175301 71.103318275883794 248.09865587670356 2.2667418532073489 34.304476523771882 44.136677160859108 76.224921628832817 32.396591098979115 71.825250317342579 3.0634829308837679 24.523646617308259 76.563405457884073 13.105237230658529 37.867092746309936 27.839488290250301 5.8503878200426689 101.14948137197644 83.249822089448571 9.8226615851744992 89.345156216062605 51.266633904539049 467.4266704171896 6.2226590476930168 41.975957648828626 8.3814727552235109 21.502427643164992 28.170427493751049 383.56600960530341 11.878528315573929 40.648686958476901 26.349641421809793 3.24147119000554 10.701185844838617 5.1953221000730982 25.779632303863764 32.960018982179463
leaf_count=319 244 1131 122 2287 109 140 325 270 335 3547 2604 123 279 1519 1301 412 4082 1113 134 194 201 80 43 252 4148 40 4723 509 3884 76 257 459 568 274 2481 149 422 718 132 889 641 75 2091 996 195 1483 772 5331 101 922 170 242 913 2916 143 611 400 41 124 115 257 513
internal_value=0.000279135 -0.00760517 0.000666999 0.00103885 0.00423698 -0.00528568 0.0200644 0.000235155 0.0256821 0.000731126 0.00121874 0.0151308 0.0238688 -0.00563098 -0.00229734 -0.012914 -0.0164949 0.00328946 0.00672978 0.0156555 0.0212944 0.0258086 0.0321447 0.0367331 0.000804487 0.0232095 -0.00676311 0.00126966 0.00132066 0.00276663 -0.000240887 0.00218682 0.00827688 0.00139407 -0.000800266 0.000597387 -0.00805757 0.00191427 0.00314327 0.0106682 0.0239274 0.00113997 0.00225114 0.00188108 -0.00360877 -0.00442136 0.00333696 0.00145676 0.00366466 -0.00264994 0.0201862 0.0140646 0.0162691 0.0035916 0.00768658 0.00402507 0.0115864 -0.0014991 0.0138085 0.0210411 0.0213079 0.0036867
internal_weight=3649.21 166.741 3482.47 3281.6 654.763 200.868 31.2858 2626.83 27.2192 2426.09 64.082 17.7855 13.1195 200.744 148.862 102.659 81.3692 623.477 257.894 94.3394 68.6626 56.9687 44.1055 39.2005 365.583 5.51681 192.665 163.554 2153.93 1116.35 1037.58 1075.96 152.758 108.622 1003.27 755.174 96.3489 658.825 582.262 101.73 30.903 923.199 771.939 766.088 180.673 151.26 61.9148 480.532 79.5237 51.7986 10.6482 27.7251 40.3922 585.415 201.849 164.191 66.9983 97.1925 13.9427 33.3657 37.6582 70.8271
internal_count=59947 8950 50997 45890 7605 5107 782 38285 660 33178 3325 721 598 5107 2820 5625 4494 6823 2526 904 710 576 375 295 4297 149 4863 1622 29631 14214 15417 12916 1301 842 15160 11276 2903 8373 7655 2192 790 11615 9114 9039 3551 2501 1018 5463 1460 1117 246 343 1298 5488 2572 2172 1011 1161 165 1028 400 1402
is_linear=0
shrinkage=0.03


Tree=112
num_leaves=63
num_cat=0
split_feature=23 8 32 11 14 25 6 21 1 15 15 14 25 7 11 21 13 32 19 13 17 23 21 21 7 0 20 24 21 10 10 19 8 18 14 3 12 24 14 15 21 0 10 10 12 8 21 20 25 15 16 21 20 24 15 15 11 31 32 3 23 21
split_gain=10.5221 12.4426 10.8148 13.6305 9.56352 9.51039 10.1748 9.2494 8.7612 8.21792 8.14294 9.92046 8.78308 7.57171 11.3059 9.7806 6.85893 7.0398 6.62262 6.58798 7.09798 6.55884 6.23779 6.06685 5.92912 10.0963 7.36448 11.7367 8.45704 6.68826 6.6661 8.67447 6.78205 6.01222 5.98959 5.78183 5.76189 7.12326 5.7203 8.43114 10.9152 6.75369 7.60799 6.93623 6.92292 6.70587 7.71999 7.42525 6.50701 6.37075 8.92732 7.88052 6.35223 8.63942 6.77163 6.56582 6.38404 6.34841 9.76199 8.17661 6.69805 8.52751
threshold=0.24323514103889468 -0.35319894552230829 11.500000000000002 0.036560259759426124 0.32196933031082159 -0.37795148789882654 0.49781689047813421 -0.94698768854141224 -0.36731584370136255 -1.5237034559249876 -0.14339940249919889 -1.0100318193435667 -0.39222621917724604 -1.2267602682113645 1.3713554143905642 -0.30939123034477228 0.33872847259044653 11.500000000000002 0.41324461996555334 2.5572278499603276 0.72698989510536205 -1.5540298223495481 -0.43088333308696741 0.99842476844787609 0.70361053943634044 -0.82913863658905018 -0.41625730693340296 0.15151567012071612 -0.5057750642299651 1.5118504166603091 0.76567834615707409 0.49958482384681707 1.5711348056793215 2.1014931201934819 -1.3718235492706297 0.42494635283946997 -1.458899140357971 -0.65787944197654713 0.50077518820762645 0.43537773191928869 1.7157173752784731 1.4177333116531374 0.33510236442089086 1.8886014819145205 1.1769987344741824 0.92694547772407543 1.6731751561164858 -0.18348116427659986 -0.54436880350112904 0.75143995881080639 0.86419004201889049 1.4608243107795718 -0.096078120172023759 0.75775164365768444 -0.37018938362598414 0.28837999701499945 1.5227683782577517 -0.50000001490116108 15.500000000000002 0.47575937211513525 0.4297067672014237 0.95894458889961254
decision_type=2 2 2 2 2 2 2 2 2 2 2 2 2 2 2 2 2 2 2 2 2 2 2 2 2 2 2 2 2 2 2 2 2 2 2 2 2 2 2 2 2 2 2 2 2 2 2 2 2 2 2 2 2 2 2 2 2 2 2 2 2 2
left_child=1 5 4 7 8 6 16 -4 -3 21 11 -11 -13 14 -2 35 17 -1 -9 38 -21 -5 -19 -6 26 -26 27 29 -28 -12 31 -30 -32 34 -27 -16 -10 -38 39 40 41 42 44 52 57 47 -47 -40 -45 51 -51 -41 -44 55 -55 -54 -56 58 59 -15 -59 -62
right_child=13 2 3 9 23 -7 -8 18 36 10 24 12 -14 19 15 -17 -18 22 -20 20 -22 -23 -24 -25 25 33 28 -29 30 -31 32 -33 -34 -35 -36 -37 37 -39 45 49 -42 -43 43 48 -46 46 -48 -49 -50 50 -52 -53 53 54 56 -57 -58 60 -60 -61 61 -63
leaf_value=0.021674089667144604 -0.012594837093413564 -0.011302034726406158 -0.01893595374897861 -0.0052385340235278138 -0.0086770930712875335 -0.0098663650615122504 0.021873525873562037 -0.0050249693876453479 0.038735927493042097 0.018762646058227264 0.031905068816716835 0.0083145537358660856 -0.01734805960605066 0.028014355443428417 -0.002295076250736557 -0.013619228942769197 -0.01171071475814618 -0.016562466220186527 0.014971895460849162 -0.0041495640179140406 0.014028415860368765 0.035765215297020599 0.0066151035193741693 0.0155448431873272 0.02984358518544199 0.011385537855429846 -0.0096179772061880039 -0.0029336201313353467 -0.0037962593014033291 -0.0056600757443348373 0.030700430333489178 0.029801983087626625 -0.0081374674155975397 0.0095508979549640115 -0.019790498952329424 0.02492874427727854 -0.0040701264283289082 0.018921936734176446 -0.0086371699688201856 -0.005159630578462253 0.023134423799937385 0.021897536757567778 0.0017868064962278465 0.018275061534564065 0.018167026577819358 -0.014035165301849423 0.018359827520063439 0.0012099445179288054 -0.015569107638957594 0.0036194363995761814 -0.0022705077222008895 0.010432545964530176 0.010504914588585277 -0.0050374656231771528 0.029977212936361426 -0.012517015279891713 -0.0051625402148294331 0.007606683497307502 -0.0053571104449372268 0.0020050291660959479 -0.0088867875603427394 0.0061781477614053964
leaf_weight=10.297874601557849 75.668147445656359 6.7702548466622821 38.874380929395556 3.382047020830214 32.440262507647276 256.37830510362983 12.65304542146623 223.78498617000878 7.2531519988551727 7.078186657279729 26.086210604757074 12.608331882394848 43.36033683270216 18.803642376326025 9.3589851781725901 10.260444169864057 38.166476464830339 11.947560773231084 11.145221398212014 23.846906907856464 66.677727326750755 6.7687470158562046 22.608407834544781 7.5000097313895813 1.9338951734825958 3.3269760943949214 27.884881800971925 15.855441777035592 36.96113265119493 3.3646748922765246 12.699969569221137 3.3024684637784949 2.9419699553400269 8.0978630445897561 26.342334823682908 16.053992982953787 14.620468550361691 38.923941675573587 75.990904455073178 237.32726588658988 24.379845761694014 13.817766685038803 53.261697459965944 2.2936090249568251 13.907245852984486 52.13665630761534 3.15386864170432 457.51230230461806 14.91561296302825 749.79090408794582 330.11130871996284 28.45541724935174 42.331578088924289 5.2427758183330289 39.845458701252937 10.019569493830202 3.6963039785623542 38.672935161739588 30.759047899395227 21.56894107721746 141.79866949934512 40.037589130923152
leaf_count=331 1548 166 2522 173 861 9095 185 8348 140 186 597 404 1571 315 180 119 1059 522 264 171 368 295 709 109 41 36 715 290 613 81 203 41 56 159 454 184 408 484 1246 2737 241 133 927 34 210 681 27 5087 264 6133 2095 253 740 93 420 127 30 733 549 229 2254 470
internal_value=0.000219147 -0.00243747 0.000119562 -0.00170352 0.0085533 -0.00690299 0.00113367 -0.00623633 0.0150601 0.00344752 0.00200351 -0.00684725 -0.0113592 0.00119907 -0.00629133 0.0069839 -0.00309024 0.00468382 -0.00378407 0.00153908 0.00927324 0.0248833 -0.00247904 -0.00290523 0.0054112 -0.00432752 0.00845583 0.0175581 0.00282258 0.0274148 0.00930792 0.00194714 0.023194 -0.00936178 -0.0151567 0.0161738 0.0186315 0.0128325 0.00123498 0.00204916 0.00529269 0.00418244 0.00344768 0.00840506 0.000572939 -0.00133403 -0.0108179 -0.000259828 -0.00795963 0.000792006 0.00181679 -0.00332848 0.0104215 0.0146705 0.0232009 0.00539159 0.0267697 -0.000558128 0.00694258 0.0158712 -0.00307798 -0.00549315
internal_weight=3627.06 975.36 623.308 515.8 107.508 352.052 95.6734 273.805 67.5678 241.995 231.845 63.0469 55.9687 2651.7 111.342 35.6734 83.0203 44.8538 234.93 2540.36 90.5246 10.1508 34.556 39.9403 168.798 39.7011 129.097 45.3063 83.7904 29.4509 55.9055 40.2636 15.6419 37.7672 29.6693 25.413 60.7976 53.5444 2449.83 1861.04 515.352 490.972 477.155 171.607 305.548 588.794 55.2905 533.503 17.2092 1345.68 1079.9 265.783 154.397 101.136 48.7845 52.3511 43.5418 291.641 71.1316 40.3726 220.509 181.836
internal_count=59716 31118 19217 17049 2168 11901 2806 11134 1198 5915 5447 2161 1975 28598 2031 483 2621 1562 8612 26567 539 468 1231 970 3286 690 2596 968 1628 678 913 654 259 649 490 364 1032 892 26028 18987 7769 7528 7395 2635 4760 7041 708 6333 298 11218 8228 2990 2337 1410 543 867 450 4550 1093 544 3457 2724
is_linear=0
shrinkage=0.03


Tree=113
num_leaves=63
num_cat=0
split_feature=3 14 17 32 21 8 1 9 11 8 17 21 10 29 6 7 12 11 24 3 20 3 20 6 10 17 6 26 0 20 23 29 17 5 3 7 12 6 26 11 11 11 18 26 5 25 6 11 8 7 25 9 12 2 25 9 23 24 30 21 29 7
split_gain=12.8989 9.84531 10.6738 8.33699 11.3527 13.0037 11.0009 9.68578 10.5819 8.86602 11.0641 8.49842 7.53183 11.1581 7.584 7.49016 7.07845 7.00982 9.57658 7.15421 6.98758 6.86985 6.55138 6.4313 6.94328 7.76795 7.75735 6.86762 6.51517 6.50435 6.40226 6.18579 6.18192 10.4665 6.17951 6.16601 6.1102 5.96163 10.5714 8.10535 9.07724 8.82656 8.84207 5.80723 6.03592 5.77706 6.5709 5.68204 5.62199 7.82275 5.58704 6.80285 5.56524 5.64282 5.56512 5.49423 5.49385 6.89336 5.92874 5.48313 5.53382 5.47817
threshold=-0.88344165682792652 -1.7817230820655821 -1.4252719879150388 15.500000000000002 -0.15244280546903607 1.4283491373062136 1.6833072900772097 0.43797598779201513 -1.0492325425148008 -0.69970405101776112 1.2172078490257265 0.57403382658958446 0.53491640090942394 0.40588235855102545 1.4368966221809389 -0.11386926099658011 -1.4138873219490049 0.16483994573354724 0.76815342903137218 -0.98777398467063893 -1.4342114925384519 -1.0885182023048399 -0.79304468631744374 0.8252166509628297 -1.0250630378723142 0.13502205908298495 1.1154600381851199 -0.30857636034488672 -1.3143460750579832 -0.30840481817722315 0.58106192946434032 0.17156863212585452 -0.20483700186014173 -0.35908848047256464 -0.24833957850933072 0.53186443448066723 0.35080668330192571 1.091432571411133 -1.3933371901512144 0.91171324253082286 1.3891112804412844 0.75509366393089306 -0.49019223451614374 1.1085847616195681 1.0556914806365969 1.2899801135063174 -0.83271804451942433 -0.153936892747879 1.0013074278831484 0.9823996126651765 1.7023676633834841 0.5553458333015443 0.72210854291915905 0.94939553737640392 -0.44565019011497492 -2.1104872226715083 0.28996576368808752 1.0495475530624392 -1.1000000238418577 0.63832852244377147 0.70294117927551281 1.0452811121940615
decision_type=2 2 2 2 2 2 2 2 2 2 2 2 2 2 2 2 2 2 2 2 2 2 2 2 2 2 2 2 2 2 2 2 2 2 2 2 2 2 2 2 2 2 2 2 2 2 2 2 2 2 2 2 2 2 2 2 2 2 2 2 2 2
left_child=1 21 -3 9 5 23 7 8 -6 10 36 22 14 56 20 -15 -13 43 19 -19 -10 -1 -9 28 50 47 27 -27 34 -30 -17 -8 33 -18 -5 -35 -2 38 -34 41 -41 42 -39 44 -4 46 -23 -26 49 -22 51 -25 53 -16 -37 -11 58 61 -14 -32 -61 -58
right_child=3 2 17 4 6 -7 31 11 12 55 -12 16 13 15 52 30 32 18 -20 -21 48 45 -24 24 25 26 -28 -29 29 -31 59 -33 37 35 -36 54 -38 39 -40 40 -42 -43 -44 -45 -46 -47 -48 -49 -50 -51 -52 -53 -54 -55 -56 -57 57 -59 -60 60 -62 -63
leaf_value=-0.00066420194912670605 0.00075553139322667414 0.017919864852594374 -0.016073681438801345 -0.0098632405349528187 -0.01477424966165383 0.013195825200515874 -0.0070784799927384153 -0.0098945704430772122 0.021508145669676234 -0.0071712882654548686 0.0077741343790232488 0.01791620594733391 -0.0051358897683988873 -0.01787979069497312 0.01905506432972362 0.01511882654520505 -0.016030567949307555 0.0067773804146342041 -0.017523404380373538 -0.013463517738722305 -0.0062624064721738693 -0.006921594416587646 0.0093477617518817266 0.035171858682295207 0.010003657523491756 -0.0087279510812321107 -0.0049923936325827764 0.02329539939887296 -0.0054932955619633479 -0.01615053569668834 -0.016477102566708309 0.023740351506057026 0.013657166138967145 0.0012316159713721534 0.027440535702697191 -0.0083388146213280931 -0.0074353659278407255 -0.01206351579279687 -0.010490209597757613 -0.016876334264922715 0.006977614291148738 0.027481182224319518 0.0088931652872033095 0.0028742613838830724 0.0060476668531600428 -0.0050933319821749061 0.043910681018040965 -0.016454931198385207 -0.016427831509232754 0.0056827175077454935 -0.008427767069528613 -0.0048962793417351332 -0.0032295700141957563 -0.0096916580556113095 0.024396082851707721 0.0038195203889776117 -0.010398669966730809 0.01739869298700911 0.040038727585774085 -0.0099391483577561928 0.014200448524566808 0.017111175104071577
leaf_weight=24.812308539636433 139.74865568149835 9.8321127910166961 132.60135897248983 3.7714520487934351 51.26800492964685 27.261043937876821 4.9809982823208001 13.308920761570333 4.0551518937572828 37.778312535025179 86.389660689979792 14.26853664871305 2.0322408573701978 16.65986287035048 26.819153361022476 18.539629679173231 10.231397462077437 68.117797931656241 23.384570680558681 15.14031186327338 253.58123125974089 1.3856535991653798 191.0217572459951 7.0141101926565153 5.2317967545241109 5.3266475256532457 40.098175084218383 16.735486233606935 113.59390027355403 103.195053325966 14.232675828039644 22.614938599057496 14.505806896835564 27.700281077995896 3.7655991259962311 2.9657478956505683 190.36962626501918 21.386669874191284 114.30854709539562 30.491929437965155 20.431846059858799 10.71611127629876 53.539974179118872 18.093934356234968 9.550896496511994 2.9267235212028027 5.2849904578179103 40.850196994841099 32.867499073036015 56.831975406967103 4.0268774405121794 3.9880405981093645 27.144509267061949 4.3495525829493991 26.959882208146155 1315.6227349452674 19.037320619449023 27.834537101909518 6.7752769943326694 10.479293566197159 14.739210885949431 4.058017808943986
leaf_count=483 2621 506 6852 195 1460 599 38 211 69 613 652 216 39 260 198 381 225 2101 413 431 3750 36 2931 92 110 69 419 189 3406 2917 157 160 160 478 113 61 3025 146 1421 177 114 63 391 804 337 31 88 603 478 701 59 53 183 27 392 16191 262 228 156 94 128 39
internal_value=0.000358747 -0.00543242 -0.00732853 0.000909558 -0.000699325 -0.00520648 0.000759823 0.000268621 -0.00238951 0.00231255 -0.00150129 0.00311274 -0.00108902 0.00494905 -0.00312529 -0.00278499 0.000232863 -0.00857111 -0.00244536 0.0025424 -0.00481157 0.00881122 0.00788803 -0.00681637 -0.00123624 -0.00407134 0.00284481 0.0153797 -0.00978895 -0.010816 0.00262653 0.0179451 -0.000777953 0.00699144 0.012285 0.0120325 -0.00400838 -0.00285712 -0.00736227 0.00150224 -0.0075374 0.00699655 0.00253094 -0.0124504 -0.0144324 0.0251448 0.03491 -0.0127659 -0.0054268 -0.00402002 0.0151018 0.0236562 0.0065056 0.0142583 0.0204226 0.00348746 0.0140825 0.00851629 0.0315299 -0.00428434 0.00418468 -0.00338002
internal_weight=3626.64 311.131 276.721 3315.51 1545.6 374.858 1170.74 1143.14 591.305 1769.91 416.508 551.837 540.037 134.388 405.649 74.6507 347.507 266.889 106.643 83.2581 347.336 34.4097 204.331 347.597 123.271 108.242 62.1603 22.0621 224.326 216.789 57.9908 27.5959 333.238 67.8573 7.53705 57.6259 330.118 265.381 128.814 136.567 50.9238 85.6428 74.9266 160.246 142.152 9.59737 6.67064 46.082 343.281 310.413 15.029 11.0022 58.3132 31.1687 29.9256 1353.4 59.7374 50.9299 8.80752 39.4512 25.2185 23.0953
internal_count=59802 12082 11444 47720 24618 8824 15794 15596 8610 23102 6298 6986 7150 1744 5406 1020 3844 10938 2945 2532 4998 638 3142 8225 1594 1390 677 258 6631 6323 760 198 3628 1156 308 931 5646 2472 1581 891 291 600 537 7993 7189 155 124 713 4929 4451 204 145 408 225 453 16804 724 529 195 379 222 301
is_linear=0
shrinkage=0.03


Tree=114
num_leaves=63
num_cat=0
split_feature=11 21 5 1 1 26 20 31 25 22 34 26 6 32 9 15 25 14 24 1 11 32 11 22 13 26 9 9 13 1 14 17 24 28 25 12 9 11 9 13 15 16 23 10 11 5 1 21 22 5 6 34 10 26 15 10 17 26 10 8 30 23
split_gain=13.6608 10.6489 7.78046 8.22877 10.3172 8.74137 8.35938 10.4524 7.66851 8.94006 10.5495 7.01527 6.59043 6.4176 6.36854 7.65667 6.19036 6.29777 12.7362 9.85084 8.60937 8.57222 11.2537 8.88854 10.8991 11.53 9.9678 7.69122 7.81317 7.79432 6.97109 6.62974 6.58339 6.62181 6.2476 6.15451 6.13137 8.44491 6.67622 7.04174 6.53089 12.7528 8.79421 6.50253 6.20323 9.70489 10.9522 7.71266 7.1689 6.73778 6.7158 6.63515 7.90652 7.12829 6.67312 6.44791 6.14123 6.67576 6.12193 6.10442 11.5429 7.3398
threshold=-1.0492325425148008 -0.81791895627975453 -0.20125912874937055 0.032166663557291038 0.5515711009502412 0.94617876410484325 0.48001562058925634 -1.0000000180025095e-35 -0.44720853865146631 1.2694911360740664 3.5000000000000004 1.4401799440383913 -1.6587309241294859 11.500000000000002 -2.1104872226715083 1.2889174818992617 -0.2886137962341308 0.30128532648086553 -0.025194101966917511 1.0000000180025095e-35 0.049944764003157623 15.500000000000002 0.13139581680297854 -0.032875809818506234 0.38817144930362707 0.73686978220939647 0.80668005347251903 0.5314791500568391 0.70229628682136547 0.22869123518466952 0.53468039631843578 -0.45688064396381373 -0.91622346639633168 0.78571429848670971 -0.41258332133293146 0.57020556926727306 1.5587056279182436 0.35920882225036627 0.98737704753875744 2.5572278499603276 0.84062969684600841 0.41019646823406225 0.59892481565475475 2.577406764030457 1.2010232806205752 1.5400419831275942 0.18228112161159518 1.6731751561164858 0.73010960221290599 0.29435439407825476 1.0693199038505556 2.5000000000000004 -0.14485169947147367 0.67438921332359325 0.7943515181541444 -0.97677549719810475 0.99240267276763927 0.87342774868011486 1.0095580220222475 0.22207754105329516 -1.0000000180025095e-35 0.99012887477874767
decision_type=2 2 2 2 2 2 2 2 2 2 2 2 2 2 2 2 2 2 2 2 2 2 2 2 2 2 2 2 2 2 2 2 2 2 2 2 2 2 2 2 2 2 2 2 2 2 2 2 2 2 2 2 2 2 2 2 2 2 2 2 2 2
left_child=1 -1 -3 5 -5 8 7 11 9 -4 -11 -7 -2 -10 15 -14 17 19 32 21 -21 22 23 34 25 26 -25 29 30 31 -29 -20 33 -19 -16 -23 38 -38 39 43 -40 42 -42 44 45 47 -47 -18 51 55 -49 53 59 54 -46 -50 57 -48 -31 -53 -61 -62
right_child=12 2 3 4 -6 6 -8 -9 13 10 -12 -13 14 -15 16 -17 36 18 27 20 -22 35 -24 24 -26 -27 -28 28 -30 58 -32 -33 -34 -35 -36 -37 37 -39 40 -41 41 -43 -44 -45 48 46 56 50 49 -51 -52 52 -54 -55 -56 -57 -58 -59 -60 60 61 -63
leaf_value=-0.022280631656498125 -0.010540195279126151 -0.013924947457800771 -0.0035984246430856783 0.027496928959744746 -0.0030404259009783551 0.050029058747919887 -0.0049704747063981213 -0.0055049715774560066 0.0033048158281953825 -0.0066083000688644299 0.047923381151275611 -0.0023219055104430333 -0.012170918229398978 -0.012825417068558853 -0.0088239200894949434 0.0081935884264020004 -0.0019509957356164699 -0.0058269850769401121 -0.011317401219600266 -0.017626624945325492 0.0032663775683860418 0.0067269477154527956 0.0064131984794028353 0.05605272871234377 0.0083908389183231652 -0.00010744335088212204 0.00015189642437965132 -0.0046622417775181229 -0.013575507860332953 0.028236224154010763 0.012913377411166882 0.008758434459886286 -0.012236417510053766 0.018257419119069602 0.018708974721797285 -0.0070399139825048787 0.026573472530924985 -0.0024719340441569254 -0.0096168748209080647 0.0092709015708414191 -0.0097177445755414465 -0.0041246010569728131 0.033521922217923453 0.016815894914686189 -0.0060827813225988831 -0.003843335690502461 0.02800477526907455 -0.0027609154422889881 -0.0085233368354094875 -0.0085656918347643031 0.012163917600588483 0.0050106783924184165 0.00045709887123163238 -0.011458835310641685 0.0073409738375779373 0.02921229064546833 0.0013531116369559946 -0.0037611738937348626 -0.0056938955745279374 -0.01184001500028165 0.034763142712259575 0.0059688612799636302
leaf_weight=27.82040998339653 42.658556458540261 52.330456966534257 23.679000501520935 13.410198524594305 19.771336771547794 5.3398345736786723 14.960981453768907 5.7270097304135579 25.468587261624634 3.5796189820393911 2.9065426355227828 2.4152533747255802 62.502457574941218 106.92542075365782 11.76825779490173 18.146812405437231 1482.9539962550625 24.761212090961635 14.026103559881447 21.58397956378758 49.841447858139873 78.250486673787236 119.15503134019673 16.904630152508624 18.849244080483913 5.2391633074730626 3.3351412201300255 38.147093836218119 27.583358857780695 22.112622351385657 34.228971479460597 67.745933229103684 77.807518078945577 10.836989521980284 8.6181918336078507 40.266353076323867 13.552926095202567 16.009220559149981 116.12725976388901 74.769020153209567 3.2764595523476592 78.405093798413873 10.374921502545474 15.983051043003796 55.249744916334748 36.961771774105728 29.955893406644464 42.661012909375131 2.6247474364936414 4.764210131019353 62.754464583471417 81.024753227829933 165.58735691942275 50.579486899077892 69.857510838657618 17.857102314010262 17.548659719526768 5.8601763099431983 4.0016536433249703 6.2073204591870299 21.413141012191772 14.91667673178017
leaf_count=2018 1640 1986 734 277 292 168 341 249 493 77 47 70 1393 3523 253 130 24765 918 279 277 478 1316 1299 241 248 83 38 505 331 261 471 786 2088 382 183 619 202 207 2269 454 40 594 87 263 791 485 259 416 26 30 363 784 1602 517 506 148 104 55 45 69 274 113
internal_value=-2.40237e-05 -0.00605381 -0.00405448 -0.00149692 0.0112858 -0.00394882 0.0102206 0.0238622 -0.00665905 0.00622811 0.0280522 0.0392059 0.000537716 -0.0097151 0.000697958 -0.0073779 0.000913199 0.00340641 0.000311587 0.00602685 -0.00378739 0.00836893 0.0123426 0.0220171 0.0289509 0.0402895 0.0486962 0.00469447 -0.0013045 0.0100643 0.00394717 0.00486118 -0.00758023 0.00285048 0.00420778 0.00195399 0.000213849 0.012762 3.80254e-05 0.000515752 -0.00503749 0.000937142 0.023321 0.00019564 3.47582e-05 -0.000833344 0.00846903 -0.00138726 0.00298668 0.017162 0.00627242 0.00204235 0.00480507 -0.00251172 0.00140685 0.0236529 0.0165956 0.0229832 0.0229574 0.0103875 0.0190249 0.0250929
internal_weight=3619.98 304.335 276.514 224.184 33.1815 191.002 28.4431 13.4821 162.559 30.1652 6.48616 7.75509 3315.65 132.394 3272.99 80.6493 3192.34 695.063 321.251 373.812 71.4254 302.386 183.87 64.7146 44.3282 25.4789 20.2398 207.846 99.9594 107.886 72.3761 81.772 113.406 35.5982 20.3864 118.517 2497.28 29.5621 2467.71 2259.53 208.184 92.0565 13.6514 2184.76 2168.78 1678.7 90.3265 1588.37 490.082 25.2461 105.415 464.836 289.149 175.687 125.107 20.4818 53.3647 35.8161 26.1143 123.562 42.5371 36.3298
internal_count=59962 10275 8257 6271 569 5702 828 487 4874 858 124 238 49687 4016 48047 1523 46524 11101 6066 5035 755 4280 2345 1046 610 362 279 2678 1307 1371 976 1065 3388 1300 436 1935 35423 409 35014 32024 2990 721 127 31570 31307 26447 903 25544 4860 204 779 4656 2842 1814 1297 174 418 314 306 1240 456 387
is_linear=0
shrinkage=0.03


Tree=115
num_leaves=63
num_cat=0
split_feature=4 11 9 32 26 4 16 23 17 22 21 23 32 12 11 11 7 24 24 16 12 29 3 10 26 7 18 11 1 14 29 1 19 22 24 21 10 16 11 10 7 4 3 9 30 9 12 7 3 14 23 17 7 1 12 29 16 21 12 17 12 26
split_gain=19.6531 12.7128 11.7609 9.07064 13.4458 8.06796 8.68428 8.22215 7.58791 7.42258 7.45141 7.23862 7.07337 8.51329 9.2868 13.0064 6.2694 7.33364 7.18227 6.17785 6.97598 6.11068 6.10852 6.07384 5.96409 5.93901 5.92428 5.92237 5.67433 5.30019 5.18858 8.83009 5.15533 5.11573 11.2837 7.56716 7.83234 6.55995 6.30524 5.35213 5.31072 5.19291 5.08055 7.97315 5.06593 5.01232 4.93652 4.8552 4.80951 4.98398 4.73951 4.88295 4.73054 4.6279 5.3388 4.81606 4.61909 4.58938 4.56323 5.2428 6.13582 6.07543
threshold=-0.42161579430103296 -1.7532435059547422 -2.0064330101013179 9.5000000000000018 -1.2863872051239011 1.6629860401153567 1.2068328857421877 -0.62429556250572193 1.2932398915290835 -2.1095763444900508 0.30889563262462622 -1.3923645615577696 14.500000000000002 1.21311891078949 -1.3820490837097166 1.0000000180025095e-35 0.060171486809849746 1.0256729722023012 0.70738312602043163 0.23467655479907992 0.28891630470752722 0.44097222387790685 -0.034574778750538819 0.80936542153358471 0.14277629554271701 0.76338607072830211 2.6921820640563969 0.036560259759426124 0.33780395984649664 0.52242934703826915 0.45804196596145635 1.3890960216522219 0.43390978872776037 -0.95040616393089283 -1.0212095379829405 -1.7954724431037901 -1.3101353049278257 0.66979369521141063 0.28050771355628973 -0.57000297307968129 -1.3425802588462827 -1.0000000180025095e-35 1.4207482337951662 -0.75471746921539296 -1.0000000180025095e-35 -0.081244777888059602 0.90281495451927196 0.70361053943634044 -0.1161692328751087 0.33340992033481603 -0.54265940189361561 0.050320535898208625 -0.12268358096480368 0.42385752499103552 0.42028160393238073 0.64495798945426952 0.61795890331268322 0.98557728528976452 -0.59396466612815846 0.67839792370796215 0.90281495451927196 -0.071581862866878496
decision_type=2 2 2 2 2 2 2 2 2 2 2 2 2 2 2 2 2 2 2 2 2 2 2 2 2 2 2 2 2 2 2 2 2 2 2 2 2 2 2 2 2 2 2 2 2 2 2 2 2 2 2 2 2 2 2 2 2 2 2 2 2 2
left_child=12 25 9 4 8 11 7 -7 -4 -3 -11 19 13 14 -1 32 21 18 -18 -5 -21 22 -17 30 -22 -2 33 -12 -14 42 31 -9 -16 34 35 -13 -37 39 -39 48 50 -38 43 -30 -24 -25 -8 -43 -36 -50 -35 -52 -32 54 55 -54 57 -29 -6 60 -60 -61
right_child=1 2 3 5 58 6 46 23 -10 10 27 26 28 -15 15 16 17 -19 -20 20 24 -23 44 45 -26 -27 -28 56 29 -31 52 -33 -34 40 37 36 41 38 -40 -41 -42 47 -44 -45 -46 -47 -48 -49 49 -51 51 -53 53 -55 -56 -57 -58 -59 59 61 -62 -63
leaf_value=0.01866932316504321 -0.021792042609373386 0.019219170832184079 0.029225283764091926 -0.014853955516166705 -0.0042163820509655775 0.027005427760566133 0.02615275256344237 -0.010054566872519731 -0.0077347236453570063 -0.019256231955594661 -0.014057473680448346 -0.010891045421977408 -0.013245794665831132 0.023534292314797395 -0.019091452469563706 -0.013363179613089053 0.0052046955786734109 -0.0068291099800655928 0.036886386588211126 -0.00997973351425991 -0.0044664691418331284 -0.014060774068511356 -0.010657666742144202 -0.0031886684975674182 0.026565857806535 -0.00029949721414895835 -0.011986271731039307 0.025324697905719069 -0.01208254388322145 -0.012673315132920917 0.013119403758929506 0.015115184680548297 0.010019910494785863 0.0079542065063042573 -0.0051084053845364139 -0.0097538345295894602 -0.0064700107712569689 -0.0067625899946022168 0.013857438975597422 -0.0044352387615279277 0.00089739800055695443 0.040928870007040499 -0.012365487702124147 0.012412845989831599 0.022269912422653658 0.017755878199833049 -0.0013243603522015768 -0.0016884088859206059 0.022740462692753025 -0.0017030974131956754 -0.01711398864332225 0.00038652560548797083 0.012379099533380946 -0.0073498569249400682 0.017187746367414634 -0.013997689507828587 -0.0063693980448746067 -0.004661269509364489 0.013125324176526053 -0.0099868337593671825 -0.0039786820355918748 0.0067285812469111894
leaf_weight=11.286959505639969 26.635968614369631 3.2401169436052433 26.716247219592336 44.289206877350807 43.328830941580236 8.1957617457956058 22.142644383013252 65.028173293918371 3.7822556011378756 43.907132938504219 14.592620713636277 2.7161678113043335 133.48051562905312 6.8502856167033306 47.336309597827494 5.5038440776988891 18.365009137429301 12.250737529247997 6.9662274420261374 17.8847336769104 7.5673977229744187 24.725621907971799 2.2908354792743912 12.572268579155205 8.0605440279468876 18.466784071177244 26.612995581701398 9.038707038387658 12.030338414944707 31.015259445644915 31.101741459220648 10.653808332979677 3.0335483942180863 11.277691939845679 14.621446474455295 2.2578077921643915 1.306455427780757 13.59481948148459 59.023551082238555 107.35278696659952 2197.9216488981619 16.570940781384699 12.968123145401476 38.460410360246897 11.845561522990463 30.537224801257253 6.9195800945162764 2.2738313861191264 16.259867317974571 10.593608956784008 34.42699827067554 22.218523114919662 5.4796289242804077 35.322251908481121 16.583984864875674 11.075934082269667 10.274951383471487 4.8225628957152358 94.80950764939189 28.620894419029355 20.830319555476308 41.832703359425068
leaf_count=523 1173 57 270 2582 552 125 107 510 21 1083 297 123 5216 142 1626 221 396 106 70 684 288 560 32 96 291 532 645 92 303 604 250 59 68 444 476 77 49 205 603 1892 30700 511 114 772 173 226 35 68 192 156 871 347 46 231 124 98 83 42 1065 181 222 258
internal_value=0.00034758 0.00110091 0.00133239 0.00163863 0.00695237 0.00114656 0.006181 0.0039593 0.0241979 -0.00931349 -0.0114649 0.000643939 -0.00607868 -0.000974037 -0.00289565 -0.00534799 0.00211975 0.0104549 0.0185617 -0.00808787 0.00162152 -0.00528471 0.00637498 0.00250911 0.014099 -0.0139002 0.000926872 -0.00144012 -0.00935463 -0.00346743 -8.06662e-05 -0.00579426 -0.0165917 0.00108719 0.00514674 0.0224052 0.0276916 0.00273712 0.00981022 -0.000920796 0.000635068 0.032992 0.0016289 0.00601357 0.0155435 0.0119511 0.0203765 0.0365109 0.00767441 0.0143439 -0.00733314 -0.010775 0.00433184 -0.000281511 0.00722826 -0.00442102 0.00729155 0.016422 0.00419261 0.0062096 0.0100072 -0.00027366
internal_weight=3641.75 3263.34 3218.24 3132.36 259.921 2872.44 255.613 226.551 30.4985 85.8761 82.636 2616.83 378.41 150.455 143.605 132.318 81.9478 37.582 25.3312 77.8019 33.5127 44.3659 19.6402 218.355 15.6279 45.1028 2539.03 38.7288 227.955 94.4741 175.246 75.682 50.3699 2512.42 246.571 25.1252 22.409 221.446 72.6184 148.828 2265.84 20.1512 63.4589 50.4907 14.1364 43.1095 29.0622 18.8448 41.4749 26.8535 67.9232 56.6455 99.5635 68.4618 33.1395 16.5556 24.1362 13.8613 229.422 186.093 115.64 70.4536
internal_count=59965 49039 47334 45680 2569 43111 1907 1765 291 1654 1597 41204 10926 3917 3775 3252 1558 572 466 3845 1263 986 426 1640 579 1705 37359 514 7009 1793 1318 569 1694 36714 4352 828 705 3524 808 2716 32362 628 1189 1075 205 322 142 579 824 348 1662 1218 749 499 268 144 217 134 2278 1726 1287 439
is_linear=0
shrinkage=0.03


Tree=116
num_leaves=63
num_cat=0
split_feature=7 10 32 25 6 9 11 6 16 14 5 13 6 1 25 5 20 20 13 1 24 22 29 26 11 33 29 16 14 16 21 26 24 11 6 20 9 14 11 25 22 21 15 11 22 11 6 10 27 26 6 13 9 26 1 26 11 17 10 5 22 7
split_gain=9.09865 9.17528 8.84219 7.61692 9.3321 8.37598 9.12489 6.75915 10.5688 7.70228 6.6376 7.59716 7.53353 6.48276 6.42126 8.82695 6.16353 8.70334 6.24433 6.07367 6.51901 6.82117 6.69432 6.01609 5.8552 5.62541 5.38817 12.6974 6.84284 9.76939 6.35726 6.17804 13.2263 7.44621 6.37555 10.0584 7.69357 6.13454 6.28001 6.0765 6.54643 7.35512 5.94013 6.88364 7.35586 5.90414 5.9022 5.95841 5.80486 5.71075 5.63312 5.80775 5.42616 7.32371 8.53107 7.86634 5.56535 5.31504 7.67809 8.5077 9.7184 7.69412
threshold=-0.85574060678482045 2.577406764030457 13.500000000000002 0.59866327047348034 -1.0452911853790281 0.39207851886749273 1.0640743970870974 0.18883521854877475 0.10826282203197481 0.49164715409278875 -0.0099483844824135286 -0.79414671659469593 -1.1124221086502073 -0.95255050063133229 -0.24287519603967664 0.90726622939109813 -0.9661736488342284 -0.81037968397140492 -0.86080893874168385 1.4950020909309389 1.6081447005271914 -1.6230215430259702 0.53589746356010448 -0.23350637406110761 0.25935269892215734 1.5000000000000002 0.36931818723678594 0.53880387544631969 0.4083890318870545 -0.36749441921710962 1.5701983571052553 -1.3665250539779661 0.60168081521987926 -0.55980283021926869 1.2137548923492434 1.0481646060943606 -0.46155804395675654 0.088083058595657363 1.5750464200973513 -0.19575302302837369 -0.11838522925972937 -0.43088333308696741 0.45527216792106634 -0.093796387314796434 1.4229831099510195 1.1595193743705752 -0.76054051518440235 1.219083368778229 4.5000000000000009 0.73686978220939647 -0.87279126048088063 0.54326924681663524 -1.5803926587104795 0.40839967131614691 0.74293097853660595 -0.47097623348236078 1.2597640752792361 1.0391722917556765 -0.91108465194702137 -0.14900672435760495 0.70171388983726513 0.79741230607032787
decision_type=2 2 2 2 2 2 2 2 2 2 2 2 2 2 2 2 2 2 2 2 2 2 2 2 2 2 2 2 2 2 2 2 2 2 2 2 2 2 2 2 2 2 2 2 2 2 2 2 2 2 2 2 2 2 2 2 2 2 2 2 2 2
left_child=3 2 16 4 24 6 -6 8 9 10 -4 -12 -13 -10 15 57 -2 18 -18 20 21 22 -16 -3 -1 -22 27 28 29 50 -31 32 33 -28 36 52 37 -33 -39 40 -29 -42 43 44 -38 -45 -35 -48 -44 -41 -19 -52 -36 55 56 -54 -55 58 -9 -60 -61 -62
right_child=1 23 7 -5 5 -7 -8 14 13 -11 11 12 -14 -15 19 -17 17 26 -20 -21 25 -23 -24 -25 -26 -27 31 39 -30 30 -32 34 -34 46 35 -37 42 38 -40 49 41 -43 48 45 -46 -47 47 -49 -50 -51 51 -53 53 54 -56 -57 -58 -59 59 60 61 -63
leaf_value=-0.021020670843152744 -0.0048908658017525674 -0.0011922154677369891 -0.015281920840716537 -0.013714974138180921 -0.0010574766450384939 -0.005291496144147775 0.01429396378625419 0.02018346892369938 0.01374920723016281 -0.017453430568919539 0.01195895923060929 -0.018422744314592725 -0.0013251012335531924 -0.0011699726456416782 0.021350910603661722 -0.0079940045993162102 -0.0078534261370310811 -0.0099853495185400574 0.025617289392227873 0.007928677878897037 0.0024095525142176157 -0.0025279514813847086 -0.004535721570512144 0.029361108769778852 -0.0027420509249334209 0.020484258563736722 -0.00013994172404948734 -0.0039286508830847005 -0.014756958126079278 -0.009420568827535265 0.012722000046144108 0.014542803035517388 -0.0012455733086645898 0.00023148104911470085 -0.015696109408094665 0.020959360145936218 -0.0070908853448539413 -0.0058890407838229249 0.025482138881691589 0.0051591219919508392 -0.010571144884929006 0.023858177581401203 0.012175470965878 0.013388848822731666 0.018729332714922137 -0.006369899605870471 0.042849852414258205 -0.0029072355604367129 -0.0065652705470858694 -0.0077595735180112767 0.027308827565029632 -0.0082618576621810869 0.010182553943446967 0.025068474633463619 -0.0093443982655662932 -0.012999351993746199 -0.0020065455150404675 -0.00058244491483935401 -0.0081025510408133019 0.012677478772198039 0.0059466784216389897 -0.016301510044343048
leaf_weight=29.794714326970279 85.751550429500639 8.4216836560517567 39.493568042293191 60.129338632337749 85.681733853183687 130.57174427621067 53.019109714776278 34.073542404919863 23.50387969892472 55.351995942182839 24.053476226516068 24.45617704000324 113.44672354403883 321.11218305770308 16.676921747624878 45.674651386216283 3.8260967703536179 3.6727381432428983 19.551851502619684 63.526446688920259 116.04947337880731 985.6240516975522 12.846969753503798 11.294042211025952 32.018838997930288 13.250771947205065 8.0872907070443052 12.584369087591766 52.087891297414899 74.343634902499616 9.2278245165944082 56.176059427671134 30.651811994612217 4.4324717065319446 7.2893058396875849 38.34357451274991 60.421795072034001 32.254204704426229 1.7985189296305168 108.28786374442279 3.6426889635622492 32.144214542582631 11.888974973931907 60.306277276948094 6.8172394549474111 13.968706479296086 17.227220876142386 2.2069518007338038 146.75737285800278 37.450071642175317 14.30993004795164 2.7820785995572797 18.817179225385189 27.69450961984694 8.5454386919736844 24.861552607268095 7.7493693903088561 91.39082738943398 31.285233154892921 114.8025655830279 31.414291874505579 17.922243604436517
leaf_count=2068 1617 164 1987 1084 2556 2837 785 473 681 2625 824 1402 4055 7201 191 403 76 157 307 468 837 11245 164 192 1102 89 186 141 1081 1042 80 675 205 94 54 208 1516 616 13 805 65 296 79 946 117 176 178 23 1177 298 282 42 114 191 59 160 49 732 505 1429 418 225
internal_value=-2.43397e-05 0.000499462 0.000359215 -0.00431611 -0.00243052 5.85253e-05 0.00510386 -0.000730667 -0.0034219 -0.00796581 -0.00499935 -0.00210934 -0.00489575 2.96423e-05 0.000304867 0.0037546 0.00261924 0.00331179 0.0197208 -0.000753127 -0.00126743 -0.00208046 0.0110611 0.0187091 -0.0124663 0.00495553 0.00279979 -0.000145257 -0.00639596 -0.00173793 -0.00639547 0.00454691 0.0131265 0.0252161 0.00340681 0.00894675 0.00142594 0.00885783 -0.00118175 0.00492603 0.0135981 0.0194874 -0.000916631 0.00348757 -0.00335787 0.00950548 0.0323441 0.0381221 -0.00483174 0.00169215 0.0146105 0.0209595 0.0032903 0.00563068 0.0136243 -0.00299229 0.0196326 0.00552387 0.0079161 0.00532704 0.0080506 -0.00289167
internal_weight=3632.85 3241.63 3221.91 391.215 331.086 269.273 138.701 2175.96 601.418 256.802 201.45 161.956 137.903 344.616 1574.54 366.563 1045.96 960.207 23.3779 1207.97 1144.45 1015.15 29.5239 19.7157 61.8136 129.3 936.829 350.533 156.424 104.336 83.5715 586.296 62.6057 31.9539 523.69 133.301 390.389 90.2288 34.0527 194.109 48.3713 35.7869 300.16 141.514 67.239 74.275 23.8666 19.4342 158.646 145.738 20.7647 17.092 94.9574 87.668 43.9893 43.6787 35.4439 320.889 229.498 195.424 164.139 49.3365
internal_count=59867 49435 49079 10432 9348 6178 3341 35954 18775 10893 8268 6281 5457 7882 17179 4185 13125 11508 383 12994 12526 11600 355 356 3170 926 11125 4289 2684 1603 1122 6836 686 481 6150 835 5315 1304 629 1605 502 361 4011 2755 1633 1122 295 201 1256 1103 481 324 627 573 299 274 240 3782 3050 2577 2072 643
is_linear=0
shrinkage=0.03


Tree=117
num_leaves=63
num_cat=0
split_feature=11 21 32 10 14 14 5 21 8 6 31 25 11 14 23 12 31 6 6 12 15 10 11 7 5 20 8 21 21 13 21 5 32 23 7 10 11 13 7 12 14 31 31 20 11 17 21 15 8 3 14 7 23 26 5 7 8 20 12 14 25 15
split_gain=10.1231 12.2591 9.79524 8.66036 8.88867 7.72102 6.53597 6.52644 5.55831 6.59064 5.55788 5.4619 8.67788 7.19155 8.57804 7.30967 6.8834 6.44835 6.12316 6.19061 5.54688 5.88018 5.44271 7.35748 12.1297 10.4415 8.0147 6.25901 7.16455 6.35694 6.22542 6.04564 5.92628 8.76974 10.2972 9.09349 7.70478 6.96437 6.67386 8.00508 8.89092 7.2365 7.72482 9.11481 7.77252 7.88944 7.9825 7.18237 7.07868 6.95591 7.19029 5.83623 8.0025 5.63923 5.6054 5.60458 5.56732 6.14636 5.4803 5.46992 5.37339 7.77405
threshold=-1.0492325425148008 0.40454058349132543 11.500000000000002 -0.38558237254619593 0.43844300508499151 -0.23849282413721082 -1.354126989841461 0.57403382658958446 -0.24980201572179792 0.027362683787941936 1.0000000180025095e-35 -0.0082805575802922231 1.3891112804412844 -0.11489746719598769 -0.85804620385169972 -1.568534731864929 -0.92857143282890309 -1.6083979606628416 0.18883521854877475 1.3603669404983523 -0.099351532757282243 0.10263026505708696 0.37184321880340582 0.6346033811569215 -0.84840863943099964 0.63893267512321483 -0.98990124464035023 1.6013169884681704 0.37320302426815039 -0.22875075042247769 1.8604154586791994 1.9225520491600039 15.500000000000002 -0.83794051408767689 0.16574596613645556 0.76567834615707409 1.547984302043915 0.57540631294250499 -0.71408048272132862 0.93562710285186779 0.088083058595657363 -0.92857143282890309 0.5000000149011613 -0.16088905185461042 1.3891112804412844 0.26739828288555151 1.0244275927543642 1.5205280780792239 1.4283491373062136 1.590842664241791 1.0250630378723147 0.75122755765914928 -0.04272628761827945 0.98986387252807628 0.2582035511732102 0.77462247014045726 -0.09699853882193564 0.73438477516174328 0.98222357034683239 -1.3415753245353697 1.4481509327888491 1.4953346848487856
decision_type=2 2 2 2 2 2 2 2 2 2 2 2 2 2 2 2 2 2 2 2 2 2 2 2 2 2 2 2 2 2 2 2 2 2 2 2 2 2 2 2 2 2 2 2 2 2 2 2 2 2 2 2 2 2 2 2 2 2 2 2 2 2
left_child=1 -1 8 4 5 10 7 -2 -3 -10 -4 12 13 14 -8 -16 -17 -13 -15 -20 21 -18 23 30 25 -25 58 28 29 -28 31 -19 33 34 35 37 38 -24 -34 41 59 56 43 54 45 46 48 -47 -45 -42 -51 52 -44 60 -43 -49 57 -40 -26 -41 -35 -62
right_child=6 2 3 -5 -6 -7 11 -9 9 -11 -12 17 -14 18 15 16 20 22 19 -21 -22 -23 32 24 26 -27 27 -29 -30 -31 -32 -33 36 53 -36 -37 -38 -39 39 40 49 42 51 44 -46 47 -48 55 -50 50 -52 -53 -54 -55 -56 -57 -58 -59 -60 -61 61 -63
leaf_value=-0.013636644369628793 -0.015692508173518901 -0.0017680185953662284 0.020014408750416941 -0.009102901637000475 0.020346708990710873 -0.014161872684843575 0.021854873236944908 0.0039297299394161949 -0.0014353089500541828 0.027951146883337663 -0.0082421327073336163 -0.015637154762542928 0.010171554781952046 -0.0033448867070920959 0.01976463569650453 -0.013283704073345906 0.00087114094208530079 -0.0050621497764823768 0.0030570507097766532 -0.018425749200547827 0.0019083700087370995 0.028273402515951188 0.050046896296481722 -0.0080405404238231646 -0.015029409687399631 0.038496708837913209 0.009854650804805758 -0.0076013694460226296 0.0078786833273890456 -0.010845691638922048 0.012810807852626643 0.014463873642482696 -0.0075719831845795539 0.0048614341011537204 -0.0072352366533469633 -0.0070406635864427476 -0.0082232345320182587 -0.0038929135489782613 0.034000669237013344 0.016072101781440171 0.0052228255165245163 -0.017782051774612256 0.036255082640875277 -0.0065612141754212011 0.014951815009758564 -0.012902247321319912 0.015770922037731304 0.01854340175476378 0.021456674072798835 0.041082091328562977 0.0054498656510866524 -0.0060783476601322991 0.0059358510836896236 -0.0039481781464239789 0.0019730392097566073 -0.010434623795579129 -0.0009592113263054595 -0.0036791739372164182 0.0077734391855958235 -0.0076643657759813688 -0.0081283676268110155 0.008911735704733444
leaf_weight=95.534882904030383 37.567422986961901 18.040408016182482 11.055655566044154 107.257259555161 16.960167289711535 20.828032312914729 21.84157903958112 21.159622605890036 9.4189216597005743 16.431840920820832 6.6961282622069112 18.544202839024365 115.83432581648231 287.6722213095054 18.716829746961594 18.554257864132524 13.204397550784053 494.0929646641016 375.47808811347932 7.5338780339807263 192.8706187158823 10.968961604870854 8.2772296788170951 4.1379121867939821 37.710545608773828 9.0271310107782465 14.981866121292112 40.323598243296146 155.72999738808721 37.352723733521998 14.597297050990163 9.9746714597567898 71.255160564556718 507.3961366629228 6.1881250673905006 2.6637575291097155 100.32119347713888 1.7569549428299058 9.2892467817291635 7.0624045133590689 23.465131076984107 48.473842057399452 4.3817793568596235 52.246855235658586 20.861353185027838 69.159120133146644 27.00656471401453 9.720564700663088 4.5178864933550349 11.894747994840147 9.8032754287123662 23.980915038846433 69.823137933388352 99.471743183210492 15.82220143266022 5.9765010625123969 12.585606977343557 4.1217472143471232 8.7999004675075394 26.874236621893942 68.639355327934027 31.070360474288464
leaf_count=5356 1176 331 244 2701 500 573 591 333 184 138 192 829 1324 7984 228 198 262 11040 4482 89 1762 225 240 122 528 109 389 316 1845 801 125 134 1449 4721 148 83 999 42 119 51 300 821 115 784 162 581 207 62 63 68 60 264 641 972 195 32 168 37 102 269 723 200
internal_value=0.000167918 -0.00504267 -0.000842117 -0.00426634 0.0050543 -0.00323154 0.000649 -0.00886891 0.0109961 0.0187467 0.00988685 0.000833663 0.0025942 0.00161864 0.00564615 0.00385952 0.00221148 -2.09317e-05 -6.9205e-05 0.00240249 0.0038054 0.0160199 0.000147323 -0.00176447 0.00188866 0.0256825 0.000415965 0.00260229 0.00471177 -0.00457717 -0.00393159 -0.00453749 0.00131674 0.00315507 0.0210697 0.0330107 -0.000812881 0.0424486 0.000658146 0.00200925 0.0103804 0.000144708 -0.0010645 -0.00381829 -0.000402723 -0.00267814 0.00375556 -0.00888515 -0.00277483 0.0184082 0.0290189 0.00589345 0.00990186 0.00253154 -0.0131291 0.00765489 0.0140472 0.0245659 -0.0103793 -0.00129512 0.0036168 -0.00264654
internal_weight=3623.01 302.223 206.688 162.797 55.54 38.5798 3320.78 58.727 43.8912 25.8508 17.7518 3262.06 1062.68 946.841 276.157 254.315 235.598 2199.38 670.684 383.012 217.044 24.1734 2180.84 826.729 308.064 13.165 294.899 248.388 208.065 52.3346 518.665 504.068 1354.11 725.464 18.8861 12.6979 628.643 10.0342 528.322 457.067 79.0998 377.967 351.971 253.785 189.489 168.627 83.7713 84.8562 56.7647 45.1632 21.698 98.1858 74.2049 706.578 64.296 15.6971 25.9966 13.411 46.5104 33.9366 607.106 99.7097
internal_count=59789 10219 4863 4210 1509 1009 49570 1509 653 322 436 48061 17145 15821 3266 2675 2447 30916 12555 4571 2249 487 30087 15511 4212 231 3981 3351 3035 1190 11299 11174 14576 7129 513 365 7447 282 6448 4999 748 4251 3927 2907 1891 1729 1054 675 847 428 128 1020 756 6616 1016 94 324 156 630 320 5644 923
is_linear=0
shrinkage=0.03


Tree=118
num_leaves=63
num_cat=0
split_feature=4 9 15 32 15 17 6 14 7 15 7 16 7 17 6 3 26 10 16 1 2 21 22 25 7 5 15 31 34 3 2 10 25 3 24 6 25 1 32 20 20 2 7 21 21 26 10 9 25 9 20 22 22 7 17 1 17 1 7 7 21 26
split_gain=14.1726 11.3153 10.6949 7.70287 9.51228 9.34788 8.36611 7.58141 8.45435 6.98385 6.91531 7.35239 6.76856 6.5024 6.39388 6.33855 8.82804 7.46823 6.3065 6.21235 6.201 6.09708 5.96741 5.86456 10.8429 7.37832 6.35001 8.06244 8.26078 8.7433 6.44482 6.42346 6.42298 5.80678 7.06873 10.2323 5.94685 5.80042 5.67567 7.88708 7.682 6.51582 5.91768 5.51141 5.47395 5.34831 6.69781 5.81555 5.29503 5.27317 5.22144 5.34807 10.8081 6.79212 6.65217 5.82488 5.57335 5.51623 5.37861 5.23558 6.26569 5.06913
threshold=-0.037920959293842309 -2.1104872226715083 -0.70932689309120167 9.5000000000000018 -0.011619723867624996 -0.75104182958602894 -1.6587309241294859 -0.91759115457534779 0.61493706703186046 -0.099351532757282243 -0.63015946745872486 0.9130220115184785 1.6130090951919558 2.7754834890365605 1.2137548923492434 1.2413458824157717 0.63271719217300426 -0.090601876378059373 -1.844151973724365 -0.093031797558069215 0.10162146389484407 1.4857981801033022 0.50091245770454418 0.12060603126883508 -1.0000000180025095e-35 -0.4868269264698028 -1.0000000180025095e-35 0.6428571641445161 3.5000000000000004 0.35105527937412268 1.2062891721725466 -1.1162142753601072 -0.48036816716194147 -0.17191413044929502 0.52507355809211742 1.0157400369644167 0.38950552046298986 -0.11534342542290686 14.500000000000002 -0.26260557770729059 -0.17245735973119733 -1.0000000180025095e-35 -0.020999608561396595 -0.96371692419052113 1.0000000180025095e-35 0.25828680396080023 0.46368919312953955 0.39207851886749273 0.37481206655502325 0.67311069369316112 1.7138298749923708 -0.64850777387619007 -1.1523145437240598 -0.26261734962463373 0.26739828288555151 -1.1970856189727781 -1.0000000180025095e-35 -1.6353042125701902 0.92527714371681224 -1.4007247090339658 -0.84830385446548451 -0.99181425571441639
decision_type=2 2 2 2 2 2 2 2 2 2 2 2 2 2 2 2 2 2 2 2 2 2 2 2 2 2 2 2 2 2 2 2 2 2 2 2 2 2 2 2 2 2 2 2 2 2 2 2 2 2 2 2 2 2 2 2 2 2 2 2 2 2
left_child=2 -2 61 4 5 -3 -5 8 38 15 11 -4 14 23 21 16 18 22 -9 -12 -13 -10 -17 26 -25 -26 27 28 32 31 50 -30 -11 -27 -35 36 -36 -6 40 42 41 -8 44 48 49 -32 47 -47 -39 -40 51 52 54 59 -28 56 -53 -58 -56 -54 -61 -1
right_child=1 3 10 6 37 -7 7 9 12 13 19 20 -14 -15 -16 17 -18 -19 -20 -21 -22 -23 -24 24 25 33 30 -29 29 -31 45 -33 -34 34 35 -37 -38 43 39 -41 -42 -43 -44 -45 -46 46 -48 -49 -50 -51 -52 55 53 -55 58 -57 57 -59 -60 60 -62 -63
leaf_value=0.0016980499590514432 -0.010505495233261513 -0.002835869858188054 -0.013115142395919792 -0.012499061734680544 0.019827947747494249 0.027189170295104845 -0.010256615267200283 0.006813737049803305 0.020086126283956167 0.026107294934257324 -0.0078581457256627039 -0.012873117964229229 -0.0040899557129716905 0.017558820415477815 0.002464132950641473 0.0027656550106989254 0.0032960892572703828 -0.005572098822650114 -0.0096663574763904987 0.0011788421516206883 0.022133341193087401 0.0013444877463418725 0.035059337844000463 -0.010152259222515706 -0.018076911827427093 -0.0089167338808213616 -0.0082239153095921193 -0.0082080859318993532 -0.0051034732910332651 0.0024422473841551402 0.015129249292401704 0.054138912345168995 -0.0049178297123155888 -0.0093125707235901575 -0.0012644623322670065 0.0030686658074193583 0.030084582817240326 0.026253780156435154 -0.0023469812912419842 0.0032241933463767951 -2.3324980363217692e-05 0.016936774102864163 -0.019359519414032748 0.00065565190360908506 -0.014199507205793077 -0.004944344452699396 -0.015147313421097196 0.016000651041896262 -0.0083111281849270642 0.019567033522653401 -0.0074248080160475077 -0.009635528760463875 -0.0036189905927210462 0.00611190630655259 0.010597595551230396 0.0002857207615577994 -0.002601556105580351 0.039040179980498226 -0.015577102262347389 -0.0030126878648111359 0.035501582215211568 -0.018636027565283493
leaf_weight=12.672948564402757 66.659111586399376 11.724522202275692 74.539144240319729 35.189918094314635 13.573970568366347 28.46247517131269 5.7191776353865853 19.779920995235443 78.254940598271787 3.3826593030244068 80.881831764243543 3.2596477884799224 23.842443206347525 16.703559134155512 43.485442090779543 11.28236147016287 82.734309866093099 17.165877155959606 196.04984353948385 333.16987511422485 6.9702788908034563 20.155426735989749 6.203346097841858 107.62536535784602 9.4705036636441928 19.672352124005556 46.019614350050688 10.317057516425846 0.98083103075623501 6.4151627849787474 48.883186487480998 6.6313070850446802 17.204710313119001 15.477906938642262 6.3296584449708488 62.525776572525501 22.027518041431904 9.6239596446976048 35.277435007505119 147.33158161956817 74.861793737858534 57.372501411475241 23.334879646077752 184.76847872510552 18.839680205099285 17.719282438978553 11.323984347283838 22.665349740535021 2.7876585125923148 8.2889963546767813 61.025407436303794 2.1556483823806047 3.7322347555309561 42.87685764580965 42.016821892932057 1200.9302713563666 3.2316026808694005 4.6661515114828926 3.7848982140421858 3.6270391410216751 19.352117405273017 52.576993978582323
leaf_count=758 1346 332 2391 1542 106 539 77 998 790 60 2416 62 231 97 239 157 2893 239 6962 5830 80 162 84 1542 114 329 933 196 31 99 307 163 342 207 61 562 217 140 680 2069 778 638 302 1325 216 120 76 133 35 158 543 45 104 614 447 13995 50 58 34 91 265 3266
internal_value=0.000476358 0.00128263 -0.00387258 0.00156208 0.00654176 0.0190849 0.0010956 0.00129492 0.00447015 0.000501759 -0.00230395 -0.00985364 0.0100013 0.0012276 0.0124276 -0.00346256 -0.00489319 0.00792661 -0.00803594 -0.000659162 0.0104147 0.0164983 0.0194707 0.00103024 -0.00326315 0.00237516 0.00169956 0.0122365 0.0185969 0.0329559 0.00135218 0.0475085 0.0042853 0.00454313 0.00732122 0.010492 0.0239464 0.00376315 0.00189924 -0.000967852 0.00660763 0.0138996 -0.00795192 0.00219424 -0.00256677 0.00850709 0.00146481 0.00727849 0.0183332 0.00340762 0.000822253 0.00121459 0.00625809 0.0147418 -0.000600684 0.000519385 0.0190658 0.0275981 0.00711437 0.0254466 0.0299705 -0.0148469
internal_weight=3625.62 3061.54 564.071 2994.89 250.941 40.187 2743.94 2708.75 536.764 2171.99 498.821 84.7691 165.738 1838.77 141.896 333.216 298.564 34.6516 215.83 414.052 10.2299 98.4104 17.4857 1822.07 243.129 135.504 1578.94 44.9317 34.6147 14.0273 1534.01 7.61214 20.5874 126.033 106.361 90.883 28.3572 210.754 371.026 233.073 137.953 63.0917 85.741 197.18 62.4061 100.592 51.7086 40.3846 12.4116 43.5664 1433.42 1372.39 161.41 69.5882 91.8213 1210.98 10.0534 7.89775 45.8017 26.7114 22.9792 65.2499
internal_count=59676 44873 14803 43527 2477 871 41050 39508 6340 33168 10779 2533 1422 21835 1191 11333 10853 480 7960 8246 142 952 241 21738 3032 1490 18706 891 695 293 17815 194 402 1376 1047 840 278 1606 4918 3425 1493 715 1356 1500 1054 636 329 253 175 838 17179 16636 2488 1074 1414 14148 153 108 481 460 356 4024
is_linear=0
shrinkage=0.03


Tree=119
num_leaves=63
num_cat=0
split_feature=15 11 8 7 11 23 24 11 12 12 26 5 16 20 15 22 4 31 16 26 3 23 32 9 16 8 11 25 22 32 8 10 7 22 21 20 24 3 4 23 1 2 23 27 4 21 8 20 20 12 21 8 12 23 8 25 16 21 20 21 26 5
split_gain=11.5854 10.2151 9.03936 7.8781 6.01485 7.96894 10.444 6.94839 5.99116 6.16741 5.88486 5.81938 7.1819 17.4222 7.16098 6.83178 6.61695 8.22175 6.24349 6.16108 5.79759 6.4958 5.74103 8.9026 8.22956 6.49629 6.01955 8.95565 12.1268 7.52896 7.80201 6.2135 6.13034 5.95507 5.76571 5.67344 10.9165 7.66198 5.64933 10.3139 6.07092 6.02963 6.95408 5.73013 10.3431 6.57415 5.78601 6.16586 9.24686 8.20774 6.30278 6.32767 6.55627 5.99214 5.80909 5.59698 7.73341 6.42124 7.46466 7.33024 5.8716 5.58174
threshold=-1.3199901580810545 0.25935269892215734 0.38490168750286108 -0.92921462655067433 0.97270041704177868 1.064257085323334 1.1099837422370913 1.4620768427848818 0.39198932051658636 0.53903788328170787 -0.51851791143417347 -1.0918197631835935 -1.5488944649696348 0.10250050574541093 -0.62333586812019337 1.2165494561195376 1.6629860401153567 0.78571429848670971 0.28697177767753607 0.64081001281738292 -1.2942615151405332 0.54429334402084362 16.500000000000004 -0.66642004251480091 0.32154692709445959 -1.652491509914398 -1.0661130547523496 -0.48023346066474909 1.071655333042145 11.500000000000002 -0.012351117562502621 0.5478036403656007 0.96833696961402904 -0.95040616393089283 0.27806262671947485 -1.1593247056007383 0.025706596672534946 0.59097614884376537 1.2930394411087038 0.54429334402084362 -0.4312362521886825 1.0000000180025095e-35 0.35612271726131445 6.5000000000000009 1.2038460373878481 1.6731751561164858 -0.83072337508201588 0.56942811608314525 0.2552724182605744 -0.66645434498786915 0.14524177461862567 -1.0790501236915586 -0.057639995589852326 0.26603899896144872 -0.62246045470237721 -0.26728245615959162 0.18054693937301639 0.53318053483963024 -0.60318332910537709 0.85398736596107494 0.90322747826576244 0.28200593590736395
decision_type=2 2 2 2 2 2 2 2 2 2 2 2 2 2 2 2 2 2 2 2 2 2 2 2 2 2 2 2 2 2 2 2 2 2 2 2 2 2 2 2 2 2 2 2 2 2 2 2 2 2 2 2 2 2 2 2 2 2 2 2 2 2
left_child=1 -1 -3 4 8 6 35 -8 -2 10 -10 18 13 14 -13 20 22 55 -5 -19 -15 -22 26 -24 -25 -26 27 28 -14 30 -29 32 -31 -27 -32 36 37 -6 43 41 -41 -40 -43 44 45 -28 47 48 49 -45 51 -51 -53 -50 -48 56 -18 58 -57 -59 -61 -60
right_child=3 2 -4 11 5 -7 7 -9 9 -11 -12 12 16 15 -16 -17 17 19 -20 -21 21 -23 23 24 25 33 38 29 -30 31 34 -33 -34 -35 -36 -37 -38 -39 39 40 -42 42 -44 46 -46 -47 54 -49 53 50 -52 52 -54 -55 -56 57 -58 59 61 60 -62 -63
leaf_value=-0.016634110663652606 -0.012379081760200909 -0.0086501056261006019 0.019929480248037069 -0.014793832619694965 0.036062265461496809 -0.010216678345785312 0.034381332728069786 0.00046267519602254353 -0.010367708300684687 -0.0054767966599663202 0.022116040188907359 0.015072513096100892 -0.0048748665826033348 -0.0045618971796200017 -0.010018717622246379 -0.0019688491209809357 0.013714190427397157 0.022064483666101451 -0.00036811966999012249 -0.0036504864661177547 0.045075560207312543 -0.0013891156902752528 -0.014234593359811252 -0.0092343241372518266 0.023838034522847593 0.017355893795492679 0.0018326782028534356 -0.008792587789172716 0.029002245135191999 -0.010986191838012329 -0.0091700913078227343 -0.02142188411765188 0.0051090353803113064 -0.00089196907447106478 0.024092875769677984 -0.005167286648291981 -0.0072089672856245198 -0.00942995375902945 0.021940118428626861 0.013525824991929707 -0.014053350176617307 -0.018362346891122872 0.015732038522020896 0.022097911142726023 0.023997635472707647 0.009601033533283768 -0.011843224136293179 -0.0024686219158450502 -0.0056992557819627206 -0.0053755973185796646 -0.013611536594994632 -0.010367530901712548 0.029510734060667714 0.030328372400368897 -0.0011470837145622827 -0.0062034757155087598 -0.013031970932192062 -0.01127864656073011 0.0016387460536182266 0.00088081308806756326 0.020480453894676846 0.022902549025866428
leaf_weight=62.061924785375595 98.324550445191562 19.228354510851208 12.117475283332167 37.929559863172472 9.2950434852391499 38.327074596658349 10.531951732933523 8.5745545066893083 3.7777770301327118 65.202340037561953 11.264078096486625 9.9729209253564459 20.418359239585701 2.0151699902489844 27.778430658392608 5.0341104213148347 8.6479326859116536 33.656253460794687 73.490726249292493 9.0710449852049333 14.852967402897777 2.7965850681066504 51.045269697904587 69.759273805655539 7.1488989628851405 12.995552384294568 1467.8017098400742 16.042531653307378 11.073971224017439 61.654437473975122 3.3189034787938025 30.387622212991118 27.737502491101623 148.8954511564225 13.620068277232347 57.439972614869475 13.113765876740215 2.060358900576829 11.39243337698281 4.0704777017235747 63.195362571626902 7.4690247513353807 4.6835813857614994 10.250842195004223 15.21283578686416 100.56494299136102 46.08207600004971 61.966687883250415 3.3515219986438778 16.02734512835741 21.198679257184267 2.2751021627336732 8.1884284717962164 17.907886773347855 449.12701593525708 13.113599898293613 32.37344035319984 28.608604684472084 16.334090640768409 59.744028793647885 13.066015955060719 36.17103124782443
leaf_count=4517 3431 766 447 1372 261 451 137 111 105 1814 309 406 559 102 840 114 74 209 1185 62 386 36 965 1742 79 189 20556 330 194 1945 109 954 639 1757 161 1091 230 40 138 35 438 85 40 187 139 721 639 622 77 286 254 42 154 176 5811 118 243 194 148 344 74 270
internal_value=0.000154589 -0.00999871 0.0036198 0.000437224 -0.00403057 0.000646635 0.00505582 0.0224126 -0.00759855 -0.00135836 0.0134065 0.000885353 0.00113112 0.0108165 -0.00240269 0.0280245 0.000914408 0.00553263 -0.00570336 0.0167947 0.0345453 0.0390318 0.000489352 -0.00347121 -0.000925707 0.00266988 0.00095547 -0.00419286 0.00937924 -0.00719939 0.00493155 -0.0106034 -0.00598591 0.00104894 0.016971 -4.94078e-05 0.0108029 0.0274486 0.00137415 -0.00576817 -0.0115641 0.00991534 -0.00446685 0.00167862 0.00264246 0.00235972 -0.000721736 0.00453588 0.00983743 0.00287809 -0.00295815 0.00637457 0.0202913 0.0246449 -0.00225086 0.00287998 -0.00651609 0.0053098 0.0122562 0.000450748 0.00548808 0.0170051
internal_weight=3620.84 93.4078 31.3458 3527.43 317.911 139.343 101.016 19.1065 178.569 80.2442 15.0419 3209.52 3098.1 62.4502 37.7514 24.6988 3035.65 250.786 111.42 42.7273 19.6647 17.6496 2784.86 289.844 238.799 169.04 2495.02 184.253 31.4923 152.761 32.9815 119.78 89.3919 161.891 16.939 81.9091 24.4692 11.3554 2310.77 90.8109 67.2658 23.545 12.1526 2219.96 1583.58 1568.37 636.376 141.166 79.1998 57.9404 47.6896 26.4909 10.4635 21.2594 495.209 208.059 41.0214 167.037 65.6187 101.419 72.81 52.5051
internal_count=59910 5730 1213 54180 7980 2321 1870 248 5659 2228 414 46200 43643 1884 1246 638 41759 1736 2557 271 524 422 40023 4732 3767 2025 35291 4891 753 4138 600 3538 2584 1946 270 1622 531 301 30400 736 473 263 125 29664 21416 21277 8248 1798 1176 923 736 482 196 253 6450 1465 317 1148 536 612 418 418
is_linear=0
shrinkage=0.03


Tree=120
num_leaves=63
num_cat=0
split_feature=5 16 4 16 2 25 14 15 3 16 19 24 13 16 9 3 1 26 32 29 7 3 24 13 34 14 7 30 30 9 20 11 26 9 20 11 1 2 26 4 10 3 3 10 29 15 3 5 7 14 10 32 2 32 14 29 26 21 24 26 29 10
split_gain=8.21028 10.3083 8.77254 8.25663 7.8178 7.35795 10.6619 9.67045 7.33128 7.46345 9.1057 9.84714 8.1367 7.80614 6.69064 12.6586 7.62947 6.98388 7.01326 6.669 6.60474 6.53593 6.46786 6.84954 6.7807 6.75321 6.40053 8.53528 6.3022 6.10495 9.99829 7.23863 5.86763 5.85613 5.84516 7.64855 6.07511 7.1965 5.76026 6.06479 5.90625 6.8146 15.1031 9.42062 6.05476 5.67839 6.93731 6.94982 5.90021 5.58331 5.81146 5.54091 5.53657 5.48403 5.46776 5.35342 5.27525 10.2653 8.38903 5.51114 5.27828 5.26763
threshold=-1.0918197631835935 1.0000000180025095e-35 1.0026745796203616 -0.56808936595916737 -0.44611798226833338 -0.025170026347041127 0.059922223910689361 -0.43990533053874964 -1.4265241026878355 -1.1125821471214292 -0.43536709249019617 -0.012708995025604962 0.37361946702003485 -2.5686535835266109 -1.0063593387603758 0.79972311854362499 -0.037895917892456048 0.044969392940402038 12.500000000000002 0.82843136787414562 -1.5142455697059629 1.1724450588226321 -1.0824963450431822 -1.7205032706260679 2.5000000000000004 -1.8591957092285154 -0.98499676585197438 -3.0833333730697627 -1.0000000180025095e-35 0.26741011440753942 0.44115605950355535 0.86423179507255565 0.08913708478212358 1.1003385186195376 0.7558145821094514 -0.50839778780937184 0.31910443305969244 0.79333454370498668 1.5980801582336428 1.0742965340614321 -0.86692464351654042 0.89577832818031322 1.0756298303604128 -0.49425697326660151 0.35504202544689184 1.5205280780792239 0.86608561873435985 -0.41680407524108881 0.060171486809849746 0.69857758283615123 -0.41329030692577357 16.500000000000004 -1.0000000180025095e-35 9.5000000000000018 -2.8263701200485225 0.65686276555061351 -0.85678783059120167 0.91987240314483654 0.83990216255187999 -0.5897393226623534 0.5419580638408662 -0.48532354831695551
decision_type=2 2 2 2 2 2 2 2 2 2 2 2 2 2 2 2 2 2 2 2 2 2 2 2 2 2 2 2 2 2 2 2 2 2 2 2 2 2 2 2 2 2 2 2 2 2 2 2 2 2 2 2 2 2 2 2 2 2 2 2 2 2
left_child=1 21 5 4 -4 6 22 -7 -8 13 -11 -12 34 -10 15 54 -16 18 56 -15 -5 -1 24 28 -2 -26 -27 -28 -24 30 31 -14 -19 -6 35 -13 -37 49 39 55 44 43 -43 -42 -41 46 -17 -48 -47 50 -38 52 -32 -49 -9 -22 58 59 60 -58 -18 -20
right_child=2 -3 3 20 33 7 8 14 9 10 11 12 29 19 16 45 17 32 61 -21 38 -23 23 -25 25 26 27 -29 -30 -31 51 -33 -34 -35 -36 36 37 -39 -40 40 41 42 -44 -45 -46 48 47 53 -50 -51 -52 -53 -54 -55 -56 -57 57 -59 -60 -61 -62 -63
leaf_value=-0.021880499018647782 0.0010935366071820932 -0.0010646183705400024 -0.0087425482494237639 0.024364072248885239 0.032481510208734979 -0.0079164599565709672 -0.014767822470461763 0.0087946663965750016 -0.0096112807429137304 0.016461911334228016 -0.0070841462542687922 0.017030591622247716 -0.010063547080333319 0.022964665912211288 -0.0082931884645946457 0.020586233153225171 0.0042751963766097696 0.015360019366706374 -0.0086158010226995464 -0.0051485371293100001 0.002909671604365676 0.012109042021245358 -0.010452993056479277 0.0031394509052086943 -0.0023494173527103951 -0.0023378009725107123 -0.007084316012793735 0.039148449553704258 0.027869301666279225 0.0012740975770446925 -0.0066343977485209043 0.013537749212724111 0.0021232948307245286 -0.0066215992778530068 -0.010058846741323796 -0.0059592187100747747 -0.0022787631040161876 -0.0085806015022370334 -0.01687812398454688 -0.017109314676585892 0.024427329695081979 -0.018176472151411764 0.0035946129350060019 0.0048940644409777422 0.0012413415585492968 -0.0048648447369000775 0.016821032078707242 0.011697834077674609 0.022389666988143628 -0.0088381515554388085 0.040599971034009523 -0.0092527492581374379 0.030409148964258989 -0.009062877081475372 -0.012753514558123673 0.029043613646782759 -0.019590117368659048 0.011721208721419889 -0.00080572524564930426 -0.0018379353146599521 0.026697544001585607 -0.0014520208749442154
leaf_weight=37.437435255385935 21.372752118855715 94.049748945049942 4.3945970917120603 8.1896995604038221 16.577943751588467 162.10875562625006 25.180286294780672 8.1033487468957883 9.2489069090224785 21.751419771462679 179.62096761493012 17.1040956415236 19.278476181440055 29.060656570829451 81.646994211710989 6.7477755025029174 18.349388836883008 26.472749837674201 125.59344478324056 7.7127835955470792 15.66597304493189 2.5876075346022835 2.1026175003498784 326.69148747622967 7.2443931726738802 4.5676917443051961 2.5803766045719447 20.317491930909451 13.055632886476813 102.64533535670489 2.2962365271523657 17.632509518414736 833.68305877037346 2.315396665595471 61.774654246866703 81.550448078662157 3.1465863287448883 7.3439435493201008 8.2309570666402561 21.449506243690848 22.422329250723124 29.311950769275427 169.65426291152835 140.831613317132 40.103312350809574 8.5885475650429743 8.2879180405288917 8.8541275374591333 15.735432032495735 1.8181590847671021 6.067752895876767 1.8384577613323916 27.170828266069293 80.098495475947857 123.42647960968316 10.034077027812598 18.486434813588858 32.41837851703167 41.011082720011473 51.405276965349913 21.073956939391792 325.09854942094535
leaf_count=1918 535 1846 112 107 214 7557 1372 72 436 578 5326 347 316 1007 1904 79 234 329 1869 284 154 33 28 4038 142 165 71 508 209 1243 31 176 10369 34 747 1103 43 79 68 182 221 221 984 1364 334 58 104 51 89 26 72 25 294 857 2993 85 197 219 276 580 230 4898
internal_value=0.000375576 -0.00677422 0.000658209 0.00436336 0.020161 5.12973e-05 0.00211812 -0.0010071 -0.000341148 0.000384868 -0.000625989 -0.00147571 0.00146455 0.0113634 -0.000376883 -0.00478893 0.000363752 0.000863073 -0.00152059 0.0171578 0.00336802 -0.0185824 0.00592017 0.00423896 0.014982 0.0223194 0.0281859 0.0336025 0.0212793 0.00606057 0.0126839 0.00148089 0.00261709 0.0273065 -0.00297268 0.00102663 -0.00239372 0.0113194 0.00273312 0.00327399 0.00231163 0.00377895 2.03183e-05 0.00822307 -0.00595834 0.00190784 -0.00131954 -0.00377206 0.0135777 0.023111 0.0303065 0.0238698 0.0269788 -0.00648384 -0.0111525 0.0161816 0.00337522 -0.00116655 0.00888239 -0.00752782 0.017917 -0.00352097
internal_weight=3640.62 134.075 3506.55 489.182 23.2879 3017.37 1020.17 1997.19 622.243 597.062 551.04 529.288 349.667 46.0223 1835.08 259.842 1575.24 1493.59 633.437 36.7734 465.894 40.025 397.932 341.85 56.0827 34.71 27.4656 22.8979 15.1583 170.862 68.2165 36.911 860.156 18.8933 178.806 117.031 99.9269 18.3764 457.704 449.473 423.773 362.22 198.966 163.254 61.5528 128.312 103.988 97.2405 24.324 11.0325 9.21434 31.3055 29.4671 88.9526 131.53 25.7001 182.745 102.31 80.4344 69.8917 39.4233 450.692
internal_count=60043 3797 56246 4080 360 52166 19201 32965 13505 12133 10406 9828 4502 1727 25408 4303 21105 19201 8503 1291 3720 1951 5696 4275 1421 886 744 579 237 2085 842 492 10698 248 2417 1670 1323 220 3613 3545 3306 2790 1205 1585 516 1238 1091 1012 147 141 115 350 325 908 3065 239 1736 996 740 777 464 6767
is_linear=0
shrinkage=0.03


Tree=121
num_leaves=63
num_cat=0
split_feature=21 11 14 11 10 17 3 21 8 17 17 17 25 11 21 21 8 29 15 8 18 11 8 26 25 14 10 12 24 29 24 14 8 8 21 18 24 29 7 7 17 32 29 1 29 3 11 31 15 8 24 14 8 12 8 15 21 14 14 25 22 3
split_gain=10.0732 16.7093 7.16285 9.20539 8.85035 8.79178 8.26964 7.93357 7.11767 7.04718 9.04242 6.88448 9.47472 8.41533 7.62823 8.21752 9.83803 8.48697 10.6434 7.22596 8.32436 6.8944 6.59189 6.5574 6.39761 6.22381 6.15763 6.30339 6.07644 6.41923 5.99314 9.38929 11.4909 9.02469 7.16327 7.78607 6.52898 6.40818 7.48199 7.03178 6.3762 5.98593 6.5639 5.9857 5.92239 6.26268 6.38583 5.85125 10.7034 7.43862 8.04108 7.3868 6.00714 9.1107 5.84218 5.77527 7.80309 7.45914 5.77185 5.63987 9.43065 8.1538
threshold=0.7952142357826234 -1.3079199790954588 0.52783089876174938 1.1876178383827212 1.1749159693717959 1.0574010610580447 -0.80169677734374989 0.60565108060836803 -0.1437997221946716 1.2172078490257265 1.6144516468048098 -0.57760921120643605 -0.38632380962371821 0.52586328983306896 0.68197187781333934 1.0000000180025095e-35 1.6349026560783388 0.76696833968162548 -0.15470967441797254 0.7412950098514558 -0.52837771177291859 -0.63997438549995411 0.037891048938035972 1.4401799440383913 -0.38311110436916346 -2.2773716449737544 0.083682075142860426 0.052217373624444015 0.45980474352836614 0.97058823704719555 0.038635142147541053 0.27779406309127813 0.23467507213354113 0.061857214197516448 -0.15244280546903607 -0.2830126136541366 1.368832588195801 0.20714285969734195 -0.039850447326898568 -1.132578372955322 1.8017661571502688 12.500000000000002 0.17156863212585452 0.90984526276588451 0.35504202544689184 0.070329476147890105 0.08535808697342874 0.5000000149011613 0.15181130915880206 -0.47009916603565211 -0.68501603603363026 -0.90419462323188771 -0.98990124464035023 0.069199059158563628 0.68613728880882274 0.29957246780395513 -0.63580965995788563 0.25846868753433233 -0.34251622855663294 -0.13572748005390164 0.52913048863410961 -0.056877726688981049
decision_type=2 2 2 2 2 2 2 2 2 2 2 2 2 2 2 2 2 2 2 2 2 2 2 2 2 2 2 2 2 2 2 2 2 2 2 2 2 2 2 2 2 2 2 2 2 2 2 2 2 2 2 2 2 2 2 2 2 2 2 2 2 2
left_child=1 24 4 9 11 6 25 -8 26 -4 -11 12 13 58 15 16 17 30 21 20 22 -19 -17 -16 -1 -6 -5 -28 -20 43 31 32 37 36 41 -36 -32 38 39 -13 -35 -34 -43 55 -21 -46 -47 49 -49 50 -2 -50 53 -53 -23 -30 -57 -58 -3 60 -22 -62
right_child=47 2 3 8 5 -7 7 -9 -10 10 -12 14 -14 -15 23 19 -18 18 28 44 59 54 -24 -25 -26 -27 27 -29 29 -31 33 -33 34 40 35 -37 -38 -39 -40 -41 -42 42 -44 -45 45 46 -48 48 51 -51 -52 52 -54 -55 -56 56 57 -59 -60 -61 61 -63
leaf_value=0.0008416507155867989 0.019921008404914724 0.015956307042467695 -0.0074126963911033388 0.015036983024304593 0.02243798413394792 -0.0049698196236490581 0.015944791162967372 -0.0060821120237341377 -0.0058330036607982206 0.015031137459307835 -0.0071741000222865512 -0.0067332129405067217 -0.0084238556430142886 0.021521068505187039 -0.0098183297011635688 0.017616238372763778 0.013180631091543953 -0.0098989633688814672 -0.0069126583273697037 0.017484282010287396 0.00019880615531558458 0.029889430995015596 -0.0033925154431839392 0.016967062546917034 -0.018473258700903064 -0.0046222296803758202 0.015961680259639968 -0.0088292005734437514 0.030016612583239326 -0.0080954436042755314 -0.0044444560190955032 -0.01263020495463626 0.021613175077912782 -0.015288818876252981 -0.0067782578901368637 0.040449028038253607 0.013161849783218552 -0.0095617121988122895 -0.0068713598773405028 0.03267583683396455 0.0069844003338984462 0.016900573197781894 -0.0062100067873149777 -0.010302044823144648 -0.0067358612280937428 -0.0073226806668729178 0.014501483792367388 0.014449813135852663 0.011539504837173475 0.0029267704153073666 -0.0037826881686025011 -0.01243815229822421 -0.002494765960190804 0.015629532170072624 -0.0022912879434908661 -0.010165394347094538 0.023958989391831276 -0.010236868595778601 -0.010931947880507567 -0.0029030462877855123 -0.01138186007509116 0.023576518784368061
leaf_weight=19.523126628249884 8.5215318547561747 5.1816695053130415 347.82288485812023 46.690658761188388 3.9132399922236791 49.229311655275524 105.77828032243997 14.303007846698163 44.379082212224603 26.880300919525325 29.786777853034437 3.8603336252272129 174.38114349916577 15.243415030650793 88.628805915825069 41.326033605262637 34.73703427799046 3.7962883384898332 60.381900773383677 48.33325416315347 108.94456203840673 19.994885831139985 16.93170830886811 4.4961077366024247 61.781035081017762 49.192361645400524 8.3759522233158332 24.916808675974607 10.832710532471536 18.452111853286624 145.31413923669606 36.747534367255867 12.099170343950389 106.93886165879667 2.4677222212776542 7.9477955717593414 16.79851220920682 55.29424993135035 13.523108535446225 7.6285409554839152 10.025336038321255 10.625602311454712 32.895546232350171 6.6999344341456881 27.124859160743654 12.401494944468139 45.982744852080941 84.221409797668457 58.627385340631008 561.71283802762628 301.47634633351117 9.7481268849223834 183.0912906434387 36.565828029066324 5.5231571244075885 12.164372369647021 16.999154604971416 4.588041264563798 20.417707072105259 231.50342971086502 4.229768697172406 26.859857658855617
leaf_count=968 292 134 8498 518 61 494 1749 168 599 296 286 174 4965 356 973 475 715 202 1443 577 1299 616 196 42 3491 1523 96 252 149 212 2058 1190 238 1412 57 175 147 1847 456 219 80 339 1017 61 484 166 357 1557 367 5921 3320 85 1463 285 171 153 155 49 799 2820 108 302
internal_value=5.35991e-05 -0.00109711 -0.000605194 -0.00364732 0.000321523 0.0058436 0.00897058 0.0131829 0.00339051 -0.00582611 0.00372376 -0.000498537 -0.00540733 0.00698598 0.000323501 0.000967011 -0.00131143 -0.00222 0.00366858 0.00360837 0.00166481 0.0185315 0.0117248 -0.00772645 -0.0140552 -0.000869011 0.00855029 -0.00132241 -0.00024174 0.00561038 -0.0042689 -3.54113e-05 0.00344002 -0.00699679 0.0122674 0.0306903 -0.00228083 -0.00411231 0.00752069 0.0214077 -0.0131717 0.00657069 0.000592526 0.0108228 0.00956484 0.00436985 0.00965382 0.00223315 0.00535563 0.000876796 -0.00282523 0.00249528 -1.2921e-05 0.00908554 0.02369 0.0147161 0.00656602 0.0161328 -0.00377142 -4.73656e-05 0.00461095 0.0179024
internal_weight=3604.86 2360.9 2279.59 528.852 1750.74 222.416 173.187 120.081 124.363 404.49 56.6671 1528.32 215.224 40.8428 1313.1 1219.97 656.336 621.599 159.433 563.638 429.795 29.3143 58.2577 93.1249 81.3042 53.1056 79.9834 33.2928 130.118 69.7363 462.166 183.09 146.342 279.077 66.0358 10.4155 162.113 80.3062 25.012 11.4889 116.964 55.6203 43.5211 51.2842 133.842 85.5091 58.3842 1243.96 372.254 871.711 309.998 288.033 229.405 46.314 25.518 44.5843 33.7516 21.5872 25.5994 371.538 140.034 31.0896
internal_count=59677 46387 41928 10545 31383 3995 3501 1917 1465 9080 582 27388 6254 1289 21134 20119 13335 12620 3211 6784 5200 989 671 1015 4459 1584 866 348 2222 779 9409 5712 4522 3697 1826 232 2205 2696 849 393 1492 1594 1356 567 1584 1007 523 13290 3757 9533 3612 2200 1833 370 787 506 357 204 933 4529 1709 410
is_linear=0
shrinkage=0.03


end of trees

feature_importances:
Column_11=499
Column_14=464
Column_3=398
Column_7=373
Column_21=355
Column_15=348
Column_4=346
Column_6=336
Column_8=330
Column_9=328
Column_25=303
Column_32=303
Column_26=259
Column_17=258
Column_5=250
Column_23=236
Column_20=233
Column_12=212
Column_10=206
Column_24=199
Column_16=190
Column_22=184
Column_29=140
Column_13=139
Column_18=113
Column_31=106
Column_1=100
Column_2=100
Column_0=91
Column_19=43
Column_30=37
Column_27=31
Column_34=29
Column_33=11
Column_35=11
Column_28=3

parameters:
[boosting: gbdt]
[objective: binary]
[metric: binary_logloss]
[tree_learner: serial]
[device_type: cpu]
[data_sample_strategy: bagging]
[data: ]
[valid: ]
[num_iterations: 800]
[learning_rate: 0.03]
[num_leaves: 63]
[num_threads: 0]
[seed: 0]
[deterministic: 0]
[force_col_wise: 0]
[force_row_wise: 0]
[histogram_pool_size: -1]
[max_depth: -1]
[min_data_in_leaf: 20]
[min_sum_hessian_in_leaf: 0.001]
[bagging_fraction: 0.8]
[pos_bagging_fraction: 1]
[neg_bagging_fraction: 1]
[bagging_freq: 1]
[bagging_seed: 100]
[bagging_by_query: 0]
[feature_fraction: 0.8]
[feature_fraction_bynode: 1]
[feature_fraction_seed: 200]
[extra_trees: 0]
[extra_seed: 6]
[early_stopping_round: 0]
[early_stopping_min_delta: 0]
[first_metric_only: 0]
[max_delta_step: 0]
[lambda_l1: 0]
[lambda_l2: 5]
[linear_lambda: 0]
[min_gain_to_split: 0]
[drop_rate: 0.1]
[max_drop: 50]
[skip_drop: 0.5]
[xgboost_dart_mode: 0]
[uniform_drop: 0]
[drop_seed: 4]
[top_rate: 0.2]
[other_rate: 0.1]
[min_data_per_group: 100]
[max_cat_threshold: 32]
[cat_l2: 10]
[cat_smooth: 10]
[max_cat_to_onehot: 4]
[top_k: 20]
[monotone_constraints: ]
[monotone_constraints_method: basic]
[monotone_penalty: 0]
[feature_contri: ]
[forcedsplits_filename: ]
[refit_decay_rate: 0.9]
[cegb_tradeoff: 1]
[cegb_penalty_split: 0]
[cegb_penalty_feature_lazy: ]
[cegb_penalty_feature_coupled: ]
[path_smooth: 0]
[interaction_constraints: ]
[verbosity: -1]
[saved_feature_importance_type: 0]
[use_quantized_grad: 0]
[num_grad_quant_bins: 4]
[quant_train_renew_leaf: 0]
[stochastic_rounding: 1]
[linear_tree: 0]
[max_bin: 255]
[max_bin_by_feature: ]
[min_data_in_bin: 3]
[bin_construct_sample_cnt: 200000]
[data_random_seed: 300]
[is_enable_sparse: 1]
[enable_bundle: 1]
[use_missing: 1]
[zero_as_missing: 0]
[feature_pre_filter: 1]
[pre_partition: 0]
[two_round: 0]
[header: 0]
[label_column: ]
[weight_column: ]
[group_column: ]
[ignore_column: ]
[categorical_feature: ]
[forcedbins_filename: ]
[precise_float_parser: 0]
[parser_config_file: ]
[objective_seed: 5]
[num_class: 1]
[is_unbalance: 0]
[scale_pos_weight: 1]
[sigmoid: 1]
[boost_from_average: 1]
[reg_sqrt: 0]
[alpha: 0.9]
[fair_c: 1]
[poisson_max_delta_step: 0.7]
[tweedie_variance_power: 1.5]
[lambdarank_truncation_level: 30]
[lambdarank_norm: 1]
[label_gain: ]
[lambdarank_position_bias_regularization: 0]
[eval_at: ]
[multi_error_top_k: 1]
[auc_mu_weights: ]
[num_machines: 1]
[local_listen_port: 12400]
[time_out: 120]
[machine_list_filename: ]
[machines: ]
[gpu_platform_id: -1]
[gpu_device_id: -1]
[gpu_use_dp: 0]
[num_gpu: 1]

end of parameters

pandas_categorical:null
