tree
version=v4
num_class=1
num_tree_per_iteration=1
label_index=0
max_feature_idx=35
objective=binary sigmoid:1
feature_names=Column_0 Column_1 Column_2 Column_3 Column_4 Column_5 Column_6 Column_7 Column_8 Column_9 Column_10 Column_11 Column_12 Column_13 Column_14 Column_15 Column_16 Column_17 Column_18 Column_19 Column_20 Column_21 Column_22 Column_23 Column_24 Column_25 Column_26 Column_27 Column_28 Column_29 Column_30 Column_31 Column_32 Column_33 Column_34 Column_35
feature_infos=[-3.9905214309692383:3.2175517082214355] [-3.9109416007995605:2.9676697254180908] [-3.9079253673553467:3.2470386028289795] [-3.3669755458831787:3.3159775733947754] [-3.4599771499633789:3.6952447891235352] [-3.4641015529632568:3.4048402309417725] [-3.7619295120239258:2.7283148765563965] [-4.035773754119873:4.1087937355041504] [-3.6942248344421387:3.7089192867279053] [-4.123105525970459:3.872983455657959] [-3.455817699432373:3.8223538398742676] [-3.3484282493591309:3.0333809852600098] [-4.123105525970459:3.872983455657959] [-4.123105525970459:4.123105525970459] [-4.123105525970459:3.872983455657959] [-3.779984712600708:2.8088884353637695] [-4.1142840385437012:2.4390368461608887] [-3.3166248798370361:3.6055512428283691] [-2.6457512378692627:4.123105525970459] [-3.071666955947876:2.6456985473632812] [-3.7004332542419434:3.0676600933074951] [-3.6732778549194336:3.3143525123596191] [-3.6786110401153564:2.9239792823791504] [-4.0098056793212891:2.7074906826019287] [-3.5454251766204834:2.9662940502166748] [-4.123105525970459:4.123105525970459] [-4.0441117286682129:3.7416574954986572] [1:8] [0:1] [0:1] [-51:0] [-1:1] [5:18] [0:3] [1:4] [0:1]
tree_sizes=6693 6916 6902 6909 6890 6891 6909 6907 6920 6915 6923 6911 6937 6912 6942 6901 6899 6926 6927 6951 6914 6940 6915 6937 6943 6931 6928 6946 6909 6938 6932 6952 6930 6941 6973 6938 6939 6934 6949 6971 6934 6952 6932 6956 6949 6944 6966 6907 6964 6950 6958 6942 6942 6933 6944 6955 6959 6949 6950 6967 6954 6957 6925 6931 6970 6947 6955 6979 6960 6973 6978 6987 6985 6950 6982 6965 6953 6957 6931 6980 6944 6954 6950 6960 6947 6983 6958 6962 6960 6931 6974 6957 6953 6940 6943 6972 6970 6967 6960 6971 6963 6951 6946 6959 6945 6947 6913 6981 6954 6963 6940 6971 6951 6970 6928 6986 6955 6958 6934 6979 6939 6973 6964 6956 6933 6934

Tree=0
num_leaves=63
num_cat=0
split_feature=6 23 23 17 21 4 21 4 25 32 14 21 14 17 4 7 25 32 6 14 7 21 32 4 14 7 25 5 5 2 4 32 14 8 17 32 2 4 0 6 2 20 22 9 6 32 14 17 22 9 6 16 4 2 4 7 1 6 21 23 14 2
split_gain=1803.83 385.549 286.479 174.674 160.098 77.6117 83.2738 75.939 75.478 47.9903 47.6196 50.2294 47.5718 42.3458 41.8654 43.8555 40.5466 34.942 34.3832 32.4657 28.9911 28.4926 28.2864 29.8559 27.6832 26.5623 26.2075 26.0556 24.0656 23.3635 20.3184 20.0048 21.0097 20.5926 19.1468 24.6497 17.8338 17.1619 16.4779 15.4272 15.2247 14.9545 14.7153 14.7063 14.5615 14.2735 14.1531 14.0374 13.8225 13.5961 13.4571 13.2293 13.1835 14.8531 13.1775 12.6176 12.4114 12.1498 12.0322 11.9407 11.8022 11.7878
threshold=0.78147754073143016 1.1271724700927737 0.24323514103889468 0.43828025460243231 0.78259679675102245 -0.013657241128385065 1.0396947860717776 0.44770708680152899 0.28868220746517187 12.500000000000002 1.0000000180025095e-35 0.29831467568874365 -0.96374365687370289 0.37150834500789648 -0.49190726876258845 -0.85574060678482045 0.86399954557418834 9.5000000000000018 -0.36978991329669947 -1.4402555823326109 -0.63015946745872486 -0.34389120340347284 13.500000000000002 0.051127215847373016 -0.90419462323188771 0.52100068330764782 0.46502372622489935 -0.1692342013120651 -0.3408242911100387 0.68949258327484142 0.77264773845672619 11.500000000000002 0.27779406309127813 -0.34270763397216791 -1.0000000180025095e-35 17.500000000000004 -0.16459606587886808 1.3776036500930788 -0.071802720427513109 1.201640844345093 -0.42236462235450739 -0.34313771128654474 1.0000000180025095e-35 -1.0593020915985105 1.2137548923492434 11.500000000000002 0.5448465645313264 -1.0000000180025095e-35 1.838243365287781 0.40467017889022833 -0.25670668482780451 1.0851001739501955 -0.42161579430103296 0.38654157519340521 -0.11035111173987387 -0.89266744256019581 -0.0093692927621304972 -0.84627094864845265 -0.7704004943370818 0.080329410731792464 0.58963707089424144 -0.43510070443153376
decision_type=2 2 2 2 2 2 2 2 2 2 2 2 2 2 2 2 2 2 2 2 2 2 2 2 2 2 2 2 2 2 2 2 2 2 2 2 2 2 2 2 2 2 2 2 2 2 2 2 2 2 2 2 2 2 2 2 2 2 2 2 2 2
left_child=2 3 7 10 8 51 17 13 21 43 11 45 20 18 -6 -16 22 41 -1 -19 -5 -3 36 44 55 52 29 -23 -22 39 50 32 33 -20 -17 48 -14 -9 -30 -12 -39 -7 -11 -8 -24 -2 -41 -29 -36 -31 -21 -4 -13 -54 -35 -10 -25 -45 -40 -42 -51 -27
right_child=1 4 5 12 14 6 9 37 24 42 26 25 16 -15 15 34 -18 19 31 30 28 27 23 56 -26 61 -28 47 38 49 -32 -33 -34 54 35 -37 -38 40 58 46 59 -43 -44 57 -46 -47 -48 -49 -50 60 -52 -53 53 -55 -56 -57 -58 -59 -60 -61 -62 -63
leaf_value=-2.5841005413777123 -2.5327401845287083 -2.5408449177426391 -2.5746479246708183 -2.5467668933952186 -2.5468210076638602 -2.5578769769787879 -2.5533833155641266 -2.563980234628862 -2.5665706191827327 -2.5219467792850536 -2.5614810539362494 -2.5725689454505001 -2.5661299178854855 -2.5644599475687939 -2.5651821704848823 -2.5235470258742243 -2.5497115367102645 -2.5348868462320859 -2.5699099922500985 -2.5704148676021967 -2.5562238068707765 -2.5460233910608361 -2.5480840842307986 -2.5564658489377385 -2.5628493119744862 -2.5626588666651124 -2.5737133159509429 -2.5395486508884093 -2.5604979244659609 -2.553983394068398 -2.546214736419194 -2.5769779881869423 -2.5742534746238617 -2.5662339122492566 -2.4519431058964978 -2.5270692450699723 -2.496397991725281 -2.5694432330194026 -2.5502392459073975 -2.5276332642658783 -2.5260942525849552 -2.5174103134305446 -2.5500808528691938 -2.562237305826363 -2.5234018360656947 -2.5609662740828649 -2.5616674163030853 -2.4845405205709952 -2.549454264509281 -2.4990797969163694 -2.5594455862173557 -2.5399378456759907 -2.5462342655838843 -2.5075534299098661 -2.5176744747200588 -2.516290936773466 -2.5018694212228527 -2.4843420740777473 -2.4741257894598934 -2.5665684400642039 -2.5503956939089099 -2.5037145209167426
leaf_weight=1029.298666022718 15.596444204449652 20.661955997347832 194.2890378460288 11.330750063061712 7.9981765151023856 12.263870656490324 4.732254438102248 121.57228302955627 3.8657853156328228 19.72883540391922 142.96740520745516 6.6651470959186545 2.5327558964490882 164.76243621110916 3.3992250189185134 11.930613301694391 59.786369450390339 40.724048756062984 14.929929494857786 161.49651413410902 4.6656029671430579 11.064144179224966 71.850285694003105 4.7322544381022444 37.191520795226097 2.6660588383674613 61.186050340533257 9.0646000504493696 2.1328470706939688 16.06300450116396 64.052063591778278 614.79316812753677 42.456987001001835 4.9322088509798041 90.91260638833046 10.064372114837168 46.189469374716282 11.797310359776018 3.2659220770001403 21.928333945572376 26.793891325592995 22.261591300368309 68.317757733166218 1.5329838320612967 31.259539879858494 71.850285694003105 17.462685391306877 65.18513859808445 2.3994529545307151 9.3978574052453059 255.00852788984776 6.2652382701635352 40.257488459348679 9.0646000504493696 15.863050088286402 20.262047171592712 33.592341363430023 21.128516294062134 41.59051787853241 6.2652382701635352 8.398085340857504 42.257032588124275
leaf_count=15443 234 310 2915 170 120 184 71 1824 58 296 2145 100 38 2472 51 179 897 611 224 2423 70 166 1078 71 558 40 918 136 32 241 961 9224 637 74 1364 151 693 177 49 329 402 334 1025 23 469 1078 262 978 36 141 3826 94 604 136 238 304 504 317 624 94 126 634
internal_value=-2.55916 -2.52597 -2.57136 -2.53727 -2.49691 -2.55696 -2.55207 -2.57747 -2.51819 -2.52945 -2.5491 -2.53767 -2.5201 -2.57918 -2.47144 -2.46706 -2.52715 -2.55699 -2.58057 -2.55905 -2.49652 -2.50333 -2.52049 -2.52921 -2.54616 -2.52376 -2.55711 -2.49577 -2.48757 -2.55219 -2.56133 -2.57517 -2.56077 -2.54487 -2.46405 -2.45914 -2.50033 -2.55807 -2.4817 -2.55676 -2.5432 -2.52979 -2.54211 -2.49767 -2.53929 -2.55477 -2.54129 -2.48959 -2.45383 -2.53105 -2.56378 -2.57312 -2.54022 -2.53502 -2.52831 -2.52422 -2.50751 -2.4892 -2.47821 -2.53372 -2.51604 -2.5072
internal_weight=3997.96 1072.69 2925.27 778.689 294 871.801 671.247 2053.47 167.295 115.44 465.76 188.357 312.929 1887.04 126.704 118.706 249.943 555.807 1722.27 521.281 62.9856 105.976 190.157 141.434 61.3194 100.91 277.403 85.3139 51.6549 216.217 480.557 692.975 78.1822 35.7252 115.307 103.376 48.7222 166.429 46.9893 182.358 44.8564 34.5255 88.0466 27.3938 103.11 87.4467 39.391 74.2497 93.3121 33.8589 416.505 200.554 55.9872 49.3221 20.7953 24.1278 38.3246 22.6615 44.8564 33.0591 17.7959 44.9231
internal_count=59983 16094 43889 11683 4411 13080 10071 30809 2510 1732 6988 2826 4695 28312 1901 1781 3750 8339 25840 7821 945 1590 2853 2122 920 1514 4162 1280 775 3244 7210 10397 1173 536 1730 1551 731 2497 705 2736 673 518 1321 411 1547 1312 591 1114 1400 508 6249 3009 840 740 312 362 575 340 673 496 267 674
is_linear=0
shrinkage=1


Tree=1
num_leaves=63
num_cat=0
split_feature=15 6 6 23 17 15 20 4 32 21 11 15 11 21 4 14 20 4 21 25 20 31 4 21 0 17 11 30 6 23 21 15 25 32 21 14 17 11 4 4 15 23 11 20 4 9 14 13 4 16 12 32 18 24 11 23 24 11 23 25 25 8
split_gain=1890.15 391.628 255.037 138.851 97.7494 96.5225 86.2282 68.0715 60.3949 53.7934 44.6013 39.5301 38.1657 40.0466 31.0307 30.6943 27.7476 27.4486 27.0194 23.3928 23.1257 22.0444 22.0202 21.6566 21.4388 20.7351 20.6295 21.0385 18.8003 17.74 18.5192 17.3594 17.2916 17.2639 17.0259 16.8068 16.5985 16.5852 15.9338 15.4093 15.1253 14.9584 14.8226 14.6131 14.3946 13.3363 18.5401 14.1028 13.314 13.7511 14.2098 12.7397 12.9717 12.2977 12.0402 11.7996 11.6007 11.5878 11.5752 11.4286 11.3912 11.3479
threshold=0.75143995881080639 0.20169790089130404 0.78147754073143016 1.1380447745323183 0.16906858980655673 0.045292682945728309 0.64915120601654064 1.2038460373878481 12.500000000000002 0.2371373847126961 0.39533019065856939 1.0424850583076479 0.65716460347175609 0.36169257760047918 1.4110732674598696 0.33340992033481603 -0.25123439729213709 0.41867727041244512 -1.1259989738464353 2.137098073959351 -0.73122763633728016 -0.35714286565780634 -0.22717346251010892 -0.20897042751312253 0.4661202877759934 -0.11205464601516722 -1.0971202850341795 -5.5777776241302481 -0.39866860210895533 0.42008206248283392 0.2874405980110169 -0.078267596662044511 0.59866327047348034 11.500000000000002 -0.7704004943370818 0.21859091520309451 -1.0000000180025095e-35 -0.024152327328920361 -0.027378956787288185 -0.73874974250793446 1.2732324600219729 -0.49134655296802515 0.049944764003157623 -1.1593247056007383 2.3550682067871098 -0.79208737611770619 -0.91759115457534779 2.3331983089447026 0.55493766069412243 -0.1247006058692932 0.77505582571029674 15.500000000000002 -0.45506182312965388 -0.012708995025604962 0.15361523628234866 1.1271724700927737 0.63265520334243786 -0.153936892747879 0.52628731727600109 -0.26728245615959162 1.7691885232925417 -1.9191123247146604
decision_type=2 2 2 2 2 2 2 2 2 2 2 2 2 2 2 2 2 2 2 2 2 2 2 2 2 2 2 2 2 2 2 2 2 2 2 2 2 2 2 2 2 2 2 2 2 2 2 2 2 2 2 2 2 2 2 2 2 2 2 2 2 2
left_child=1 5 8 9 7 17 19 12 15 18 40 42 29 33 35 20 55 37 -4 34 -2 -18 -12 -10 -9 -20 -13 -28 -16 -3 59 -23 54 -14 -5 -7 -36 -1 -15 -29 -11 -22 -8 -38 -19 -25 -47 -48 49 -40 -51 52 -32 -37 -33 -6 -24 -45 -56 -31 -27 -41
right_child=2 4 3 6 16 14 11 24 23 10 22 26 13 38 28 -17 21 44 25 -21 41 31 56 45 -26 60 27 39 -30 30 51 32 -34 -35 36 53 43 -39 48 61 -42 -43 -44 57 -46 46 47 -49 -50 50 -52 -53 -54 -55 58 -57 -58 -59 -60 -61 -62 -63
leaf_value=-0.025153103407394364 0.0059121156418184898 -0.013862263608954012 -0.011718555942918377 0.0028886552693261711 -0.0023032958172651491 0.0025267207580624562 7.6822292532438612e-05 0.010656657207021969 -0.0062965411253066211 0.021435186561482567 0.015773734612980234 0.0028809112800589542 0.020088273922860257 -0.0027282342621104821 -0.004416578764415249 0.0063788767511310457 0.0083296872905081649 -0.010186291674761051 -0.0030699304026870823 0.020031782768584798 -0.0025886641884032648 0.0055514360520461555 0.0024801681530600955 -0.0037287437203265927 0.051811370817907015 0.036622772840753846 0.016729561321904823 0.0049323337088201698 0.052736179819856684 0.010354703598661735 0.032913692038418992 0.023060581531640933 0.0067469104518607693 -0.006333669173316913 0.0064619561742632545 -0.015093116074398149 -0.00068371983285639014 -0.018299815272861859 -0.0020884721537849519 0.0087263905568953047 0.047791923897850863 0.068996792208426791 0.052896475804700228 0.012611803964293225 0.027135532779107407 0.041113830706689725 0.0081899191613401014 0.050174416045624053 -0.0060678338544328039 0.050937998094434771 0.00093127298033323334 -0.0041700093484362604 0.0045533919657167387 0.0030869647919428223 0.017235705409204924 0.025533743895302198 0.065685107028148532 0.070009839367765406 0.055477937081340536 -0.01635486913880195 0.0085059726834204163 0.11251325929665631
leaf_weight=969.87416403740644 8.6441287845373136 272.2477957457304 15.930849000811575 5.5475993752479544 71.269583106040955 123.65816901624203 6.4359672665596035 27.359927013516426 65.790545590221882 78.271851547062397 13.315452657639979 2.1359015181660643 21.544460758566856 13.641330249607561 7.2319606393575659 18.548796311020851 68.265157356858253 120.20148476213217 16.933876678347588 28.418939650058746 2.454350382089614 25.382774814963341 3.0847594588994971 30.032802760601044 19.728416435420513 81.261126480996609 4.3948666006326667 1.7524535208940495 8.5346929058432561 13.548090398311613 15.857699722051619 47.17137822508812 20.616104111075401 134.02306950092316 6.1200119256973258 157.87070591747761 2.9455512017011634 596.6828066855669 6.2961009293794623 1.8518513068556774 33.300913207232952 30.631764836609364 13.767474986612795 5.9155167266726485 5.2826493307948104 20.888983272016048 102.67110387980938 3.1408293768763533 5.7139152735471717 31.511122927069664 6.1663896664977065 82.721853971481323 54.647833354771137 40.24832458794117 15.206753544509409 11.781222343444822 109.19811230897903 63.611921370029449 45.314503841102123 87.782336704432964 19.514948144555092 67.48258700966835
leaf_count=14813 130 4119 237 82 1058 1866 91 406 991 1147 196 30 321 205 107 277 1007 1802 254 416 37 376 45 451 290 1196 62 26 126 203 233 696 305 2018 90 2393 43 9092 94 26 483 452 195 83 78 311 1542 47 84 464 91 1230 809 607 227 173 1589 901 659 1316 289 944
internal_value=4.37217e-05 -0.0108165 0.0391902 0.0505085 0.00360942 -0.0186091 0.0702347 -0.00196399 0.0154563 0.0385313 0.0471794 0.0916124 -0.00425324 0.00617897 -0.00389357 0.0409023 0.0178941 -0.0215246 0.0220356 0.0485499 0.0539232 0.0233282 0.0598022 0.00781592 0.0312174 0.0268952 0.101989 0.10444 0.0317694 -0.00860533 -0.00282434 0.0295178 0.0338729 -0.00216291 0.0565182 -0.00610037 0.0599045 -0.0226093 0.0253296 0.108407 0.0310143 0.0640438 0.0394237 0.0637092 -0.00763552 0.0137513 0.017879 0.0116439 0.0325778 0.0377062 0.0438217 0.00374337 0.0126892 -0.0114147 0.038536 0.00287125 0.0641284 0.0663001 0.0479176 -0.0124648 0.0318375 0.110515
internal_weight=3991.38 3127.38 863.996 581.193 1097.8 2029.58 210.381 792.79 282.803 370.812 237.171 97.8211 745.702 218.896 337.544 60.279 305.007 1692.04 133.641 112.56 41.7302 221.957 125.598 222.524 47.0883 117.71 77.6177 75.4818 15.7667 526.806 254.558 153.692 128.309 155.568 84.1406 321.777 78.593 1566.56 63.3289 71.0869 111.573 33.0861 20.2034 72.473 125.484 156.734 126.701 105.812 49.6875 43.9736 37.6775 153.227 70.5055 198.119 107.693 83.0508 112.283 69.5274 60.5213 101.33 100.776 69.3344
internal_count=59931 47268 12663 8425 16384 30884 2989 11883 4238 5436 3460 1374 11187 3277 5099 896 4501 25785 1976 1615 619 3270 1830 3342 696 1739 1088 1058 233 7910 3791 2263 1887 2339 1199 4866 1117 23905 938 996 1630 489 286 1027 1880 2351 1900 1589 733 649 555 2272 1042 3000 1582 1231 1634 984 886 1519 1485 970
is_linear=0
shrinkage=0.03


Tree=2
num_leaves=63
num_cat=0
split_feature=15 3 3 6 32 6 15 23 6 15 32 11 8 15 7 24 3 3 15 7 3 15 8 3 11 31 32 7 11 19 7 6 9 22 13 32 15 20 32 13 31 8 9 31 22 23 3 3 1 13 0 8 11 27 22 11 22 25 30 12 12 23
split_gain=1771.65 446.027 314.258 161.025 116.219 99.9567 71.6858 66.766 65.1854 43.4653 35.1465 32.7755 30.1118 29.6438 27.3915 24.1156 23.1243 23.0753 22.1801 21.7774 20.9492 23.1754 20.2432 20.1736 19.2907 18.7563 17.4719 16.7319 20.0581 16.5809 15.9374 18.0685 15.6545 21.5435 14.7523 14.5368 14.3699 13.2216 12.7874 12.6035 11.9878 11.7152 11.7083 11.65 14.9672 12.9864 12.8891 11.443 11.3266 13.1725 12.5193 11.2923 11.0445 10.6892 10.3967 10.0553 11.8156 10.1576 9.84718 10.2879 9.83347 9.81985
threshold=0.49782355129718786 1.1233904361724856 0.45097060501575476 0.78147754073143016 12.500000000000002 0.23237492889165881 0.89735013246536266 0.24323514103889468 0.57974433898925792 1.2087481617927553 11.500000000000002 -0.2511975616216659 0.36044721305370336 0.045292682945728309 -0.92921462655067433 1.1362311244010928 0.36374594271183019 1.0000000180025095e-35 -0.34570795297622675 0.29886732995510107 1.2413458824157717 0.023382865823805336 -0.024969761259853836 -0.36640575528144831 -0.011559306178241966 -1.0000000180025095e-35 14.500000000000002 -0.82052889466285694 0.83979991078376781 1.0282500982284548 -0.55664002895355214 1.3410488963127138 1.0005955696105959 -0.48128026723861689 0.17026471346616748 15.500000000000002 0.7943515181541444 -0.85677713155746449 15.500000000000002 -1.4129933714866636 -1.0000000180025095e-35 -0.024969761259853836 -0.46155804395675654 -0.35714286565780634 -1.0000000180025095e-35 0.36801271140575414 0.59097614884376537 1.8322706222534182 -0.40399977564811701 1.1634905934333803 1.3657176494598391 -0.44902868568897242 1.6002532839775088 2.5000000000000004 -0.085836593061685548 0.79166421294212352 1.3995094895362856 -0.0082805575802922231 -3.3666666746139522 -0.49749347567558283 0.98222357034683239 1.4392973184585574
decision_type=2 2 2 2 2 2 2 2 2 2 2 2 2 2 2 2 2 2 2 2 2 2 2 2 2 2 2 2 2 2 2 2 2 2 2 2 2 2 2 2 2 2 2 2 2 2 2 2 2 2 2 2 2 2 2 2 2 2 2 2 2 2
left_child=2 4 7 25 12 20 -5 13 22 16 19 -8 17 24 -11 27 -10 -2 -9 -7 21 -4 -6 -14 -1 26 41 -12 -29 43 -20 55 33 -25 53 -18 -19 -13 54 -39 -37 -3 -33 46 -45 -46 -16 -27 -35 50 -50 -21 61 -17 -22 56 -32 -57 -42 -60 -38 -47
right_child=1 3 5 6 8 10 11 18 9 14 15 37 23 -15 29 34 35 36 30 51 38 -23 -24 32 -26 47 -28 28 -30 -31 31 42 -34 48 -36 40 60 39 -40 -41 58 -43 -44 44 45 52 -48 -49 49 -51 -52 -53 -54 -55 -56 57 -58 -59 59 -61 -62 -63
leaf_value=-0.025560925008030668 0.0021914703555537224 0.00057214170031179995 -0.017652903281095207 0.037011762213100027 -0.012338106948276069 0.015662806280908114 0.025829337395622959 -0.019000572095262437 0.0018221686513098152 -0.0069315885909631749 -0.014503837852069035 0.023363812452715134 0.020479947604704531 -0.0087333761463172406 0.0048729676408434128 0.0027592463576897636 0.030592696433727768 0.013675383705516651 -0.014796198982482529 0.016194614775590605 -0.0034905871977499656 0.0028386409263629698 0.0055443924300954961 0.013509583215209776 -0.017827797714236027 0.023200389576451829 -0.0070495728032449276 0.0040514211529213123 0.025636922069950534 -0.0058059977479166724 -0.0084783443836845118 -0.009187508385865335 0.0034541912787248844 0.0023000995295592874 0.0084577396217045808 -0.0023182738045259663 0.050347520556760027 0.0047899126015234304 -0.0057486259046342176 0.081891571416393069 -0.0058418645630255884 0.042682175364719653 0.037078627645860951 0.017257006811857451 -0.0058064302231497491 0.063039676759802377 0.037974499349750175 0.059972061938292465 0.083000881494241854 0.0020167635707464574 0.00039375926479715424 0.072203937788882372 0.001439096882405426 0.044505465218172315 0.029792348862815666 0.023281951064271063 0.017338022749803506 -0.0020388438676292881 -0.0073239501440263101 0.028831912625974305 0.004500689681882857 0.0026761598250326221
leaf_weight=946.86447151005268 29.164490573108196 9.9330142959952372 158.18868108838797 72.026893734931946 90.207536213099957 25.841531351208687 17.31289916485548 142.63693198561668 131.2690129801631 13.141223981976507 24.262522205710411 8.6562984287738782 21.31494677066803 154.75464128702879 23.42534913122654 7.2794287055730811 56.57643236964941 27.173453696072102 105.29587179422379 8.2114208117127436 11.031944915652273 69.618729762732983 137.12759720534086 8.9788264483213407 509.81902506947517 47.592444077134132 28.686881430447102 146.17023923248053 48.997561775147915 6.7088290825486174 189.26500575989485 4.5664778798818615 4.5262219980359069 2.261986479163169 28.326466999948025 37.257789842784405 34.621349535882473 2.5737827345728865 31.632364861667156 196.29210199415684 10.129798851907251 10.342990599572657 12.011206172406672 19.378603138029575 2.2170641571283332 47.235148698091507 17.302741959691048 9.7481887713074666 39.264843516051769 2.3169783875346175 1.7647767066955555 14.325797289609907 3.3240294009447089 32.578553482890129 21.283692799508572 17.868271224200726 12.747772283852099 35.975013107061386 6.2369226887822142 42.695528037846088 5.8782306462526313 3.0204111114144316
leaf_count=14746 425 147 2443 1025 1359 379 240 2169 1924 192 363 124 309 2360 330 105 811 399 1588 120 169 1056 2059 130 7878 706 429 2178 725 95 2843 67 64 33 412 540 489 36 485 2654 147 151 175 276 32 658 241 144 555 33 25 207 47 466 325 268 190 536 90 616 83 41
internal_value=0.000246858 0.0301565 -0.01309 0.055853 0.0173308 0.00553229 0.0671389 -0.0185738 0.0112667 0.0182045 0.016578 0.0757752 0.0385561 -0.021593 0.0319484 0.0121681 0.0111998 0.0251248 -0.00910744 0.0391994 -0.00725322 -0.0114641 -0.00166428 0.0523107 -0.0229247 0.0227359 0.00789316 0.00700604 0.00997556 0.0362238 -0.00517221 -0.0012529 0.0612958 0.0653996 0.027167 0.0189383 0.0341775 0.0792363 0.00749124 0.0810356 0.0109209 0.0262469 0.0251584 0.0387961 0.0462128 0.0540231 0.0215502 0.0337604 0.0732711 0.0763537 0.0798765 0.0584428 0.0567831 0.0380386 0.0194849 -0.0034136 -0.00646981 0.00762834 0.0188015 0.0239717 0.044919 0.0599822
internal_weight=3987.24 1227.69 2759.55 403.165 824.52 627.749 296.862 2131.8 647.254 419.919 335.994 224.835 177.266 1611.44 135.753 287.615 284.165 96.8375 520.367 48.3787 291.755 227.807 227.335 80.4286 1456.68 106.304 48.9629 219.43 195.168 122.612 377.73 272.434 59.1136 54.5874 68.1844 152.896 67.673 207.522 63.948 198.866 96.32 20.276 16.5777 115.903 75.1753 55.7967 40.7281 57.3406 45.6086 43.3466 41.0296 22.5372 53.5796 39.858 32.3156 255.856 202.013 53.8433 59.0622 48.9325 40.4996 50.2556
internal_count=59912 17659 42253 5656 12003 9433 4079 32820 9458 6040 4955 3054 2545 24984 1912 4249 4128 1396 7836 706 4478 3499 3418 1149 22624 1577 727 3266 2903 1720 5667 4079 840 776 983 2204 971 2814 979 2690 1393 298 242 1625 1054 778 571 850 646 613 580 327 746 571 494 3837 3033 804 853 706 572 699
is_linear=0
shrinkage=0.03


Tree=3
num_leaves=63
num_cat=0
split_feature=15 23 6 15 21 21 15 32 6 21 4 11 11 17 4 4 4 7 17 17 11 24 11 24 32 9 24 15 22 8 17 11 32 4 7 21 11 26 32 4 12 17 26 32 2 25 8 11 6 25 5 23 11 24 2 8 21 15 21 25 23 8
split_gain=1653.52 352.961 198.482 110.733 98.856 91.5511 77.2104 76.9119 56.7459 55.6523 47.5742 45.9501 40.8779 40.6192 38.5779 32.295 28.5186 27.5639 25.4237 24.8615 33.6352 28.7893 24.1205 24.0096 23.1773 22.7851 21.9154 20.2177 19.8675 19.7986 18.7688 17.6265 16.7564 16.3493 16.1171 15.7155 15.6427 15.4621 14.5976 13.9206 12.9808 12.8939 12.8351 12.3127 12.0821 12.3799 18.1517 17.7363 11.9674 11.9176 11.9964 11.7702 11.5564 11.4395 11.3818 11.3088 11.1638 11.0233 10.9674 16.6388 12.0314 10.681
threshold=0.75143995881080639 0.24323514103889468 1.2619948983192446 0.023382865823805336 -0.020768465474247929 0.78259679675102245 -0.078267596662044511 10.500000000000002 0.5097789764404298 1.4334087371826174 1.938448488712311 0.80327495932579052 1.0000000180025095e-35 -0.54403159022331227 -0.45278035104274744 1.0970341563224795 1.2038460373878481 -0.92921462655067433 0.080233335494995131 1.1437456011772158 0.30287615954875952 1.351335942745209 1.2010232806205752 0.33532483875751501 13.500000000000002 0.78183287382125866 0.47050340473651892 0.9193224608898164 0.16996593028306964 1.7795041203498843 0.31026449799537664 0.036560259759426124 11.500000000000002 -1.0000000180025095e-35 0.21313384920358661 1.4086498618125918 0.86423179507255565 1.0021815299987795 14.500000000000002 -0.73874974250793446 1.1342283487319949 0.20163828134536746 0.84534144401550304 12.500000000000002 -0.031009424477815625 0.27829262614250189 -1.4846445918083189 -0.62722161412239064 1.1021810770034792 3.1635932922363286 -0.22352393716573712 0.59892481565475475 -0.52252739667892445 0.97124853730201732 -0.12336368858814238 -0.048087324947118752 -0.43088333308696741 0.71048474311828624 -0.60775944590568531 -0.49997358024120325 -0.47591464221477503 0.037891048938035972
decision_type=2 2 2 2 2 2 2 2 2 2 2 2 2 2 2 2 2 2 2 2 2 2 2 2 2 2 2 2 2 2 2 2 2 2 2 2 2 2 2 2 2 2 2 2 2 2 2 2 2 2 2 2 2 2 2 2 2 2 2 2 2 2
left_child=1 3 4 15 22 17 41 13 36 10 11 18 -7 -6 -14 31 30 -4 34 20 35 37 43 -20 25 -11 56 -19 38 49 32 -1 -5 -24 -8 -10 -9 -21 53 -15 -41 -3 -35 -2 -29 46 -46 -48 -26 50 -16 -30 -50 55 -22 -28 -13 -53 -33 60 -60 -25
right_child=2 6 5 16 7 12 9 8 19 24 -12 26 14 39 29 -17 -18 27 23 21 54 -23 33 61 48 -27 28 44 51 -31 -32 58 -34 42 -36 -37 -38 -39 -40 40 -42 -43 -44 -45 45 -47 47 -49 52 -51 -52 57 -54 -55 -56 -57 -58 -59 59 -61 -62 -63
leaf_value=-0.024480375091025217 0.015819354773325345 -0.012580304624413948 0.0028561800313837665 0.01058481374005129 -0.013383108830616365 0.037802799751571255 -0.013364797195344056 0.0017743218722331784 0.0038997202343009478 0.069320585993488532 0.042771999050766681 -0.010187551805928641 0.0033977258650203027 -0.00052397600338901021 0.0300866411177746 0.003730075092790895 0.031019668454018951 0.0066372188277824245 -0.0085864898982486604 0.056506436880188783 -0.0011361216335039465 -0.0077596703212183286 -0.0092176203449273481 0.006694713696978727 0.0064582006920616223 -0.002602954354644645 -0.0064187322688598744 0.0021461726760463027 -0.00024732345944659191 0.00927484322916209 0.0078632456058666117 -0.021046233594854795 -0.012190977053355222 0.036366103222278547 0.00013798778279554418 0.031519724517571346 0.027755040305718588 0.0066703881364243251 0.0060637310174574115 0.084274066908615011 0.0066399588161953505 0.0016780179337228238 -0.0018713335356435419 -0.0054540877181358718 0.0051578106450844126 0.030593297647032416 -0.0089306787082129666 0.064787377148007558 0.0012658786300273111 0.006544962221643873 0.098212268794030722 0.056577805353193476 0.052228927791850274 0.038227329440495644 0.04063636415544912 0.026591191360319007 0.010266196272853492 -0.0074739897707762713 -0.0075826802601323311 -0.014108932799644876 0.031609992871741766 0.025232860806494457
leaf_weight=1076.9374894239008 26.922328181564808 262.1445896551013 18.255014911293983 30.246247850358486 3.4962334111332884 34.339720472693443 163.48696655780077 79.683741316199303 62.953910939395428 16.040370799601082 23.868118271231651 37.580777175724506 5.3603537529706946 1.9543232768774021 8.0937311425805074 42.791665181517601 16.950676970183849 14.464867219328879 56.178551025688648 79.269735269248486 5.922346517443656 6.3722441270947447 9.756030507385729 74.246297337114811 35.479400619864464 4.4501973167061797 16.237311705946926 5.7384027466177931 4.705597490072253 3.888545759022235 78.172800615429878 264.96555049717426 188.47571209073067 37.033295199275017 150.54001577198505 22.364188857376575 23.62925361841917 7.5461402609944335 84.203835114836693 37.438403844833374 2.9729116410017005 71.207908049225807 9.1464765667915326 100.1694825142622 6.4479815661907187 46.513602808117867 1.8885755911469448 62.791119322180748 6.0365651398897162 2.2205598205327979 79.069666892290115 18.381636403501037 8.5958995819091779 27.850880607962608 103.72220012545586 12.992841698229311 50.20906163007021 1.4926940947771061 11.286979444324972 177.91173865646124 8.8031115904450399 45.665076419711113
leaf_count=17116 380 4005 257 458 49 456 2468 1174 894 226 339 569 73 27 102 650 248 201 846 1068 84 85 143 1065 523 63 236 79 69 50 1177 4164 2903 534 2246 313 346 102 1226 499 40 1067 133 1474 85 646 26 813 86 29 981 261 119 398 1417 187 752 21 177 2784 137 657
internal_value=0.000161143 -0.010377 0.035576 -0.0183579 0.0256572 0.0560639 0.00256537 0.0333404 0.0283387 0.00741339 0.00495943 0.00346849 0.0746719 0.0690507 0.0850649 -0.0215769 -0.00204071 0.0383872 -0.00191204 0.0351028 0.0276711 0.0484501 0.00690051 0.00708845 0.032002 0.0562535 0.0137009 0.042828 0.019962 0.0893466 -0.00441073 -0.02229 -0.00887523 0.0224187 -0.00699104 0.0124838 0.00872344 0.0527738 0.0146211 0.0765482 0.0799227 -0.00955478 0.0293498 -0.000519434 0.0466472 0.0486419 0.0576602 0.0621485 0.0178817 0.0921542 0.0938618 0.0430006 0.0368813 0.0257395 0.0384289 0.00999512 0.00143327 0.0512317 -0.0169876 -0.0111717 0.0124678 0.0144819
internal_weight=3977.56 3068.14 909.425 1896.54 620.353 289.072 1171.59 437.326 391.464 838.242 767.64 743.772 132.973 45.8619 98.6329 1582.7 313.845 156.1 490.117 288.151 194.963 93.1881 183.028 176.09 70.6024 20.4906 253.655 137.845 165.865 93.2725 296.895 1539.9 218.722 55.9358 314.027 85.3181 103.313 86.8159 141.285 42.3656 40.4113 333.352 46.1798 127.092 123.38 117.641 71.1277 64.6797 50.1119 89.384 87.1634 24.5799 14.6325 57.081 109.645 29.2302 87.7898 19.8743 462.967 198.002 20.0901 119.911
internal_count=59803 47243 12560 29814 8762 3798 17429 6098 5483 12357 11340 11001 1691 615 1235 25028 4786 2107 7282 3963 2708 1255 2664 2568 1017 289 3719 1850 2398 1162 4538 24378 3361 810 4714 1207 1520 1170 2047 566 539 5072 667 1854 1649 1570 924 839 728 1112 1083 351 205 821 1501 423 1321 282 7262 3098 314 1722
is_linear=0
shrinkage=0.03


Tree=4
num_leaves=63
num_cat=0
split_feature=15 3 3 6 15 6 21 23 14 3 4 4 14 4 23 8 21 4 14 4 3 4 3 21 15 5 14 3 9 3 14 21 5 8 9 23 31 14 6 22 22 9 9 9 9 16 0 4 1 12 1 3 12 21 5 25 25 26 14 9 24 12
split_gain=1444.4 410.949 345.698 105.587 90.8382 75.0281 67.2774 48.202 41.6114 40.5353 38.9647 36.5196 29.5073 26.9165 26.4084 28.0645 24.9431 24.5478 23.3934 22.4307 22.3025 22.0613 21.3793 18.7683 20.6677 18.5552 18.4621 16.9282 16.6426 16.1433 14.8083 16.4321 14.1033 13.6755 17.1343 14.6494 17.5305 13.6503 13.5953 13.1512 12.935 12.5802 12.5174 12.3228 12.2904 11.9325 11.5652 11.561 11.1488 11.0442 10.9874 10.7077 11.9264 10.6591 10.578 10.5613 10.552 10.5437 10.512 10.3831 11.2872 10.5401
threshold=0.75143995881080639 0.46336124837398535 1.1403037309646609 0.23237492889165881 0.045292682945728309 0.78147754073143016 0.2371373847126961 0.32269875705242163 -0.91759115457534779 1.4865180850028994 1.4478222131729128 1.7077614068984988 0.21859091520309451 -0.34301725029945368 0.96773624420166027 -0.40614736080169672 0.092866279184818282 -0.063147414475679384 -0.74262171983718861 0.86763000488281261 -0.22708977013826367 0.49326249957084661 0.26302735507488256 -0.13108481466770169 1.0424850583076479 0.22352172434329989 0.36930915713310247 0.98388406634330761 -2.1104872226715083 0.13018609583377841 -0.3753096312284469 0.90575578808784496 -0.9593805968761443 -0.54912319779396046 -1.6834553480148313 0.4783340990543366 -0.78571429848670948 1.0000000180025095e-35 0.49781689047813421 0.20979528129100802 0.049207415431737907 -1.4138459563255308 -1.1543081998825071 -1.4825731515884397 -0.97249707579612721 0.59316864609718334 -0.12465076521039008 -0.6638805866241454 0.62152117490768444 -0.14245563000440595 1.0000000180025095e-35 0.99762001633644115 0.91708901524543773 -1.1259989738464353 0.9883096218109132 1.0590570569038393 3.1635932922363286 -0.69161629676818837 -1.6036509275436399 1.1550969481468203 0.83990216255187999 -1.2183021306991575
decision_type=2 2 2 2 2 2 2 2 2 2 2 2 2 2 2 2 2 2 2 2 2 2 2 2 2 2 2 2 2 2 2 2 2 2 2 2 2 2 2 2 2 2 2 2 2 2 2 2 2 2 2 2 2 2 2 2 2 2 2 2 2 2
left_child=1 4 6 10 7 16 17 21 14 11 12 28 27 -7 47 -16 -4 -2 20 44 -9 -1 26 -15 -25 29 45 -3 -5 -19 31 -30 -26 -11 -35 -36 -37 40 -24 53 51 -22 -18 -29 -6 -10 -34 -8 -12 -49 -51 52 -31 -27 -14 -32 -48 -17 -23 60 61 -44
right_child=2 3 5 9 19 13 8 18 22 33 48 -13 54 23 15 57 42 25 -20 -21 41 58 38 24 32 39 -28 43 30 37 55 -33 46 34 35 36 -38 -39 -40 -41 -42 -43 59 -45 -46 -47 56 49 -50 50 -52 -53 -54 -55 -56 -57 -58 -59 -60 -61 -62 -63
leaf_value=-0.023404557869211483 -0.012624748697845824 -0.0039957472340904484 -0.0029453020946186475 -0.0184357076710201 -0.019857982192558309 0.025004216852837911 -0.013429454666294924 -0.0062463699032015759 0.027488764138895692 0.019623871609269882 0.047427293464345217 0.049943144995473226 -0.01451208706470037 0.034503479931763233 0.0065593217662518848 0.017984557527095275 -9.4578624221758011e-05 -0.0038470703138091733 -0.012978926654555438 0.014779324035262735 -0.011996200652362884 0.022105720379208355 0.0062144959795486137 0.044830339269549407 0.0084836345691584204 -0.0048659296264431237 -0.014301628026715528 -0.0094698438592614037 0.011146796996728844 0.043556047314769704 0.010696218229743964 0.047282516501877543 0.00027502526938973082 -0.0068467848683526284 0.011055565137201382 -0.0019856503749814012 0.06791881465379139 0.0021956222061447349 0.029339855721815026 -0.0083866540419389388 -0.0075238842839252485 0.039217740651371132 -0.0032194244369838825 0.028102066752134908 -0.0052170708669943104 -0.00058392022148859833 0.079089591779015006 0.0053927823763317536 -0.0094233029325780544 0.046085610460320239 0.0043331381725726856 -0.0038603748313891231 -0.0013438505699009586 0.040969508083350911 0.011219161380998644 -0.0067715241080902261 0.003068533958283326 0.079516819278455581 -0.010554896401705675 -0.0047574558712766704 -0.0086074586566150888 0.05356176375873771
leaf_weight=1344.1137552782893 45.65929264575243 54.887965891510248 19.851673737168312 13.084137715399264 56.214147195219994 23.802861377596855 3.5237369239330283 35.739129632711411 26.704354651272297 42.434743963181973 10.927829995751379 17.697265818715096 212.4743169657886 30.899659790098667 8.3124111220240575 6.5048658773303023 7.4274797961115828 78.371740594506264 260.02962366491556 41.019633114337921 2.9561743140220669 5.1405095383524886 31.043054483830929 53.118880920112133 4.0453451350331298 4.1544651389122036 23.749873928725719 7.3439835198223582 33.820450492203236 28.286366753280163 266.70674027502537 16.205283150076866 1.7661795243620861 3.6812704131007186 9.0885700955986959 3.2732588499784461 27.663612231612209 47.277534201741219 136.40780531615019 5.4766845256090155 7.5091597810387603 16.122489966452122 2.6009064167737952 31.451735861599445 380.8842283859849 23.542150966823101 159.34651444107294 15.074317887425421 2.0434062033891669 25.633058503270149 8.330096520483492 5.8935397267341605 5.9889041483402243 27.835456714034081 11.824566174298523 31.771019719541073 2.0761683881282798 27.708308219909668 86.851551398634911 3.0224674716591826 1.7976643070578564 32.094375148415565
leaf_count=21727 667 852 290 194 852 310 50 541 375 600 157 244 3315 406 107 85 106 1138 3990 595 45 79 453 675 50 61 339 113 487 396 3888 226 22 53 134 46 380 675 1809 78 106 240 37 478 5765 326 1895 205 29 340 111 81 84 393 183 466 26 356 1348 43 25 453
internal_value=-0.000258119 -0.0103347 0.0322345 0.00812594 -0.0169335 0.0560878 0.0181294 -0.0200928 0.0268639 0.0172652 -0.00479242 0.0127322 -0.00711826 0.0630687 0.043546 0.0609165 0.0249507 0.00637289 -0.0092586 -0.00527539 0.00799864 -0.0224277 0.0195439 0.0661166 0.0696858 0.0106851 0.00561642 0.00677089 0.0102546 0.00612878 0.0115773 0.0260853 0.07605 0.0354308 0.0471878 0.052366 0.0612754 0.014143 0.0253572 0.0285599 0.0246571 0.0304391 0.0358955 0.0207206 -0.00730329 0.0154733 0.0774229 0.0254215 0.0383414 0.0291975 0.0377152 0.0308399 0.0365384 0.0351638 -0.0129405 0.00875596 0.0782334 0.0716027 -0.00768434 0.0419112 0.0458839 0.0494358
internal_weight=3960.29 3025.45 934.837 796.38 2229.07 341.85 592.987 1750.95 336.534 465.426 330.954 379.285 317.983 275.056 95.0868 42.5256 66.7946 256.453 314.847 478.118 54.8178 1436.11 241.447 251.253 220.353 210.794 73.9964 93.6837 361.588 173.327 348.503 50.0257 167.234 86.1415 43.7067 40.0254 30.9369 94.9555 167.451 37.4666 47.678 19.0787 46.9429 38.7957 437.098 50.2465 163.189 52.5612 12.9712 49.0375 33.9632 40.1688 34.2753 31.9899 224.299 298.478 161.423 34.2132 91.9921 39.5154 36.4929 34.6953
internal_count=59600 47027 12573 11845 35182 4338 8235 27970 4556 6718 5127 5505 4941 3384 1254 548 954 3679 4816 7212 826 23154 3302 3074 2668 3012 1040 1443 5261 2480 5067 713 1993 1213 613 560 426 1342 2262 532 667 285 664 591 6617 701 1943 706 186 656 451 561 480 454 3498 4354 1921 441 1427 558 515 490
is_linear=0
shrinkage=0.03


Tree=5
num_leaves=63
num_cat=0
split_feature=15 3 3 24 14 15 3 24 4 3 32 11 4 21 32 14 21 15 32 4 24 6 18 7 7 24 11 17 25 7 25 14 11 4 4 21 14 4 14 14 21 10 21 11 25 32 32 19 21 4 3 21 25 6 11 7 3 11 7 6 3 31
split_gain=1314.5 374.851 311.053 128.957 76.8552 69.7449 48.3035 46.17 40.2471 38.4548 34.6072 32.8306 32.7087 31.6631 31.6174 30.254 27.3803 26.1295 25.4783 29.5217 25.179 23.21 18.1311 17.9249 16.7813 16.5511 23.3532 16.044 17.1229 18.97 14.7842 15.6585 15.3354 14.2295 14.2045 14.1824 13.9323 13.8979 13.6387 13.4383 12.8634 12.7186 12.4706 12.0564 12.0477 11.5971 11.4782 11.4027 10.9021 10.8853 10.877 14.5662 10.6 10.6179 10.4818 11.3185 9.96209 9.92426 11.1729 12.6495 10.5125 9.96784
threshold=0.75143995881080639 0.2499162703752518 1.1403037309646609 -0.079476308077573762 -0.90419462323188771 0.045292682945728309 1.4865180850028994 1.1362311244010928 1.2340945005416872 -0.15107209235429761 11.500000000000002 0.024524024687707428 0.41867727041244512 -0.38029302656650538 12.500000000000002 0.21859091520309451 -0.064421165734529481 1.1075673103332522 13.500000000000002 -0.42161579430103296 0.50366070866584789 0.73624765872955333 -0.69065332412719715 0.60444775223732006 -0.55664002895355214 0.9824642837047578 0.44222675263881689 -0.12450055778026579 -0.27617515623569483 1.1701396107673647 2.3726763725280766 1.8082212805747988 -0.23932254314422605 -0.27684679627418513 2.284123539924622 0.99842476844787609 -0.69136381149291981 -0.085485760122537599 -1.4765514731407163 0.46302035450935369 -0.51700475811958302 -0.69010749459266651 -0.96371692419052113 1.0640743970870974 1.7373704314231875 16.500000000000004 15.500000000000002 0.30937306582927709 -0.73790201544761647 1.4757307171821596 0.98388406634330761 0.4581164419651032 0.2028053477406502 1.3127656579017641 1.4620768427848818 -0.71408048272132862 0.65529128909111034 -0.22824385762214658 -0.078432861715555177 1.6700643897056582 0.82590156793594371 -1.0000000180025095e-35
decision_type=2 2 2 2 2 2 2 2 2 2 2 2 2 2 2 2 2 2 2 2 2 2 2 2 2 2 2 2 2 2 2 2 2 2 2 2 2 2 2 2 2 2 2 2 2 2 2 2 2 2 2 2 2 2 2 2 2 2 2 2 2 2
left_child=1 5 4 15 9 12 8 11 10 23 39 -4 20 56 33 50 -13 46 48 -20 43 -16 -18 -2 -23 -8 -27 35 -29 57 31 32 -21 -15 -14 -12 -22 -7 41 -5 -34 -39 -19 -1 -35 -28 -11 52 -9 -17 -3 -52 53 -26 55 -10 -6 -30 59 -59 -60 -62
right_child=2 3 7 6 13 37 25 18 54 17 27 16 34 14 21 49 22 42 19 30 36 24 -24 -25 47 26 45 28 29 -31 -32 -33 40 44 -36 -37 -38 38 -40 -41 -42 -43 -44 -45 -46 -47 -48 -49 -50 -51 51 -53 -54 -55 -56 -57 -58 58 60 -61 61 -63
leaf_value=-0.023648731358100344 0.0036673777006237 -0.0034149767746597319 0.010055459349604235 0.034979232649762763 -0.012557654588203029 -0.016437595266716704 0.018851641647247043 0.0039209726516425611 -0.004191446516585348 0.032286769568939513 -0.0096728804954342353 0.016209887939679965 -0.008065993442013239 -0.0039137946373245117 -0.0029319327867935955 -0.017286517254984795 0.0007493196174332505 0.0030958772204799831 0.0043880102426269467 0.0084024930039944875 0.0073740862299521001 -0.0082456210809335496 0.054421235662528662 0.037869863282021687 0.018452585633170246 0.0054268403269149296 0.063770500006880573 0.020285064957247335 -0.010550340115277857 0.025471713163066768 0.0048763426115128522 0.0092890995967574736 0.0036504813262160617 0.040478777038933718 0.027301846812205852 0.011491186438430898 -0.014046758962881416 -0.013708846902137948 -0.0047617109446994868 0.0076761357899580501 0.066657904190969161 0.029504096913183966 0.057471158286610528 -0.011345529994351258 -0.0020015859861818937 0.0016542207794683003 0.00014364329359146412 -0.0032802006045136683 0.087926853135290278 0.014019915040141754 -0.00010025151393830406 0.037363863388970964 0.0058802488955190428 0.042264604862351417 -0.0064349218798460082 0.044396556294322612 0.0088842562433111005 -0.0077360915639479774 -0.0012020529466137239 0.031748281221560003 0.004321089439105758 0.032488302357019376
leaf_weight=1226.6749737523496 50.001977749168873 73.52183136716485 32.505763821303844 43.203980684280396 60.682404406368732 84.890480194240808 60.10401789098978 1.9194573014974583 3.9172519296407691 20.586314313113689 113.58866476640105 30.313147261738777 120.86452424898744 8.0064040794968587 95.231862455606461 221.44726929813623 6.1064376756548873 4.6256610378623 11.496859818696974 6.2395423501729956 30.828899543732405 21.399714663624763 109.87512024492025 14.745904386043547 80.374720230698586 11.107606515288351 26.222122259438041 65.281162850558758 53.261851906776428 25.259550713002682 5.7113573476672164 7.3778175488114348 3.6182539984583846 53.343409024178982 6.2543071880936614 32.92420706525445 130.97312448173761 5.2897169739007976 288.43528980016708 29.71756524592638 95.980045944452286 15.559290789067743 67.570703953504562 90.771618578583002 6.187872387468814 3.2581638470292082 16.485782034695148 17.919553101062775 48.344970703125 6.8763855993747702 21.43445398658514 11.517266392707823 35.055150166153908 25.52769647538662 3.5216534286737433 35.290001906454563 23.595829837024212 72.12866572290659 33.869661975651979 3.1316783651709548 22.251568622887135 22.42075602337718
leaf_count=20200 694 1153 433 613 894 1310 854 25 55 271 1731 419 1881 110 1399 3521 74 66 146 77 468 293 1369 196 1081 150 342 959 785 366 72 85 47 693 91 495 2045 79 4366 432 1075 231 862 1467 82 44 228 241 547 97 323 170 473 320 48 479 338 1057 499 44 319 315
internal_value=-0.000172008 -0.00996947 0.0302693 0.00505949 0.0168407 -0.0174403 0.0127166 0.0521929 0.00910635 0.0334003 0.0066019 0.0392248 -0.0202113 0.00978901 0.0137993 -0.0100108 0.0451595 0.0440166 0.0636239 0.052403 -0.0214653 0.0089638 0.0517432 0.0136131 0.0151573 0.0314068 0.0458921 0.00332612 0.00728712 0.00328437 0.0566804 0.0589769 0.0618653 0.0315474 -0.0053585 -0.00469465 -0.00986664 -0.00603574 -0.00296461 0.025059 0.0646529 0.0180093 0.0544135 -0.0228471 0.0362503 0.0581408 0.0197087 0.0184649 0.0853639 -0.0160634 0.003107 0.0161916 0.021247 0.0258392 0.035545 0.0396171 -0.0063931 4.10108e-05 0.0039255 -0.00421762 0.0115138 0.0203053
internal_weight=3956.63 2995.8 960.83 995.257 601.341 2000.54 660.46 359.489 559.768 174.016 517.039 178.8 1606.37 427.325 343.046 334.797 146.295 109.268 180.688 130.424 1479.25 275.509 115.982 64.7479 180.277 100.692 40.5879 444.118 297.605 232.324 118.927 113.216 105.838 67.5377 127.119 146.513 161.802 394.175 309.284 72.9215 99.5983 20.849 72.1964 1317.45 59.5313 29.4803 37.0721 158.877 50.2644 228.324 106.474 32.9517 140.958 105.902 42.7289 39.2073 84.2782 207.064 153.802 75.2603 78.542 44.6723
internal_count=59599 46989 12610 14851 8241 32138 9587 4369 8197 2317 7615 2295 26152 5924 4692 5264 1862 1427 2074 1502 24180 3807 1443 890 2408 1390 536 6570 4344 3385 1356 1284 1199 885 1972 2226 2513 5986 4676 1045 1122 310 928 21667 775 386 499 2115 572 3618 1646 493 1874 1401 582 534 1232 3019 2234 1101 1133 634
is_linear=0
shrinkage=0.03


Tree=6
num_leaves=63
num_cat=0
split_feature=15 3 3 24 3 24 23 14 6 4 4 4 14 3 6 7 14 14 20 15 7 14 7 7 15 4 21 7 3 15 7 13 7 0 14 4 15 12 15 17 25 4 3 4 21 25 3 4 4 12 6 17 23 20 34 21 14 7 5 15 4 12
split_gain=1264.21 313.758 211.015 122.019 75.4959 68.6087 66.1848 63.9482 57.621 42.0196 35.1966 27.7404 26.7339 25.1617 23.506 22.9892 22.2044 21.9724 21.8748 19.8898 23.392 19.8434 19.6361 19.4126 19.3703 19.1618 17.3324 17.9254 16.2367 15.6108 15.3509 15.0595 14.5499 13.5661 13.4938 13.3955 14.3981 13.3276 13.315 13.2474 13.2185 13.19 12.9833 12.5564 12.1266 15.1388 11.4739 11.2999 11.1735 11.0367 10.7378 10.4439 10.1237 13.0456 11.1118 10.0496 9.89869 9.73683 9.67465 9.60233 14.4587 9.496
threshold=0.31027793884277349 1.4413411021232607 0.45097060501575476 0.75775164365768444 0.39892175793647772 0.63265520334243786 0.24323514103889468 -0.91759115457534779 0.21774804592132571 -0.013657241128385065 0.84936901926994335 1.1460446119308474 0.2000800967216492 0.17720785737037661 1.4763169884681704 -0.64400380849838246 -0.47419816255569452 -0.65232509374618519 0.76716619729995739 -0.23545891791582105 0.52100068330764782 1.8082212805747988 0.73943787813186657 -0.61790248751640309 -0.35810057818889612 -0.46991141140460962 1.0838567614555361 -0.60572963953018177 -0.034574778750538819 0.61679020524024974 -0.55664002895355214 0.48272785544395452 -0.60572963953018177 -0.0096082100644707662 0.37387238442897802 1.0500876903533938 0.85103580355644237 0.32185603678226476 0.41327223181724554 0.38953115046024328 1.7691885232925417 0.77264773845672619 1.6190043687820437 -1.0000000180025095e-35 0.39408384263515478 -0.28040887415409083 -1.184695780277252 0.47716286778450018 -0.027378956787288185 1.1769987344741824 0.78147754073143016 -0.2715818434953689 0.78844082355499279 -0.033229909837245934 2.5000000000000004 0.59447747468948375 -0.40769925713539118 0.61493706703186046 -0.33081199228763575 -0.30905868113040919 1.2643251419067385 0.12244937196373941
decision_type=2 2 2 2 2 2 2 2 2 2 2 2 2 2 2 2 2 2 2 2 2 2 2 2 2 2 2 2 2 2 2 2 2 2 2 2 2 2 2 2 2 2 2 2 2 2 2 2 2 2 2 2 2 2 2 2 2 2 2 2 2 2
left_child=2 3 6 9 11 39 10 23 19 55 -1 15 13 22 24 -5 37 46 35 -4 -21 25 -11 -6 -8 -7 61 -28 56 -29 -14 -15 -16 -12 52 36 -9 43 -20 -3 -40 44 -41 -10 45 -18 -17 51 -38 -50 -31 -32 53 -30 -55 -2 -26 -48 -37 -35 -61 -27
right_child=1 5 8 4 7 21 14 18 16 12 33 -13 30 31 32 17 41 -19 38 20 -22 -23 -24 -25 28 26 27 29 34 50 47 -33 -34 59 -36 58 48 -39 40 42 -42 -43 -44 -45 -46 -47 57 -49 49 -51 -52 -53 -54 54 -56 -57 -58 -59 -60 60 -62 -63
leaf_value=-0.022422216119577142 -0.016790993320310678 0.0016435634330082946 -0.016256959070206183 -0.011572938136003892 0.011890059873798209 0.017414171593351249 -0.018732945835694761 0.0031009232279159689 -0.0040386903576992541 -0.0012689920723822294 -0.013615101010503519 0.036738073722557225 -0.012473297345057404 0.016195037179653062 -0.01023168547470359 -0.0098450936659361943 0.017509262307066585 0.001946001681993811 -0.0056936816968596368 -0.0086625975139755593 0.016557047884785129 0.017558150906930806 0.027980070641953927 0.061995519831067353 0.00025821597913410697 0.028292438981089327 -0.0023195629668853338 0.010011312052869157 -0.0027974339992949421 0.0056177858817031802 -0.010864469353344631 0.040393670651700894 0.041388931943397878 -0.0071088974413172374 -0.0075003546261617022 -0.00090057410131953264 0.00024670757555251156 0.009352518072470015 0.040544523293657334 0.0031152217689649308 0.0033202005488231967 0.026287818824567783 0.040782069635608806 0.057065393808656648 0.013112095948417155 -0.0072424449768285909 0.016516277655083067 0.018334512117580908 0.027625903512496757 -0.0079811063478447998 0.083595816905022158 0.0058754847086196771 -0.0016514647438727016 0.004293530851327533 0.046969960600593733 0.0012696502676261892 -0.014591782852962365 0.043718567321522135 0.044358338855906634 -0.0046496116603762438 0.039159104658625613 0.055142243803417382
leaf_weight=1389.3540015853941 80.951227869838476 26.993759643286467 112.77692795544863 47.357530262321234 10.764464519917963 14.979261621832846 129.86516754329205 66.890244547277689 2.818112529814246 91.806753911077976 27.849798861891031 25.871088795363903 49.964562747627497 81.449146889150143 5.0417596250772467 6.1192732751369467 24.694019645452499 103.32834554091096 5.5283896550536147 84.651247635483742 47.483047816902399 17.20144858956337 21.509556837379932 63.954632051289082 58.036986891180277 33.809137411415577 2.298056185245513 4.4414722919464102 11.671733375638722 2.393157333135604 40.326406735926867 37.105315402150154 8.9815225824713689 12.16237675398588 43.924627412110567 4.8397934511303928 19.979982599616051 16.061983220279217 102.17135921120644 13.006663657724856 10.352334059774874 29.330266930162907 22.557032309472561 15.20802880078554 101.87677526846528 83.731863982975483 47.691209152340889 41.876268997788429 87.364408157765865 6.419816941022872 64.540265843272209 124.66697449609637 23.735943675041199 9.2500691302120686 14.06207200884819 39.951575007289648 126.64658902958035 18.69592060148716 21.198780760169029 9.5540174543857592 12.360021531581877 100.07278095185757
leaf_count=23253 1236 382 1817 686 141 190 2075 932 40 1353 435 345 749 1143 77 84 361 1460 77 1328 736 203 309 767 885 396 25 58 179 31 612 512 130 189 676 62 264 223 1277 179 136 396 306 205 1455 1227 635 595 1085 81 686 1833 356 140 211 593 1975 239 265 150 182 1154
internal_value=-6.43578e-05 0.0209199 -0.0137166 0.0142139 0.0232235 0.0481449 -0.0183742 0.0312547 0.00320335 0.00451811 -0.0214393 0.00998084 0.00843216 0.0157036 -0.00793112 0.00614228 0.0125563 0.0111016 0.0248043 -0.00729196 0.00067344 0.0554153 0.00523083 0.0559755 -0.00932185 0.0578914 0.0603343 0.0754059 -0.00482061 0.0778964 0.00169295 0.0250969 0.0250186 0.000640608 0.00460294 0.018153 0.0144871 0.0337337 0.0352391 0.0182439 0.0374068 0.00891593 0.0290883 0.04871 0.00593891 -0.0010819 0.0231819 0.0053281 0.0207695 0.0249079 0.081392 0.00158482 0.0135348 0.0227564 0.0337851 -0.0110096 -0.0100414 0.0267025 0.0371561 0.0125428 0.022744 0.0496246
internal_weight=3961.56 1560.43 2401.13 1258.14 648.528 302.293 1882.5 399.464 518.632 609.608 1451.28 249.063 488.705 231.871 431.216 223.192 273.721 175.835 324.745 244.911 132.134 239.736 113.316 74.7191 417.193 222.534 207.555 73.673 287.328 71.3749 256.834 118.554 14.0233 61.9262 102.644 206.693 180.654 34.0881 118.052 62.5575 112.524 239.633 35.5637 18.0261 210.303 108.426 72.5064 206.87 113.764 93.7842 66.9334 164.993 58.7198 34.9839 23.3121 120.903 184.684 66.3871 26.0386 34.0764 21.914 133.882
internal_count=59782 21081 38701 17471 8536 3610 30913 5087 7788 8935 24209 3449 7106 3317 6704 3104 3907 2418 4179 3881 2064 2743 1662 908 6497 2540 2350 800 4422 775 3789 1655 207 956 1562 2689 2362 468 1490 867 1413 3439 485 245 3043 1588 958 3040 1430 1166 717 2445 886 530 351 1829 2860 874 327 521 332 1550
is_linear=0
shrinkage=0.03


Tree=7
num_leaves=63
num_cat=0
split_feature=24 3 3 3 4 14 14 23 14 24 7 3 17 7 32 1 4 17 6 11 3 12 4 7 11 16 14 32 20 29 4 14 20 11 16 14 32 4 32 1 31 32 16 23 22 9 14 22 22 11 7 20 6 9 23 7 17 12 14 9 24 3
split_gain=1122.56 320.373 208.826 86.3962 81.9985 71.5191 65.9456 64.7243 45.1901 38.5065 31.9189 30.0639 29.8922 29.3719 28.8681 28.1758 33.6374 25.3578 24.0986 22.4851 20.1868 19.4974 18.575 18.4813 18.1554 18.1383 30.8115 17.9553 16.552 15.8635 15.8394 15.5805 15.2967 25.3585 14.914 14.8729 14.2677 14.2254 14.1817 14.1689 13.5753 13.2144 13.2132 13.0808 12.9848 12.6913 14.9338 12.3057 11.9684 11.9515 11.8762 11.7973 11.5673 12.0004 11.0404 15.6395 10.883 10.7209 10.5512 13.9686 10.5433 10.4942
threshold=0.56893840432167064 0.64183306694030773 0.92317384481430065 1.5103702545166018 0.44770708680152899 -0.91759115457534779 -0.71619588136672963 -0.39517264068126673 0.21859091520309451 1.1362311244010928 0.60444775223732006 -0.10524026304483412 0.37150834500789648 -0.63015946745872486 14.500000000000002 -0.0093692927621304972 0.92645138502120983 0.18573821336030963 -0.71685877442359913 0.036560259759426124 -0.94918426871299733 0.12244937196373941 -0.81953218579292286 0.5417534112930299 0.48943337798118597 0.48183305561542517 -0.65232509374618519 15.500000000000002 -1.182455778121948 0.45804196596145635 -0.21817633509635923 -1.1852604150772093 0.77865973114967357 -0.53484097123146046 0.014005979523062708 0.44252236187458044 9.5000000000000018 -0.31491564214229578 11.500000000000002 0.31910443305969244 -0.78571429848670948 12.500000000000002 0.61795890331268322 0.4783340990543366 -0.46810300648212427 -0.57655829191207875 0.55246189236640941 -0.12981107831001279 -0.0112712443806231 1.0640743970870974 -0.46614019572734827 0.082803223282098784 -0.85970526933670033 0.47194749116897589 0.51515695452690136 0.64591196179389965 0.4516394585371018 0.79630258679389965 1.8082212805747988 1.0402650833129885 0.42489238083362585 0.29983514547348028
decision_type=2 2 2 2 2 2 2 2 2 2 2 2 2 2 2 2 2 2 2 2 2 2 2 2 2 2 2 2 2 2 2 2 2 2 2 2 2 2 2 2 2 2 2 2 2 2 2 2 2 2 2 2 2 2 2 2 2 2 2 2 2 2
left_child=2 5 4 6 7 10 13 49 14 21 28 42 25 -3 34 -8 17 45 -10 38 -12 -5 -11 -14 -23 -9 -27 29 -2 36 -15 -30 44 -34 -4 52 61 -22 -6 -18 -20 51 -7 -26 -19 -17 -47 -29 -43 56 -41 -25 -21 -54 -42 -56 60 -39 59 -24 -1 -13
right_child=1 3 8 9 19 11 15 12 18 22 20 27 23 30 -16 16 39 32 40 35 37 24 58 41 43 26 -28 47 31 -31 -32 -33 33 -35 -36 -37 -38 57 -40 50 54 48 -44 -45 -46 46 -48 -49 -50 -51 -52 -53 53 -55 55 -57 -58 -59 -60 -61 -62 -63
leaf_value=-0.024758102755974721 -0.0080264471235710951 0.0061920231210596324 0.0046869524795286081 0.010426525564591635 0.017194598796153919 -0.011994653525752082 -0.012949396877081245 -0.016528520655610484 -0.014157240153504554 -0.0019750493782703387 -0.0055094141641302318 -0.006344148466314121 -0.0059967683613694651 0.0090639992898906077 0.010778648146346626 -0.0061570819134452214 0.011629759782425622 0.034068997039798037 -0.011409082419782609 -0.000562809923947896 -0.0027955707032624203 0.013196895435429757 0.064862476521054785 -0.00509668939378481 -0.0048541367909143941 0.019247684230946711 -0.011204731270834978 -0.014921730000390807 0.02630967436402051 0.022228928582887362 0.056962947987383258 -0.00010221660205084152 0.0023082188348525585 0.045649116181919122 0.052075799691154286 -0.005879315025504879 -0.0034870544964223809 0.067261465031096035 -0.011373249408435569 0.0072409418149625817 0.0043397398018717942 0.029522082266024655 0.0049712555021060685 0.052028706303384784 0.011583304813857659 0.021018634043894861 0.00012814884855467335 0.0038526771553975018 -0.0063699578944962434 -0.0098011883369569491 0.057060228349163793 0.053214045251999229 0.036657914707780279 0.006704304045548207 0.0093798789256382461 0.042789931390799743 -0.0093547056608213504 0.01735847647808662 0.017061799832434908 0.017611523791532916 0.012870910432248155 0.046478159744548532
leaf_weight=871.37041132152081 22.493982814252377 15.368201047182081 8.2595091834664327 33.339505068957806 14.013692956417797 173.01876625418663 18.505736090242863 619.97387564554811 50.524770382791758 4.2039772272109976 5.4364113323390475 3.5001938790082914 110.58648438006639 8.9393787309527379 51.494685508310795 35.24560210108757 14.178343549370764 30.217568963766098 21.356890887022018 19.954965129494667 3.4800409972667685 22.640537217259407 126.74628014862537 3.1229608915746194 3.0225873291492453 31.858575973659754 158.451953984797 36.888148121535778 67.880455154925585 79.611254010349512 83.664456412196159 27.703802023082972 15.924030512571333 55.038998946547508 35.187340285629034 27.21156482771039 59.491422075778246 22.990181032568216 93.22280790284276 6.5722376704215995 73.847598560154438 6.8272890560328987 50.717826928943396 51.138973973691463 97.31504587829113 79.568567667156458 48.533602014183998 120.9033676981926 24.348693534731865 69.55297289416194 36.781996220350266 7.034403320401907 30.800681836903095 22.171373836696148 39.745300557464361 16.6772032789886 53.379848599433899 9.6028749160468561 9.6233076900243741 10.587363891303537 3.9018067196011534 5.0160708725452423
leaf_count=14935 321 200 120 410 212 2650 250 10184 802 53 74 49 1675 114 742 492 177 396 320 306 47 285 1335 45 40 478 2505 542 898 1125 970 382 208 668 484 411 840 287 1440 83 1109 102 746 592 1252 1066 667 1740 367 1153 444 96 454 328 571 235 859 119 109 113 63 65
internal_value=0.000136062 0.0205981 -0.0122985 0.0333653 -0.0155296 0.00550304 0.0261416 -0.017423 0.011144 0.0476813 0.0227743 0.000129683 -0.0117698 0.0469413 0.0276549 0.0205407 0.0221537 0.0182928 0.00290929 0.00235874 0.0441832 0.0316689 0.0579609 0.000433788 0.0396893 -0.0140465 -0.00574466 0.0062097 0.013759 0.013547 0.0530403 0.01903 0.0254256 0.0367156 0.0444804 0.0122801 0.0025575 0.0514312 -0.00704031 0.0430323 0.00886655 0.0164291 -0.00812413 0.0487123 0.0179954 0.00912742 0.0134061 -0.000859864 0.00448409 -0.0227865 0.0510376 0.0395187 0.0189985 0.0257804 0.0124895 0.0219345 -0.0237014 0.0568228 0.0596841 0.0619664 -0.0245182 0.0304524
internal_weight=3960.77 1495.89 2464.88 807.156 2167.78 688.735 545.854 1960.41 297.093 261.303 159.588 529.147 962.204 107.972 94.9415 437.882 419.376 361.843 202.152 207.375 41.5095 110.142 151.161 151.92 76.8021 810.284 190.311 305.41 118.078 147.619 92.6038 95.5843 198.496 70.963 43.4468 100.139 68.0077 36.0731 107.237 57.5326 151.627 41.3333 223.737 54.1616 127.533 163.348 128.102 157.792 31.176 998.205 43.3542 10.1574 72.927 52.9721 130.27 56.4225 928.652 32.5931 146.957 137.334 875.272 8.51626
internal_count=59805 19809 39996 9924 35613 9885 6987 32462 4383 2937 2128 7757 15452 1284 1346 5703 5453 4749 3037 3151 527 1327 1610 2285 917 13167 2983 4361 1601 2079 1084 1280 2524 876 604 1499 954 453 1652 704 2235 610 3396 632 1648 2225 1733 2282 469 17010 527 141 1088 782 1915 806 15857 406 1557 1448 14998 114
is_linear=0
shrinkage=0.03


Tree=8
num_leaves=63
num_cat=0
split_feature=15 3 3 14 6 6 23 14 32 15 3 3 14 4 32 9 15 20 3 15 3 11 23 4 11 11 15 7 4 15 7 4 20 11 4 3 32 8 20 8 7 4 25 4 12 25 32 4 32 13 20 3 4 5 14 8 7 32 5 7 11 17
split_gain=1139.07 239.134 215.349 89.1126 72.0205 68.1761 63.0615 41.6272 39.0856 43.8014 37.8938 35.5792 31.8919 31.0883 26.1271 29.3512 24.1574 23.3097 22.758 22.3829 21.8845 21.7878 20.1803 19.5792 19.1956 18.8439 18.1017 17.8219 16.6646 16.0076 15.956 16.1909 15.8893 15.0432 14.9246 14.1838 13.937 13.4754 13.2585 13.2565 12.7429 12.6649 12.5229 11.8371 11.5495 11.5078 11.4905 11.0569 10.4306 10.3811 10.3452 10.296 10.2621 9.9322 9.9169 9.89888 9.63393 9.52624 9.48826 10.0888 11.1547 14.3223
threshold=0.49782355129718786 0.39892175793647772 1.0756298303604128 -0.91759115457534779 -0.3289418071508407 0.73624765872955333 0.24323514103889468 -0.32496900856494898 10.500000000000002 1.2558429241180422 -0.15107209235429761 0.022109915502369407 -0.69136381149291981 1.2038460373878481 12.500000000000002 0.16943491250276568 1.1075673103332522 -0.19316029548645017 -0.18320861458778379 0.045292682945728309 0.64183306694030773 1.773987412452698 0.87394502758979808 1.2038460373878481 0.18952471017837527 1.117392957210541 1.2087481617927553 0.6570396125316621 0.56957736611366283 -0.30905868113040919 -0.60572963953018177 -0.027378956787288185 1.0325967073440554 0.049944764003157623 -0.037920959293842309 1.8791651129722597 9.5000000000000018 -0.41784365475177759 0.44115605950355535 -1.4846445918083189 0.021541267633438114 -1.0000000180025095e-35 0.28868220746517187 -0.32360298931598658 -0.94366806745529164 2.6461292505264287 17.500000000000004 -0.085485760122537599 17.500000000000004 1.2310909032821657 -0.79304468631744374 1.2784881591796877 0.49326249957084661 -0.40633372962474817 -0.3753096312284469 -0.083661079406738267 -0.89266744256019581 11.500000000000002 -0.078298300504684434 0.22266384959220889 -0.31456629931926722 -0.25317540764808649
decision_type=2 2 2 2 2 2 2 2 2 2 2 2 2 2 2 2 2 2 2 2 2 2 2 2 2 2 2 2 2 2 2 2 2 2 2 2 2 2 2 2 2 2 2 2 2 2 2 2 2 2 2 2 2 2 2 2 2 2 2 2 2 2
left_child=1 6 3 10 28 22 13 17 -7 24 27 47 18 19 34 -16 36 -6 -8 33 -19 45 35 25 -10 32 40 -2 51 -15 -20 -32 58 -1 -13 54 -12 -18 48 -22 -17 -14 -27 -40 -36 -11 49 -5 -26 -39 -28 -3 -35 -42 -4 -30 -45 -34 -9 -60 -61 -62
right_child=2 4 5 11 7 8 12 23 9 21 16 14 41 29 15 26 37 20 30 -21 39 -23 -24 -25 38 42 50 -29 55 -31 31 -33 57 52 44 -37 -38 46 43 -41 53 -43 -44 56 -46 -47 -48 -49 -50 -51 -52 -53 -54 -55 -56 -57 -58 -59 59 60 61 -63
leaf_value=-0.024534412341799112 0.003939831944735012 -0.017681264140976236 0.019315089481151248 -0.018265536084547344 0.002613317567457871 0.072682083768012051 -0.0034670211070188038 -0.014157019646929579 0.0098244845688785585 0.055825592020776159 0.052375532894156092 -0.0028073545557388501 -0.020536679188147871 -0.01584716470331525 -0.0033245014810858514 -0.00085333802265806253 0.018080520774686588 0.0057264405866702681 -0.0067655599354612822 -0.0090201495578125061 -0.0084944610818404563 0.010444519501082439 0.031334769965024545 0.027335749393033626 0.024343857395299887 0.023385484925055454 -0.0067201024922048918 0.035991178119397053 -0.010410085423226748 0.020137199217095926 -0.0053786892724484621 0.047559309191258066 0.034459854697483361 -0.017904257989302102 -0.0031238509130865426 0.033411118001850801 0.013111235919387587 0.062741419887254957 0.0032237990250057339 0.056470506164361195 -0.0065906629993503114 -0.0080259375190283484 -0.0094029667230059576 -0.0061160966716296292 0.033782956110655335 0.0018818424809948335 0.0054180033799196272 -0.0004486364840156549 -0.009213441124367094 -0.0014526357938619294 0.033561741771596494 0.0005622745726203257 0.0031177673645926361 0.019612603350914873 -0.0061470899632889604 0.025553336792774276 0.045402453598789513 0.0068398740210692801 -0.0061984628837781783 -0.0069381499505909681 -0.0078343497266190488 0.022826260360857928
leaf_weight=899.88092917203903 66.008450746536255 145.50908232852817 13.115699604153631 34.385011810809374 20.115003224462271 38.327924132347107 58.906773768365383 48.410274013876915 45.081193588674068 141.14431983232498 6.4100133180618277 13.586768906563519 99.350815244019032 13.987904898822306 137.11358647793531 69.306808225810528 16.394770920276642 13.368711173534392 8.3745128586888296 134.2341615781188 1.7510655820369709 13.745081610977648 42.537289381027222 30.642170533537865 59.424428842961788 54.761616915464401 4.786820948123931 16.104044184088707 7.8494098149240044 22.643139500170946 5.4507463313639155 18.76175402849913 9.9657922834157926 334.42184724286199 7.6060618534684172 8.8163219243288022 51.56941169500351 52.050145871937275 7.8394111692905417 32.800430256873369 12.831608157604931 288.22980688512325 9.8585188686847669 2.2366402745246878 69.473780702799559 4.0122215971350661 4.7514900416135779 154.93747977912426 6.9349336624145499 2.1284201480448237 44.883490838110447 33.789629176259041 20.816189531236887 80.853183165192604 52.34385858848691 12.298104777932165 85.298287719488144 61.799323938786983 100.92436473816633 29.70035333186388 16.289271224290133 42.917639020830393
leaf_count=15793 916 2384 170 529 283 402 901 723 552 1435 76 190 1603 217 1922 982 194 189 127 2152 23 141 569 393 696 768 67 201 118 333 82 266 140 5743 99 117 681 600 96 428 180 4529 143 26 881 47 57 2264 82 26 570 532 332 1111 736 183 920 904 1500 444 244 603
internal_value=-9.14353e-05 -0.0118231 0.0220094 0.0125378 0.00353414 0.0371135 -0.0172414 0.00988154 0.0429484 0.038894 0.0289784 0.00673016 -0.007715 -0.0204038 0.0113667 0.00743801 0.0386685 0.0307808 0.00789511 -0.0211232 0.0412404 0.0510754 0.0159966 0.00604067 0.0285499 0.00396177 0.0142941 0.0119308 -0.0114021 0.00614327 0.0261632 0.036761 0.000781431 -0.0223767 0.025342 0.00579025 0.0212657 0.0499063 0.0333182 0.0525205 0.00894612 -0.0114536 0.0180672 0.0408162 0.0301726 0.0544469 0.0566539 -0.00407128 0.0204371 0.0603099 0.0294201 -0.0143212 -0.0166462 0.0158716 -3.67799e-05 0.0122581 0.0438267 0.0126701 -0.00298658 0.000152277 0.0073076 0.0144376
internal_weight=3943.85 2577.81 1366.04 845.181 672.751 520.858 1905.06 473.305 404.044 365.717 215.417 629.765 479.074 1425.98 440.442 349.775 133.304 68.0352 91.4938 1389.35 47.9202 158.902 116.813 405.269 206.815 374.627 212.662 82.1125 199.446 36.631 32.587 24.2125 310.007 1255.12 90.6666 74.2759 57.9794 75.3248 161.734 34.5515 162.992 387.581 64.6201 95.3743 77.0798 145.157 58.9301 189.322 66.3594 54.1786 49.6703 179.299 355.238 93.6848 65.4596 20.1475 87.5349 71.7651 238.242 189.832 88.9073 59.2069
internal_count=59615 42080 17535 11546 10002 5989 32078 6785 4397 3995 2751 8795 7508 24570 6002 4832 1634 923 1376 24020 640 1623 1592 5862 2372 5469 2910 1117 3217 550 475 348 4558 21868 1170 1023 757 877 1820 451 2273 6132 911 1042 980 1482 683 2793 778 626 637 2916 6075 1291 906 301 946 1044 3514 2791 1291 847
is_linear=0
shrinkage=0.03


Tree=9
num_leaves=63
num_cat=0
split_feature=15 3 3 6 15 15 14 6 3 21 21 4 11 3 21 14 14 20 4 3 11 4 15 4 4 4 2 3 9 6 4 21 6 9 8 9 8 6 15 25 13 15 3 20 7 16 12 25 14 8 30 6 23 21 10 27 10 11 3 4 4 25
split_gain=1167.23 245.646 196.685 84.3766 79.9172 70.3339 41.0425 36.0045 34.0468 32.6815 32.4662 30.0079 25.71 25.2111 26.7679 24.2069 23.5969 21.0021 20.1041 19.6629 19.5906 19.5381 19.1069 19.3014 17.6148 15.6428 15.2912 15.1593 14.6381 14.6077 14.235 13.7233 13.7081 13.6976 13.6901 14.7976 13.3515 14.2431 12.4653 16.4411 12.079 15.9289 11.9786 11.5255 11.5194 11.4626 11.4237 11.3518 10.852 22.1385 10.4712 10.4424 10.3442 10.138 9.94246 9.89327 9.88184 9.76047 9.6756 9.63797 9.46209 9.35163
threshold=0.36215279996395117 1.1233904361724856 0.13018609583377841 0.16466777026653293 0.88642296195030224 1.150147080421448 0.26755440235137945 -0.41294224560260767 1.4865180850028994 1.3425840735435488 0.77142310142517101 -0.013657241128385065 1.0640743970870974 0.057279193773865707 0.72498425841331493 -0.077876452356576906 -0.39050057530403132 -0.47804015874862665 0.7390936315059663 0.45097060501575476 -0.66669955849647511 1.6629860401153567 -0.1766928285360336 0.33352969586849218 0.011831153184175493 -0.027378956787288185 1.1341597437858584 -0.12844875454902646 -0.34573428332805628 0.34631314873695379 2.0413861274719243 -0.11923277378082274 0.95199352502822887 0.85605168342590343 -0.65156301856040943 1.1876952052116396 1.1545597314834597 1.3273013234138491 -0.11064685881137847 -0.47998398542404169 0.82072725892066967 1.6116285324096682 1.2597366571426394 -0.11604096367955206 0.4386413991451264 -0.04601690731942653 0.79630258679389965 1.665272653102875 -0.90419462323188771 0.24705933779478076 -6.1714284420013419 0.5097789764404298 0.45983290672302252 1.1590532064437868 -1.0000000180025095e-35 6.5000000000000009 2.0017942190170293 0.33632096648216253 -0.31207790970802302 2.1601321697235112 -0.027378956787288185 -0.48031878471374506
decision_type=2 2 2 2 2 2 2 2 2 2 2 2 2 2 2 2 2 2 2 2 2 2 2 2 2 2 2 2 2 2 2 2 2 2 2 2 2 2 2 2 2 2 2 2 2 2 2 2 2 2 2 2 2 2 2 2 2 2 2 2 2 2
left_child=2 5 7 15 26 9 13 12 16 11 18 -2 59 14 -7 24 17 -5 40 -8 -12 27 -9 55 -4 -19 28 -13 -3 -27 42 -30 -21 -33 -22 -36 37 43 -18 46 41 57 -17 -29 45 -45 -40 -39 49 54 -11 -23 -41 -46 -15 -24 -51 -6 -52 -1 -10 -50
right_child=1 4 3 8 10 6 19 22 60 50 20 21 -14 48 -16 30 38 25 -20 32 34 51 23 -25 -26 29 -28 36 31 -31 -32 33 -34 -35 35 -37 -38 47 39 52 -42 -43 -44 44 53 -47 -48 -49 61 56 58 -53 -54 -55 -56 -57 -58 -59 -60 -61 -62 -63
leaf_value=-0.024687462276674642 -0.0086229313776122508 0.0012494621326751179 -0.0032958950537055826 -0.0092094332714315504 -0.0053980814816202835 0.0022141341886848429 -0.012659872264149098 -0.019260852557911837 0.0028932534789160034 -0.008954501744955835 0.011552357919769036 -0.0021139835527992047 -0.0042255371718389976 0.035759837595241782 0.038642337734703235 -0.017508253942670637 -0.0058965736589482853 -0.0061577243884134271 0.054109523149603697 -0.003773974150311092 0.038667324371649901 0.0021225620437581015 -0.014734842258834608 0.0066644512873114967 0.029470046599461005 -0.0076490667225318299 0.041816211422124841 -0.0043359694425055186 -0.00070210280437992207 0.044856946870463849 0.025985392837986156 0.032380013671161292 0.028432809914521889 0.0034419044976172781 0.066608690317030012 0.0054814290200317205 0.024866239712866552 0.03771785633460778 0.045585789735104153 -0.0065970412739360905 0.04455354934698897 0.043516675689450328 -0.00064573726397302244 0.030038753527871134 0.021869195541273471 -0.00060160616601011979 -0.0065326667681286426 0.0035430646304479402 -0.0071460469304947382 0.066046295409978681 0.00097281523837267384 0.037705047983243083 0.0086241754658990446 -0.0069362766982890203 0.0017612502468993651 -0.0032700342493515461 -0.000805352915356933 0.018675421059299584 0.031092003608750036 0.013347590324635965 0.035688804051682121 0.029649565861701185
leaf_weight=792.7500125952065 123.29600412026048 48.312314074486494 56.713771007955074 12.300562601536511 16.124443352222443 51.333127081394196 30.362519253045321 323.5059393197298 10.566141553223131 5.6914844140410414 12.10416369885206 148.12759323790669 63.337574325501919 15.208179213106634 23.660165965557098 257.59369167685509 111.25455353409052 6.8793906457722178 36.24578382819891 17.264415115118027 60.52411812543869 10.915518850088118 270.81035406887531 55.363555144518614 14.592807367444037 3.9554476588964453 20.466623842716217 88.167461168020964 20.761669136583805 31.870987173169851 3.4161828756332389 65.964049100875854 26.955976955592632 20.196271896362305 108.73491317778826 4.6502871662378302 39.032961715012789 17.731136482208967 9.763079818338154 56.056500487029552 28.283297941088676 19.365997545421124 44.770039651542902 7.1980404071509829 62.409175664186478 109.03534575924277 3.571354202926158 16.073763288557529 4.9221312552690497 35.862011462450027 11.500621721148489 23.247770600020885 114.8764419965446 10.689367000013588 13.429578278213738 94.308805797249079 1.9661477431654919 79.433072686195374 65.225824281573296 3.1322672590613356 43.784275777637959 65.699646182358265
leaf_count=14052 1859 634 915 177 194 700 428 5574 143 78 140 2202 1069 170 285 4307 1683 100 385 233 598 148 4516 846 216 57 253 1260 281 412 47 828 324 260 1059 48 530 226 140 842 310 209 703 104 856 1531 51 216 66 390 163 292 1619 146 152 1570 22 888 860 46 559 823
internal_value=0.000433051 0.0205179 -0.0127706 -0.00042624 0.036794 0.0117878 0.0242838 -0.0187715 0.00903087 0.0068055 0.0448021 0.00447107 -0.0229972 0.0308908 0.0154041 -0.0105657 0.00538768 0.0225466 0.0338179 0.00473579 0.0542363 0.00755415 -0.0137703 -0.0093693 0.00490127 0.0316999 0.0193579 0.00588414 0.0151844 0.0388332 -0.0141933 0.0211438 0.0167527 0.0261577 0.0568013 0.0644391 0.00924802 0.00692761 0.00187185 0.00659404 0.0270299 0.0210394 -0.0150626 0.00445734 0.00855839 0.0024565 0.0336521 0.0240185 0.0385226 0.0482506 0.0240657 0.0280586 0.00358684 0.0174825 0.022448 -0.0118577 0.0628833 0.0145468 0.0269131 -0.0244554 0.030094 0.0267821
internal_weight=3951.35 1566.17 2385.17 781.965 541.167 1025.01 286.664 1603.21 404.879 738.342 365.466 655.924 859.22 212.081 74.9933 377.086 350.528 55.0064 179.453 74.5829 186.013 532.628 743.989 420.483 71.3066 42.7058 175.701 498.465 155.234 35.8264 305.78 106.922 44.2204 86.1603 173.909 113.385 350.337 311.304 295.522 184.267 143.207 114.924 302.364 277.499 189.332 116.233 13.3344 33.8049 137.088 66.4659 82.4179 34.1633 170.933 73.0985 28.6378 365.119 37.8282 95.5575 76.7264 795.882 54.3504 70.6218
internal_count=59795 20151 39644 11971 6087 14064 3593 27673 5783 10471 3831 9370 15167 2608 985 6188 5081 746 1986 985 1845 7511 12506 6932 1131 569 2256 7071 2003 469 5057 1369 557 1088 1705 1107 4869 4339 4335 2652 1601 1291 5010 3897 2637 1635 191 442 1623 734 1101 440 2461 1002 322 6086 412 1082 1023 14098 702 889
is_linear=0
shrinkage=0.03


Tree=10
num_leaves=63
num_cat=0
split_feature=15 3 6 15 4 32 15 3 32 3 20 11 11 4 4 21 7 4 21 17 6 15 4 31 3 6 4 8 25 7 24 4 8 8 17 7 23 16 11 6 25 7 6 25 11 13 12 24 29 23 21 13 32 11 20 21 9 11 12 25 8 17
split_gain=1037.67 252.825 128.929 108.431 61.105 58.2981 50.6075 47.5257 41.9934 39.5659 32.9466 38.2624 29.7556 24.0041 23.0925 21.3884 21.23 20.72 20.3885 20.2032 19.9346 19.08 17.8928 17.3438 16.2747 16.2668 14.4987 13.744 13.6941 13.3447 13.2376 13.1573 12.962 13.2099 11.2831 11.1984 11.1528 11.0493 10.7319 10.3353 10.3032 13.0402 10.2487 10.1461 11.0605 10.4684 10.8952 10.0841 15.371 10.0613 10.0093 9.99325 9.86862 9.8317 9.72214 9.59313 13.5406 9.5454 12.1186 9.41588 14.5174 12.8225
threshold=0.087022006511688246 0.79972311854362499 0.52198198437690746 1.1639965176582339 -0.013657241128385065 9.5000000000000018 0.7943515181541444 1.2597366571426394 10.500000000000002 0.69346192479133617 0.63893267512321483 0.18952471017837527 -0.024152327328920361 1.4110732674598696 -0.037920959293842309 -0.064421165734529481 -0.71408048272132862 0.41867727041244512 0.77142310142517101 -0.23785565793514249 0.83458909392356884 1.3793569803237917 -0.23698300123214719 -1.0000000180025095e-35 -0.33376097679138178 1.1021810770034792 1.0255577564239504 0.31552396714687353 1.7023676633834841 -0.61790248751640309 -0.3106123656034469 0.72386312484741222 -1.4587825536727903 1.822136461734772 0.60162565112113964 -0.85574060678482045 0.90495297312736522 0.510881006717682 -0.48225842416286463 -0.41294224560260767 -0.31618665158748621 0.75122755765914928 0.33406218886375433 0.30209359526634222 0.39533019065856939 0.37361946702003485 -0.31606666743755335 -0.091450687497854219 0.63961037993431102 0.49687351286411291 0.99842476844787609 1.2555602192878725 9.5000000000000018 1.3891112804412844 -1.182455778121948 0.41548287868499761 -0.22546086460351941 -0.32677510380744929 -1.3720019459724424 0.28868220746517187 0.92694547772407543 -0.33374078571796412
decision_type=2 2 2 2 2 2 2 2 2 2 2 2 2 2 2 2 2 2 2 2 2 2 2 2 2 2 2 2 2 2 2 2 2 2 2 2 2 2 2 2 2 2 2 2 2 2 2 2 2 2 2 2 2 2 2 2 2 2 2 2 2 2
left_child=2 4 7 8 34 30 13 12 -3 26 20 -12 39 23 -11 -5 -13 -14 21 -16 50 29 -17 38 -23 37 40 -15 -27 -8 -6 36 -24 35 -2 -34 -18 -21 -7 -1 -4 -42 -25 44 -22 -46 -47 -40 -49 -32 53 -20 -41 -10 -51 -43 -57 -37 -59 60 -31 -62
right_child=1 3 9 15 5 6 18 -9 10 14 11 16 17 27 19 22 31 -19 51 25 43 24 32 42 -26 28 -28 -29 -30 59 49 -33 33 -35 -36 57 -38 -39 47 52 41 55 -44 -45 45 46 -48 48 -50 54 -52 -53 -54 -55 -56 56 -58 58 -60 -61 61 -63
leaf_value=-0.025008011301463868 -0.013261607620589311 0.043426388428083842 0.0071281108984434516 0.020392894948907152 6.7328185823053576e-05 -0.0063953494268117455 -0.0097409042885574521 0.0094915549711605245 -0.0064906717439120552 -0.0082814725080299391 0.0091942046347052702 -0.0065655589822127026 -0.015875613117290518 0.0036113130966316537 -0.0024857193913029926 0.016282895094089797 0.017061441266745605 0.0017495006065473009 0.027450069292342911 0.023523482863317673 0.0044108726525388872 -0.00018011341238797278 0.018313947936994691 -0.013796443546385803 0.032863197762015552 0.047854460749341243 0.017577099632349845 0.042434950249627727 -0.0063988888400398668 0.0062146197550922598 0.016339741875809458 0.057564975269676945 0.0056619168759936651 0.00087382796564306571 0.0025824811817057071 0.023065763387135774 0.039351885050526059 -0.007024978842771451 -0.0031432199175303898 0.0042534736404051896 -0.014318326817794515 -0.013156459282036011 -0.0013401411491330963 0.00023173445005740716 0.016362988143013572 -0.0071588613923249354 0.04608124143569637 0.024587315310772989 6.3337471872863693e-05 0.0013655096755778155 0.021430676281151997 -0.0095458336042798901 -0.018783946722795149 0.01473629293033462 0.057262472639075586 -0.014622096903533279 0.024697996764339494 0.0062561813380577896 0.055518607117963185 -0.0044498932761513153 -0.009817496658717853 0.04077581079650016
leaf_weight=643.99952444806695 144.09405920282006 55.871881276369095 31.916543632745743 50.147904627025127 7.3678676858544341 46.416339792311192 40.385243445634842 50.56912262737751 98.114855360239744 27.743769459426403 94.686492029577494 9.2144608087837678 573.5642449632287 16.858549907803539 23.426373567432165 24.957833677530289 50.527207802981138 65.933724522590637 112.74047197401524 22.998817358165979 32.369394034147263 18.533428926020861 20.667927727103233 101.47230901941657 43.064389023929834 31.901190087199211 17.390133284032345 13.141173623502253 3.4892394170165053 71.742069393396378 16.115944810211658 26.158433947712183 6.1577215120196334 5.0661814957857123 53.530603606253862 20.256692796945572 54.942715656012297 14.210740555077789 36.670348435640335 15.949318185448645 155.05322767049074 14.479601643979548 137.34017267078161 28.05905931442976 60.111804313957691 2.5311434641480473 23.948495365679264 53.645394753664732 37.888055957853794 3.3247024603188029 12.99420754611492 4.6081492453813544 298.92035874351859 19.362221583724022 28.705048866569996 7.5264087766408947 20.449388895183802 5.9880456104874602 189.22084505110979 31.536797013133764 3.4808365404605892 18.861889697611332
leaf_count=11719 2240 658 511 588 107 709 576 775 1394 396 1243 118 9964 225 336 282 644 1025 1370 310 408 255 209 1591 535 389 243 173 46 972 225 287 66 52 771 224 604 189 577 271 2461 229 2013 358 708 30 278 789 558 45 176 58 5253 268 347 115 309 65 1808 416 49 252
internal_value=0.000233804 0.0159252 -0.0147867 0.0276102 0.00584091 0.00935178 0.00712322 -0.0183704 0.0194459 0.00119153 0.0164403 0.0246252 -0.0192787 0.000387812 0.0147038 0.0414967 0.0343283 -0.0140589 0.0156522 0.0214259 0.00918024 0.0100483 0.0449453 -0.00161281 0.0236541 0.0288046 -0.00574187 0.0242504 0.0423755 0.0044558 0.0377975 0.0373266 0.0474574 0.0496619 -0.0090121 0.0507333 0.0299288 0.0124065 0.00548293 -0.022669 -0.00784662 -0.0103827 -0.00680726 0.0165635 0.0202509 0.0256082 0.0406634 0.00986211 0.0149653 0.0430219 0.000556223 0.0256665 -0.0175688 -0.00253334 0.0524282 0.00398488 0.0135065 0.0518638 0.0542015 0.00921796 0.0137927 0.0325398
internal_weight=3952.4 1932.88 2019.52 891.356 1041.52 843.899 788.386 1648.94 568.892 370.585 513.02 235.529 1598.37 443.432 123.77 322.463 140.843 639.498 344.953 96.0264 277.491 227.605 272.315 413.433 61.5978 72.6 246.815 29.9997 35.3904 166.007 55.5136 131.628 247.357 226.689 197.625 221.623 105.47 37.2096 174.62 958.869 229.425 197.509 238.812 147.02 118.961 86.5914 26.4796 128.204 91.5335 48.1457 130.471 117.349 314.87 117.477 32.0298 42.4554 27.9758 215.466 195.209 125.622 94.0848 22.3427
internal_count=59862 25321 34541 10468 14853 11842 11118 29007 7174 5534 6516 2896 28232 6635 1666 3294 1653 10989 4483 1270 3620 3055 2706 6237 790 934 3868 398 435 2265 724 1535 2424 2215 3011 2163 1248 499 2633 17243 3625 3114 3604 1782 1424 1016 308 1924 1347 617 1838 1428 5524 1662 392 653 424 2097 1873 1689 1273 301
is_linear=0
shrinkage=0.03


Tree=11
num_leaves=63
num_cat=0
split_feature=15 3 3 32 15 23 3 4 32 15 3 3 15 23 3 14 4 14 7 32 1 20 4 7 23 23 4 14 25 3 14 7 23 8 22 5 4 7 9 17 11 4 18 7 3 9 7 14 9 17 20 5 32 5 8 11 18 11 19 31 10 26
split_gain=1002.14 192.831 177.982 104.255 76.6449 64.0649 31.7055 29.2071 29.1495 32.3436 28.5155 26.8468 25.0096 22.4941 21.6783 22.9027 19.0795 18.9286 18.8937 19.8725 19.7214 20.924 18.6093 18.1708 17.5693 16.8547 17.1296 15.9687 15.5425 15.0381 14.7342 13.977 13.6299 13.4191 12.9105 12.6693 12.5026 12.2534 12.1225 11.7949 11.5202 14.7785 15.1197 11.5016 11.4011 11.3631 11.3397 11.2754 11.2722 16.2169 13.8213 11.2477 11.235 11.1797 10.9346 10.8038 10.65 10.5552 10.5391 10.4756 9.99958 9.98459
threshold=0.31027793884277349 0.11865829303860666 1.4413411021232607 10.500000000000002 1.2087481617927553 0.43978464603424078 0.23785658925771716 0.44770708680152899 14.500000000000002 1.0424850583076479 1.2413458824157717 0.16499041020870212 -0.099351532757282243 0.016755889169871811 0.057279193773865707 -0.90419462323188771 0.15862626582384112 1.0441294908523562 -0.89266744256019581 14.500000000000002 1.0266554951667788 1.3055266141891482 1.0026745796203616 0.9823996126651765 0.6880502998828889 0.27820223569870001 -0.86783954501152027 -0.40769925713539118 1.5729056596755984 -0.1161692328751087 0.25846868753433233 0.27986232936382299 0.52628731727600109 -0.1930495351552963 -1.5238963961601255 1.7157556414604189 -0.037920959293842309 -0.75932401418685902 -0.32731302082538599 -0.44727680087089533 0.50191807746887218 -0.31491564214229578 1.3322582244873049 -0.9095347225666045 1.1724450588226321 1.2573761940002444 -0.68454545736312855 -1.0323850512504575 1.0000000180025095e-35 0.63068729639053356 -0.79304468631744374 0.058730471879243858 11.500000000000002 -1.0296547412872312 -0.59160220623016346 0.236484169960022 -0.72282785177230824 -0.67995125055313099 1.3053084015846255 -0.50000001490116108 -1.476910352706909 0.12222015857696535
decision_type=2 2 2 2 2 2 2 2 2 2 2 2 2 2 2 2 2 2 2 2 2 2 2 2 2 2 2 2 2 2 2 2 2 2 2 2 2 2 2 2 2 2 2 2 2 2 2 2 2 2 2 2 2 2 2 2 2 2 2 2 2 2
left_child=1 7 3 11 6 10 22 13 25 -10 16 37 30 52 43 32 -3 45 -8 -20 21 36 54 40 61 -4 -27 31 48 35 46 -15 -16 -34 -35 -9 -21 -2 -12 -28 -14 -42 -43 -6 -32 57 -7 -45 49 -17 -50 -31 -1 -41 -5 -33 -52 -11 -36 -23 -55 -13
right_child=2 5 8 4 14 12 18 29 9 17 38 24 23 27 15 28 -18 -19 19 20 -22 59 -24 -25 -26 26 39 -29 -30 51 44 55 33 34 58 -37 -38 -39 -40 53 41 42 -44 47 -46 -47 -48 -49 50 -51 56 -53 -54 60 -56 -57 -58 -59 -60 -61 -62 -63
leaf_value=-0.013145990649637847 -0.0098448187831509312 -0.01474654750264694 0.0050697638209829185 -0.012985029097702343 -0.015323521721394994 -0.013191067520010659 -0.0079420987394259145 -0.012413846757942579 0.013924988850228442 -0.0065114881556568418 -0.0064503761217600351 0.033545882835627809 0.0020383184611670407 -0.011114546088996535 -0.0025105019091865612 -0.011025243691443845 0.004877505233140041 0.010915407763517359 0.019993318428415896 -0.01286782054992271 0.02722106953665477 -0.0034673074519375922 0.018674451179005593 0.031761379657600612 0.05581363017123199 -0.0064821110097730821 0.0013466113994004415 -0.016956485841095874 -0.0032032058098121273 -0.0063253391710693802 -0.014823001176709082 -0.0032215793255129708 0.017991703599027468 -0.0037871015100651917 0.06095411020814593 0.01962894290870076 0.0041548209307789409 0.023155737747130235 0.019900758722743606 -0.0030628512808298963 -0.0084688437650010592 0.026277270715170435 -0.012271075823278086 0.023351239621679849 0.0088005223713184463 -0.0011977356207378237 0.0180534155776856 -0.001514595876710991 -0.007862822837058114 0.022801369267453513 -0.011337241530850552 0.032644545050999604 -0.02361293556792475 0.0028686709757489177 -0.00066629094921567345 0.027217676160191828 0.034612446594419678 0.046281470579899599 -0.0019755038682440361 0.031421664305754798 0.057483526649577968 0.00077109713971040882
leaf_weight=127.05720623210073 10.117100607603787 285.37486092373729 8.8499073050916177 87.196226954460144 11.544232424348591 9.7161179855465871 46.808271214365959 98.908829230815172 92.122655037790537 2.3280140087008467 22.127175137400627 22.702247064560652 83.967171981930733 59.797879233956337 5.3023967891931525 17.557557348161936 50.176728844642639 24.085456505417824 158.71365653350949 41.611268598586321 34.104193214327097 8.8112599663436395 30.333582393825054 43.08905366435647 59.648622747510672 3.4679441154003134 4.1289616599678984 282.50469852238894 21.607704930007458 9.3272472806274909 62.838522762060165 20.271436154842377 19.754629261791706 2.6432028859853736 39.827740781009197 7.9378732889890662 228.77809993550181 38.170898377895355 36.549165509641171 2.4475101158022872 14.290448810905216 72.008828427642584 7.4484088830649844 34.119255963712931 21.435261316597462 4.7589719742536536 39.239914193749428 27.283550620079041 6.4074057936668387 26.331125505268574 2.5387295559048644 10.425355345010756 886.86719943210483 3.6535789966583243 220.63751504570246 14.866217508912085 80.318612538278103 105.43263575434685 2.2047548070549956 29.28860367834568 109.47305139899254 12.328141804784535
leaf_count=2334 144 4837 117 1324 172 147 667 1596 1088 26 336 277 1204 979 62 221 769 231 2040 606 424 119 411 569 648 41 47 4804 260 146 984 330 209 28 404 123 3049 508 544 25 209 967 104 419 303 47 581 379 85 309 27 161 16381 35 3293 233 894 986 23 377 1062 153
internal_value=0.000399914 -0.0126222 0.0178742 0.0127053 0.00968918 -0.000150295 0.00520546 -0.0187494 0.0364497 0.0287578 -0.00841881 0.0365065 0.00904598 -0.0200031 0.0227424 0.0273086 -0.0117835 0.0379157 0.00963128 0.0113344 0.00709304 0.00446917 -0.00200391 0.015129 0.0456559 0.0482404 0.0510235 -0.0134295 0.0197694 -0.00473424 -0.00121802 -0.00261069 0.0415985 0.0451479 0.0541363 -0.00926224 0.00134907 0.0159666 0.0102374 0.0528826 0.0103374 0.0172911 0.0221512 0.00783956 -0.00865793 0.042985 0.0112047 0.0130203 0.0234783 0.00952552 0.0294694 0.0166822 -0.0223722 0.0545915 -0.00430743 0.0114431 0.0326395 0.0449028 0.0577941 0.0238868 0.0559157 0.0235486
internal_weight=3953.66 2266.23 1687.44 1326.69 1183.72 748.262 886.283 1517.96 360.749 228.728 394.228 142.967 354.034 1391.36 297.441 224.494 335.552 136.605 548.115 501.307 342.593 308.489 338.167 220.804 94.679 132.021 123.171 377.44 154.761 126.599 133.23 94.9355 69.7327 64.4303 44.6757 106.847 270.389 48.288 58.6763 119.703 177.715 93.7477 79.4572 72.947 84.2738 112.52 48.956 61.4028 133.153 43.8887 89.2647 19.7526 1013.92 115.574 307.834 35.1377 82.8573 107.761 42.0325 38.0999 113.127 35.0304
internal_count=59878 38641 21237 17532 15802 11554 12310 27087 3705 2378 6486 1730 5068 25061 3492 2522 5606 1290 7282 6615 4575 4151 5028 3053 1078 1327 1210 6346 1796 2026 2015 1542 726 664 455 1719 3655 652 880 1169 2484 1280 1071 970 1287 1059 728 798 1536 530 1006 307 18715 1122 4617 563 921 1012 427 496 1097 430
is_linear=0
shrinkage=0.03


Tree=12
num_leaves=63
num_cat=0
split_feature=15 23 15 21 21 4 32 4 6 4 17 23 17 6 20 20 11 32 25 8 15 4 11 21 15 25 11 25 21 23 4 24 24 0 21 9 7 6 24 25 0 7 11 32 21 8 7 11 12 15 6 21 15 12 11 20 5 32 11 4 7 22
split_gain=935.428 165.43 153.096 78.6194 46.5755 45.7107 41.8989 37.4782 32.1136 30.4375 28.3641 27.8314 24.5483 22.3351 20.7728 20.5177 19.3816 19.0483 18.8117 17.1484 17.0392 17.004 16.6816 16.6159 16.2899 16.2213 15.9846 14.2038 13.8811 13.4953 13.4267 12.5015 12.1692 12.124 11.9729 11.8875 11.8634 12.2738 11.8025 12.8315 11.4134 12.1089 11.3615 11.2455 10.8862 10.8325 10.8294 10.5424 11.5564 10.5289 10.2652 9.77881 9.74708 10.0989 9.67958 9.62922 9.60777 10.0993 9.52932 9.41212 10.2987 9.35144
threshold=0.36215279996395117 0.24323514103889468 0.94465690851211559 0.15478920191526416 1.0396947860717776 0.84936901926994335 12.500000000000002 0.5391409993171693 -0.45703840255737299 0.44770708680152899 -0.37790286540985102 1.2181038260459902 0.29890263080596929 0.05606405250728131 0.36154595017433172 0.76716619729995739 0.56066706776618969 15.500000000000002 1.0000000180025095e-35 -0.98990124464035023 -0.34570795297622675 -1.0000000180025095e-35 0.25935269892215734 -1.2497054338455198 -0.12157407775521277 -0.30147556960582728 1.0367280244827273 0.51139450073242199 1.323370158672333 0.99012887477874767 -0.76340463757514943 0.78768736124038707 0.92642220854759227 0.97633057832717907 0.33047629892826086 1.0005955696105959 0.6683173179626466 0.60287210345268261 -0.20328259468078611 0.28868220746517187 1.2399007081985476 -0.98499676585197438 -0.072313152253627763 13.500000000000002 1.3425840735435488 -0.26163959503173823 -1.3664271235466001 -0.049112197011709206 0.052217373624444015 -0.35810057818889612 0.29526849091053015 1.0691730380058291 0.51771819591522228 -0.78990983963012684 0.28050771355628973 0.56006023287773143 1.1093764305114748 11.500000000000002 1.0640743970870974 2.4956405162811284 -0.89266744256019581 0.65493419766426098
decision_type=2 2 2 2 2 2 2 2 2 2 2 2 2 2 2 2 2 2 2 2 2 2 2 2 2 2 2 2 2 2 2 2 2 2 2 2 2 2 2 2 2 2 2 2 2 2 2 2 2 2 2 2 2 2 2 2 2 2 2 2 2 2
left_child=1 5 7 17 9 8 10 12 58 20 -5 13 22 -8 32 27 -6 23 30 -12 -3 -18 44 -4 -10 36 34 50 42 -19 -13 47 -9 49 -22 -16 37 -26 -28 -40 41 -23 -15 52 -2 -27 -24 -25 -49 -11 51 -14 -17 -54 -51 -35 57 -7 -1 60 -44 -45
right_child=2 4 3 6 16 56 11 14 24 33 19 18 15 28 35 43 21 29 -20 -21 26 40 46 31 25 45 38 -29 -30 -31 -32 -33 -34 55 -36 -37 -38 -39 39 -41 -42 -43 59 61 -46 -47 -48 48 -50 54 -52 -53 53 -55 -56 -57 -58 -59 -60 -61 -62 -63
leaf_value=-0.023804955872571244 -0.0099210092431241126 -0.01484283701508524 -0.0089913280557101724 -0.0031202518531822966 0.0084984006806931404 0.021292682319233248 -0.0049604202716840374 -0.0010567435735038602 -0.018367450330902448 -0.013718326129146113 0.01104156543483336 -0.0083184114864610081 -0.0046572742343700575 0.0052188389493378912 0.036897356174929598 -0.0020702045911451098 -0.0061605851750760974 -0.005489298798497663 0.01053601242126684 0.055474375185800784 -0.011445487557647524 -0.0078899643269011218 -0.017307949357584642 -0.015571962201072065 -0.0094369733807801118 -0.018090350420500008 -0.010575849591803615 -0.010030263337651706 0.036537219287451288 0.014031636064418072 0.045261591131341268 0.030800216345393518 0.024248021488286118 0.043458088652285183 0.00072670033584075196 0.0001975830952036837 0.025123259723083598 0.030628994571000854 0.01943071903991099 -0.007546539370834689 -0.0085554706220109609 0.057645606530004043 -0.0095163531614695547 0.025997243885971591 0.0079449848675590129 -0.0055335540872264808 0.0080809489841350071 0.031744195441991488 -0.0010021768779300395 -0.0036187057463492218 0.015481295007967815 0.027896602955399509 -0.0058997378119119582 0.049732188678023578 0.019518424280429471 -0.0057577727312909674 0.021693521650674487 -0.0069272700284272537 -0.010168960028111178 0.05182707945192714 0.022098492062554695 0.003508877753995495
leaf_weight=758.38231373950839 146.56845215335488 159.0752026066184 13.346736561506985 8.4804833084344846 104.47481840103865 9.2016444206237775 23.614989344030619 42.848238751292229 319.92521393671632 15.007970780134199 11.44822223484516 2.8845031261444083 54.957797538489103 42.483354594558477 64.203459825366735 4.2369123883545425 5.723236050456765 67.135106448084116 21.89049856364727 107.97611619532108 180.40590810775757 1.6038584150373996 11.798645481467245 8.1315441317856294 36.533367682248354 119.13972208276391 21.920832950621843 36.689020648598671 69.135695293545723 52.54798836261034 117.06683655828238 72.960354555398226 23.038632951676846 10.516804963350294 118.73888409510255 9.0344204865396005 14.578874133527277 3.2860933579504481 55.762359619140625 18.424390356987715 1.7316081672906865 17.984223645180464 7.1369035169482222 27.813559424132109 34.475802805274725 136.10608751326799 180.53602175414562 15.225969526916741 18.067307028919458 23.507697191089392 97.60768498852849 4.6400391869246951 2.1938311308622422 21.202649272978302 39.495268691331148 3.2658952102065077 16.313571356236935 53.487306993454695 60.239902559667826 7.1104894056916228 165.49212118983269 37.500988401472569
leaf_count=14279 2190 2635 186 98 1534 139 318 576 5804 231 116 34 816 524 771 55 82 907 235 1042 2849 23 182 115 609 2099 353 499 733 633 1055 848 285 136 1798 115 241 50 771 273 20 220 89 350 468 2378 2538 204 235 340 1240 65 27 242 532 41 246 833 1063 69 1789 488
internal_value=0.000316056 -0.0119784 0.0176683 0.0266457 -0.000704268 -0.0176981 0.0326322 0.00821508 -0.0189077 -0.00404031 0.0482062 0.0277969 0.00514454 0.0221717 0.0221025 0.0116631 0.0152328 0.0121317 0.0391079 0.0518298 -0.00670146 0.0358638 4.8839e-05 0.0199703 -0.0136169 -0.00849474 -0.00328035 0.0058324 0.0244174 0.00330054 0.0436918 0.0235846 0.00887778 0.011546 -0.00668149 0.0326721 0.00595523 -0.00308247 0.00711294 0.0126774 0.0461724 0.0517664 0.0199257 0.0229075 -0.00639674 -0.0116296 0.0061244 0.00892746 0.0161631 0.00591296 0.00972953 -0.000159689 0.0380454 0.0443954 0.0112542 0.0333678 0.00428083 -0.00151821 -0.0228693 0.0231665 0.0205604 0.014253
internal_weight=3936.31 2304.83 1631.48 832.135 777.639 1527.19 584.72 799.346 1448.19 646.121 127.905 456.815 660.221 314.974 139.125 286.842 131.518 247.415 141.842 119.424 554.328 27.0429 373.379 127.732 629.569 309.644 395.252 193.895 291.359 119.683 119.951 114.385 65.8869 91.7936 299.145 73.2379 54.3983 39.8195 96.1076 74.1867 21.3197 19.5881 222.223 92.9479 181.044 255.246 192.335 41.4248 33.2933 78.0109 157.206 59.5978 27.6334 23.3965 63.003 13.7827 79.0025 62.689 818.622 179.74 172.629 65.3145
internal_count=59716 39579 20137 9230 11838 27741 6102 10907 26523 9959 1256 4846 9160 3522 1747 3782 1879 3128 1324 1158 8679 345 5378 1588 11181 5377 6044 2620 3204 1540 1089 1402 861 1280 4647 886 900 659 1397 1044 263 243 2471 1162 2658 4477 2720 554 439 1103 2121 881 324 269 872 177 1218 972 15342 1947 1878 838
is_linear=0
shrinkage=0.03


Tree=13
num_leaves=63
num_cat=0
split_feature=15 15 6 21 32 32 17 23 17 4 6 14 4 17 6 23 25 6 6 8 4 25 25 21 16 4 4 14 7 6 25 9 7 2 11 7 5 9 10 11 11 32 11 15 16 9 11 14 11 11 14 1 11 4 8 32 25 15 7 22 15 14
split_gain=880.439 172.523 142.329 74.6411 50.9307 44.5153 42.0826 40.4624 37.2724 35.2195 28.3245 28.0684 23.4572 23.3608 22.3895 22.0533 21.2634 20.5856 20.021 22.6907 18.6198 18.5243 17.7477 21.7957 16.725 15.3701 14.848 14.5049 13.747 15.9141 13.1713 12.5889 13.6051 13.6108 13.1018 12.1505 12.0828 13.6508 11.9846 12.4851 11.6695 11.8245 11.5678 11.3841 11.3796 15.9085 11.269 11.2369 12.5252 11.1187 10.7578 10.6965 10.5579 10.4197 10.3768 10.3199 10.0139 9.97308 11.1925 9.90938 13.0811 9.69285
threshold=0.087022006511688246 0.7943515181541444 0.45968402922153478 -0.43088333308696741 12.500000000000002 10.500000000000002 0.13502205908298495 0.99923574924469005 -0.13806118071079251 0.44770708680152899 -0.18335037678480146 -0.72725367546081532 1.4110732674598696 -0.353479653596878 1.2248637080192568 0.32269875705242163 0.2028053477406502 0.40864264965057379 1.3273013234138491 -1.609866678714752 -0.64155155420303334 1.665272653102875 -0.13044020533561704 1.1108442544937136 1.0184576511383059 2.1601321697235112 -0.074642501771450029 -3.0694205760955806 0.70361053943634044 -0.3289418071508407 -0.48035946488380427 -0.99846389889717091 -0.83758437633514393 -0.43510070443153376 -0.63997438549995411 0.85989499092102062 0.23311400413513186 0.9320218861103059 1.2681563496589663 0.073407679796218886 -0.082777958363294588 13.500000000000002 0.036560259759426124 1.1777188777923586 0.3150652945041657 -1.0593020915985105 0.81423151493072521 1.8082212805747988 -0.62722161412239064 1.2729757428169253 0.088083058595657363 -0.13510543853044507 -0.32677510380744929 -0.4039864689111709 -0.79547506570816029 17.500000000000004 1.7691885232925417 0.51771819591522228 -0.37563815712928766 0.8414762318134309 -0.13276244699954984 0.23911408334970477
decision_type=2 2 2 2 2 2 2 2 2 2 2 2 2 2 2 2 2 2 2 2 2 2 2 2 2 2 2 2 2 2 2 2 2 2 2 2 2 2 2 2 2 2 2 2 2 2 2 2 2 2 2 2 2 2 2 2 2 2 2 2 2 2
left_child=2 5 9 27 13 26 12 17 59 15 50 31 28 -5 30 24 18 -6 46 -20 -15 52 38 43 -1 42 -2 -3 -7 -30 -13 -10 -33 -34 -35 -31 44 -38 39 -19 -32 -42 -11 -24 57 -46 -9 48 -21 -29 -8 -41 -16 -54 -45 -50 -56 58 -12 -4 -61 -37
right_child=1 3 8 4 7 6 10 16 11 25 36 14 -14 20 21 -17 -18 22 19 47 -22 -23 23 -25 -26 -27 -28 49 29 35 40 32 33 34 -36 61 37 -39 -40 51 41 -43 -44 54 45 -47 -48 -49 55 -51 -52 -53 53 -55 56 -57 -58 -59 -60 60 -62 -63
leaf_value=-0.021237573372416618 -0.0025740381289709189 0.034896958074587189 -0.013297520753661892 0.001058342814997632 -0.00021478873575323006 -0.0076408445087481616 0.0077258505314419992 0.013712847420942845 -0.0015505030478682445 -0.014373802356479068 -0.016442024997703177 0.024161211244063313 0.021426340594507591 -0.00013224672867437782 -0.0011421231526300545 -0.0095499065468599553 0.012939206784579094 0.012265366506016569 0.0012761412296917116 0.0025572649851181013 0.043794953694217903 -0.0098198557499288176 -0.0014075699948867338 0.028006248985460714 0.015614647340025845 0.025559698612883965 0.028543220025915299 -0.0065460456097639506 -0.018268695463476498 0.027891867288593247 -0.015564517516676327 -0.0016930777355137175 -0.010312947816852863 0.00010849587496734075 0.054742341004515326 0.015196224870037769 0.031888595777522531 -0.0064449239460354947 -0.0040224460948061029 -0.0072692170258152741 0.017302598408401596 -0.0051946953037967326 0.0036741962160350885 -0.005165624930122464 -0.0058651883158282233 0.018285921576538054 0.03190604253607978 0.0051812187268321956 0.05167641032167878 0.010896871009579388 -0.013047373520370081 0.043500455246658284 -0.0058857726769689436 0.042281964529901281 0.028701861953536825 0.017100532640602427 -0.0042842577102614673 -0.016756154008546721 0.019396792324486066 -0.0085603269546497152 0.025218657525757009 -0.0066584562570320216
leaf_weight=1221.7614312954247 15.495081491768358 6.2678887546062461 122.89030053466558 13.872800767421721 72.327951114624739 353.17948247119784 33.450338084250689 77.190275389701128 9.909152973443268 66.824115373194218 7.0004196204245117 10.583781987428663 27.808548353612423 9.0797788798809034 7.8040715418755999 188.8131404183805 72.897735297679901 26.446434456855059 12.51167184114456 6.2732052877545348 180.44725974649191 11.546822808682917 84.911658376455307 51.351646609604359 7.8242319822311392 10.18934604898095 81.262143928557634 89.832532469183207 17.367395222187042 20.058782029896975 51.463518753647804 7.1158651858568183 2.3184553273022201 4.5740218646824387 24.933263268321753 27.362077213823795 51.253705639392138 8.0499641261994821 7.9361468702554694 2.599792815744876 25.341667506843805 63.804226044565439 54.604865323752165 14.717998996376989 26.768320918083191 148.03196973726153 66.84453335031867 7.761614888906478 104.89711794257164 45.362605653703213 50.345183491706848 49.006242882460356 3.3471468687057522 26.27284237369895 34.350881241261959 15.240603096783159 8.9909109175205213 18.451988752931356 20.074448559433222 23.445311944931746 11.364668797701595 37.394200619310141
leaf_count=23133 227 78 1997 165 1004 5416 497 846 138 1120 101 154 343 106 107 3181 813 322 120 66 1771 179 1070 563 140 142 1061 1244 279 291 810 106 33 65 321 397 654 105 98 34 362 951 848 166 356 1952 683 76 907 585 791 545 46 326 380 141 103 249 281 382 173 550
internal_value=0.000340524 0.014297 -0.0139564 0.0225689 0.0256743 0.00492245 0.0026524 0.0216292 0.00182268 -0.0180893 0.0102946 0.00898316 -0.00314237 0.0390584 0.00371071 -0.0194633 0.0286742 0.0140655 0.0323342 0.0404954 0.0417412 0.0203079 0.0176894 0.0121375 -0.0209408 -0.00311196 0.0236784 0.00219326 -0.00485917 0.00466321 -0.00214306 0.0282364 0.03513 0.0424752 0.0475162 0.0101145 0.0148186 0.0265886 0.0288796 0.0322658 -0.00488468 0.00177993 -0.00643354 0.00568414 0.0111309 0.0145272 0.0229432 0.0439754 0.0460695 -0.000513451 -0.00478681 0.0405266 0.0296653 0.0367749 0.0153449 0.0481487 0.0221238 -0.00205658 0.00901181 -0.00941258 0.00425003 0.00300334
internal_weight=3961.21 2004.47 1956.73 1061.12 919.656 943.354 846.597 716.256 406.715 1550.02 363.426 249.015 483.17 203.4 200.164 1418.4 363.617 352.64 290.719 146.684 189.527 48.9709 280.312 194.323 1229.59 131.618 96.7572 141.463 455.362 102.182 151.193 48.8508 38.9416 31.8257 29.5073 84.8151 279.631 59.3037 85.9886 78.0525 140.609 89.1459 121.429 142.971 220.327 174.8 144.035 134.173 126.411 135.195 83.7955 51.606 37.4241 29.62 58.0598 120.138 43.3418 45.5269 27.0749 157.7 34.81 64.7563
internal_count=60150 25436 34714 11886 9979 13550 12262 7937 6150 28564 4986 3598 7276 2042 2935 26454 3652 4285 2839 1310 1877 658 3281 2282 23273 2110 1288 1907 6933 1517 2277 663 525 419 386 1238 3698 759 999 901 2123 1313 1968 1719 2939 2308 1529 1190 1114 1829 1288 579 479 372 649 1048 483 631 382 2552 555 947
is_linear=0
shrinkage=0.03


Tree=14
num_leaves=63
num_cat=0
split_feature=3 24 23 3 14 14 14 4 24 32 21 4 25 32 3 4 22 23 11 4 14 11 0 23 21 11 3 32 20 11 8 0 14 4 4 5 32 12 21 18 14 11 21 34 14 4 16 14 4 17 16 32 24 25 24 32 17 8 17 29 20 16
split_gain=733.924 224.248 109.809 97.9306 59.7559 57.1566 54.8691 44.5248 42.1624 38.2238 32.1674 28.2922 26.2819 22.0874 21.8717 21.0685 19.9366 18.4169 18.2939 16.8988 16.695 16.4061 16.2159 16.1751 16.0663 15.5798 15.5413 14.7374 14.321 15.8825 14.1599 14.1583 13.8391 13.7357 13.4157 13.3014 12.7545 12.8481 12.1721 16.7285 15.9587 14.5699 11.6613 11.2417 11.0793 10.1174 10.0288 9.60738 9.52889 9.80586 9.42797 11.399 9.33725 9.75542 13.7117 9.3354 9.27027 9.26373 9.00151 8.955 8.91203 8.83755
threshold=0.14172088354825976 0.76815342903137218 0.24323514103889468 1.5103702545166018 -1.0100318193435667 -0.29070536792278284 -0.90419462323188771 0.41867727041244512 -0.065289530903100954 10.500000000000002 0.69280940294265758 -0.013657241128385065 -0.57664090394973744 17.500000000000004 0.72049182653427135 1.5478326082229616 -0.064188089221715913 0.53466880321502697 -0.072313152253627763 1.0255577564239504 0.47479432821273809 0.8508099913597108 1.1033436059951784 0.58955174684524547 0.16444855928421023 1.214486360549927 0.96761018037796032 13.500000000000002 -0.58754682540893544 -0.66669955849647511 0.061857214197516448 -0.071802720427513109 0.21859091520309451 -0.47678935527801508 -0.17573804408311841 0.40654170513153082 12.500000000000002 -0.86056876182556141 1.2293348312377932 -0.76526281237602223 1.7479221224784853 -0.41638375818729395 1.1924432516098025 1.5000000000000002 0.25846868753433233 0.77264773845672619 0.8928053379058839 0.42680302262306219 -0.37929689884185785 -0.75104182958602894 0.57209491729736339 12.500000000000002 -0.2447153106331825 0.66088703274726879 0.95917904376983654 12.500000000000002 0.29890263080596929 -1.652491509914398 0.16906858980655673 0.23303167521953586 -1.4342114925384519 0.54733818769454967
decision_type=2 2 2 2 2 2 2 2 2 2 2 2 2 2 2 2 2 2 2 2 2 2 2 2 2 2 2 2 2 2 2 2 2 2 2 2 2 2 2 2 2 2 2 2 2 2 2 2 2 2 2 2 2 2 2 2 2 2 2 2 2 2
left_child=2 5 7 6 10 14 31 18 15 23 25 -6 -10 33 45 30 -12 27 56 24 35 -9 59 -8 44 -4 -24 47 -16 -30 -7 -3 -32 -5 -18 52 37 -31 42 -40 41 -41 57 -28 -11 -2 -36 -14 -33 -50 51 -20 -13 54 55 -54 -1 -35 -49 -19 -51 -27
right_child=1 3 4 13 11 8 9 21 12 19 16 20 17 -15 28 -17 34 22 50 -21 -22 -23 26 -25 -26 61 43 -29 29 36 32 48 -34 38 46 -37 -38 -39 39 40 -42 -43 -44 -45 -46 -47 -48 58 49 60 -52 -53 53 -55 -56 -57 -58 -59 -60 -61 -62 -63
leaf_value=-0.023534911453574184 0.0024364939810849169 -0.0046402217017515153 -0.003322955427252867 0.010582546577930577 -0.02041433151499436 -0.015512590225623476 -0.0015712296988821082 -0.0051319953397429832 0.029386147290197524 0.0085571216096223153 -0.010148498279525991 -0.012975451668285645 0.02023645501241006 0.0094327173846305429 0.00064631841782267501 0.023443950323375318 -0.0034834826684348218 0.018106307024497455 -0.0046054025799579278 0.023303240844289634 -0.014042297854999016 0.023302857275231476 -0.0056455891142907794 0.041532856529620986 0.011654076499864562 0.0012333207721481954 -0.0056767171826589465 -0.0070625159253797955 -0.0011872109663278972 -0.00088984736482313961 0.011162805767222818 0.0063664481066058329 -0.0082054879036576444 0.0041901590504179274 0.050769353567377884 0.016369518461892971 0.024317734857912873 0.064310721888304598 0.0041527127635166815 0.0077113626565422349 0.00074026909549779099 0.066332396697425106 -0.0080664143570588608 0.056653895003778758 -0.0071427177785143882 0.027688262033292849 -0.0036987458263614101 -0.011817398256571616 -0.0041297593700516935 0.00075909575804647812 -0.0024662696184287345 -0.018530718396174789 0.014036273090460027 -0.010083871306217919 0.018108602704772759 -0.0056964797872174813 -0.007009675850166072 0.038275371800853879 0.015830567855571343 0.0027337632399845233 0.041747066460998544 0.035698187739356735
leaf_weight=681.50681766867638 83.053601913154125 7.049132961779832 73.417736619710922 17.203378714621067 114.37723018229008 178.67201005294919 8.7819017246365529 95.395685762166977 32.928151469677687 67.862883321940899 6.1024595350027075 53.693438086658716 30.454027436673641 26.466596804559231 15.220767714083193 13.394915912300347 4.7115708850324145 41.256409630179405 67.991953309625387 70.694480806589127 98.157560165971518 17.32230493798852 5.5035922192037132 47.814826361835003 310.69367867708206 11.356989309191706 2.1073253899812689 168.81273904815316 10.626754168421028 2.9337171614170101 40.152381986379623 11.293627083301542 122.40191717818379 8.8790573105216009 31.599079176783562 33.896607723087072 46.627437382936478 17.87232118844986 6.3170360699295989 5.5727144852280608 4.1699896827340117 57.500181846320629 3.7332756072282782 10.527574591338633 85.953485798090696 12.563010554760693 2.6079018935561171 23.366435326635838 3.7878856882452956 5.1784420609474173 53.294208649545908 318.79336027801037 23.010407105088234 51.989855535328388 41.410129819065332 89.305586237460375 37.414088997989893 157.75136173516512 11.960314668714998 139.07095476612449 108.8730366975069 12.723610430955885
leaf_count=13349 1237 79 1039 191 1919 3021 104 1563 453 890 73 901 429 258 210 176 65 546 1249 762 1575 263 77 503 3675 159 24 2570 141 36 630 130 2062 88 369 480 596 197 51 58 39 459 32 123 1166 158 27 358 44 60 936 5973 336 772 579 1407 651 1447 160 1851 1078 167
internal_value=0.00041875 0.0130026 -0.0128526 0.0229202 -0.00277484 0.00296156 0.0168652 -0.0179596 -0.000496798 0.0127158 0.0140711 -0.00761242 0.00541243 0.0376972 0.0176108 -0.00822907 0.0336552 0.00327495 -0.0197029 0.0100275 -0.00366169 4.19927e-05 0.00988589 0.0352599 0.00778037 0.00382734 0.0337123 -0.00240748 0.0276132 0.032516 -0.00979301 0.0338083 -0.003231 0.0403309 0.0408971 -1.05899e-05 0.0375426 0.0567261 0.0421743 0.0544947 0.0586093 0.0620999 0.0354525 0.047596 -0.000164709 0.00696536 0.0466746 0.00919371 0.0360018 0.0384673 -0.0145593 -0.0161728 -0.00242003 0.000577536 0.00438727 -0.00122786 -0.0227293 0.0366341 -0.00165463 0.0066444 0.0399961 0.0224505
internal_weight=3945.16 2025.08 1920.08 1015.58 648.36 1009.51 727.983 1271.72 820.609 591.801 142.519 505.841 465.988 287.594 188.898 354.621 45.021 433.059 1159 535.205 391.464 112.718 198.466 56.5967 464.51 97.4983 18.1385 234.594 93.281 78.0602 341.226 136.182 162.554 261.127 38.9186 293.306 67.4335 20.806 243.924 73.5599 67.2429 63.0729 170.364 12.6349 153.816 95.6166 34.207 65.7808 129.133 117.839 440.08 386.785 259.409 205.716 153.726 112.316 718.921 166.63 35.3267 180.327 114.051 24.0806
internal_count=60021 26169 33852 11114 9868 15055 8491 23984 12480 7100 1899 7969 6591 2623 2575 5889 534 6138 22158 6493 6050 1826 2621 607 5731 1365 224 3517 1180 970 5713 1391 2692 2365 461 4475 829 233 2174 607 556 517 1567 147 2056 1395 396 947 1312 1182 8158 7222 3995 3094 2322 1743 14000 1535 518 2397 1138 326
is_linear=0
shrinkage=0.03


Tree=15
num_leaves=63
num_cat=0
split_feature=15 3 24 32 32 15 3 15 3 4 7 32 22 4 14 14 14 4 3 24 11 32 14 16 3 20 11 3 14 9 1 20 24 8 20 9 17 4 32 14 0 3 9 4 11 8 9 3 11 24 14 3 14 20 22 8 8 20 11 24 11 7
split_gain=808.246 191.582 123.469 54.9225 48.8975 48.8809 45.3593 40.1022 36.3635 31.8915 25.8638 25.1221 24.7721 21.5573 19.8109 19.5979 19.2279 18.0574 17.366 17.2061 22.973 19.0303 17.1967 16.156 15.9882 15.9054 15.2396 14.8717 34.6123 13.1913 12.3446 12.0889 11.7263 11.5813 12.2349 11.4421 11.0051 11.0349 10.9836 10.8363 10.7913 10.6647 11.4339 10.5118 10.4154 9.83435 10.6028 10.2814 9.80375 9.5303 9.41511 9.22035 9.16358 13.9653 13.9912 9.41607 9.0689 9.03379 8.91422 8.70359 8.65218 10.5124
threshold=0.087022006511688246 1.0596448183059695 0.45980474352836614 9.5000000000000018 11.500000000000002 1.2087481617927553 0.65529128909111034 0.88642296195030224 -0.1959760785102844 1.6240430474281313 -0.60572963953018177 9.5000000000000018 -0.24333950132131574 -0.29658310115337366 -0.3753096312284469 0.040406191721558578 -0.74262171983718861 0.86763000488281261 1.2597366571426394 -0.091450687497854219 1.4427454471588137 15.500000000000002 0.35321031510829931 0.50697392225265514 -0.63000306487083424 -0.042859025299549096 0.22568751126527789 1.8322706222534182 0.94407358765602123 -1.9144167304038999 1.3890960216522219 -0.7004188299179076 -0.3106123656034469 -0.2967283427715301 -0.98445281386375416 0.53715500235557567 -0.1881332844495773 -0.22717346251010892 17.500000000000004 0.42620393633842474 -0.071802720427513109 -0.33376097679138178 -0.61529108881950367 2.1601321697235112 -0.2511975616216659 0.037891048938035972 -1.6156679987907407 0.15257247537374499 1.6002532839775088 -0.20328259468078611 -0.49151310324668879 0.85275113582611095 -0.76831158995628346 0.21285402774810794 -0.38815912604331965 0.95482221245765697 1.9169396162033083 0.10250050574541093 -0.66669955849647511 1.0979564785957339 -1.0661130547523496 1.211091220378876
decision_type=2 2 2 2 2 2 2 2 2 2 2 2 2 2 2 2 2 2 2 2 2 2 2 2 2 2 2 2 2 2 2 2 2 2 2 2 2 2 2 2 2 2 2 2 2 2 2 2 2 2 2 2 2 2 2 2 2 2 2 2 2 2
left_child=2 3 8 13 15 9 16 23 26 10 -5 39 -7 -2 25 31 41 27 43 20 -12 45 24 -6 -14 -8 -1 40 38 -25 57 -3 -15 -34 -35 -11 -16 -38 -29 -10 -9 -4 -43 50 -19 47 -47 -21 -46 -31 51 -13 58 54 -54 -55 -36 -23 -42 -17 -59 -62
right_child=1 4 6 5 7 12 14 17 11 35 19 18 22 32 36 59 -18 44 -20 21 -22 30 -24 29 -26 -27 -28 28 -30 49 -32 -33 33 34 56 -37 37 -39 -40 -41 52 42 -44 -45 48 46 -48 -49 -50 -51 -52 -53 53 55 -56 -57 -58 60 -60 -61 61 -63
leaf_value=-0.023108146310082116 -0.0094224973114374801 0.0038676981785754705 -0.0037286138830717858 -0.009551364207496655 0.00056789887920677352 -0.0016915866046617945 -0.001326793895449708 -0.015602913695052067 0.026671035167287981 0.034270246553306551 -0.0088101215717870524 -0.0082934014008595458 0.00061117686104750722 0.0020919071719862777 -0.0054198219351305589 0.01371410239288825 -0.010012867850606854 -0.00098638569761470363 0.0044217061460977017 -0.0048117957745726784 0.035986443685599077 -0.0077876555180693601 0.0021692850988735616 -0.011773227284332794 0.029123985181075705 0.050118617038641795 -0.013770980195194505 0.048440117296023107 0.0035319299273175362 0.00047343538988370629 0.029026710971689663 0.061018927966521523 0.015956835644978008 0.0012037143679335331 0.054110621671123363 0.0050214979006985676 -0.0084004708524557953 0.019144566747074054 0.0031574312752561205 -0.0048529449161051298 -0.0082249110549531355 -0.007358362076913422 0.034029878409635346 0.018179102530361983 0.048075173208458388 -0.011909221527117913 0.019701843551208218 0.011289227089087053 0.01073228121625786 0.022326457776615936 -0.016998019011134548 0.021817710940220079 0.025306248086868769 0.024402990361317281 -0.006698211922311059 -0.0017876174161425879 -0.0044013686508404658 -0.012142801348236736 0.035509519461248577 0.042232398362271287 0.0024364674755876759 0.024610937071427069
leaf_weight=757.43759476393461 9.8191781975328905 4.2882687970995894 22.748300865292549 183.96759090945125 75.326934862881899 51.941562667489052 6.8677572235465076 4.4389363452792159 17.133698798716068 29.938835881650448 146.73852810636163 61.441013112664223 20.462608881294727 10.080552231520413 32.117095861583948 32.203929677605629 208.6020708270371 4.7166689634323111 46.000845056027174 52.093126837164164 6.1513791903853408 107.4217771589756 35.438560269773006 9.9182469137012941 137.25480738282204 16.700010389089584 234.81809954717755 61.747241847217083 25.431790597736835 20.885180845856667 7.8503089919686309 51.276332445442677 24.00380877032876 5.1148570552468291 38.621845904737711 21.378334417939186 12.945167381316422 67.855361759662628 5.9782001227140418 15.273847248405216 2.7695328891277304 6.226493418216708 16.304844360798597 4.6972064822912207 65.763184681534767 7.1537195555865756 111.25259338691831 94.50917062163353 10.658717237412928 133.67829435318708 362.77294596657157 5.7482089735567561 12.128880128264425 102.81876745074987 38.899630308151245 13.213090337812899 1.7606907337903965 25.160544227808714 41.586443431675434 16.267148166894913 155.391636390239 17.221016678959131
leaf_count=15011 140 46 357 2812 976 647 88 53 289 354 2326 1105 258 142 471 359 3444 48 712 789 94 1568 435 129 1480 177 4377 518 225 304 105 449 286 67 417 257 184 858 56 268 28 89 216 62 561 95 1470 1216 91 1590 6636 89 134 998 408 127 18 368 379 135 2150 233
internal_value=0.000354041 0.0134693 -0.0137215 0.00650991 0.0256747 0.00477061 0.00130223 0.0221987 -0.017609 0.00170159 0.000350916 -0.0109526 0.0165935 0.0285754 0.0149464 0.0447397 -0.00617981 0.0281332 -0.0126964 0.00289113 -0.00592525 0.0052538 0.0214291 0.0121664 0.0255571 0.0375188 -0.0209786 0.0240641 0.0343876 0.0173046 0.000216748 0.0572916 0.0335436 0.0376589 0.046395 0.0236131 0.00884404 0.0144992 0.0449349 0.0131508 0.0189312 0.0107187 0.0233331 -0.0145377 0.0413337 0.0110897 0.0173869 0.00559794 0.0438458 0.019481 -0.0151 -0.0043846 0.02 0.0159128 0.00248835 0.0214699 0.0513556 -0.000980243 0.0322222 0.0263391 0.0028181 0.00527929
internal_weight=3930.41 2034.72 1895.69 1300.73 733.995 1211.33 390.367 629.96 1505.32 966.229 914.911 513.068 245.098 89.4009 136.485 104.036 253.882 390.151 480.66 730.944 152.89 578.054 193.156 239.809 157.717 23.5678 992.256 309.013 93.1572 164.482 313.045 55.5646 79.5818 69.5012 45.4974 51.3172 112.918 80.8005 67.7254 32.4075 215.855 45.2796 22.5313 434.659 81.1386 265.009 118.406 146.602 76.4219 154.563 429.962 67.1892 211.416 167.06 51.0285 116.032 40.3825 305.195 44.356 48.4711 197.773 172.613
internal_count=59774 25341 34433 17727 7614 16657 5884 6625 28549 13837 13226 9161 2820 1070 1778 989 4106 3626 8604 10414 2420 7994 2173 2999 1738 265 19388 2926 799 2023 4424 495 930 788 502 611 1513 1042 574 557 2127 662 305 7892 700 3570 1565 2005 652 1894 7830 1194 2074 1667 542 1125 435 4319 407 494 2751 2383
is_linear=0
shrinkage=0.03


Tree=16
num_leaves=63
num_cat=0
split_feature=15 6 3 3 32 14 4 32 6 3 23 3 14 20 17 21 15 20 15 4 31 20 4 25 31 32 19 14 3 17 25 10 7 14 18 3 17 6 8 8 20 20 4 9 26 4 17 15 18 8 14 22 21 7 20 18 20 32 14 21 7 23
split_gain=773.088 169.758 118.121 73.134 49.3272 41.2416 39.5049 38.8446 38.3048 37.3964 28.2878 25.6342 24.87 23.5347 21.5897 22.6595 19.9322 19.5016 19.3826 19.1794 16.6767 15.7687 15.5394 15.1916 14.1271 13.781 14.2026 13.4697 12.7112 12.1729 12.0425 11.8898 11.7797 11.7251 11.5137 13.1106 12.081 11.5064 11.4733 11.0908 11.0514 11.1396 11.6548 10.7588 10.0173 9.94062 9.78185 9.64158 9.54966 9.61822 9.37761 9.36487 9.06782 8.9159 8.89883 8.76475 8.3862 8.32625 8.36489 8.17552 8.1747 8.11343
threshold=0.087022006511688246 0.97222048044204723 0.46336124837398535 0.59097614884376537 13.500000000000002 0.31642414629459387 0.41867727041244512 13.500000000000002 -0.3289418071508407 0.14172088354825976 0.34409253299236303 1.0287997722625735 -0.90419462323188771 0.37115101516246801 -0.17195967584848401 0.97198200225830089 0.89735013246536266 0.48001562058925634 0.29957246780395513 -0.063147414475679384 -0.78571429848670948 1.149778485298157 -0.11035111173987387 1.7691885232925417 0.35714286565780645 12.500000000000002 0.3725841492414475 -1.0704640746116636 1.2413458824157717 0.33934748172760015 1.010866701602936 1.6997573375701907 0.6683173179626466 -1.5160347819328306 -0.59018647670745839 0.15257247537374499 0.46707947552204138 1.1896107196807864 -1.5427732467651365 0.52249017357826244 -1.4342114925384519 1.149778485298157 -0.85092490911483754 0.46981281042099005 -0.40366864204406733 0.29325987398624426 -0.442232996225357 -0.87416577339172352 -0.38509836792945856 -0.61240980029106129 0.92852079868316661 -1.0000000180025095e-35 -0.086916554719209657 -0.85574060678482045 1.0773187875747683 -0.45506182312965388 -1.4913994669914243 11.500000000000002 0.27779406309127813 -0.28659139573574061 1.2520874142646792 0.34409253299236303
decision_type=2 2 2 2 2 2 2 2 2 2 2 2 2 2 2 2 2 2 2 2 2 2 2 2 2 2 2 2 2 2 2 2 2 2 2 2 2 2 2 2 2 2 2 2 2 2 2 2 2 2 2 2 2 2 2 2 2 2 2 2 2 2
left_child=2 4 6 12 5 9 10 13 28 22 47 19 32 53 -10 -16 -9 -7 -15 -6 -17 29 -2 50 -23 55 -27 -12 -4 -13 54 40 -3 39 35 -35 61 -20 -22 -21 -11 42 -42 46 -43 -19 -44 -1 -24 -50 -18 -34 -52 -5 -14 -8 -41 58 -49 -55 -29 -37
right_child=1 3 8 7 11 17 25 16 14 31 27 21 30 18 15 20 23 45 37 33 38 24 48 -25 -26 26 -28 60 -30 -31 -32 -33 51 34 -36 36 -38 -39 -40 56 41 44 43 -45 -46 -47 -48 57 49 -51 52 -53 -54 59 -56 -57 -58 -59 -60 -61 -62 -63
leaf_value=-0.025115295972951552 -0.019569119392970138 0.013473350942078135 -0.017103353353998901 -0.0033869087318028138 -0.012770877525317005 -0.009492937219126453 0.041177592845301099 0.013034388408511791 -0.0044840290210951071 -0.007406388244724285 0.0087443164735170782 -0.0033993068119544203 0.012175158655449495 -0.0059537589889489401 0.0070590576180823671 -0.0091934019040429069 0.032177489856460004 0.0051866155425009759 0.0278007905538422 -0.0022745507137677955 -0.010066792421972259 0.0081864390535541075 -0.0070025036938403777 0.0080478602623144171 0.043167122332288768 -0.0096711389529153449 0.028922494581749034 -0.01385753972648578 0.004576579267124934 0.012576475745498738 -0.0074905024972102959 -0.0047687106117173476 0.0020572475691439107 -0.0052427446862397609 -0.0022974555447603504 -0.00080032225817091597 -0.0093135111102360425 0.05937553807979034 0.042853631985517109 -0.0089724656380063533 -0.0044623568279883912 0.030662223030321598 0.0069705106461146592 0.022608204909186851 -0.0043201329376919683 0.031186741951354929 0.054409145213301091 0.000870630122221111 -0.0060666144868092636 0.023542025111251721 -0.011356585341626179 0.047513450560815143 0.020126061178895781 0.002877665221936279 -0.0094030175168346372 0.004853307053751494 0.031972429282115432 -0.019804823649143186 -0.017680210532972744 0.032644220563705084 0.0050584438085719283 0.052526698396012823
leaf_weight=396.3679117038846 12.497246377170084 69.691732004284859 97.056467570364475 8.4560856148600561 114.55751894414425 67.068578261882067 3.7284349948167828 140.10459706187248 85.028137989342213 3.8308008164167395 28.154899671673775 74.095292765647173 87.885468393564224 4.4026017859578124 133.43470350652933 5.7728514596819869 242.44468490034342 50.60912349447608 28.544580664485693 19.978299163281918 2.2114548608660689 25.145369008183479 15.40746036916971 37.684570707380772 17.200561430305243 103.72597409039736 4.4959339611232272 205.51882061362267 29.582069352269173 91.713894076645374 65.960893407464027 6.0762159377336493 5.5855279713869121 13.173859693109991 399.66884284466505 2.9859274588525286 3.2739898748695841 72.884502850472927 33.496491827070713 3.1603075303137329 3.9874436035752288 9.259980972856285 5.8937276415526858 31.16418182849884 13.043384402990339 14.352744769304989 54.922008961439133 41.258139532059431 10.216331779956816 42.713263563811779 6.5401766300201407 16.934216506779194 43.583391614258289 11.116693139076231 17.205639611929655 24.455637872219086 21.556607395410538 619.43438347056508 40.518464431166649 46.734720699489117 20.267421945929527 8.5349853038787824
leaf_count=8086 199 805 1754 89 1838 955 57 1659 1324 51 433 984 1133 52 1832 78 2158 674 259 260 29 304 213 388 204 1711 70 3537 474 1102 913 70 59 203 5899 46 44 599 415 43 55 98 75 353 143 171 616 799 146 583 67 164 384 119 211 394 273 12342 798 433 328 115
internal_value=0.000313509 0.0130693 -0.0135788 0.0227231 0.00530683 0.014762 -0.017406 0.0281614 0.00118588 0.022898 -0.0189539 0.00118402 0.00917329 0.0405933 0.00774357 0.0136469 0.0232325 0.00151667 0.049634 -0.00203636 0.0317998 0.0100986 0.00635697 0.0273 0.0254535 -0.00194111 -0.00686137 -0.00965294 -0.0120576 0.00554684 0.00221845 0.0326992 0.0212968 0.000673648 -0.000918766 0.016143 0.0316999 0.0522132 0.0387423 0.0144691 0.034678 0.0362863 0.0407433 0.042832 0.0131593 0.0127494 0.0506906 -0.0210523 0.0121092 0.0177967 0.0296029 0.0386612 0.0153607 0.0236952 0.00837575 0.015139 0.0261084 -0.018594 -0.00881 0.0276083 -0.0120868 0.0426464
internal_weight=3916.36 2041.85 1874.51 905.76 1136.09 341.042 1487.93 642.497 386.582 209.012 1351.52 795.045 263.263 172.139 259.944 174.916 470.357 132.03 105.832 586.89 41.4808 208.155 80.8343 330.253 42.3459 136.406 108.222 253.941 126.639 165.809 171.052 128.178 92.2115 472.333 427.638 27.9688 14.7949 101.429 35.7079 44.6952 122.102 118.271 95.9674 91.9799 22.3034 64.9619 60.8157 1097.58 68.3371 52.9296 292.568 22.5197 50.1236 66.3075 105.091 28.1841 24.7169 701.211 81.7766 57.8514 225.786 11.5209
internal_count=59670 25209 34461 9492 15717 4402 28555 6207 5906 2602 26323 11315 3285 1551 3678 2354 4656 1800 910 8721 522 2594 1141 2997 508 2232 1781 4298 2228 2086 2257 1461 1028 6883 6307 408 205 858 444 576 1391 1340 1099 1044 241 845 691 22025 942 729 2609 223 451 641 1344 451 316 13939 1597 552 3865 161
is_linear=0
shrinkage=0.03


Tree=17
num_leaves=63
num_cat=0
split_feature=23 3 3 21 32 11 11 7 24 24 24 24 3 3 21 1 32 25 32 5 11 21 7 21 11 11 32 26 10 21 25 32 11 21 5 12 32 5 32 22 17 11 7 21 11 26 9 9 20 21 25 7 7 3 13 5 25 23 10 7 7 3
split_gain=636.125 202.899 85.8139 56.8089 42.3743 36.3947 32.2156 32.155 43.353 31.1506 24.8969 21.3107 20.8637 16.959 16.0162 15.6627 15.185 14.9319 14.1457 17.9499 13.8697 13.3197 13.1432 12.6572 11.5739 11.4852 11.4064 11.174 10.9608 10.8917 10.2686 10.2622 10.188 10.1089 9.80684 12.9523 9.80505 9.44031 9.28174 9.25778 10.872 9.17002 8.93438 9.04197 8.84148 8.82585 8.67044 8.57911 8.50461 9.50061 9.15754 10.2243 9.69002 8.67762 8.41786 8.19562 8.03918 14.7519 8.02843 7.95475 7.92932 7.88571
threshold=0.42008206248283392 0.64183306694030773 0.012079695705324413 1.0838567614555361 9.5000000000000018 0.24782812595367434 0.71654203534126293 -0.55664002895355214 0.86134296655654918 1.1362311244010928 0.32332134246826177 -0.54831284284591664 0.10645726323127748 1.2413458824157717 -0.56840050220489491 1.1455280184745791 14.500000000000002 -0.28919187188148493 14.500000000000002 -0.33081199228763575 -0.21636962145566938 -0.21982344985008237 0.57335102558135997 1.0545833110809328 -0.46876958012580866 1.3713554143905642 12.500000000000002 -0.43635335564613337 -0.098873499780893312 -1.4845988154411314 -0.48014044761657709 9.5000000000000018 -0.58741253614425648 0.2371373847126961 0.57664474844932567 1.0005776882171633 11.500000000000002 -0.42819893360137934 12.500000000000002 -0.25623913109302515 1.768602252006531 1.117392957210541 -0.92921462655067433 0.9458429515361787 1.214486360549927 1.2061725854873659 -2.0721325874328609 0.72313570976257335 0.98227065801620495 0.95894458889961254 -0.24218232184648511 -0.32832045853137964 -0.65814325213432301 0.88090199232101452 -0.98096919059753407 0.90726622939109813 -0.26715756952762598 -0.45913468301296229 -0.73838320374488819 -0.47647547721862787 0.17512354999780658 0.11865829303860666
decision_type=2 2 2 2 2 2 2 2 2 2 2 2 2 2 2 2 2 2 2 2 2 2 2 2 2 2 2 2 2 2 2 2 2 2 2 2 2 2 2 2 2 2 2 2 2 2 2 2 2 2 2 2 2 2 2 2 2 2 2 2 2 2
left_child=2 4 5 6 12 11 15 61 23 27 13 -1 -2 25 31 18 29 -12 19 -3 38 44 -20 45 60 30 -13 32 59 -8 -4 -7 -5 -14 48 58 -19 -16 -10 -22 -41 56 -21 47 -18 -9 -26 -44 50 -50 52 -52 -23 -54 -48 -28 57 -39 -36 -15 -11 -6
right_child=1 3 10 9 7 14 16 8 20 24 17 26 33 28 37 -17 21 36 22 42 39 34 -24 -25 46 -27 55 -29 -30 -31 -32 -33 -34 -35 35 -37 -38 41 -40 40 -42 -43 43 -45 -46 -47 54 -49 49 -51 51 -53 53 -55 -56 -57 -58 -59 -60 -61 -62 -63
leaf_value=-0.024431213902557095 0.0071248376186075595 -0.014446521876095332 -0.00063071127164151175 0.0030294264909392489 -0.014878585314420873 0.011557861156039802 -0.0093045519494487309 -0.0091287613814501796 0.020244518083174547 -0.01192276726785106 0.016594905369925139 -0.0044960677015910633 0.011837756946989171 -0.0076906536370840335 -0.016863410822138037 0.026658052716221146 -0.0055079603240464417 0.01663188614884031 -0.004144125257254082 -0.010228619448707879 0.0031403521716756961 -0.0098126128783991382 0.011950627053757974 0.0068618318128226292 -0.0021899637085419691 0.009118633114531989 -0.018270728818313382 0.014247981053737931 -0.0054958474502714589 0.029699000649432733 -0.013590583926103805 -0.015125745000001212 0.039132576175217759 0.053811593959305626 0.0046895518426520854 -0.0046930739285008741 -0.0036830904354210334 -0.012398549215415996 -0.0034899187378852037 0.015172477962726375 0.041458619900362655 0.018590837126907567 0.028097438225024342 -0.0034715907351111743 0.013652705251181372 0.0095379393888963288 -0.0033893720314701987 0.0046345429687948778 0.037823691325306164 -0.0055506553369267806 0.022925917824109032 0.0029696692826296678 -0.0042914931564282588 0.038925594749184778 0.046551887963062706 -0.0010422636789463396 -0.0060471687274939777 0.029287232622657377 0.045552717155046711 0.024303977857170575 0.023466147668119389 -0.0022105264132428306
leaf_weight=455.31482482329011 36.691523779183626 13.425388924777506 68.852127000689507 9.5100125223398191 134.28784828260541 10.397621687501667 4.5229447968304148 244.10419747233391 13.246633201837538 4.1247504577040699 65.21831251680851 82.978639606386423 11.382044047117235 6.447366274893283 19.534991811960936 36.044611617922783 33.914053939282894 20.693325605243444 126.4681656062603 6.2606647796928874 47.179247349500656 3.4128919318318394 65.064207911491394 65.252016860991716 3.0548831894993773 23.6379035115242 358.28644347563386 107.29762904718518 32.246771436184645 171.60477588698268 279.27910577878356 177.22059387341142 37.103901617228985 16.764072634279728 6.3714202530682078 5.7733824998140326 122.47942211851478 9.3795453310012835 74.411994446069002 146.9806180819869 13.619776397943495 23.017669223248959 72.130460016429424 11.269506733864544 46.094176016747952 21.055457040667534 2.4384412392973891 19.872544970363379 22.331618361175064 4.0472283065319052 27.052672270685434 89.675868097692728 3.8708474114537266 21.258917681872845 129.07933891564608 27.345710802823305 69.453639924526215 13.26762644574046 29.089881058782339 25.859255194664001 18.357064194977283 67.694527521729469
leaf_count=9445 504 164 1191 112 2165 187 59 3796 160 44 888 1537 143 100 351 391 444 263 1615 84 634 43 782 921 26 397 6959 1158 480 1740 4932 3351 377 175 65 51 1790 178 1007 1820 147 387 813 110 576 322 21 230 216 37 287 918 47 227 1033 492 1235 228 281 376 189 984
internal_value=0.0003906 0.0120683 -0.0121029 0.0204816 0.00135861 -0.016686 0.0161634 -0.000531382 0.00283831 0.0314265 -0.0031839 -0.019714 0.0237999 -0.00723212 -0.00783643 0.00908842 0.0212994 0.005263 0.00668904 0.0144156 0.0110971 0.016583 0.00148826 -0.00460163 0.0409622 -0.00968487 -0.0149211 0.0207134 0.00657426 0.0284682 -0.0110726 -0.0133853 0.0327739 0.0411839 0.0204545 0.0336469 -0.000284734 9.75076e-05 0.000995621 0.0152352 0.0185861 0.00355783 0.0184294 0.0205589 0.00568459 -0.00749741 0.0444127 0.0235296 0.0164228 0.0313448 0.0127604 0.00834638 0.0268769 0.0326612 0.0455357 -0.017078 -0.00096303 0.0129027 0.0396975 0.0177439 0.0159854 -0.0107888
internal_weight=3914.1 2023.19 1890.91 1130.52 892.67 1246.2 819.556 827.832 625.85 310.966 644.714 923.926 64.8376 436.323 322.272 350.536 469.021 208.391 314.491 122.959 295.438 292.893 191.532 330.412 157.054 371.769 468.611 153.912 64.5534 176.128 348.131 187.618 46.6139 28.1461 212.885 41.2347 143.173 134.653 87.6586 207.78 160.6 115.118 109.533 103.273 80.0082 265.16 134.573 92.003 171.65 26.3788 145.271 116.729 28.5427 25.1298 131.518 385.632 92.1008 22.6472 35.4613 32.3066 22.4818 201.982
internal_count=59685 24918 34767 12140 12778 24350 9180 11956 8807 2960 10417 18433 822 7476 5917 4189 4991 2941 3798 1401 3768 3192 2397 5039 1313 6520 8988 1647 956 1799 6123 3538 489 318 2172 397 2053 2379 1167 2601 1967 2028 1237 1153 1020 4118 1080 1043 1775 253 1522 1205 317 274 1054 7451 1641 406 346 476 233 3149
is_linear=0
shrinkage=0.03


Tree=18
num_leaves=63
num_cat=0
split_feature=15 15 3 3 6 4 14 3 21 4 4 21 4 14 6 14 11 3 6 11 21 20 24 14 4 25 14 11 7 14 4 26 31 7 14 4 17 21 3 4 17 3 8 7 14 26 20 26 24 3 4 25 25 13 12 11 13 10 18 0 5 13
split_gain=635.221 122.876 103.233 62.6698 46.8447 40.2473 31.5069 31.2276 29.6292 25.7419 25.3313 23.6296 22.3203 22.3039 21.2943 19.9773 19.1248 17.6379 16.9012 15.3855 15.1614 14.7396 19.5921 15.7767 14.1021 13.7026 13.3849 13.2969 11.8706 12.9965 11.8516 11.9858 11.8489 11.8083 25.129 11.7961 11.552 11.4599 11.0039 10.7623 10.4869 10.4659 10.2651 10.0257 9.54534 9.05103 9.59218 13.2702 10.8047 8.91155 8.8351 8.83219 8.78034 8.54852 9.68446 12.3994 8.54401 8.42271 8.16139 8.06104 8.00678 7.91284
threshold=0.087022006511688246 1.2087481617927553 -0.1161692328751087 1.0596448183059695 0.47239089012146002 1.2038460373878481 -1.0323850512504575 0.057279193773865707 1.0838567614555361 1.3776036500930788 0.72386312484741222 1.7157173752784731 -0.013657241128385065 0.21859091520309451 -0.41294224560260767 -0.54160332679748524 0.92381134629249584 1.3553729653358462 1.2248637080192568 0.65716460347175609 0.72498425841331493 0.64915120601654064 0.32332134246826177 -1.7817230820655821 -1.0000000180025095e-35 1.7691885232925417 -1.2361479997634885 0.22568751126527789 0.48178569972515112 0.9616278111934663 -0.45278035104274744 0.95531958341598522 -0.64285716414451588 0.5417534112930299 -0.67811366915702809 0.50648710131645214 0.48511023819446569 0.13441967964172366 0.5403808355331422 -0.33339558541774744 -0.31620675325393671 0.89577832818031322 0.21007464081048968 -0.87310016155242909 0.2426237836480141 -1.2863872051239011 -0.68623721599578846 0.2466075196862221 1.5766292810440066 1.2597366571426394 -0.73874974250793446 -0.29798562824726099 0.59866327047348034 -1.5252721905708311 -0.33119159936904902 1.4427454471588137 0.31711356341838842 -0.96095046401023854 -0.62631461024284352 1.1206567287445071 -0.39321604371070856 -0.27392549812793726
decision_type=2 2 2 2 2 2 2 2 2 2 2 2 2 2 2 2 2 2 2 2 2 2 2 2 2 2 2 2 2 2 2 2 2 2 2 2 2 2 2 2 2 2 2 2 2 2 2 2 2 2 2 2 2 2 2 2 2 2 2 2 2 2
left_child=2 3 14 5 9 11 43 20 19 13 16 12 -2 17 27 60 28 51 33 26 32 23 -23 -9 -10 37 -6 -1 -8 -30 -16 -32 -3 53 57 -29 -18 59 -36 -38 -26 -17 -33 -5 61 -20 -47 48 -48 -15 -24 56 -21 -14 55 -55 -4 -35 -31 -25 -7 -22
right_child=1 7 4 6 8 15 10 21 24 -11 -12 -13 18 49 30 41 36 -19 45 52 44 22 50 25 40 -27 -28 35 29 58 31 42 -34 34 38 -37 39 -39 -40 -41 -42 -43 -44 -45 -46 46 47 -49 -50 -51 -52 -53 -54 54 -56 -57 -58 -59 -60 -61 -62 -63
leaf_value=-0.024348870860511834 -0.0089011645940448927 0.018798299724757005 0.017608664527354923 -0.0063981860201973804 0.026568231353217141 0.0019816572276059579 -0.0019722986942236403 0.037027292427328481 -0.0025772535371084721 0.023318320281764598 0.028669794842396203 0.022395499674121237 0.015989738883413564 -0.017633579575513002 -0.022601842533487196 0.015522688661811702 0.0079172611330950802 0.030923714662684582 -0.01037577232764408 0.014746201172227528 9.9923611726730874e-05 -0.0039881574077947424 -0.0031075478022119137 0.0035656277375973886 0.0029363705036271576 -0.0029023831713037478 -0.0084880492235828702 -0.015934946100427557 0.0053164165850418822 -0.006416187771266812 -0.012671468580055781 -0.0086628424673852993 -0.008960627366988029 -0.0022842982753949605 -0.0055052342974845347 0.011089301308040599 -0.0043364614225963084 0.025004867928975938 0.0111360821185187 0.029921880723845072 0.039426353486607474 -0.013725074817920246 0.015534145708615903 0.046614948034772216 -0.0091424856854866714 0.036898442069916021 0.033446702727243767 -0.00059204694798412516 -0.0033302868486692282 -0.0013348258475479242 0.036473424803102082 -0.0091380075024216998 -0.0070990278084247039 -0.013626535674161463 -0.0002086339632514588 0.019767678263688693 -0.0073542688951827159 0.033936945624576796 0.035320025508934115 0.031815224775574656 0.045728566376982575 0.038509603027737177
leaf_weight=482.5725105330348 187.94015141576529 13.85695745423436 22.414705388247967 2.2940336838364592 5.8240172900259486 4.8358884528279331 118.20833239331841 46.369122013449669 12.449729662388561 16.159701108932495 79.8310820274055 40.204496737569571 18.190003719180822 252.1028076261282 94.899236250668764 51.541153702884912 59.149500105530024 8.9157149866223318 8.9461685083806497 70.882449977099895 6.2002538442611757 10.985149215906857 4.4400562867522231 56.80263826996088 9.752435661852358 25.685159556567669 116.00977188721299 144.00297923758626 85.053211331367493 3.4111591838300255 332.80453287065029 30.340820588171482 47.264042194932699 6.224056262522935 84.656711384654045 12.604669131338595 7.9794358089566222 127.12632350996137 54.556644678115845 68.341705717146397 33.097017049789429 9.5662264786660653 23.649737678468227 31.308791182935238 4.4755498729646197 13.707540880888699 22.702599782496694 40.646286610513926 8.5689985156059247 35.180687502026558 187.11247507482767 99.580134946852922 17.904020473361015 94.85285285115242 335.22419791296124 6.7183321118354788 18.550674453377724 29.235079657286406 20.064730308949947 6.2424931526184073 25.149811036884785 17.219376854598522
leaf_count=10290 2932 179 392 26 72 57 1413 411 178 225 787 506 273 4802 1886 633 669 127 114 927 65 134 47 624 142 269 1746 2854 960 39 6353 566 631 79 1258 206 91 1153 696 677 379 106 429 314 59 180 272 492 101 553 1505 1818 258 1433 4838 96 325 360 220 63 281 173
internal_value=0.000321834 0.0116964 -0.0124914 0.0072427 -0.00358163 0.00309739 0.0162099 0.0237394 0.00633839 -0.0094117 0.0137467 0.00122373 0.000173565 -0.0108729 -0.0181641 0.0216035 0.010112 -0.00139705 0.00257338 0.00100556 0.0069808 0.0268407 0.033314 0.021311 0.0248821 0.0171731 -0.00583095 -0.0218122 0.00460468 0.0115396 -0.0131489 -0.0105708 -0.00172169 0.000751046 0.0072679 -0.0134841 0.0188376 0.0198894 0.00117636 0.0262937 0.032296 0.0102522 0.00235457 0.0426358 0.0234122 0.0140595 0.0170441 0.0111073 0.0242992 -0.0156946 0.0355003 -0.00443927 0.0101974 -0.00180263 -0.00271616 -0.0105939 0.00673416 0.0280825 0.0291938 0.00849506 0.0399649 0.0301474
internal_weight=3912.59 2072.89 1839.7 1519.11 718.824 1043.47 475.642 553.78 265.919 452.904 442.039 952.374 912.17 436.745 1120.87 91.0931 362.208 149.461 724.229 210.62 89.0162 464.763 202.538 262.226 55.2992 215.857 121.834 639.18 226.737 108.529 481.694 386.795 61.121 629.658 174.672 156.608 135.471 190.171 139.213 76.3211 42.8495 61.1074 53.9906 33.6028 27.8952 94.5716 85.6254 71.9179 31.2716 287.283 191.553 140.546 88.7865 454.985 436.795 101.571 40.9654 35.4591 23.4759 63.0451 29.9857 23.4196
internal_count=59744 25216 34528 19903 11944 14707 5196 5313 3702 8242 4856 13630 13124 8017 22584 1077 4069 2662 10192 3003 1107 4206 1686 2520 699 2109 1818 13350 2632 1219 9234 7348 810 9033 2393 3060 1437 1840 1954 768 521 739 995 340 297 1159 1045 865 373 5355 1552 2535 1185 6640 6367 1529 717 439 259 687 338 238
is_linear=0
shrinkage=0.03


Tree=19
num_leaves=63
num_cat=0
split_feature=24 3 3 21 4 4 4 17 3 7 11 5 6 11 21 17 4 5 0 21 21 26 20 24 11 7 12 3 25 5 3 4 26 9 25 9 16 17 16 9 11 25 25 24 2 8 11 4 20 25 21 24 31 29 13 12 5 4 5 29 20 6
split_gain=550.864 137.541 125.601 46.1975 38.1896 31.4465 30.798 26.0311 23.7747 23.4267 30.6493 23.0123 21.1212 20.7727 20.1209 17.1395 15.0051 14.6668 14.9486 14.1256 14.0561 17.7168 13.866 16.6656 14.7226 13.3105 14.6225 12.848 11.9238 13.0903 11.7046 11.5799 11.4805 11.4803 11.315 11.286 11.0385 11.0303 10.8708 10.6477 10.5359 10.5242 10.5113 18.7966 10.4295 10.2888 10.2662 9.37384 13.6814 11.277 9.35282 9.48262 9.21067 9.13812 9.01817 9.1183 8.99879 8.99683 8.98603 8.87806 8.74206 8.73423
threshold=0.5143815577030183 0.057279193773865707 0.64183306694030773 1.265677869319916 1.0000000180025095e-35 1.0026745796203616 0.84936901926994335 -0.052188064903020852 0.82590156793594371 -1.2532851099967954 0.56066706776618969 1.5400419831275942 1.2619948983192446 0.99969345331192028 -0.4673123806715011 -0.13806118071079251 -0.05152961611747741 -0.40633372962474817 -0.0096082100644707662 0.90575578808784496 0.77142310142517101 -0.27713291347026819 0.71476888656616222 0.77891990542411815 -0.67995125055313099 0.32943235337734228 -0.45182338356971735 0.045421842485666282 1.665272653102875 -0.12708774954080579 0.77253621816635143 -0.037920959293842309 -0.41861012578010554 0.69609233736991893 2.0898855924606328 -0.66642004251480091 0.60180169343948375 0.033197632059454925 0.38605833053588873 1.0268513560295107 -0.39024323225021357 0.66088703274726879 -0.079883679747581468 0.9370354712009431 -0.37942311167716974 0.1968776732683182 0.024524024687707428 1.3776036500930788 0.4312253743410111 -0.52157127857208241 -0.10891399532556532 0.8192451298236848 0.21428572386503222 0.14835165441036227 0.84701445698738109 -1.0719419121742246 -1.0000000180025095e-35 -0.074642501771450029 -0.12708774954080579 0.27922078967094427 -0.36647388339042658 -0.88756141066551197
decision_type=2 2 2 2 2 2 2 2 2 2 2 2 2 2 2 2 2 2 2 2 2 2 2 2 2 2 2 2 2 2 2 2 2 2 2 2 2 2 2 2 2 2 2 2 2 2 2 2 2 2 2 2 2 2 2 2 2 2 2 2 2 2
left_child=1 6 5 7 8 9 13 33 38 -2 19 22 16 14 -1 -10 -5 -7 -19 42 27 -22 31 -24 -25 45 -27 41 29 -23 -14 -9 35 59 39 -18 -15 61 -3 -13 -28 -12 43 -11 -8 -17 -33 49 -49 58 -35 -52 -38 -42 55 -50 -40 -47 -6 -4 -46 -16
right_child=2 4 3 12 47 17 44 11 15 10 20 34 30 36 37 25 32 18 -20 -21 21 28 23 24 -26 26 40 -29 -30 -31 -32 46 -34 50 -36 -37 52 -39 56 -41 53 -43 -44 -45 60 57 -48 48 54 -51 51 -53 -54 -55 -56 -57 -58 -59 -60 -61 -62 -63
leaf_value=-0.023606494494876947 -0.017064166933304686 -0.013526854748822162 0.011384305091108649 -0.0056181868657774886 -0.0021220407573637216 -0.0049405592801629516 -0.011428861606761207 0.00042340120875987067 -0.0089848095694292016 -0.0070303960747774077 0.0077240631606796829 0.046313372142003276 0.00015834261142994304 -0.0095824121804522471 -0.022743738453853773 -0.0066821717279965743 0.0024156279018062929 -0.00082768200588190482 0.032538080617361784 0.0051644622443037178 -0.0018680281876354646 -0.0053261883592705681 0.003067256206710312 -0.0063414136733059394 0.028279197644931468 -0.0022045174038688108 0.0024469680722520658 0.014668910023983829 -0.00029939743127437002 0.052164641344942621 0.043055613189414456 0.0012252105480729093 0.015870055569058541 -0.009366538349169137 -0.0065126718370882688 0.046427366955459799 -0.0035610565240823317 -0.0037276862226093524 -0.01657082468848969 -0.0035168204432994891 -0.00091125538263888578 -0.011490109135088609 -0.010001950468515193 0.027384599427467224 0.025211703845693597 -0.010233535069580059 0.016515837821499416 0.0048983313391056243 -0.0055464050273179829 0.0024843065263707212 -0.0021979575081268682 0.034487321202958887 0.030145218561628419 0.03609072987473496 -0.0049575784365007555 0.04866350655045875 -0.00022950858618917027 0.019422029282396242 0.03585632631815476 -0.0093844170804687176 0.00021553604608482991 -0.013888374606136853
leaf_weight=453.25393590703607 55.225112564861774 194.56760847195983 20.950507622212172 15.05674786120653 7.2660891972482231 15.793328396975992 25.896887701004744 59.497254457324743 72.853823836892843 39.492133032530546 52.889306783676147 37.470246121287346 6.0820745006203643 97.802006050944328 155.56707498803735 66.279564380645752 6.9788691252470008 14.986234564334152 52.579823326319456 131.73796841874719 14.553408253937958 3.1269448511302533 34.923471171408892 10.055883683264254 166.01480399817228 26.944188348948956 16.777767356485128 92.465065404772758 6.2969232909381381 20.773412626236677 103.61980593949556 45.76207834854722 69.619173437356949 7.1452832072973278 3.3872411623597136 26.402302466332912 14.283042859286072 72.706766076385975 32.601743653416634 3.5016839504241934 6.7392772510647765 41.105285499244928 196.03839763253927 16.201746016740799 16.592514511197805 9.0821498483419401 329.58855962008238 23.913326881825924 2.0932498350739541 104.27006999775767 8.194605406373741 16.443920157849789 8.1824643164873105 36.529577817767859 2.985383126884698 17.897221434861422 157.55112427473068 28.694794792681932 13.58788865432143 61.674862790852785 30.420305654406548 429.98773117363453
leaf_count=9475 890 3539 259 173 109 194 421 699 1158 633 799 337 58 1814 3321 959 65 184 601 1747 170 40 396 115 1481 376 239 1207 66 236 800 524 675 97 35 245 238 1262 568 34 91 581 2951 227 259 138 3297 299 25 1534 107 187 138 479 34 207 2548 409 192 782 474 8601
internal_value=0.000112093 -0.0101973 0.0123769 0.0191488 -0.000563845 0.00303078 -0.0162313 0.0155971 -0.00390809 0.000805851 0.00253609 0.0177806 0.0310916 -0.017349 -0.0186299 0.00299556 0.0207903 0.0198537 0.0255904 -0.00266891 0.0110425 0.0253517 0.0161001 0.0225152 0.0261814 0.00767678 0.0159908 0.00703591 0.036872 0.0450228 0.0407879 0.0127669 0.0247321 0.00223188 0.0381371 0.0387394 -0.00523975 -0.0150511 -0.00862136 0.0421353 0.0236972 -0.000834531 -0.00678906 0.00441237 0.00255298 0.000311846 0.0146922 0.0118007 0.0226821 0.00700812 0.0162241 0.0239736 0.0119685 0.0308301 0.0370079 0.0430131 -0.00338401 0.0119296 0.0247724 -0.00376918 0.0106131 -0.0164137
internal_weight=3910.96 2125.33 1785.63 1032.37 820.635 753.265 1304.69 804.61 648.622 669.906 614.681 690.201 227.759 1231.78 1111.52 263.901 118.057 83.3594 67.5661 383.47 231.21 44.7507 645.842 210.994 176.071 191.047 86.9908 186.46 30.1973 23.9004 109.702 434.848 103 114.409 44.3592 33.3812 120.268 658.262 384.72 40.9719 60.0466 93.9946 251.732 55.6939 72.9097 104.057 375.351 172.013 46.8892 125.124 31.7838 24.6385 22.4655 43.2689 22.9759 19.9905 190.153 37.7769 20.854 82.6254 47.0128 585.555
internal_count=59799 38907 20892 10366 12904 10526 26003 8350 10504 9547 8657 6918 2016 24849 22659 3849 1158 979 785 5558 3099 512 6512 1992 1596 2691 1185 2587 342 276 858 4520 985 1432 406 310 2190 13184 6655 371 809 1380 3811 860 1154 1506 3821 2400 565 1835 391 294 376 570 266 232 3116 547 301 1041 733 11922
is_linear=0
shrinkage=0.03


Tree=20
num_leaves=63
num_cat=0
split_feature=15 23 15 4 21 32 4 32 21 21 6 32 32 14 14 5 2 6 8 6 0 14 29 22 4 21 20 9 4 16 24 4 8 8 9 16 23 15 24 7 24 5 15 14 26 12 14 14 15 5 8 23 7 7 29 9 21 12 22 2 7 4
split_gain=614.328 137.973 70.3025 42.845 39.0042 36.1583 34.6872 34.2685 32.0325 28.9306 27.0166 21.0575 20.9507 20.8395 19.8524 21.1699 18.9074 18.2586 18.0711 17.9784 15.645 15.3095 15.0075 14.4757 14.0943 13.828 13.4519 12.2289 12.0649 11.6776 11.6399 11.1812 10.9036 10.8442 10.7109 10.6991 10.2634 10.617 10.9152 10.1942 10.8246 10.1307 10.0081 9.73567 9.7333 9.56343 9.5191 9.51146 10.9771 9.33499 9.26286 9.14688 9.5903 9.08485 9.03966 9.68549 8.98238 9.37289 8.97179 8.87627 8.67395 8.51529
threshold=0.36215279996395117 0.32269875705242163 1.0297659039497378 0.44770708680152899 0.21705467253923419 10.500000000000002 0.84936901926994335 12.500000000000002 1.0000000180025095e-35 1.3856074810028078 -0.58414787054061879 11.500000000000002 12.500000000000002 -1.8591957092285154 -2.6278655529022212 0.2582035511732102 1.2062891721725466 -0.05421121604740619 -0.89977973699569691 0.5097789764404298 -0.0619407370686531 -0.3753096312284469 0.12916667014360431 0.038869975134730346 1.2038460373878481 -0.99986994266509999 -0.30840481817722315 -0.38799214363098139 -0.73874974250793446 1.0038824081420901 0.49190737307071691 -0.013657241128385065 -1.1088464260101316 0.037891048938035972 -0.41958153247833246 1.0184576511383059 0.99923574924469005 1.2087481617927553 0.25125120580196386 -0.18307397514581678 0.01350297359749675 -0.40633372962474817 1.0000000180025095e-35 0.37846641242504125 -0.32507719099521631 1.1550969481468203 -0.094809271395206438 0.43654190003871923 -0.30905868113040919 -0.94839951395988453 -0.60255795717239369 0.36801271140575414 -0.63015946745872486 -0.87310016155242909 0.064583335071802153 1.0662485957145693 1.265677869319916 -0.2092473357915878 1.3995094895362856 -0.55198901891708363 0.87420776486396801 0.41867727041244512
decision_type=2 2 2 2 2 2 2 2 2 2 2 2 2 2 2 2 2 2 2 2 2 2 2 2 2 2 2 2 2 2 2 2 2 2 2 2 2 2 2 2 2 2 2 2 2 2 2 2 2 2 2 2 2 2 2 2 2 2 2 2 2 2
left_child=1 3 5 10 14 17 8 18 -3 13 42 26 30 -7 -4 -16 22 -2 -6 58 -5 -21 29 -11 -22 -17 -10 -23 -9 46 47 -24 44 -19 -33 56 37 -30 -39 -20 -41 -42 -1 -26 -29 -35 -15 48 -12 -40 -8 -27 -53 -28 -54 -56 -14 -58 -13 -52 -36 -18
right_child=2 6 4 20 7 9 50 28 11 23 12 19 35 16 15 25 61 33 39 21 24 27 31 -25 43 51 53 32 36 -31 -32 34 -34 45 60 -37 -38 38 49 40 41 -43 -44 -45 -46 -47 -48 -49 -50 -51 59 52 54 -55 55 -57 57 -59 -60 -61 -62 -63
leaf_value=-0.023104309230489634 -0.0038767116274545416 -0.0099654319413054193 0.034246468323891659 -0.012190307664305367 0.0049534438392187059 0.024985066370804141 0.0017619190301445627 -0.0053630345960622629 -0.011791385823170913 0.041221623525914762 -0.012527396756976191 -0.011320028110280336 -0.017366458587308706 -0.0069810458667642142 0.0010520548857680492 -0.010201757861152369 0.004655450044561027 0.015522500709385852 0.018143116164205289 0.02200062597037921 -0.002280303053692203 -0.01176056440525065 -0.0097435209852563039 0.012966668191948227 0.031246958930573054 -0.0077187650768915745 -0.0098612269547276761 -0.0071264844001303704 0.0037490503069299223 0.036620836191355192 0.018051159787484505 -0.0065734361474025929 0.001258032507918054 0.042255265200321614 0.0016118005377236721 0.018659542774323062 0.024436334660889836 -0.0074783347856786121 -0.011665726707951664 0.00016448101902910871 0.0055346801312678526 0.051104220589786746 -0.0069706063550277787 -0.0015757980147754838 0.03035198878994718 -0.0037517544132948844 0.013247732380925714 -0.016096134115359616 0.010298604018542165 0.024717100538799337 -0.0074425226129995236 0.0038059882049325017 -0.0065567003399591359 0.029582126951269754 0.048239478016078918 -0.0040749158964766378 0.013987488534995776 -0.012601954720863465 0.015144203417321547 0.028086934056557163 0.014172100059822692 0.033029634124831474
leaf_weight=594.08941312506795 17.2041070535779 268.2062754817307 21.275618705898523 51.460559189319611 15.154290229082106 33.497504394501448 23.062118746340275 14.903315130621193 7.2191135734319678 20.018626105040312 26.767956227064133 105.30841659754515 485.0513512827456 26.861508630216122 170.83035212755203 7.547387294471263 18.471024055033922 45.386842608451843 23.56571938097477 37.20675116032362 49.754103802144527 40.386953357607126 98.704888381063938 72.542563043534756 22.464792333543301 3.9398838579654685 3.5147038400173178 6.1248636320233372 62.210579931735992 9.7635657563805562 16.694034475833178 117.98112877458334 93.780257873237133 42.907959599047899 309.5633086822927 4.0702375955879679 256.79382160305977 9.7349666096270067 3.9669297933578482 4.4111583381891242 5.9922852665185919 81.575258746743202 42.379619054496288 10.898653965443371 19.988377217203379 3.595287360250949 61.207118507474661 43.386634226888418 42.112763039767742 90.36823046952486 5.0698134228587142 9.8941957801580411 2.2747248932719257 42.297762677073479 25.850331008434299 2.7254832461476317 14.849726025015114 25.116946242749691 8.5374022126197797 50.604619987308979 54.309201885014772 19.940273378044367
leaf_count=12944 225 4385 224 886 132 416 292 172 109 209 539 1774 9667 357 2031 99 233 496 199 472 845 584 1483 860 317 53 53 88 691 107 268 1581 1339 448 4088 68 2124 125 40 47 53 631 779 154 283 36 843 838 765 862 73 108 23 569 261 30 285 476 137 618 669 205
internal_value=0.000187091 -0.0106067 0.0132698 -0.0159647 0.0197348 0.00767419 0.000194495 0.0240376 -0.00219104 0.0054911 -0.0176334 0.00358907 -0.0131862 0.00346738 0.00943912 0.00637407 0.00229571 0.0235609 0.037619 0.000488574 0.000143365 0.00591758 0.00105944 0.0208769 0.00803792 0.0221677 0.0201808 0.00163152 0.0196058 0.011624 -0.00223952 -0.00080489 0.00643296 0.0286329 0.0011074 -0.0158084 0.0205377 0.0139794 0.0196427 0.0415201 0.0462653 0.0484533 -0.0220927 0.021717 0.0218288 0.0386794 0.00703425 -0.00589774 0.00118063 0.022677 0.0183464 0.0281115 0.0320411 0.0258835 0.0393028 0.0433861 -0.0162491 -0.00226578 -0.00878181 0.0245049 0.00365316 0.0214929
internal_weight=3905.37 2140.4 1764.97 1429.1 813.015 951.955 711.307 568.677 632.571 842.861 1294.52 364.365 658.05 750.3 244.338 223.062 716.802 109.094 130.699 311.333 134.578 197.487 678.391 92.5612 83.1176 52.232 53.0316 160.28 437.978 97.8322 128.961 580.559 119.893 91.8901 481.854 529.088 423.075 166.281 104.07 115.544 91.9787 87.5675 636.469 33.3634 26.1132 46.5032 88.0686 112.267 68.8807 94.3352 78.7366 44.6846 40.7447 45.8125 30.8505 28.5758 525.018 39.9667 113.846 55.6744 363.873 38.4113
internal_count=59768 39607 20161 28831 7905 12256 10776 5076 9793 11051 26629 5408 12906 9982 2829 2605 9566 1205 1062 4677 2202 2766 9128 1069 1316 574 731 2294 4014 1307 2410 7821 1710 980 6338 10496 3842 1718 1027 930 731 684 13723 471 371 484 1200 2142 1304 902 983 475 422 622 314 291 10428 761 1911 691 4757 438
is_linear=0
shrinkage=0.03


Tree=21
num_leaves=63
num_cat=0
split_feature=15 23 6 4 15 32 14 25 4 14 6 11 21 14 5 11 14 25 23 15 21 14 12 32 7 11 25 6 6 6 5 16 9 7 12 32 14 29 11 20 12 7 26 32 5 22 11 26 11 11 1 32 14 32 5 11 21 12 10 7 17 26
split_gain=580.942 97.9756 93.4586 44.3228 42.7043 40.3911 32.6951 29.1664 28.7304 28.5415 22.7914 21.6754 21.2505 20.7392 19.8222 18.8032 18.153 17.4815 16.685 16.4785 15.0247 14.9277 14.4356 14.2886 14.1892 14.0679 15.3139 11.3329 11.2677 18.6112 13.219 10.969 10.9449 10.8799 10.7726 9.94493 9.78689 9.66531 9.66066 9.54555 9.87823 9.53373 9.38405 9.27662 9.26559 9.24523 12.3303 9.14993 9.07041 9.0257 9.01905 8.93514 8.92376 8.85632 10.1124 8.76131 11.1517 9.49426 8.66211 8.64292 8.48385 10.6691
threshold=0.045292682945728309 0.33359599113464361 0.72543650865554821 -0.18725319206714627 0.89735013246536266 11.500000000000002 -0.54160332679748524 0.30209359526634222 0.44770708680152899 -2.6278655529022212 -0.36978991329669947 0.22568751126527789 1.0972294211387636 -0.98038837313652027 0.26876352727413183 1.4427454471588137 0.32196933031082159 0.24256984889507296 1.3620494008064272 -0.11064685881137847 0.80632928013801586 0.14013809710741046 0.99326458573341381 9.5000000000000018 -0.74332183599472035 0.012656308244913818 -0.48023346066474909 -0.84627094864845265 0.59149211645126354 -0.34253501892089838 -0.42819893360137934 0.69977340102195751 1.0662485957145693 -0.56873401999473561 1.1769987344741824 16.500000000000004 0.3561625480651856 0.62019231915473949 -0.011559306178241966 0.80165413022041332 -1.0000000180025095e-35 0.88840141892433178 -1.4227629303932188 12.500000000000002 1.7566992640495303 -0.49678464233875269 -0.6534120738506316 0.2466075196862221 0.22568751126527789 -0.62722161412239064 -0.58235344290733326 12.500000000000002 -0.077876452356576906 9.5000000000000018 -0.40633372962474817 0.08535808697342874 0.16444855928421023 0.14079722762107852 0.83935394883155834 -1.3425802588462827 0.050320535898208625 -0.16008712351322171
decision_type=2 2 2 2 2 2 2 2 2 2 2 2 2 2 2 2 2 2 2 2 2 2 2 2 2 2 2 2 2 2 2 2 2 2 2 2 2 2 2 2 2 2 2 2 2 2 2 2 2 2 2 2 2 2 2 2 2 2 2 2 2 2
left_child=1 8 3 -2 11 16 12 13 10 35 48 60 27 22 15 20 28 32 53 -8 36 -19 24 -11 -6 26 -22 -3 29 -5 -31 41 -13 -25 -32 -9 39 -29 43 40 -7 -12 -26 -10 50 -44 -47 59 -1 -20 -16 -50 -43 -15 -55 -56 -57 -58 -51 -39 -4 -62
right_child=2 6 4 5 7 14 19 9 38 23 31 17 -14 18 44 -17 -18 21 49 -21 25 -23 -24 33 42 -27 -28 37 -30 30 34 -33 -34 -35 -36 -37 -38 47 -40 -41 -42 52 45 -45 -46 46 -48 -49 51 58 -52 -53 -54 54 55 56 57 -59 -60 -61 61 -63
leaf_value=-0.023906440545388253 -0.01146159119146865 -0.013021819363094541 -0.0050730542535666386 0.0072516249567962238 0.00084136419525695713 -0.011318031366834661 -0.01037278550713599 0.039452954929588967 0.01078346332638714 0.026164841982510973 -0.015870023722854343 0.020674954426261407 0.038198867931007831 0.03670635033279606 -0.0039380894775832061 0.019548419626971483 0.0056282119291359567 0.013883416755921496 -0.0046681818894176814 0.0020423036792566658 0.023693130095311665 -0.010226667292159803 0.0050501600300808481 -0.012995686589440582 -0.0019242746804451513 0.018900332332918747 -0.0065133436102138469 0.0018717325276770454 0.0056471892064902229 -0.0056075740501236879 0.053659647123872597 0.0059699553327008468 -0.0022454813727792069 0.0057321022694515862 -0.0034085748296425042 -0.0081952085164409324 -0.010649909826162767 -0.0078104278772181141 0.0071467736043647288 0.014213304882320223 0.0027480936609674145 0.011218764363746648 0.010008762713582428 -0.016005193374507579 -0.0062098819673024859 0.0039802746505799916 0.057860164419352857 0.0041367301465253317 -0.0011645844475631939 0.036901201650861207 0.022392780529998959 -0.018303002886204588 -0.010271740834319015 0.00075604163200067602 0.0080708087392870574 0.0088811484744755337 0.011766559948517141 0.028255672716129658 0.0099335869517630619 0.046727603705237347 0.018330227193301997 -0.0009377101204399278
leaf_weight=515.79739283770323 148.80503799766302 17.651495803147554 97.583814326673746 17.73499258980155 6.7852411270141593 71.009230319410563 221.76447880268097 28.403417561203245 11.346153419464825 20.483422726392746 360.12482673674822 188.29642859101295 19.483856275677681 18.976590260863304 12.193408846855162 38.298942096531391 44.543203324079514 41.917339410632849 4.7563737183809272 164.69089583307505 13.885367400944231 40.690645929425955 11.982653621584175 30.292193211615086 2.994036339223384 50.713132176548243 70.497515987604856 41.350256405770779 15.995776053518055 3.1801135987043372 36.861607503145933 23.788852617144585 19.739593617618084 129.78083986788988 2.5845431834459296 2.7262572869658461 132.73454744368792 1.6049274429678906 50.943500094115734 29.282868038862944 106.27752118930221 21.02822295203805 7.5667165890336028 44.617199540138245 13.472967624664305 4.9507232308387676 48.016060590744026 13.275384940207003 34.627234563231468 89.559477634727955 72.392081748694181 139.95222837105393 48.51404882222414 35.21175567060709 76.225322481244802 66.498178824782372 53.966792047023773 138.58945495635271 17.189471676945686 10.266539763659241 39.003897316753864 61.633487541228533
leaf_count=11659 2402 305 1337 229 70 1070 3723 249 193 186 7315 2158 228 147 171 520 596 517 41 2468 197 536 98 390 25 631 1022 579 170 37 424 442 235 1326 31 26 2066 26 815 423 1595 413 66 808 169 46 389 184 703 646 957 2918 957 359 790 710 470 1159 130 141 470 745
internal_value=0.000401489 -0.0124807 0.0107681 0.00321374 0.0159164 0.00625596 -0.00109312 0.0202071 -0.0169207 0.0103156 -0.0183055 0.00880535 0.0134806 0.0236788 0.00303963 0.000620193 0.0217381 0.0139524 0.020982 -0.00512349 -0.00109585 0.00210152 0.0379539 0.00528519 0.0428537 0.00720013 -0.000495484 0.00593586 0.0302124 0.0357922 0.0456588 -0.0128264 0.0184985 0.00190177 0.0499577 0.0347234 -0.00445554 0.0115269 -0.00194849 -0.00031763 -0.00304177 -0.0139238 0.0469522 -0.010135 0.0150458 0.049332 0.0536018 0.0244597 -0.0217862 0.0314512 0.0185891 -0.0150307 -0.0034568 0.017624 0.0161708 0.0177548 0.0203975 0.0240491 0.0331974 0.0392249 0.0011008 0.00704408
internal_weight=3905.11 1740.83 2164.28 880.463 1283.82 731.658 490.088 794.955 1250.74 211.686 1143.83 488.865 103.632 583.269 610.758 512.699 120.9 290.644 500.973 386.455 474.4 82.608 82.2954 180.556 70.3128 135.096 84.3829 84.1486 76.357 60.3613 42.6263 453.456 208.036 160.073 39.4462 31.1297 339.304 66.4971 106.907 206.57 177.287 429.667 63.5275 55.9634 98.0585 60.5335 52.9668 25.1469 690.377 111.505 84.5855 174.579 69.5423 389.468 370.492 335.28 259.054 192.556 106.749 11.8715 198.221 100.637
internal_count=59908 33877 26031 12710 13321 10308 7654 7323 26223 2177 24407 5998 1463 5146 8821 7524 1487 3446 4452 6191 7004 1053 694 1902 596 1850 1219 1235 891 721 492 9127 2393 1716 455 275 5154 930 1816 3088 2665 8685 526 1001 1297 501 435 351 15280 817 1128 3621 1370 3635 3488 3129 2339 1629 776 167 2552 1215
is_linear=0
shrinkage=0.03


Tree=22
num_leaves=63
num_cat=0
split_feature=15 23 3 15 14 3 3 6 15 11 6 20 14 7 5 15 14 1 7 35 9 7 14 3 19 9 11 8 3 31 10 13 23 25 16 17 6 6 25 22 23 23 20 24 0 20 6 9 7 15 22 14 9 9 6 30 29 3 24 10 11 24
split_gain=537.655 120.576 106.994 44.0453 43.3146 36.5071 30.3712 22.0493 24.0667 21.4603 18.9058 17.6583 20.8438 17.298 17.8494 16.0341 15.1217 15.0811 15.4164 14.6539 14.6105 14.1804 15.818 13.0583 13.1242 11.1237 11.0649 10.9263 10.8411 10.483 10.4773 12.2975 10.4265 12.8533 10.3037 10.2142 10.9076 10.0996 13.5854 10.3039 9.94545 11.0992 9.86941 11.9922 10.134 10.2047 9.45567 9.38752 11.1816 9.33024 9.22776 9.169 9.0736 10.3732 8.87493 9.54581 8.71329 8.62974 8.60148 11.6305 8.33582 9.43297
threshold=0.18347389250993731 0.33359599113464361 0.82590156793594371 1.0939736366271975 -1.7817230820655821 1.2413458824157717 0.64183306694030773 -1.0034729242324827 -0.29607845842838282 1.3891112804412844 -0.68836036324501026 0.12225593253970148 -1.0323850512504575 -1.132578372955322 -0.20125912874937055 -0.66536393761634816 -0.76831158995628346 1.1162403225898745 0.12497454881668092 1.0000000180025095e-35 -1.0593020915985105 -0.53257012367248524 -0.69136381149291981 -0.011525097303092478 0.33039441704750067 -1.1338272690773008 0.036560259759426124 -1.0157986879348753 -0.22708977013826367 -0.64285716414451588 0.27510397136211401 -0.11437821388244628 1.2181038260459902 -0.4729639440774917 -0.34829533100128168 1.0944492220878603 -0.27249692380428309 0.54522067308425914 1.5729056596755984 -0.0112712443806231 0.7802904248237611 0.8266209363937379 0.62860640883445751 1.1362311244010928 1.1206567287445071 0.56942811608314525 -0.18335037678480146 0.4083890318870545 0.3483444750308991 1.2087481617927553 1.5032576918601992 -0.3753096312284469 -0.54422825574874867 0.87124556303024303 -0.068545993417501436 -6.1714284420013419 0.55050507187843334 -0.5972597301006316 1.4691410064697268 -1.1941881179809568 1.078123986721039 -0.36473664641380305
decision_type=2 2 2 2 2 2 2 2 2 2 2 2 2 2 2 2 2 2 2 2 2 2 2 2 2 2 2 2 2 2 2 2 2 2 2 2 2 2 2 2 2 2 2 2 2 2 2 2 2 2 2 2 2 2 2 2 2 2 2 2 2 2
left_child=1 5 4 9 37 7 21 -1 60 10 -4 -12 29 -6 40 -8 -5 18 32 30 -11 -3 28 -21 25 -25 -10 -22 -23 -13 49 -32 33 -14 -27 36 -17 -2 39 -39 -15 -42 44 -44 58 -46 -36 48 -7 -16 -24 -38 -20 -54 -33 -56 -40 -58 59 -18 -9 -62
right_child=2 6 3 16 13 47 15 8 26 20 11 12 17 14 19 35 42 -19 52 23 27 22 50 24 -26 34 -28 -29 -30 -31 31 54 -34 -35 46 -37 51 38 56 -41 41 -43 43 -45 45 -47 -48 -49 -50 -51 -52 -53 53 -55 55 -57 57 -59 -60 -61 61 -63
leaf_value=-0.023099112736297493 0.0073938181482147997 -0.014085506665188234 -0.013639855973579368 0.035036452900246866 -0.011428403220638542 -0.0175038416843569 -0.010212963966782267 -0.020578328802166992 -0.012825430586101555 -0.0054950987845592677 0.00049109027974180396 -0.0017412202913850568 0.023477395143202177 -0.012621625228913984 0.0017029124677071421 -0.0076334267080481926 -0.01510924018104509 0.029009526026022046 0.00042780459394361006 -0.0066876176948465144 0.0048762258225330084 -0.00074394819211546159 -0.0064163718556888346 -0.010257893983578622 -0.01198967120344754 0.037904993817027839 -0.0028244953017945514 0.037228986170781152 0.026315660830709398 0.049377561030624788 0.0017093895162223034 0.0017925230593019005 0.018121852648243654 -0.009603817803051579 -0.0091843897837871995 0.029091916231536317 0.028371930185248487 0.0065691142285743496 -0.0010309822612734737 0.049186329207491865 0.031641747071347037 -0.0024610908783978505 0.013989879112482038 0.031784498177794426 0.037746478886368 -0.0092264588114852712 0.011091854615388605 0.024363765729832197 0.015593222134590476 0.017030818559708099 0.01865846241098312 0.0081864043175671787 0.021826626667223282 0.0023777104038146344 -0.011068209661748356 0.02644053310929419 -0.0057419938047323831 0.0361742992890252 -0.0031803666419426683 0.017553135253012969 0.014487776586358223 -0.015467787326622642
leaf_weight=403.58858206495643 34.887514557689428 104.58599293604493 25.779679805040359 111.81067778915167 73.066999703645706 14.092803858220579 29.368133652955294 391.80631088837981 272.48092103749514 9.5993561968207342 109.27885383367538 3.9440026283264187 7.4297195300459853 83.72831928357482 175.88259780034423 25.991664007306099 7.0836837217211714 37.089167062193155 34.521719310432673 128.29839489236474 13.245598115026949 24.848054777830839 193.05850141122937 22.27279894053936 30.029974430799484 7.0859101675450793 160.68207722902298 51.735195551067591 23.08370104432106 16.38468886911869 44.924199633300304 19.944424204528332 16.562015648931265 71.390041589736938 20.192753233015537 24.103659752756357 22.253998748958111 8.1729124784469587 20.132719613611698 25.776873212307692 5.4672343842685214 44.684124682098627 64.407967120409012 119.40702006220818 20.897597678005699 2.9193456992506972 143.08921125158668 16.891011491417885 12.754591681063173 40.315413169562817 9.3612243160605413 111.51344813778996 110.22619456425309 33.091040723025799 3.8976710550487033 85.245282340794802 4.3286944814026382 11.897751815617083 29.403870575129986 94.564765527844429 11.419124912470581 17.620198756456375
leaf_count=9060 464 1843 367 865 1129 224 445 8441 5591 111 1301 38 86 1283 2436 420 69 364 398 1916 135 388 3283 301 385 96 3021 536 297 154 606 305 161 829 317 286 228 93 203 249 75 578 577 834 179 24 1744 256 193 439 147 1453 1172 372 51 1035 52 113 240 885 226 339
internal_value=0.000322585 -0.0112616 0.0110234 0.0180443 0.00423712 -0.0162795 0.000273193 -0.0172204 -0.014324 0.0120855 0.00949449 0.0109882 0.0143986 0.00211381 0.00333074 0.00910129 0.0249794 0.0120275 0.00924231 0.00519928 0.0266516 -0.0050831 -0.00112011 0.000781282 0.00513707 0.00804267 -0.00919014 0.0314538 0.0135426 0.041074 0.00932143 0.0152046 -0.000508807 -0.00527106 0.0106594 0.012375 0.00904655 0.0220247 0.0283117 0.0410872 -0.00655943 0.0037882 0.0211979 0.0260849 0.014763 0.0313869 0.00838595 0.00976645 -0.00180065 0.00488153 -0.00483492 0.0124458 0.0143431 0.0175675 0.0204437 0.0242998 0.0128578 0.0262738 0.0106994 0.0146753 -0.0194381 -0.00329054
internal_weight=3893.6 1869.5 2024.09 990.772 1033.32 1301.34 568.168 1257.6 854.009 540.277 465.697 439.917 330.639 928.125 855.058 213.231 450.495 310.31 273.221 721.179 74.5801 354.937 250.351 350.969 222.671 192.641 433.163 64.9808 47.9318 20.3287 370.21 154.012 95.3818 78.8198 170.368 183.863 159.759 105.196 70.309 33.9498 133.88 50.1514 338.684 183.815 154.869 23.8169 163.282 43.7384 26.8474 216.198 202.42 133.767 177.839 143.317 109.087 89.143 36.3592 16.2264 131.052 101.648 420.846 29.0393
internal_count=59708 36141 23567 9697 13870 27351 8790 26678 17618 6024 5242 4875 3574 12696 11567 2832 3673 3382 3018 9631 782 5958 4115 4759 2843 2458 8612 671 685 192 4872 1997 1076 915 2157 2387 2101 1174 710 342 1936 653 2808 1411 1397 203 2061 673 417 2875 3430 1681 1942 1544 1391 1086 368 165 1194 954 9006 565
is_linear=0
shrinkage=0.03


Tree=23
num_leaves=63
num_cat=0
split_feature=3 6 23 14 32 3 4 14 4 4 6 20 21 32 32 5 11 25 6 16 21 18 6 32 4 14 11 11 32 20 29 19 9 11 11 25 25 5 4 14 12 0 21 32 24 22 11 11 14 24 14 32 3 24 22 2 27 14 11 11 20 9
split_gain=490.081 101.265 95.1708 41.8185 40.5487 38.9664 34.3566 31.4291 29.7248 23.7074 23.2941 20.6698 20.0265 18.8594 18.3843 15.6414 15.5728 14.3414 18.1678 14.2437 14.1295 15.259 13.9088 16.5954 13.0384 12.0794 12.0773 11.7244 11.6691 14.6308 12.2353 11.6107 11.7195 10.5827 10.4748 13.0371 10.4701 9.96606 9.85705 9.82917 9.80076 9.78204 9.6844 9.68176 9.35029 8.99687 11.0097 8.91346 8.78352 11.6314 8.62651 8.53621 11.6177 8.46392 8.45488 10.9642 8.44102 8.44033 8.37891 8.36505 12.6941 8.32124
threshold=0.2499162703752518 0.77047204971313488 0.24323514103889468 -1.0100318193435667 15.500000000000002 1.5103702545166018 0.47716286778450018 -0.70650210976600636 0.75685957074165355 -0.013657241128385065 -0.68836036324501026 -0.82721382379531849 0.072545457631349577 8.5000000000000018 17.500000000000004 0.31619450449943548 1.103959918022156 0.25834591686725622 1.4985040426254275 0.24317814409732821 1.3633279800415041 -0.61627307534217823 -0.41294224560260767 10.500000000000002 -0.21817633509635923 -0.49151310324668879 0.036560259759426124 -0.093796387314796434 11.500000000000002 0.091809134930372252 0.10555555671453477 0.16484405100345614 1.1003385186195376 -0.40353153645992274 0.061053849756717689 -0.25776226818561548 -0.28040887415409083 -0.31853295862674708 0.98312342166900646 0.47479432821273809 0.42028160393238073 0.78043785691261303 -0.86454546451568592 17.500000000000004 -0.50455302000045765 0.17898634821176532 1.0509038567543032 -0.44130755960941309 0.32196933031082159 0.60168081521987926 0.72971028089523327 13.500000000000002 -0.37728126347064966 0.48140758275985723 -0.37350033223628992 -0.18577233701944348 1.5000000000000002 0.21859091520309451 -0.66669955849647511 0.08535808697342874 1.0481646060943606 -0.070403374731540666
decision_type=2 2 2 2 2 2 2 2 2 2 2 2 2 2 2 2 2 2 2 2 2 2 2 2 2 2 2 2 2 2 2 2 2 2 2 2 2 2 2 2 2 2 2 2 2 2 2 2 2 2 2 2 2 2 2 2 2 2 2 2 2 2
left_child=2 4 6 11 8 7 16 24 10 -5 27 -4 25 -9 20 39 22 18 34 58 -7 -22 -1 57 -3 -6 44 -2 30 -30 -21 32 54 -23 -15 -36 -31 -37 45 51 -26 -39 -29 -42 -8 46 -13 -20 49 -32 -50 52 -11 -17 -10 -56 -53 -24 -12 60 -14 -62
right_child=1 5 3 9 12 14 26 13 31 15 19 38 59 17 -16 53 -18 -19 47 28 21 33 23 -25 40 -27 -28 42 29 36 48 -33 -34 -35 35 37 -38 41 -40 -41 43 -43 -44 -45 -46 -47 -48 -49 50 -51 -52 56 -54 -55 55 -57 -58 -59 -60 -61 61 -63
leaf_value=-0.021900013430636377 -0.019370368248903543 5.9356034708369641e-05 -0.005859779841023564 -0.017661052926695894 0.0070717142945231001 0.02245785099816321 -0.020938947466861743 0.035070628790070703 0.004142886521333009 -0.0060584235605896401 -0.013913486347704482 -0.0026918999009410173 -0.010515622638738543 0.0008159841611330899 0.0018129343379679271 -0.0043521866048318557 -0.0042975730864865547 -0.0010900660017166615 -0.0024154926141400027 -0.00781384288403255 0.0085418581196027785 0.0057369934547326423 0.016983986190052539 -0.015998912837240194 0.034219918608431849 -0.014910817656675138 0.011843478754737053 -0.014310087247062458 -0.0048112545197554514 0.028579751161695508 0.047925255675332568 -0.0049830841164038219 -0.0055618946890421926 0.050478093223558028 0.0217155843901434 -0.0092903572456570511 0.0070487140772972062 0.0062103491773529479 0.03673065966636118 -0.012988718578116497 0.020858846990398423 0.025310204770298998 0.010050184284643882 -0.0071889084384775814 0.0017308066433793677 0.025077318769981025 0.020852200231153067 0.030111214039602381 -0.0018079331387281987 0.0041312634960940248 0.028863952962397989 0.0091144978818859905 0.015406984458415198 0.019409603604657127 0.00049090939777017388 0.046988604201601968 -0.007710240019228925 -0.0095244126972374478 0.0052840917153485325 0.0067459727522335049 -0.0080223746978962292 0.017677133840161983
leaf_weight=562.01917950063944 36.353804532438517 20.404417689889669 44.774276044219732 119.51788472756743 23.349245447665453 248.83900901675224 23.431957889348269 19.40961804613471 7.5188275948166838 37.687704615294933 23.492158852517605 46.888084221631289 83.725596401840448 131.105100505054 29.970554366707802 17.88284920156002 76.133472394198179 126.20670990645885 8.0176404602825624 7.4336613714694968 14.83390738070011 6.7365380078554145 18.478376165032387 386.56261900812387 72.121664442121983 147.04569770023227 42.845797661691904 17.616444651037455 46.310939773917198 29.933373816311359 23.133174337446693 7.2480420172214499 5.3134041912853709 48.77159108966589 72.389754418283701 25.534879714250565 60.112536568194628 157.27515338361263 16.504298165440559 95.917540330439806 94.31303770840168 25.003441888839006 37.070474874228239 10.007622830569742 36.982765424996614 30.68851900473237 22.966468662023544 48.164319630712271 16.740080215036873 8.0231919512152654 10.29110302403569 27.136167529970407 45.073547050356865 35.477018926292658 5.2770528569817534 34.702175300568342 177.50864651799202 15.623101204633711 67.598369430750608 125.66176489368081 13.948520135134457 26.923079438507557
leaf_count=13017 671 218 627 2128 342 2016 445 180 95 586 388 605 1334 1569 261 269 1478 1527 83 91 101 63 331 7985 632 2452 666 313 676 408 253 86 62 327 809 295 818 1679 171 1601 823 239 598 89 624 367 269 447 225 76 136 424 613 469 66 387 2820 306 1022 1672 215 395
internal_value=0.000205836 0.010438 -0.0108075 -0.00219718 0.0026453 0.0162158 -0.0160955 0.0124692 0.00892061 -0.00610346 0.00566113 0.0110097 -0.00400775 0.00899126 0.0246084 -0.0027761 -0.0176991 0.00785288 0.0102532 0.00974495 0.0266879 0.0391685 -0.0187104 -0.0142418 0.0228107 -0.0117828 0.00040633 -0.007308 0.0140956 0.00856327 0.0241711 0.0277294 0.0322617 0.045971 0.00786706 0.0110941 0.0153331 0.00697089 0.0174385 -0.00492426 0.0253676 0.0094361 0.00166155 0.0179625 -0.00799012 0.0126816 0.00592462 0.0256513 0.0285523 0.0387786 0.0125521 -0.00205679 0.00584383 0.0117556 0.0366196 0.041588 -0.00531509 0.00517457 -0.0001333 0.0014132 -0.0040179 0.00898805
internal_weight=3904.03 2023.93 1880.1 718.023 864.823 1159.1 1162.08 809.953 444.169 556.201 384.109 161.822 420.654 613.107 349.152 436.683 1058.82 593.697 467.49 293.069 319.181 70.342 982.683 420.664 196.847 170.395 103.261 91.0407 201.978 136.357 65.6212 60.0595 52.8115 55.5081 411.308 280.203 90.0459 207.813 117.047 383.324 176.442 182.279 54.6869 104.321 60.4147 100.543 69.8546 56.182 58.1875 31.1564 27.0312 287.406 82.7613 53.3599 47.4981 39.9792 204.645 34.1015 91.0905 250.259 124.597 40.8716
internal_count=59940 24139 35801 10949 12781 11358 24852 8590 6371 8910 5675 2039 6410 6828 2768 6782 23117 6648 5121 4093 2507 491 21639 8622 1762 2794 1735 1582 2683 1902 781 696 610 390 4591 3022 1226 2213 1412 6044 1544 1918 911 912 1069 1241 874 530 690 329 361 4443 1199 738 548 453 3244 637 1410 3616 1944 610
is_linear=0
shrinkage=0.03


Tree=24
num_leaves=63
num_cat=0
split_feature=15 3 3 32 15 4 15 3 14 21 11 21 14 7 10 5 14 26 11 7 32 3 21 14 8 2 30 3 15 32 22 5 21 10 13 32 22 1 1 11 16 20 11 31 7 11 16 9 21 14 21 1 11 2 8 3 26 5 7 25 13 11
split_gain=502.27 97.3988 83.7628 41.2203 39.4197 35.8057 31.3354 28.071 24.0784 23.9583 21.3962 21.1116 19.4188 17.7696 16.6009 15.9023 15.3259 15.5641 14.6695 15.0171 13.727 13.1737 11.6984 11.9813 11.552 13.1024 12.5032 11.2617 12.1588 10.9585 15.6897 10.7367 10.558 10.543 11.5005 10.4702 10.2039 10.4673 10.0023 10.0316 9.55538 9.85857 9.57308 9.38506 9.12278 9.11941 11.8556 8.82486 9.81794 8.82274 8.72383 8.59914 8.53084 9.64776 8.52131 8.38905 8.34856 8.27739 8.25776 8.23897 8.23263 8.02645
threshold=0.087022006511688246 0.79972311854362499 0.45097060501575476 11.500000000000002 0.94465690851211559 0.98312342166900646 -0.35810057818889612 -0.15107209235429761 -1.1852604150772093 0.4581164419651032 0.036560259759426124 -0.14217275381088254 -0.077876452356576906 -0.44514885544776911 -0.91108465194702137 -0.24527881294488904 -0.34251622855663294 -0.76804760098457325 0.43058872222900396 -0.85574060678482045 8.5000000000000018 1.3762586712837221 0.83033457398414623 0.31642414629459387 0.52249017357826244 -0.86542451381683339 -1.0000000180025095e-35 0.99762001633644115 0.86289587616920482 10.500000000000002 -0.085836593061685548 -0.30975657701492304 1.4334087371826174 -0.15334291756153104 0.63573259115219127 15.500000000000002 -1.1774236559867857 1.3674567937850954 1.1951304674148562 1.3539066910743716 0.78051510453224193 1.6717879772186282 -1.1629440188407896 0.5000000149011613 -0.61790248751640309 -0.072313152253627763 0.49818708002567297 -0.27864751219749445 -0.52868244051933277 0.46779745817184454 0.80632928013801586 1.3255056142807009 0.7664504647254945 0.090182080864906325 0.52249017357826244 -0.18320861458778379 0.78309369087219249 -0.38210467994213099 0.031166020780801777 -0.93773373961448658 0.47855788469314581 -0.72160318493843068
decision_type=2 2 2 2 2 2 2 2 2 2 2 2 2 2 2 2 2 2 2 2 2 2 2 2 2 2 2 2 2 2 2 2 2 2 2 2 2 2 2 2 2 2 2 2 2 2 2 2 2 2 2 2 2 2 2 2 2 2 2 2 2 2
left_child=2 5 6 27 18 7 -1 44 52 21 29 -6 13 -12 -7 -10 -11 35 32 -20 -17 -4 23 -22 33 -26 -27 28 -3 30 -8 -13 -5 -16 -35 50 -28 -38 39 43 41 42 -24 58 -2 59 -47 -15 -49 55 -18 60 -9 -54 -45 -32 -30 -29 -21 -46 -33 -34
right_child=1 3 9 4 11 14 10 8 15 16 12 31 -14 47 24 20 17 -19 19 38 22 -23 40 -25 25 26 36 57 56 -31 49 51 61 34 -36 -37 37 -39 -40 -41 -42 -43 -44 54 45 46 -48 48 -50 -51 -52 -53 53 -55 -56 -57 -58 -59 -60 -61 -62 -63
leaf_value=-0.019871627946335974 -0.01334546006634567 -0.0084917462942123295 -0.0090701230370593862 -0.0034337579419859306 0.0031683724104765022 -0.0050589939179531964 -0.019330548497996924 0.009659105780145916 -0.0090502454496382313 0.027580261352864181 -0.0093626951591702628 0.0067876986378903187 -0.011283810635887882 -0.002599123160193386 0.026416376058478491 0.02856776055516003 0.0016100328084145028 -0.0015723498960598936 -0.0094753352967979591 -0.0096031067729994944 0.0057508672862812893 0.0079796093289878547 -0.0037339803260530951 -0.005921954029114905 -0.008890786126032944 -0.0043302377160967043 -0.0047431244754182946 0.0069127063150487469 0.03523021880946145 -0.016339374391703423 0.0056325968257355478 0.017309078265894885 -0.0033100539308054417 -0.0082599642935881675 0.026217980235768643 0.00050161614053121685 0.049412899604695061 -0.0061632434884634976 0.032676721189535206 0.023411773636106574 -0.0030860841416255314 -0.0097531957851638984 0.021673752461262019 0.008771990016409062 0.022630156277244597 -0.0057688058348326276 0.011425211227364581 -0.00017558699124422357 0.026553260215526314 -0.0094933209651198378 0.045526752934544862 0.036924712608225919 0.034179013602702875 -0.0051389992343101303 0.038377570867865321 0.047334972597566943 -0.0073914434925215731 0.036241860878560586 0.0077800923998249455 -0.0097320065836133587 0.02825133848765287 0.0242108159727226
leaf_weight=663.60966476052999 86.477012321352959 13.660879638046028 186.38085082173347 144.78759675472975 66.184845969080925 20.986261989921331 15.169544126838444 51.171784475445747 80.142624828964472 28.498213823884726 46.14053225889802 45.28814559429884 138.76901157572865 21.894933059811592 20.834489315748215 16.466688461601734 5.9320174008607927 97.925379261374474 23.738930631428957 33.853069372475147 174.41797845438123 47.659595165401697 14.153355117887257 136.64066952839494 4.2649630010128012 4.8624517843127242 2.9346133507788172 12.170366130769251 11.525179527699946 369.23300161212683 11.279365502297876 247.71985265612602 13.618072152137755 27.92939817532897 6.8436121158301821 13.537455324083565 36.282059263437986 2.1738227978348723 19.967137794941664 43.197190038859844 31.890779118984938 9.8445904366672021 83.056831710040569 37.912754785269499 2.8543364517390719 66.376558821648359 68.642485376447439 17.10722715780139 39.038573831319809 6.2155085019767276 11.280572507530449 41.540989093482494 34.780238956212997 5.1431018263101569 8.6085130833089334 4.1799839995801475 3.5076444521546355 120.86612193286419 62.279782224446535 117.37841022014618 112.39972696453333 20.184332124888897
leaf_count=14839 1414 150 3126 1840 704 240 320 546 1196 317 878 403 2671 401 234 178 92 1443 305 412 2353 658 200 2013 50 56 35 116 94 7954 223 1998 163 322 77 202 377 22 193 475 351 125 1056 421 45 1004 942 333 646 132 164 296 349 59 99 67 30 988 701 1825 909 215
internal_value=0.000431885 0.00995849 -0.0116622 0.0163347 0.0137444 0.00367254 -0.0152334 0.001686 0.00538997 0.000541402 -0.0105194 0.0192546 -0.00375253 0.00477445 0.0183364 0.00292612 0.00943529 0.00453536 0.00666762 0.0116003 0.00505789 -0.00550386 0.00389314 0.000610708 0.0229822 0.0330153 0.0373698 0.0302354 0.0107094 -0.0148022 0.000713802 0.0215752 0.000183954 0.0118958 0.000968494 0.0214853 0.0422073 0.0459236 0.0141982 0.0114089 0.0109651 0.0151017 0.0179728 0.00710461 -0.00520413 -0.00224252 0.00306832 0.0131933 0.0190608 0.0157361 0.0341609 0.0231386 0.0192527 0.0291057 0.0174431 0.0257207 0.0259226 0.0339064 0.00148649 -0.00809088 0.0210645 0.0141256
internal_weight=3913.41 2189.56 1723.85 1083.01 921.281 1106.55 1332.64 979.437 637.709 391.214 669.028 513.134 262.95 124.181 127.112 546.614 157.174 128.675 408.147 229.557 466.471 234.04 450.004 311.059 106.125 50.5179 46.2529 161.73 28.6937 406.077 36.8444 446.949 178.59 55.6075 34.773 30.75 41.3905 38.4559 205.818 185.851 138.946 107.055 97.2102 142.654 341.729 255.252 135.019 78.0407 56.1458 21.6749 17.2126 401.661 91.0951 39.9233 46.5213 15.4593 15.0328 133.036 96.1329 120.233 360.12 33.8024
internal_count=60047 25581 34466 10512 9134 15069 28464 13656 8426 6002 13625 4310 4929 2258 1413 7472 2218 1901 4824 2606 6276 3784 6098 4366 1173 540 490 1378 274 8696 742 3606 2218 633 399 458 434 399 2301 2108 1732 1381 1256 1633 5230 3816 1946 1380 979 422 256 3203 954 408 520 290 124 1104 1113 1870 2907 378
is_linear=0
shrinkage=0.03


Tree=25
num_leaves=63
num_cat=0
split_feature=15 6 15 21 5 15 4 14 25 20 4 2 14 9 23 4 4 25 15 4 20 26 14 18 11 25 21 24 25 25 27 26 24 10 14 16 18 11 30 10 5 9 25 21 23 23 6 23 26 9 5 11 11 22 20 10 34 9 16 11 22 23
split_gain=436.126 106.156 65.1749 28.8447 28.6212 25.3166 24.0355 23.5187 22.4397 20.3734 19.3796 19.0066 16.0998 15.9593 18.0947 15.6258 14.5984 14.5321 14.3793 14.3395 13.1611 12.2079 12.1807 13.594 12.0585 11.8305 11.7131 11.6693 15.1538 14.9357 14.6215 11.7408 11.46 12.5926 11.2114 10.6528 10.3701 15.1601 10.7692 10.0872 11.4149 9.97414 11.9672 9.83096 9.80392 9.62936 9.28223 9.5632 9.1561 9.00228 8.60882 8.57704 8.41183 8.39715 8.355 8.24374 8.15576 9.18549 8.14906 7.95887 7.92933 7.92507
threshold=0.045292682945728309 0.47239089012146002 0.7943515181541444 1.0244275927543642 0.81595304608345043 -0.70932689309120167 -0.05152961611747741 -0.45960545539855951 -0.52157127857208241 0.01980583090335131 -0.30689410865306849 1.2062891721725466 -0.91759115457534779 -0.38799214363098139 0.93612903356552135 1.0970341563224795 1.3776036500930788 -0.54436880350112904 1.3793569803237917 -0.73874974250793446 -0.07447385415434836 0.68094950914382946 -0.60638168454170216 -0.59018647670745839 0.83979991078376781 3.1635932922363286 0.17553300410509112 1.1362311244010928 -0.44663415849208826 1.7373704314231875 4.5000000000000009 -0.93347719311714161 1.0000000180025095e-35 0.75266388058662426 -0.077876452356576906 1.0184576511383059 -0.37155641615390772 -0.28872761130332941 -3.0833333730697627 -0.44273862242698664 0.24459843337535861 0.97874069213867199 0.46502372622489935 -0.54266214370727528 0.33359599113464361 1.0470970869064333 1.4368966221809389 -0.027577824890613552 -2.1857489347457881 0.33426705002784735 -0.27610240876674647 0.40735466778278356 0.036560259759426124 0.010055993217974903 0.7558145821094514 -0.78886502981185902 2.5000000000000004 0.81509399414062511 1.3702960014343264 0.29213689267635351 1.4484056234359743 -0.54265940189361561
decision_type=2 2 2 2 2 2 2 2 2 2 2 2 2 2 2 2 2 2 2 2 2 2 2 2 2 2 2 2 2 2 2 2 2 2 2 2 2 2 2 2 2 2 2 2 2 2 2 2 2 2 2 2 2 2 2 2 2 2 2 2 2 2
left_child=1 5 4 10 9 24 -3 20 26 46 54 18 45 -14 17 35 49 50 43 -5 -8 -18 23 -21 -1 36 52 28 -9 30 -29 -32 -24 39 -28 -10 38 -38 -20 55 -41 42 51 -12 -22 -11 47 -2 -25 -6 -15 59 -7 56 -4 -34 57 -19 -39 -16 -42 -17
right_child=2 6 3 19 16 8 7 27 15 12 11 -13 13 14 41 61 21 53 25 22 44 -23 32 48 -26 -27 34 29 -30 -31 31 -33 33 -35 -36 -37 37 58 -40 40 60 -43 -44 -45 -46 -47 -48 -49 -50 -51 -52 -53 -54 -55 -56 -57 -58 -59 -60 -61 -62 -63
leaf_value=-0.022440552891565012 0.0040879369170552723 -0.010911148052705454 -0.0074533139862228114 -0.008981369433596573 0.0184414651938575 -0.016974042301922097 0.0018062115957556578 0.020118817444194827 -0.015116753228732889 0.025890756834741912 -0.002615429025522665 0.028678623406112536 -0.0061137973944779059 -0.0076520047562186368 0.017514708248686117 0.021404277798307614 0.042104746814521539 0.0064505377152984534 -0.016021903270574581 0.00016901268334883665 -0.004708592853152201 -0.0025774281656730973 -0.011095984610614113 -0.0072874632398222221 -0.0068339934078074345 -0.012281508531429116 0.037752543132895174 0.0005620372514605305 -0.005461514129528851 -0.013204896771174502 -0.007278552272328407 0.041502928980087173 0.019228043790764957 0.0034319075158589425 0.002895711961889382 0.012351376302396423 -0.0053918245171678822 0.029155590471401868 0.013306847667285073 0.020050024469777428 0.049445061174621809 -0.0053232419842896336 -0.0071484631939902352 0.0093866544000445473 0.034768413379852856 -0.0065393463723759033 0.014557925525679466 -0.0082984494637104046 0.033834646388352208 -0.00038892399925925889 0.02874787924104456 0.035364114906825006 0.0048231064544671876 -0.0031502630243980651 0.013412136524827156 -0.0017192442989096811 -0.00010695181823768297 0.037214676615441221 -0.0037109087244075727 -0.015261594620270522 -0.0013124814016472401 -0.0049247362822474709
leaf_weight=429.49741228297353 69.116734299808741 83.103349111974239 69.178363330662251 11.602950315922497 45.008712254464626 26.449562560766935 21.573801599442959 19.209574017673731 667.75967137515545 41.517979428172112 69.807839892804623 54.350485000759363 118.72199717536569 5.164982050657275 30.295077487826347 11.428525917232035 23.681600488722328 29.663308344781399 9.0649906657636148 13.069274596869944 5.2062258310616008 6.1246075108647338 9.3779634647071344 3.4070077165961257 55.745983961969614 8.4167797416448575 8.0266978628933412 19.554587367922068 146.39998664334416 11.406494151800869 3.737767685204747 20.913397237658501 37.6797078512609 43.687500715255737 25.52066171169281 9.4211381264030916 12.652212165296076 106.53669060766697 64.647878922522068 88.799796015024185 22.635981924831871 12.80024855211377 9.5259137451648694 411.90190166980028 40.345981646329165 7.8791848607361308 17.384215153753757 243.37935696914792 115.23029425740242 41.70038741081953 22.074859045445919 35.178619466722012 28.844055216759443 190.24393961206079 17.650079652667046 26.740842930972576 55.110750321298838 9.3308783546090108 6.1020306199789038 4.1633902974426737 2.7959354743361464 23.816517654806376
leaf_count=10023 1174 1394 879 129 613 590 318 291 14372 524 920 454 1682 78 378 183 243 391 84 97 85 61 118 27 1139 88 137 257 2355 189 50 259 321 381 503 164 142 1026 551 742 171 155 123 4294 449 90 217 3580 896 569 313 374 559 2762 194 220 757 125 45 46 23 355
internal_value=0.000409527 -0.0112171 0.00908503 0.0137929 0.00347101 -0.0152829 0.00288078 0.00697391 -0.0118726 0.00161937 0.0105624 0.0121205 0.00502948 0.00337622 0.00620876 -0.013635 0.0171421 0.00264059 0.0106174 0.0207121 0.0218583 0.0338721 0.0217692 0.029331 -0.0207356 0.0171933 0.00223332 0.00207422 -0.00199171 0.0133478 0.0208448 0.0341263 0.0169423 0.018343 0.0150508 -0.0146469 0.0187104 0.0239122 0.00891145 0.0217966 0.0271481 0.0175388 0.0213322 0.00763835 0.0302371 0.0205923 -0.00427708 -0.00553764 0.0324068 0.00985803 0.0217297 0.025446 -0.00614647 0.000468007 -0.00271254 0.0110353 0.00757265 0.0172049 0.027293 0.0121225 0.0445661 0.00521125
internal_weight=3881.36 1657.96 2223.4 1205.34 1018.07 1286.51 371.451 288.348 801.267 901.551 830.309 743.481 571.671 522.274 403.552 712.426 116.515 311.589 689.13 375.027 67.126 29.8062 363.424 131.707 485.243 207.421 88.841 221.222 165.61 55.6122 44.2058 24.6512 231.718 222.34 33.5474 677.181 199.004 125.291 73.7129 178.652 114.232 91.9632 79.163 481.71 45.5522 49.3972 329.88 312.496 118.637 86.7091 27.2398 69.6371 55.2936 284.349 86.8284 64.4206 94.1049 38.9942 112.639 34.4585 25.4319 35.245
internal_count=59729 33672 26057 11802 14255 28025 5647 4253 16863 12769 8677 7604 7798 7184 5502 15074 1486 4426 7150 3125 852 304 2996 1020 11162 1936 1789 3401 2646 755 566 309 1976 1858 640 14536 1848 1213 635 1477 936 1076 921 5214 534 614 4971 4754 923 1182 391 798 1149 4035 1073 541 1273 516 1071 424 194 538
is_linear=0
shrinkage=0.03


Tree=26
num_leaves=63
num_cat=0
split_feature=15 6 23 32 4 20 21 14 11 11 6 4 4 14 11 14 20 32 11 26 16 15 4 7 7 8 14 10 10 32 16 9 5 20 21 4 10 11 32 11 11 9 9 23 6 11 24 9 11 9 21 9 18 6 7 5 6 5 26 6 8 19
split_gain=409.214 88.4112 78.2321 36.3414 30.2316 27.4238 27.2683 25.4039 24.9814 24.1645 19.9967 19.1509 17.1041 18.232 17.0701 16.1646 15.6787 14.4292 14.3396 13.8263 13.5599 13.4692 12.8888 12.8077 12.7997 12.5084 12.0874 11.789 11.3928 11.3256 13.7721 11.0623 12.1223 11.3854 10.9615 11.9184 10.9743 12.6477 12.226 10.6507 10.628 10.3389 10.3282 10.1959 9.35874 11.3823 9.43163 9.1409 8.94131 8.91317 8.74124 8.72882 12.6279 8.81004 8.38013 8.13282 8.11994 8.07429 7.90542 7.83332 7.75896 7.67835
threshold=0.087022006511688246 0.94186362624168407 0.33359599113464361 10.500000000000002 0.47716286778450018 0.64915120601654064 0.031016836874186996 -0.54160332679748524 -0.19092328101396558 0.96078786253929149 -0.36978991329669947 0.011831153184175493 1.7953511476516726 -2.6278655529022212 1.4427454471588137 0.51195693016052257 -0.19316029548645017 13.500000000000002 -0.92343434691429127 -0.93347719311714161 0.65562677383422863 0.33014042675495153 0.72386312484741222 0.88840141892433178 -0.72948807477951039 -0.53009775280952443 -0.20280228555202481 -0.2537566870450973 -0.37484841048717493 15.500000000000002 0.32154692709445959 0.61546391248703014 -0.1692342013120651 0.92117333412170421 1.2112607359886172 -0.48399214446544642 -0.51519581675529469 1.2010232806205752 10.500000000000002 -0.62722161412239064 0.31376935541629797 -0.29455792903900141 -0.34573428332805628 1.1594591140747073 -0.30006562173366541 0.63317885994911205 0.97124853730201732 0.6202562451362611 -0.23932254314422605 0.60319066047668468 -0.16339561343193051 -0.070403374731540666 -0.25409944355487818 1.4559695124626162 -0.92921462655067433 -0.088460400700569139 1.0052202939987185 -0.50907158851623524 0.75286248326301586 0.90020966529846203 -0.84148156642913807 0.83511614799499523
decision_type=2 2 2 2 2 2 2 2 2 2 2 2 2 2 2 2 2 2 2 2 2 2 2 2 2 2 2 2 2 2 2 2 2 2 2 2 2 2 2 2 2 2 2 2 2 2 2 2 2 2 2 2 2 2 2 2 2 2 2 2 2 2
left_child=2 3 4 15 10 12 14 16 17 11 39 41 13 48 22 19 -4 -7 -13 47 23 -10 59 -12 -23 -26 -24 -22 -25 30 -11 32 33 -20 35 -15 50 51 -39 -1 -36 -8 -18 -9 -34 46 61 -2 -3 -31 -37 53 54 -38 -53 -45 -19 -6 -57 -5 -32 -46
right_child=1 5 7 6 57 8 9 43 21 29 20 18 -14 34 -16 -17 42 56 31 -21 27 24 26 28 25 -27 -28 -29 -30 49 60 -33 44 -35 40 36 37 38 -40 -41 -42 -43 -44 55 45 -47 -48 -49 -50 -51 -52 52 -54 -55 -56 58 -58 -59 -60 -61 -62 -63
leaf_value=-0.024449052960817258 0.050494978046489128 -0.0091597119874804386 -0.004181298474389944 -0.012161740053010966 -0.012790316561877924 0.023082205914696501 -0.0092093272496067483 -0.0065021429065165682 -0.0048072055555617174 -0.0055749377563624591 -0.015419956955725308 -0.011061007462762507 0.027237411397407051 -0.0083285438717235413 0.0097028727408481168 -0.0030161765331050403 0.0021367281530810492 0.021910276313943093 -0.011052852052382949 0.014794852089705239 -0.012560067302925365 -0.0020029147617744666 0.023906301411348061 0.01379149027451528 0.018149669494421785 0.031749070548498744 -0.0063399589243961748 0.020511300203609216 -0.0099160350507323369 -0.00094453227634622215 0.0038207477612497861 0.0021466441376930372 -0.0039385086530480118 0.025559978326477686 0.0027855070926677428 0.0016340054630113053 -0.012577924841392847 0.03879668351122189 0.0083120409110111534 -0.016001703857185946 0.033134485865695673 0.0012953059926282644 0.026907766062374959 -0.014758555548514735 0.046310415410504478 0.00081949116853045738 -0.0051184865876499524 0.0048795338398630343 0.032998766446466099 0.021649476716651728 0.019879889177574762 -0.012550625428731754 -0.0086721240716032023 0.0083141162162652642 0.013316551669221863 0.002842129475346324 -0.0045512304847294153 0.0049913683123661767 0.029159647658891712 0.010765243585220042 0.038413051235144761 -0.0048281964899336092
leaf_weight=310.3600822687149 16.490600872784857 3.016896352171897 35.92992177978158 254.04177863523364 26.810965519398451 28.581191409379244 115.71021544933319 348.10782857611775 12.387330379337071 8.6232874207198602 342.71491312235594 19.006083872169256 46.144405454397202 44.107912622392178 48.981938071548939 28.318540204316378 22.761568136513233 7.2612559758126727 16.212088335305456 86.761840991675854 12.630114883184435 14.083099659532307 15.267962560057638 24.222219120711088 130.63061781600118 187.79312597587705 25.019316509366035 17.518223281949759 43.62662098929286 43.558187965303659 8.2478116154670698 42.109696932137012 5.8694122396409503 7.0015637576580039 18.205566823482513 33.327954858541489 62.422297243028879 9.5099726989865285 95.140853337943554 331.63004944846034 22.700577363371849 276.49973761290312 46.518504370003939 7.605607457458972 32.767007354646921 8.4805680289864522 2.8992413580417624 6.2628585807979098 31.515290252864361 19.2412965670228 85.070250444114208 8.8265743479132635 39.88524229824543 20.918994411826134 89.149682652205229 28.898122265934944 65.271354176104069 77.814512714743614 12.088561449199913 10.424312923103569 34.25548093765974 1.8827728442847718
leaf_count=7737 169 29 570 4056 480 263 1637 5782 142 107 7370 251 376 556 660 352 305 87 210 956 246 135 186 503 1042 1394 331 332 893 506 90 513 77 83 178 405 689 79 923 7674 172 3836 583 121 367 86 27 63 274 218 847 108 435 216 923 395 692 1328 155 134 361 21
internal_value=-8.16548e-05 0.00846818 -0.0111577 0.00263129 -0.0153405 0.0146942 0.000598967 -0.00120915 0.0203651 0.00427269 -0.0168221 0.00150805 0.0104156 0.00881151 -0.00603889 0.0167834 0.0115636 0.00682243 0.0109856 0.0218113 -0.0116678 0.0241812 -0.00868479 -0.0130929 0.0253163 0.0265369 0.00649654 0.0068408 -0.00108671 0.0164938 0.0264151 0.0148665 0.0214184 0.00256279 0.00726313 0.00587393 0.00736103 0.00439391 0.0127251 -0.0202428 0.021402 -0.0018807 0.019461 -0.00469843 0.0288859 0.0330473 0.0393744 0.0410805 0.0286229 0.00706416 0.0150182 0.000258297 0.00483662 -0.00716017 0.01049 0.00762421 -0.000660027 5.91597e-05 0.0129307 -0.0110751 0.0328091 0.0432732
internal_weight=3879.12 2189.88 1689.24 1133.93 1187.33 1055.95 996.1 501.91 446.008 642.364 1082.7 528.438 609.942 563.798 353.735 137.834 105.21 101.114 136.228 109.515 440.712 344.894 304.753 410.564 332.507 318.424 40.2873 30.1483 67.8488 113.926 51.1266 117.222 75.1127 23.2137 529.266 488.36 444.252 325.854 104.651 641.99 40.9061 392.21 69.2801 396.7 51.899 46.0296 37.549 22.7535 34.5322 62.7995 118.398 221.203 137.861 83.3413 97.9763 48.5923 72.5326 104.625 40.9867 264.466 42.5033 34.6498
internal_count=59736 25262 34474 15297 26563 9965 13757 7911 3755 8390 24755 7108 6210 5834 5367 1540 1458 1042 1635 1188 9344 2713 4707 8766 2571 2436 517 578 1396 1282 558 1384 871 293 5531 5181 4625 3373 1002 15411 350 5473 888 6453 578 501 415 232 303 724 1252 2371 1466 905 1031 671 779 1808 550 4190 451 388
is_linear=0
shrinkage=0.03


Tree=27
num_leaves=63
num_cat=0
split_feature=15 3 3 15 6 14 4 3 32 14 6 4 20 3 32 14 7 15 14 11 20 12 11 21 20 5 32 24 11 14 14 9 17 24 34 25 3 25 25 7 14 4 29 29 21 4 13 7 9 24 21 21 4 6 16 6 12 21 7 25 24 22
split_gain=382.719 95.322 81.4249 42.5404 32.8371 28.448 27.4929 25.7203 22.0832 20.206 18.609 17.4748 16.2826 16.1208 15.8857 15.2756 15.1226 19.5554 14.8303 14.5561 11.874 11.7611 11.6208 11.5908 13.1636 14.546 11.5411 11.6772 11.5088 11.3875 11.0376 10.6822 10.5635 10.5503 10.0836 10.1859 9.92363 9.85222 10.3174 9.85153 9.43096 11.1999 9.19191 9.18978 9.18136 12.5148 10.6266 9.1661 9.1034 9.04463 8.9429 8.93938 13.3091 8.5573 8.43587 8.89835 8.12866 8.06066 13.1536 7.97949 7.9515 8.67037
threshold=0.087022006511688246 -0.056877726688981049 0.64183306694030773 0.89735013246536266 0.5097789764404298 0.30193264782428747 1.3448793292045595 1.2597366571426394 17.500000000000004 -0.3753096312284469 -1.0034729242324827 -0.063147414475679384 0.7558145821094514 1.4413411021232607 11.500000000000002 -0.56972739100456227 0.32943235337734228 -0.28398902714252466 -2.4485961198806758 1.0120458006858828 -0.23947571218013761 0.57717359066009533 -0.63997438549995411 0.52139273285865795 -0.27228479087352747 -1.0000000180025095e-35 9.5000000000000018 -0.079476308077573762 1.1595193743705752 0.4083890318870545 0.94407358765602123 -0.68782153725624073 -0.31620675325393671 0.65453645586967479 3.5000000000000004 -0.37793935835361475 1.2230356931686404 0.51139450073242199 0.083021711558103575 0.37824414670467382 -0.29070536792278284 1.7498977184295657 0.76696833968162548 1.0000000180025095e-35 0.77142310142517101 -0.65612351894378651 0.62334638833999645 1.5708347558975222 -1.4825731515884397 1.0740335583686831 -0.51700475811958302 0.39408384263515478 0.7390936315059663 -0.45703840255737299 0.81453627347946178 1.3573565483093264 -0.3558389395475387 0.93221724033355724 -0.14796096086502072 -0.24710036814212796 -0.97537481784820546 -0.80429109930992115
decision_type=2 2 2 2 2 2 2 2 2 2 2 2 2 2 2 2 2 2 2 2 2 2 2 2 2 2 2 2 2 2 2 2 2 2 2 2 2 2 2 2 2 2 2 2 2 2 2 2 2 2 2 2 2 2 2 2 2 2 2 2 2 2
left_child=1 10 5 12 7 6 11 14 13 20 -1 -2 19 15 29 -5 -12 -18 50 -4 -6 36 -14 28 -25 -26 56 -28 34 -3 44 -9 -11 -17 35 60 -21 38 -29 -32 54 47 -27 -16 46 -46 51 -42 -22 -38 -13 -15 -53 -52 55 -24 -7 58 -34 -35 -20 -62
right_child=2 4 3 8 9 26 -8 31 -10 32 16 18 22 30 43 33 17 -19 23 21 48 -23 40 24 25 42 27 37 -30 -31 39 -33 57 59 -36 -37 49 -39 -40 -41 41 -43 -44 -45 45 -47 -48 -49 -50 -51 53 52 -54 -55 -56 -57 -58 -59 -60 -61 61 -63
leaf_value=-0.022173490850174019 -0.0079197098837632766 0.017344344537829983 -0.0018652902888972045 0.023922998106633401 -0.0025251748360148175 -0.011092044595639457 0.024693852148821863 -0.0074995164569910148 0.0012658336800153091 -0.0076456590351162181 -0.016319618699851289 -0.0029135142064309009 -0.0013781377364727354 0.02081440321738072 0.0086008480468527018 -0.0017646312329522376 -0.015992228340009108 0.0015020359937694989 -0.0089886848604820539 0.030470910097004353 -0.0072152801521170578 0.00093305516730535026 0.044340958519008246 0.030855552433943109 -0.01767062917244645 0.013247106903965515 -0.016858572856747706 -0.0024084018476773143 0.010860697310313205 -0.0090252974992848702 -2.1370388380622154e-05 0.020183638701916751 0.013722995656248403 0.025681148480207198 -0.011771252930197072 -0.0022754660816880329 -0.0064501069649384726 -0.016215925561756314 0.02232521867322125 0.024283242520923936 0.0067428637702898675 0.037602048370500768 -0.0043308500034676947 -0.013609844074812007 -0.0090376962222347649 0.035086761023658639 0.033950409176106429 0.034758333143516611 0.033996984093764428 0.025273508658822108 -0.0057217487001217267 -0.0096227081048009516 0.026520497653027574 0.033385968820934857 0.00076500166284494491 -0.006431130940837089 0.023348719814600169 0.018067807325490196 -0.0069398187620127736 0.0098872241408236965 -0.0066553576658545952 0.037151208329900515
leaf_weight=329.04163548722863 96.039411723613739 26.831556219607592 212.79291465878487 117.31546764075756 12.293392982333897 5.3411235921084907 56.158429682254791 14.907517302781342 63.065570145845413 61.39286969974637 462.69533733278513 9.4956512562930566 38.024137619882822 43.559798985719681 14.542988922446964 49.779688037931919 102.08119925111532 122.53387942165136 4.5134329237043884 31.076299741864204 3.691537767648696 53.866384096443653 20.046649672091014 18.602175895124674 15.435009621083735 116.86242894083261 74.882250364869833 168.75341564044356 60.511347733438015 23.128798641264439 31.554464049637318 36.304367411881685 44.517291735857725 36.165494054555893 76.522995550185442 102.03053064271808 18.971757959574465 38.173103611916304 11.632302217185496 23.611186496913433 124.27773864939809 10.268772833049296 31.661023050546646 282.24902049079537 4.1322775185108176 134.03965790569782 30.259793035686016 7.0976227149367324 36.142866373062134 7.4634636268019667 4.3537752218544474 27.089120753109455 7.8418884128332129 29.004247132688761 6.6532255932688704 2.2185805886983863 15.423623964190481 36.214371588081121 58.297383788973093 147.20263588428497 3.6097769588232049 11.543856710195538
leaf_count=8081 1492 489 2681 936 163 74 572 244 571 987 10239 124 467 360 288 587 2338 2500 71 382 45 607 189 221 194 1391 1300 2465 800 466 238 545 642 327 1120 1432 216 558 168 168 1405 91 378 5725 38 852 238 76 358 72 56 211 53 286 60 20 188 440 798 1317 53 169
internal_value=0.000327274 -0.0104969 0.00853762 0.0135599 -0.00150887 0.0019053 0.00553898 -0.00684608 0.0183276 0.00687107 -0.0162142 0.00348976 0.00704491 0.0199544 -0.00978842 0.0151676 -0.0132217 -0.00662372 0.00581086 0.00275945 0.0226221 0.0112958 0.0134846 0.00403961 0.00971798 0.00647764 -0.00542528 -0.00701626 -7.53164e-05 0.00542622 0.0251704 0.0121749 0.00232346 0.0103523 -0.00359886 0.00180166 0.0201507 -0.00334248 -0.000254325 0.0115347 0.0167428 0.0127269 0.00948097 -0.012397 0.0279274 0.0334976 0.0196888 0.00947528 0.029799 0.00510176 0.0217227 0.0124868 0.000796099 0.0282013 0.0316372 0.0390303 0.0140565 0.00683825 0.00222839 0.0136012 0.0191271 0.0276537
internal_weight=3865.79 1666.87 2198.92 1248.37 650.514 950.55 636.344 397.964 715.617 252.55 1016.35 580.186 532.758 652.551 346.752 350.463 687.31 224.615 484.146 324.171 52.1278 111.378 208.587 441.293 182.561 163.958 314.206 293.441 258.732 49.9604 302.088 51.2119 200.422 233.148 198.221 121.698 57.5115 218.559 180.386 55.1657 170.563 141.644 148.523 296.792 246.923 138.172 108.751 131.375 39.8344 26.4352 42.8537 78.4908 34.931 33.358 28.9185 22.2652 20.7647 139.029 102.815 183.368 19.6671 15.1536
internal_count=59622 34348 25274 12162 11190 13112 8359 7757 5896 3433 23158 7787 6266 5325 6968 3167 15077 4838 6295 3958 566 1277 2308 5829 2184 1963 4753 4491 3645 955 2158 789 2867 2231 2845 1725 670 3191 2633 406 1841 1572 1769 6013 1752 890 862 1481 403 288 466 624 264 342 269 209 262 1880 1440 1644 293 222
is_linear=0
shrinkage=0.03


Tree=28
num_leaves=63
num_cat=0
split_feature=3 24 24 23 14 14 7 11 25 14 4 17 25 17 8 11 3 32 13 14 9 8 26 0 4 11 24 4 32 11 9 3 22 4 32 8 32 18 3 16 14 21 7 13 12 22 32 21 3 10 24 17 31 7 3 22 2 12 14 4 10 12
split_gain=383.528 86.4275 76.3994 30.3972 29.7643 29.079 28.9029 23.5207 22.2383 25.3462 22.0589 21.63 21.1638 20.608 17.864 17.2102 16.4439 16.2217 15.6015 14.3687 13.076 12.5685 12.6185 11.91 12.4873 12.7604 11.6115 11.4869 11.4507 11.1279 11.5862 10.4781 11.4642 10.268 10.167 10.0929 14.627 10.0881 9.82094 9.81942 9.67281 10.3379 9.59163 9.48324 11.3136 9.43681 9.39605 10.4633 9.33846 12.4529 10.5287 9.16043 9.03842 8.796 8.53454 10.7581 8.44571 8.2097 8.12934 8.75595 8.12124 10.8448
threshold=0.42494635283946997 0.48140758275985723 0.76815342903137218 -0.73021212220191944 0.39207851886749273 -0.91759115457534779 0.53186443448066723 0.22568751126527789 0.66088703274726879 -1.2571579217910764 -0.21817633509635923 0.33934748172760015 1.3380020260810854 -0.51880130171775807 0.22207754105329516 1.0509038567543032 0.95324900746345531 12.500000000000002 0.37361946702003485 -1.0505042076110838 -0.63227635622024525 -0.28594145178794855 0.79067030549049389 -0.29875090718269343 1.2038460373878481 0.27024970948696142 0.86134296655654918 2.1601321697235112 13.500000000000002 0.91171324253082286 -1.1034096479415891 0.78486108779907238 -0.30691333115100855 -0.085485760122537599 9.5000000000000018 0.52249017357826244 16.500000000000004 1.5137625932693484 0.26302735507488256 -1.0000000180025095e-35 0.26755440235137945 1.265677869319916 -0.60572963953018177 0.49129492044448858 -0.42628189921379084 0.83227279782295238 14.500000000000002 -0.81791895627975453 0.86608561873435985 0.76567834615707409 1.1362311244010928 -1.4582768082618711 0.35714286565780645 -0.80568778514862049 1.8322706222534182 1.0000000180025095e-35 0.7512376904487611 -0.50667771697044361 -0.91759115457534779 0.81050148606300365 0.63049170374870311 -0.37465462088584894
decision_type=2 2 2 2 2 2 2 2 2 2 2 2 2 2 2 2 2 2 2 2 2 2 2 2 2 2 2 2 2 2 2 2 2 2 2 2 2 2 2 2 2 2 2 2 2 2 2 2 2 2 2 2 2 2 2 2 2 2 2 2 2 2
left_child=1 3 6 15 8 35 11 27 9 57 51 58 18 -8 34 -1 -13 21 37 -16 -19 -15 39 -11 25 56 -26 45 33 40 -31 -22 -33 -10 -12 -4 53 54 -36 -23 -18 -42 -27 -34 -45 -7 47 -21 49 -47 -50 -5 -20 -37 -9 -56 -25 -3 -2 -60 -35 -62
right_child=2 4 5 10 -6 7 13 12 28 23 14 16 -14 17 19 -17 29 20 52 46 31 22 -24 24 26 42 -28 -29 -30 30 -32 32 43 60 38 36 -38 -39 -40 -41 41 -43 -44 44 -46 48 -48 -49 50 -51 -52 -53 -54 -55 55 -57 -58 -59 59 -61 61 -63
leaf_value=-0.020335384405927519 0.010099385040474999 0.0044360703992764958 0.019298266644101135 0.013602189008362516 -0.010894834699457059 -0.0024468376811505443 -0.0064181854780398914 0.012094381301587308 -0.016920868627715781 -0.014174038663147778 0.0069555593408933232 -0.0039666111337782629 0.00030381303566068063 0.0088037746275278512 0.012604586173689789 -0.00034090500850175867 0.015909943244407945 -0.0060423649682939673 0.01849313856323808 -0.014749217597854148 0.00013935441966797914 0.00096639113126428908 0.00026827065573623905 -0.0043031690113303498 -0.00085916566572462945 -0.003010462621323338 0.039577712299214023 0.030259301662450482 -0.010630439940411593 -0.0059437841899453872 0.028712612905056303 -0.00694420562212812 0.013538217249883827 1.6319749177073948e-05 -0.014140178637526249 0.00099029246003125336 -0.0063424325952855659 -0.014689539373755939 0.0028842529949019298 0.050596452642632288 -0.01202065054644502 0.02258306084021312 0.01752147480722064 -0.00063580370890768765 0.046100230445038679 0.028344931954793942 -0.0086072392735733316 0.0091784625759089838 -0.0099935717856360316 -0.0098874127215610522 0.012243073886763659 -0.019496316561608967 0.034859263335141936 0.043684496443292205 0.02923355004209114 0.0054966272143369514 0.023181794369458098 0.036021577486813908 -0.0096867388054232804 0.0067751184856571214 -0.0078734343232784304 0.0319977235952758
leaf_weight=496.29050999879837 20.32395613193512 11.276034031063316 108.53878200799227 4.4774753525853148 159.91804788261652 126.87445251271129 50.790060438215733 300.61895111203194 11.164223227649925 22.005649723112583 22.890918798744678 85.342729903757572 70.225063879042864 27.270092558115721 50.602786153554916 42.176087412983179 29.948977202177048 38.215931929647923 103.58931777253747 16.677911400794983 39.491456031799316 4.293039575219157 7.0166092850267878 115.8201202750206 9.4095762148499507 26.098385225981474 13.636291697621344 9.9930023029446584 105.6630046069622 8.7442082501947862 42.80610928311944 11.631471738219259 56.390446376055479 33.08941887319088 305.97584514319897 4.9455228447914115 5.2676916047930709 6.8503942787647238 32.112134896218777 25.323203347623348 33.160319197922945 4.9320000037550917 72.047601398080587 5.6400460489094284 18.620992541313171 29.70636884495616 153.3865151964128 65.199509732425213 29.857012912631035 7.1011153683066359 37.839887779206038 187.13626627251506 64.131099611520767 53.45665554702282 65.120569460093975 26.343909353017807 6.0092175081372252 30.963643554598093 251.91182259097695 29.232527203857899 6.1711189448833492 17.122238028794527
leaf_count=12230 256 135 851 100 2605 1412 792 2765 163 344 400 1211 765 321 823 865 346 540 894 334 587 58 80 1773 112 407 141 82 1412 105 465 145 703 387 6246 47 45 69 543 266 449 54 965 71 222 335 3061 1205 320 76 328 4089 525 390 448 188 93 349 4113 365 70 183
internal_value=3.3408e-05 -0.00899238 0.00991828 -0.0132142 0.000117178 0.0152028 0.0028497 0.0128576 0.00385679 0.0086521 -0.00954531 -0.00146018 0.0158678 0.0104091 -0.00680229 -0.0187868 0.0059743 0.014121 0.0177771 -0.00116146 0.00881687 0.0265671 0.037145 0.0049406 0.00692228 0.00440791 0.0258577 0.00475399 -0.00465395 0.0129428 0.0228283 0.0131896 0.01848 0.00478331 -0.0111925 0.026463 0.0363824 0.014221 -0.0125047 0.044581 0.00440325 -0.00543988 0.0121805 0.022338 0.0369832 0.00303568 -0.00432308 0.0037362 0.00949959 0.0206686 0.00242302 -0.0183967 0.025579 0.0404323 0.0149048 0.023036 -0.00208702 0.0289517 -0.00652907 -0.00788661 0.0101092 0.02191
internal_weight=3858.87 2017.32 1841.55 1376.93 640.395 1050.46 791.086 878.251 480.477 307.267 838.459 506.403 636.879 284.683 646.846 538.467 204.934 233.893 566.654 285.867 169.99 63.9029 36.6329 265.027 243.021 219.975 23.0459 241.372 173.21 119.592 51.5503 131.774 92.283 67.547 360.979 172.209 63.6699 398.934 338.088 29.6162 68.0413 38.0923 98.146 80.6515 24.261 231.379 235.264 81.8774 104.504 36.8075 67.6969 191.614 167.72 58.4022 392.083 91.4645 121.829 42.2397 301.468 281.144 56.3828 23.2934
internal_count=59724 39035 20689 29896 9139 9540 11149 8207 6534 4319 16801 7364 5654 3785 12612 13095 2630 2993 4889 5423 2268 725 404 3835 3491 3238 253 2553 2215 1419 570 1728 1141 803 7189 1333 482 3470 6789 324 849 503 1372 996 293 2471 4600 1539 1059 411 648 4189 1419 437 3401 636 1866 484 4734 4478 640 253
is_linear=0
shrinkage=0.03


Tree=29
num_leaves=63
num_cat=0
split_feature=3 24 6 4 32 14 32 32 14 3 14 3 8 25 17 14 17 14 23 8 24 29 24 25 6 7 14 4 16 13 7 8 9 14 23 10 10 7 16 10 12 4 17 14 24 8 7 6 7 1 25 9 10 17 14 12 22 16 17 22 22 12
split_gain=349.643 84.7008 69.4869 38.393 33.8222 33.6899 39.6067 30.7796 26.125 24.5447 24.0009 19.7807 18.518 15.1412 15.6178 14.6227 14.1484 13.4967 14.5652 12.382 12.6671 11.7059 11.6738 11.4939 11.2292 11.0174 10.9155 12.1511 10.2486 10.0526 10.0283 9.36983 9.24389 9.11855 10.6811 9.09093 8.89795 8.67115 16.3105 11.7266 8.61999 8.56927 9.32116 8.28063 10.162 8.23097 8.01967 7.94322 7.84784 7.6223 7.58885 8.21099 11.5303 7.50172 7.29098 8.91055 7.05338 6.87975 6.84465 8.69981 8.90285 6.79066
threshold=0.14172088354825976 0.72805076837539684 -0.41294224560260767 -0.097492337226867662 8.5000000000000018 0.4133910089731217 11.500000000000002 13.500000000000002 -2.6278655529022212 1.5103702545166018 0.28889839351177221 1.3360965847969057 -0.30845902860164637 1.5729056596755984 0.53844395279884349 -1.8591957092285154 0.37150834500789648 -0.21979010105133054 0.42008206248283392 -0.26163959503173823 -0.61520540714263905 0.55050507187843334 0.23788035660982135 0.75996875762939464 -0.34253501892089838 -0.77594074606895436 1.8082212805747988 -0.46991141140460962 0.57941630482673656 1.0250232219696047 1.4981490373611452 0.31552396714687353 1.5080313682556155 -1.2571579217910764 -1.236350893974304 0.82499328255653392 -0.065044026821851716 0.62437486648559581 0.3150652945041657 -0.96095046401023854 -0.4087477028369903 0.46180415153503424 0.60162565112113964 0.35931798815727239 1.1493052244186404 0.22207754105329516 -0.74332183599472035 1.3863200545310976 -0.87310016155242909 1.2667402029037478 2.5383567810058598 -1.3774027824401853 -0.86692464351654042 1.53573215007782 0.28889839351177221 0.81706321239471447 0.47094741463661199 0.68931186199188244 -0.67880892753601063 0.8414762318134309 0.46152074635028845 -0.74499130249023426
decision_type=2 2 2 2 2 2 2 2 2 2 2 2 2 2 2 2 2 2 2 2 2 2 2 2 2 2 2 2 2 2 2 2 2 2 2 2 2 2 2 2 2 2 2 2 2 2 2 2 2 2 2 2 2 2 2 2 2 2 2 2 2 2
left_child=2 7 16 -4 49 6 12 10 -6 13 19 17 -5 14 29 31 33 41 30 57 -21 61 56 43 -12 -14 27 -11 -25 32 -19 -8 36 34 -1 -23 40 -26 -39 -40 -10 -9 -43 44 -24 47 -16 -38 -42 -3 51 -27 -53 -33 55 -15 -17 -2 -13 60 -60 -22
right_child=1 4 3 5 8 -7 15 11 9 26 24 58 25 54 46 22 -18 18 -20 20 21 35 23 28 37 50 -28 -29 -30 -31 -32 53 -34 -35 -36 -37 45 38 39 -41 48 42 -44 -45 -46 -47 -48 -49 -50 -51 -52 52 -54 -55 -56 -57 -58 -59 59 -61 -62 -63
leaf_value=-0.018918752718362367 -0.0011614309440216286 0.041308772288547457 -0.016644379936722787 -0.0015778946942133151 0.032203731158457927 -0.01328897469911201 -0.005803742540145776 -0.00026338354786823413 -0.0022537461066691002 -0.0027918199088349297 -0.010455850181425013 -0.010164929437044305 0.00083261030621846336 -0.0031515155194817251 -0.0012504956207177701 -0.0061728471366561963 -0.0035898399679077831 -0.013650800591090223 -0.00090755129969617102 0.0048948127748791896 -0.010315501980479902 0.050424384617870098 -0.001308464693737217 -0.018496737640589518 4.1679951486715814e-06 -0.0024464829820814498 -0.001090999768904049 0.020465983231895489 0.0047003815700172018 -0.013518293249922146 0.0094863003671227138 0.027023780144807337 0.033210326380378817 -0.020111331233021962 0.0072144769077446365 0.0034978201049221621 -0.0081416313417602571 -0.0062485729604362548 -0.0079287674150963407 0.039846355209923766 -0.0088959176397490659 0.031264812263095118 -0.0041740247489400958 0.022427049409195095 0.016605711759088707 0.0088722033768251843 0.015893021136271151 0.011306099860942814 0.01605524839612792 -0.00047329554325559111 -0.0056298347093944193 0.0011131653536928224 0.043774207697354177 -0.0054000296425695937 -0.012107559860087649 0.017430218203469742 -0.020728657923563178 0.019551647220123928 0.0094805875727589119 0.024107408369989456 -0.012491154385076463 0.020492082357859952
leaf_weight=22.160827718675137 39.676260408014059 40.021504461765289 202.39792194589972 28.369838219136 51.215839169919491 179.69004805013537 14.429309751838444 87.346465360373259 36.327975392341614 20.423595875501633 48.334283728152514 12.989435400813816 12.444550476968287 58.750464823096991 26.020718056708574 134.26343670859933 61.098962631076574 228.120770085603 183.52387903258204 23.976601079106331 4.7969028167426613 25.127629678696398 172.57723297923803 42.731330845504999 73.291464164853096 4.2621983774006358 25.729685932397842 305.71300388127565 24.099860217422247 19.475272830575705 14.737156875431536 26.578399263322353 6.5062839873135081 568.26510489732027 25.156386826187372 5.1307096518576136 88.296089615672827 14.759232521057127 3.9613185971975353 17.7525265365839 9.3499286584556085 13.38807959482074 8.8314943239092809 13.914487812668083 29.003003258258104 63.274530321359634 290.51705231890082 19.079723097383976 118.26976347342134 4.1821234300732604 3.1172516085207453 6.8425256796181193 39.56928389146924 6.2067980803549281 36.94867017865181 22.155499316751957 36.830610807985067 17.230530567467213 77.570785563439131 25.637902736663818 16.199589163064957 26.762877658009529
leaf_count=567 535 319 4127 438 388 3445 218 1306 394 194 879 189 183 618 283 2836 1172 4177 2732 340 55 279 2805 630 1038 53 218 2201 319 212 259 328 75 13937 492 55 1042 209 50 208 124 160 94 246 349 669 2679 185 1317 30 33 90 501 65 452 227 763 186 952 313 207 293
internal_value=7.94036e-05 0.00787535 -0.0103361 -0.00517641 0.0130452 -0.00209368 0.00136848 0.00121565 0.0119822 0.0109433 0.00910325 -0.00237553 0.0186503 0.00793827 0.00965504 -0.00204943 -0.0176955 -0.00494189 -0.00733955 0.0177995 0.02474 0.0314949 -0.00374406 3.61723e-05 0.000948855 0.026817 0.0175263 0.0189894 -0.0103868 0.00527382 -0.0120837 0.0130249 0.00652655 -0.0190553 -0.00566327 0.0440918 0.00552635 0.0062076 0.0171698 0.0312779 0.0104075 0.00430184 0.0189998 0.00343086 0.00160853 0.000674129 0.0144862 -0.00433665 0.0139608 0.0377094 0.0322464 0.0348728 0.0382046 0.0209831 -0.00191674 0.00317109 -0.00980581 0.00618276 0.00781491 0.0101007 0.00524461 0.0150391
internal_weight=3865.41 2211.4 1654.01 977.328 1242.26 774.93 595.24 969.146 1198.05 1146.84 300.8 668.346 94.6056 794.972 677.117 500.634 676.681 535.948 426.382 142.702 85.7947 61.8181 453.42 282.326 158.099 66.2358 351.866 326.137 66.8312 360.58 242.858 47.2145 341.104 615.582 47.3172 30.2583 334.598 109.765 36.4731 21.7138 163.948 109.566 22.2196 215.495 201.58 170.65 316.538 107.376 127.62 44.2036 53.7913 50.674 46.4118 32.7852 117.855 80.906 171.094 56.9068 132.398 119.408 93.7704 31.5598
internal_count=59740 26143 33597 17429 11627 13302 9857 14516 11278 10890 4127 10389 1298 8277 6980 8559 16168 8728 7168 1743 1022 682 7948 4349 2384 860 2613 2395 949 4018 4436 611 3806 14996 1059 334 3731 1505 467 258 1835 1560 254 3400 3154 1896 2962 1227 1441 349 677 644 591 393 1297 845 3599 721 1661 1472 1159 348
is_linear=0
shrinkage=0.03


Tree=30
num_leaves=63
num_cat=0
split_feature=15 6 32 4 11 21 24 32 21 9 4 11 4 7 21 17 20 4 29 17 0 7 21 2 31 15 6 11 8 21 20 4 21 11 8 32 20 8 7 10 26 8 21 17 4 24 24 11 24 12 24 8 6 8 8 8 9 17 13 11 9 32
split_gain=334.101 97.276 44.0196 33.5149 26.7816 28.3895 23.6263 27.1653 18.7081 18.0307 17.6923 18.6212 17.5227 16.187 15.6404 14.7654 14.4015 13.7806 13.2109 12.838 12.3762 12.2889 12.2768 12.163 12.1436 12.1207 11.5253 13.0453 11.4638 10.6343 10.0828 9.10369 10.1112 8.66956 8.49963 8.44479 9.18502 8.34735 8.24752 13.5167 9.45701 8.18692 8.1378 8.56976 8.21668 8.0957 11.183 8.0709 8.02335 7.76697 7.62129 7.56944 7.51794 7.4564 7.42661 9.82268 8.141 8.11661 7.37346 7.3596 7.34814 7.35314
threshold=0.36215279996395117 -0.3289418071508407 13.500000000000002 -0.11035111173987387 0.036560259759426124 1.4334087371826174 1.1362311244010928 10.500000000000002 -0.59560349583625782 -0.29455792903900141 1.2038460373878481 0.024524024687707428 0.84936901926994335 -0.94820669293403614 2.0115945339202885 -0.28860287368297571 0.94490996003150951 0.77264773845672619 0.68990385532379161 -0.33201079070568079 0.94941943883895885 0.35869343578815466 1.4857981801033022 0.0089727467857301253 0.6428571641445161 -0.87416577339172352 1.4189823865890505 1.3354479670524599 -0.27428470551967615 -0.47950445115566248 -0.11604096367955206 -0.085485760122537599 0.67088699340820324 0.50191807746887218 1.7795041203498843 11.500000000000002 1.3237347602844241 1.0345758795738222 0.91336971521377575 -0.2159721031785011 0.46508356928825384 1.3506327271461489 -0.010693989694118498 1.8419355750083926 -0.45278035104274744 0.32332134246826177 0.47050340473651892 1.4253736734390261 1.368832588195801 -0.2092473357915878 -0.93204161524772633 0.34872379899024969 -0.068545993417501436 1.7060287594795229 0.53408616781234752 0.95482221245765697 0.4083890318870545 0.033197632059454925 0.38817144930362707 1.3026249408721926 0.87124556303024303 14.500000000000002
decision_type=2 2 2 2 2 2 2 2 2 2 2 2 2 2 2 2 2 2 2 2 2 2 2 2 2 2 2 2 2 2 2 2 2 2 2 2 2 2 2 2 2 2 2 2 2 2 2 2 2 2 2 2 2 2 2 2 2 2 2 2 2 2
left_child=1 12 8 -3 9 13 7 16 48 -4 11 14 25 59 52 45 28 26 38 -8 23 41 33 -19 -25 -1 27 42 -5 47 -30 32 -17 -21 -28 -31 -37 49 39 -11 -40 58 43 -15 -44 -10 -47 -27 51 -34 -29 -2 -9 -7 56 -56 -46 -57 -13 -6 61 -52
right_child=2 3 4 6 5 53 19 10 15 18 -12 21 -14 17 -16 31 -18 20 -20 22 -22 -23 -24 24 -26 29 34 50 30 35 -32 -33 37 -35 -36 36 -38 -39 40 -41 -42 -43 44 -45 54 46 -48 -49 -50 -51 60 -53 -54 -55 55 57 -58 -59 -60 -61 -62 -63
leaf_value=-0.022197741988669549 -0.013010191044080311 -0.012386174713570355 -0.011307688463272913 -0.0063791492857266383 -0.012097255028037849 0.026039495710926421 -0.0070935853246497866 -0.021354577147894013 -0.012332473763858804 0.014698720200600016 0.011676094753275591 -0.0094793301615420135 0.0011404680883758292 -0.007302896790133382 0.024236848652320189 -0.0049390402714719331 0.036590685050750103 0.019254157749977203 -0.0063325918774713597 0.00026159458719478968 0.02679964814026101 0.0086860884495936902 0.041074441460048926 -0.0089338282569101923 0.021577191370178619 -0.020565504440368709 0.016382007823269693 0.039744534943257429 0.034266914191178943 0.002398725142222348 0.0028933247810782542 0.021239963487980056 -0.0048244274454768941 0.018955059170512021 -0.013176972083666831 -0.013683783963683529 0.0067677962497726387 -0.013129343391351514 0.027754154647006028 -0.0046043079005579747 0.0011691859426565011 0.015322998886200197 -0.0099426055823385838 0.018514339138471468 -0.0032178044694993048 0.039581249242425391 0.0024609193744507692 -0.00015539674923938269 0.021806250597515262 0.032097964227634029 0.032092114187282091 0.0081491807718674699 -0.0090123962832048352 -0.0098260454235666091 0.024919049943307129 0.017743855343573738 0.0089311094877904101 -0.0064058985037372682 0.0040765965456739939 0.0051898962761332034 -0.0077677222895896009 0.0087232829149375881
leaf_weight=292.75972469896078 31.731242578476667 243.40147126093507 102.75023505464196 30.046333450824022 51.060815244913101 85.77427564561367 22.650931764394045 54.656733423471451 16.2933687902987 51.285909064114094 55.068808570504189 133.44451204314828 49.368436641991138 110.01076985895634 6.8844508901238433 28.284340750426054 15.008236959576605 46.367907024919987 82.562114253640175 37.839613977819681 57.020139113068581 95.280229479074478 11.471914343535898 40.984585270285606 10.778958283364771 214.14522320404649 111.78593048453331 4.6997668817639342 12.716978278011082 40.955342583358288 21.364517208188772 397.78224417939782 5.0319472923874917 49.973004899919033 5.8192155025899401 227.51132014393806 18.642369374632835 3.0943530201911917 28.0107257142663 73.687337327748537 19.678251195698977 12.983499277383087 28.116012517362833 8.0766032822430116 99.03898461535573 4.2879674434661856 37.882034610956907 19.027534790337086 7.7332703210413447 18.683123324066401 11.589352075010536 21.584535088390112 259.11645029112697 3.0618626400828353 32.46056317910552 15.794085178524254 90.810290817171335 27.077706977725029 45.623058617115021 32.94108958542347 14.049036499112843 73.655584465712309
leaf_count=7542 414 4729 1326 484 739 636 339 1212 230 684 706 2342 826 1543 116 345 199 465 1032 492 442 1502 104 375 94 5122 919 61 196 849 297 3473 60 560 54 5165 397 31 323 974 229 240 365 99 1067 54 430 379 82 176 118 280 4994 25 347 187 941 283 744 416 149 757
internal_value=5.6112e-05 -0.00857998 0.00905002 -0.00267444 0.00599624 0.00859396 0.000116608 -0.00191691 0.015974 -0.00099961 -0.00392817 -0.00542524 -0.0161049 0.00685986 -0.0103367 0.0178308 0.0141668 0.00819319 0.00328783 0.0120822 0.0161148 0.000138927 0.0165873 0.00890798 -0.0012394 -0.0171526 0.00614044 0.00412561 0.00665176 -0.0141295 0.0174862 0.0196477 0.00734045 0.0113478 0.0144417 -0.0099668 -0.012031 0.0190355 0.00793679 0.00357789 0.0179362 -0.00421429 0.00165907 -0.00485677 0.00431991 0.0033178 0.0100309 -0.0189382 0.000248703 0.0247877 0.0133592 -0.00447972 -0.0114635 0.0243456 0.00598811 0.0136553 0.00267343 0.00341497 -0.00600862 -0.00540743 0.0102648 0.0135024
internal_weight=3861.28 1969.94 1891.34 1107.53 1318.95 960.974 864.129 742.194 572.388 357.975 663.058 607.989 862.41 872.137 320.658 511.339 79.1361 788.135 255.224 121.935 155.152 287.331 99.2845 98.1315 51.7635 813.042 632.984 515.379 64.1278 520.282 34.0815 452.876 55.0938 87.8126 117.605 287.109 246.154 26.8094 172.662 124.973 47.689 192.051 411.385 118.087 293.298 58.4634 42.17 233.173 61.049 23.7151 103.994 53.3158 313.773 88.8361 265.182 75.3324 189.849 42.8718 179.068 84.0019 99.294 85.2449
internal_count=59761 39536 20225 19256 14650 10082 14527 13032 5575 4568 11856 11150 20280 9421 6322 4799 1176 8266 3242 1495 1376 4828 1156 934 469 19454 6890 5917 977 11912 493 4085 612 1052 973 6411 5562 267 2210 1658 552 3326 4832 1642 3190 714 484 5501 776 236 1085 694 6206 661 2825 817 2008 470 3086 1155 1024 875
is_linear=0
shrinkage=0.03


Tree=31
num_leaves=63
num_cat=0
split_feature=15 3 3 14 6 4 4 11 5 21 15 11 17 24 21 14 10 32 8 11 23 25 6 26 0 15 7 26 7 22 5 22 29 15 21 11 11 9 9 8 24 16 26 20 4 22 14 17 6 32 11 25 31 21 25 9 7 26 17 23 10 25
split_gain=338.383 81.6674 52.5955 33.4982 32.3277 25.9294 24.2367 23.6053 19.6508 19.2284 15.921 14.7046 14.6825 17.9004 14.0678 13.9791 13.376 12.9608 13.4033 12.918 12.8416 12.2416 16.9511 14.5036 13.882 12.0909 12.0278 11.832 11.7976 12.5769 11.6332 11.4911 11.016 10.2961 10.2378 12.9239 9.70476 19.2612 12.1047 9.46737 9.61316 9.45068 9.25812 9.21659 9.11903 9.01998 8.98874 8.96107 8.8864 8.49019 9.36339 8.5716 8.13142 11.1463 8.1294 8.62608 8.11586 8.98277 8.07626 7.97578 8.37708 8.17036
threshold=0.087022006511688246 -0.056877726688981049 1.0756298303604128 -0.65232509374618519 0.16466777026653293 -0.25772756338119501 0.82904285192489635 -1.0000000180025095e-35 0.038795599713921554 0.86723589897155773 1.1930564641952517 0.57219555974006664 0.29890263080596929 1.1362311244010928 -0.54266214370727528 0.45624482631683355 -0.55848985910415638 15.500000000000002 -0.47009916603565211 -1.1629440188407896 0.81915113329887401 1.1605503559112551 0.98397204279899608 -1.1639166474342344 0.80037239193916332 -0.70932689309120167 0.27986232936382299 0.67438921332359325 -0.58111324906349171 -0.24333950132131574 -0.20125912874937055 -0.52501311898231495 0.10555555671453477 -0.32174079120159144 0.83033457398414623 0.37184321880340582 -0.060633813962340348 0.63310286402702343 -0.66642004251480091 1.6349026560783388 0.91510096192359935 -0.26814696192741388 0.50024449825286876 1.0481646060943606 -0.45278035104274744 0.71140584349632274 0.33340992033481603 -0.88437581062316883 -0.41294224560260767 17.500000000000004 -0.70762169361114491 2.9170048236846928 0.78571429848670971 0.072545457631349577 0.66088703274726879 0.5314791500568391 -0.48710039258003229 -0.55442753434181202 1.1437456011772158 -0.39517264068126673 1.5118504166603091 -0.53351306915283192
decision_type=2 2 2 2 2 2 2 2 2 2 2 2 2 2 2 2 2 2 2 2 2 2 2 2 2 2 2 2 2 2 2 2 2 2 2 2 2 2 2 2 2 2 2 2 2 2 2 2 2 2 2 2 2 2 2 2 2 2 2 2 2 2
left_child=1 7 3 5 8 -2 12 20 32 11 34 52 13 -4 39 26 -15 18 -11 -16 48 22 23 -21 27 -10 44 36 -12 -30 -25 -27 33 -3 -7 -36 -24 38 -38 40 -5 -32 -20 -37 -9 -13 -19 -43 -1 50 -14 59 -6 -54 55 -31 -40 -58 -56 -52 61 -61
right_child=2 4 6 14 9 10 -8 15 25 17 28 45 49 16 19 -17 -18 46 42 21 -22 -23 24 30 -26 31 -28 -29 29 54 41 -33 -34 -35 35 43 37 -39 56 -41 -42 47 -44 -45 -46 -47 -48 -49 -50 -51 51 -53 53 -55 58 -57 57 -59 -60 60 -62 -63
leaf_value=-0.023587765963021614 -0.009189437885042907 -0.011871105920891866 -0.0016387529026079561 -0.013451664787703115 -0.010970391524859627 0.003760757852174466 0.023333176015377474 -0.021804776467253019 -0.014566591209857779 0.0047762330788506651 0.0013376908911553935 0.0045413361337086578 -0.0037492401699861203 -0.0042025841429578215 -0.010114465293423882 -0.020314415794661287 0.021794772237983394 0.015964623536915024 0.049029745591075542 0.015032467696869502 0.0021212710939644045 -0.006841583724187565 0.0011165681401127574 -0.010824943846329463 0.031535266214295476 -0.011377829702953837 0.0037599698514042381 -0.0044710065425440024 0.003087703787171975 0.045057740583513473 0.018122100249797268 0.020244004706542189 -0.014381297373093651 0.020951733377110381 0.00627923121273463 0.039002643538298909 0.00082607914015864789 0.0010508925216741411 0.0030462773591696034 0.015934751412982385 0.0041021459475315599 -0.015355479665983662 0.010265187176331363 -0.00076631156250077598 -0.0066843032146710274 0.03222661643427123 -0.0087514356013960251 0.0021482994575420453 -0.014953766127810046 0.00053692450718618643 -0.0095013088134063318 -0.012782841098966916 -0.01264208238077923 0.021712642193437777 0.0033303628694153231 0.015286153679372565 0.009452935957644272 0.051652883599962139 0.027858667414627877 0.039534249057334873 -0.0045383755567679424 0.016935634011455508
leaf_weight=350.21037901937962 47.708269111812115 12.139040771871807 151.9675949960947 111.05734610185027 96.890725653618574 158.09120273217559 176.54782552272081 42.629658505320549 14.811667665839193 19.882028721272945 23.751126032322645 104.3484165482223 20.476666059345007 22.174962162971497 62.367686435580254 84.332409627735615 63.136361598968506 20.222012538462877 17.271752968430523 60.601143419742584 22.632526714354753 84.818735223263502 40.542918924242258 70.482319805771112 24.959681369364262 10.058707073330877 73.78124026581645 42.764982551336288 21.862132672220469 36.966442123055458 25.481536965817213 37.664208188652992 231.70300405845046 12.786746233701704 47.880337469279766 22.234224095940593 10.31299866735935 33.289295561611652 6.1729364171624175 10.166055448353289 34.4387630186975 23.849660366773605 11.726436257362364 6.260275922715663 183.32782842218876 7.1751760840415946 23.224580265581608 296.41727339103818 213.2178533822298 39.213273253291845 7.1793358735740176 5.5614195242524138 10.932945471256973 14.078617643564938 24.392314322292805 20.225128509104252 8.5662218704819661 22.541335470974449 22.382715426385403 13.566019020974634 13.179394520819185 347.69287865236402
leaf_count=9515 673 262 1720 1850 1567 2007 1300 1013 315 259 261 1422 213 170 921 1920 482 253 193 852 428 1070 459 1078 245 187 1503 461 207 299 383 685 4870 244 524 210 114 344 72 161 467 364 133 54 4006 92 340 4141 4870 369 95 49 186 221 202 158 85 230 179 133 107 2814
internal_value=0.000156942 -0.0103133 0.00764124 0.00403068 -0.00201404 0.0109289 0.0134594 -0.0157918 -0.00873363 0.00460213 0.0135141 -6.71358e-05 0.0107606 0.00459627 0.000916185 -0.00980776 0.0151787 0.0158042 0.0256592 0.0025055 -0.0195973 0.0036138 0.00498644 0.00192179 0.0124637 0.00597872 -0.00656687 0.00871826 0.0210806 0.0246137 -0.000142839 0.013132 -0.0123644 0.00565411 0.00834762 0.0170277 0.0133565 0.0190696 0.0303748 -0.00720589 -0.00929845 0.00215802 0.037169 0.0314552 -0.00994726 0.00762895 0.00321291 0.00062882 -0.0204807 0.0139467 0.0152144 0.0162524 -0.00713115 0.00709132 0.0287909 0.0366048 0.0374846 0.0429503 0.0166245 0.0168354 0.0174589 0.0183124
internal_weight=3876.33 1615.05 2261.28 1400.59 644.916 431.754 860.696 970.132 319.163 325.753 384.046 233.426 684.148 237.279 968.831 384.071 85.3113 92.3268 48.8802 813.169 586.061 750.801 665.982 476.832 189.15 62.5346 299.739 164.191 149.58 125.829 416.231 47.7229 256.629 24.9258 234.466 76.3748 121.426 80.8828 47.5935 155.662 145.496 345.748 28.9982 28.4945 225.957 111.524 43.4466 320.267 563.428 446.869 407.656 387.179 121.902 25.0116 103.967 57.1916 37.2805 31.1076 46.775 381.618 374.438 361.259
internal_count=60007 34484 25523 18071 11229 4774 7452 23255 6563 4666 4101 3488 6152 2372 13297 8442 652 1178 585 10819 14813 9898 8828 6818 2010 1187 6522 1765 1306 1045 5966 872 5376 506 2795 788 1304 845 501 2478 2317 4888 326 264 5019 1514 593 4505 14385 3780 3411 3198 1974 407 838 457 387 315 381 3149 3054 2947
is_linear=0
shrinkage=0.03


Tree=32
num_leaves=63
num_cat=0
split_feature=15 6 15 3 32 23 3 21 4 4 4 24 17 24 16 25 6 14 15 17 8 31 11 17 16 3 4 32 8 6 20 25 22 32 17 11 3 9 14 29 22 11 22 16 12 15 14 21 21 9 14 22 2 18 24 20 8 29 21 12 35 15
split_gain=324.408 72.3542 52.71 43.6755 26.0465 23.893 20.9663 17.5796 17.3163 16.8329 16.5126 16.2533 15.1493 13.4504 13.2377 18.2908 13.2597 12.9128 12.836 12.5518 12.2267 13.3698 12.725 11.8482 11.7417 14.0085 11.5609 10.8245 10.7644 10.6848 12.0625 10.5524 10.2849 10.0544 9.99806 9.73635 9.64058 9.49046 9.12348 8.81158 8.80633 8.73481 8.40738 8.37291 8.32704 8.22162 10.3357 8.21563 8.19533 8.15993 8.13661 8.14509 8.13212 8.05828 8.17522 8.01845 7.99751 7.88265 7.87569 10.0433 8.62803 7.83662
threshold=0.087022006511688246 -0.36978991329669947 0.7943515181541444 0.45097060501575476 12.500000000000002 0.21856738626956942 0.39892175793647772 1.0838567614555361 0.84936901926994335 1.2038460373878481 -0.45278035104274744 -0.37792298197746271 -0.035905038937926285 1.2289209961891177 1.2753466963768008 -0.039128061383962624 1.0052202939987185 -1.8591957092285154 0.67667275667190563 0.16906858980655673 0.71311047673225414 -1.0000000180025095e-35 0.036560259759426124 0.38953115046024328 0.29413552582263952 1.5333920121192934 1.0970341563224795 14.500000000000002 -1.3589149713516233 -0.25670668482780451 0.2029594033956528 1.2899801135063174 -1.2251256108283994 11.500000000000002 0.65851092338562023 0.20119599997997287 0.36374594271183019 0.64972636103630077 -1.5160347819328306 0.37980769574642187 1.0977837443351748 -1.0325360894203184 -2.2338159084320064 0.90144747495651256 1.2274254560470583 -0.66536393761634816 1.0000000180025095e-35 -0.54266214370727528 -0.032316787168383591 -0.31017819046974177 0.25006461143493658 0.028886667452752594 1.2661823034286501 -0.67043328285217274 0.74730706214904796 -0.17245735973119733 -0.79547506570816029 0.23303167521953586 0.83033457398414623 -0.18481257557868955 1.0000000180025095e-35 0.94465690851211559
decision_type=2 2 2 2 2 2 2 2 2 2 2 2 2 2 2 2 2 2 2 2 2 2 2 2 2 2 2 2 2 2 2 2 2 2 2 2 2 2 2 2 2 2 2 2 2 2 2 2 2 2 2 2 2 2 2 2 2 2 2 2 2 2
left_child=1 8 6 10 20 -6 27 14 23 19 -3 -12 53 26 15 16 34 -17 28 -8 22 -22 -4 41 -18 32 43 37 -11 50 39 -15 -26 48 -7 -14 -24 58 -28 -31 44 -1 -35 -13 -38 -25 -47 -19 -5 -32 51 -21 -49 -9 -55 -16 -50 -51 59 -2 -61 -23
right_child=2 3 4 33 5 7 9 12 -10 18 11 13 35 31 55 17 24 47 -20 29 21 61 36 45 25 -27 38 -29 -30 30 49 -33 -34 42 -36 -37 40 -39 -40 -41 -42 -43 -44 -45 -46 46 -48 52 56 57 -52 -53 -54 54 -56 -57 -58 -59 -60 60 -62 -63
leaf_value=-0.024828114870685199 -0.010641654435530709 -0.019500296044881873 0.0013366521830498932 -0.00049144763157005764 -0.0085500379088737019 -0.0028425447391097198 -0.0010399527622113039 -0.0064435863807450365 0.0015924299563994284 -0.010976279336415441 0.02713108259841315 -0.010535585512771489 0.0059018962680927487 0.026150485632752886 -0.0069697491320085923 0.016027947397912013 -0.0034808268254255133 -0.010220317892990211 -0.0038092393056847551 0.020872739368041283 0.03818238613526085 -0.0094172380570311694 0.0021336840718276804 -0.019404203594379093 -0.0053999873423415451 0.003337116316503322 0.036702882763806351 -0.0066819449255338904 0.031138226087501632 -0.010160795287051988 0.0031387084124922101 -0.0053063294098642296 0.045057523841665517 0.030165644279583591 0.015706922666795197 0.018491887245072797 0.026115472829610947 -0.0078255605673918233 2.8824405446376839e-06 0.0090167548600013914 -0.0044656351121547854 -0.016526627671428741 0.0016546411630874087 0.016396339938096877 -0.0060072206447819524 0.019446335000382772 -0.0088951191213191075 0.0011255683869652439 -0.0018001828585452418 0.033820125843814844 -0.0156599930582275 -0.012902956515169336 0.017534296172038711 0.0046088586283016602 0.049226118266783997 0.026043106523881004 0.033114089345593532 0.013956593251266395 0.020620145333948781 0.019342401493480994 -0.0017746180133218264 0.019118657451612359
leaf_weight=198.63031410053372 28.661740034818649 103.38834253698587 50.847477521747351 14.990843817591665 61.473098140209913 44.879453282803297 232.91743655130267 2.184398606419566 41.662994083017111 3.6694440245628348 7.9172841086983672 397.82742081955075 96.551097229123116 14.053715508431198 5.5588497444987288 53.573118008673191 9.2586351409554464 47.092273820191622 14.239210858941076 11.483474113047125 51.825804825872183 7.9261598177254191 27.345784217119217 15.484182324260471 2.9322747141122774 13.135978177189825 2.9701159745454815 254.24059129878879 43.511414263397455 30.861349266022444 36.382041599601507 16.550820112228394 30.91542419791222 4.754966899752616 53.557222068309784 148.57525424659252 110.12066591903567 46.67686078697443 25.93455696105957 49.256007473915815 8.8712926432490331 450.48486121743917 225.0912685804069 6.3710417523980132 5.960346318781375 15.66344655305147 21.779368072748184 313.60018683224916 6.874301444739106 25.817880254238844 22.867952190339565 6.2850413024425498 24.862935844808817 5.7047292329371002 18.478794492781162 42.437327869236469 22.681942585855722 82.849779114127159 26.127875279635191 31.67011808976531 31.694932494312525 32.464145008474588
leaf_count=5476 445 2378 456 211 869 553 3104 20 726 36 177 8484 886 196 51 470 88 613 130 155 410 79 308 355 26 93 40 4183 420 371 413 269 271 66 591 1017 811 711 398 580 61 11166 3191 116 45 307 468 3117 82 266 367 85 205 65 167 310 263 895 354 464 496 262
internal_value=0.000123543 -0.0102162 0.00745317 -0.00419444 0.0114741 0.00902706 0.0022058 0.0102503 -0.01702 0.00598044 -0.00886911 -0.00635845 0.0166298 -0.00721357 0.00744391 0.00610033 0.0148065 0.0029015 0.0202065 0.00404525 0.0192654 0.0284344 0.0145202 -0.018128 0.0259023 0.0314704 -0.00859378 -0.0028505 0.0271249 0.00843822 0.0109619 0.0107826 0.0405539 0.00558512 0.00752121 0.01375 0.0187393 0.00308195 0.00863053 0.0014666 0.0221516 -0.0192373 0.00287415 -0.00991592 0.0242861 -0.00403709 0.00385513 0.00089573 0.0178711 0.0159829 -0.00521441 0.00871576 0.00256864 0.0369426 0.0412941 0.0219228 0.0259081 0.019956 0.00753372 0.00294715 0.00942248 0.0130983
internal_weight=3842.46 1593.11 2249.35 849.407 1270.13 974.771 979.213 913.298 743.705 560.141 575.013 471.625 271.494 463.708 641.804 593.808 154.679 439.129 61.4201 498.721 295.362 92.2161 203.146 702.042 56.2423 46.9837 433.103 419.072 47.1809 265.804 225.167 30.6045 33.8477 274.393 98.4367 245.126 152.298 164.832 28.9047 80.1174 124.952 649.115 229.846 404.198 116.081 52.927 37.4428 385.555 44.5471 145.05 40.6365 17.7685 338.463 26.3679 24.1835 47.9962 29.5562 108.668 118.155 92.0268 63.3651 40.3903
internal_count=59688 34369 25319 15871 11844 9412 13475 8543 18498 6822 12058 9680 2155 9503 6388 6027 1622 4405 586 6236 2432 751 1681 17772 478 390 9038 6653 456 3132 2525 465 297 3813 1144 1903 1225 2470 438 951 917 16642 3257 8600 856 1130 775 3935 556 1574 607 240 3322 252 232 361 345 1161 1759 1405 960 341
is_linear=0
shrinkage=0.03


Tree=33
num_leaves=63
num_cat=0
split_feature=15 23 24 4 32 14 17 16 7 11 7 6 7 4 1 11 20 8 20 4 25 15 8 15 15 20 23 20 32 12 5 20 21 20 26 8 11 32 8 32 24 25 14 28 13 8 25 24 20 32 11 1 21 15 10 26 5 12 17 24 11 5
split_gain=310.9 68.5012 51.7953 32.2119 30.2555 23.6934 22.486 19.3521 22.484 18.2172 20.4803 17.8816 17.7908 16.8071 14.717 13.4473 13.2319 12.8428 12.742 11.7912 11.0951 17.1872 11.0919 10.8923 10.8441 10.9493 10.6116 10.5116 10.1259 10.0967 9.98759 9.83005 9.55608 9.0893 9.0766 10.2937 8.95257 8.932 8.84487 8.66095 8.48387 21.3023 14.1846 9.86087 10.6732 8.37934 10.4272 14.6672 9.23428 8.26983 10.677 8.2219 8.18716 8.09557 13.1751 8.06502 7.98952 8.19731 8.21837 7.91613 7.89447 11.1779
threshold=0.045292682945728309 0.33359599113464361 1.1362311244010928 0.47716286778450018 12.500000000000002 -0.3753096312284469 0.16906858980655673 0.68423041701316845 -0.58111324906349171 0.29213689267635351 0.53186443448066723 -0.45703840255737299 0.72583124041557323 0.58387064933776867 0.94488006830215465 1.5019896626472475 0.74497026205062877 0.27094881236553198 -0.23947571218013761 0.94409903883934032 0.14320220798254016 1.1930564641952517 -0.17989873141050336 0.36215279996395117 -0.099351532757282243 0.68330061435699474 0.95968887209892284 -0.58754682540893544 8.5000000000000018 -0.63431221246719349 -0.50907158851623524 -0.19316029548645017 1.0545833110809328 -0.18348116427659986 -0.83952859044075001 0.89567261934280407 0.6794613003730775 14.500000000000002 -0.39671568572521204 10.500000000000002 1.0612226724624636 0.66088703274726879 0.70641824603080761 0.5000000149011613 0.57540631294250499 -0.96630293130874623 -0.10857466980814932 0.27726155519485479 0.80165413022041332 12.500000000000002 -0.53484097123146046 0.87291407585144054 0.12327340617775918 0.68852630257606517 0.42868047952651983 -1.1852415800094602 0.40654170513153082 0.92295584082603466 -0.31620675325393671 -0.079476308077573762 1.6002532839775088 -0.11842333897948264
decision_type=2 2 2 2 2 2 2 2 2 2 2 2 2 2 2 2 2 2 2 2 2 2 2 2 2 2 2 2 2 2 2 2 2 2 2 2 2 2 2 2 2 2 2 2 2 2 2 2 2 2 2 2 2 2 2 2 2 2 2 2 2 2
left_child=1 3 4 11 12 18 9 8 -4 14 17 36 28 15 32 45 26 59 -3 40 21 31 -13 -9 -24 33 -14 -12 -2 -20 -5 -10 -6 -26 35 -30 -1 -32 -18 -25 51 42 43 -42 56 46 47 -8 -47 -31 -51 -7 -23 -19 -55 -50 57 58 -45 -11 61 -41
right_child=2 5 7 30 6 19 13 23 20 10 27 22 16 -15 -16 -17 38 53 29 -21 -22 52 24 39 25 -27 -28 -29 34 49 37 -33 -34 -35 -36 -37 -38 -39 -40 60 41 -43 -44 44 -46 48 -48 -49 55 50 -52 -53 -54 54 -56 -57 -58 -59 -60 -61 -62 -63
leaf_value=-0.021566188922582791 0.019563649425983973 -0.0037393619959929431 -0.010274109179712748 -0.013062111982352211 -0.013180807889890128 -0.010646032093184699 -0.0071206684284779538 -0.0058669408160820814 0.025551789555404551 -0.021778801636946652 -0.010628946531551216 -0.015999260173880387 -0.00025001695621263483 0.015511179977689235 0.014366604827120792 0.018796093172915529 0.01123115909336779 -0.0005466264131617684 0.0029593218697202867 0.011568734328396094 0.0050328157677421246 0.00052943615948379118 -0.011663603396234108 0.030232079837922966 0.012078905467476754 0.024445734966883931 0.029631358553324678 0.019203078866570952 0.0060830433574022577 0.041742831777059043 0.02012764777625594 0.0014484763643739271 -0.00082581777421254353 -0.0092921344908179857 0.00089379807780523861 0.036601617039456261 -0.0097230058953587835 -0.0006970027914492674 0.039802195146794665 0.0034905925529602625 0.0029276593564424897 -0.018328193066641952 -0.010490908090974723 0.003562704985597907 -0.0047958973794212639 -0.0043433293819761182 0.00087867866173056035 0.030383433116101349 0.023300845921376847 -0.012390401673644566 0.021347874542298594 0.0090416887871695752 0.036804702846914991 0.00036640917037954505 0.037221911526742063 0.0022691448202044311 -0.0046716707009214131 -0.0016337513136097355 0.066505435865274215 -0.0037258048351169939 0.0042269455390238605 0.020118714333056228
leaf_weight=450.84388760477304 43.787678707391024 37.55043413490057 49.243285749107599 24.252875510603189 192.67378808185458 227.49998426064849 10.910293366760014 15.106391925364731 16.040129695087671 22.244796477258205 9.1185698062181455 223.99596341699362 35.690970107913017 120.8871118016541 20.659958694130182 39.632532861083746 19.686522152274847 45.409743431955576 32.614094007760286 31.599384021013975 136.83845604583621 6.6444194838404647 124.1883872076869 51.94330171123147 21.295104332268238 11.16841212287545 10.222940705716608 69.760426718741655 38.893257677555084 13.898639872670172 25.610403146594763 57.562027093023062 79.783576220273972 51.92037109285593 171.80921541154385 9.7856536917388421 79.694137513637543 46.186273496598005 35.344624802470207 44.175313778221607 15.496216107159851 24.184418756514788 12.899636834859846 2.8474539630114988 4.024029452353715 222.03426406905055 62.095080200582743 27.450104955583811 15.331046540290115 7.5627404414117327 29.129273217171431 17.053079642355442 36.453274063766003 17.819807186722759 12.304127246141432 92.419592019170523 1.8875227719545353 2.1776178404688826 8.6577454581856781 127.36688018217683 46.084310155361891 290.74386704340577
leaf_count=12460 451 630 614 465 3181 4146 168 167 173 383 126 5137 397 1192 275 423 194 720 424 401 1332 56 2905 348 464 225 93 813 429 164 435 565 1094 1148 2027 116 1879 840 317 378 209 425 164 44 51 2925 686 291 176 116 353 272 255 225 160 1075 25 29 99 1678 330 2217
internal_value=0.000171164 -0.0103014 0.00712501 -0.0145116 0.00397504 -0.000742417 0.00163379 0.0135714 0.00752683 -0.00246277 0.00266623 -0.0161562 0.0114652 0.00576052 -0.00773813 0.003115 0.0219356 -0.00200583 0.010449 -0.00471512 0.011116 0.0177492 -0.0113962 0.017528 -0.00619392 0.00205801 0.00865977 0.0153264 0.00713276 0.0167012 0.00196274 0.00799256 -0.00964298 -0.00270146 0.00428499 0.0150559 -0.0198946 0.00755812 0.0313681 0.018402 -0.00649428 0.00241551 0.0136122 0.0226761 0.0345238 0.00147117 0.00883414 0.0201256 -0.000870096 0.0244972 0.013742 -0.00911952 0.0318485 0.00775947 0.0185758 0.00616218 0.0433814 0.0494864 0.0567259 -0.00702749 0.0164184 0.0180091
internal_weight=3832.2 1528.24 2303.96 1059.16 1553.12 469.082 1187.9 750.835 302.782 597.142 304.024 963.106 365.221 590.76 293.117 469.873 100.945 225.145 120.755 348.327 253.538 116.7 432.568 448.053 208.572 84.3839 45.9139 78.879 264.276 83.2047 96.0496 73.6022 272.457 73.2155 220.488 48.6789 530.538 71.7967 55.0311 432.947 316.728 72.1746 47.9902 35.0906 19.5944 430.24 100.455 38.3604 329.785 50.5907 36.692 244.553 43.0977 75.5337 30.1239 107.751 15.5703 13.6828 11.5052 149.612 381.003 334.919
internal_count=59560 33510 26050 25958 19615 7552 15591 6435 2995 8655 4105 24218 4024 6936 4550 5744 1001 3166 1687 5865 2381 1049 9879 3440 4742 1837 490 939 3023 1057 1740 738 4275 1612 2572 545 14339 1275 511 3273 5464 1046 621 457 248 5321 1145 459 4176 633 469 4418 311 1105 385 1251 197 172 143 2061 2925 2595
is_linear=0
shrinkage=0.03


Tree=34
num_leaves=63
num_cat=0
split_feature=23 4 21 11 14 4 5 23 21 11 6 17 4 4 14 17 1 17 11 5 17 23 1 25 26 18 21 10 25 26 20 19 23 20 18 9 18 23 16 30 6 17 26 16 9 31 21 22 4 18 6 9 19 22 11 11 5 14 11 13 20 1
split_gain=292.834 46.9426 46.7158 45.6445 35.6539 29.4636 25.1308 23.2675 22.5299 21.9928 19.9934 19.5915 18.0606 17.9198 17.6128 15.8565 15.1145 14.1099 13.6986 13.2384 12.557 12.039 11.9636 11.2488 10.5763 10.2482 10.9069 9.78222 10.3106 10.304 9.66056 9.87644 10.2572 9.06156 9.01298 11.2852 8.86623 8.84095 14.8788 9.46185 8.60329 8.26175 8.81658 7.96039 7.87963 7.76264 7.45733 7.4314 9.74137 8.14391 9.70794 8.35541 7.37737 7.26026 8.80509 9.65581 7.06026 6.93691 7.1145 7.24904 7.35823 8.103
threshold=0.24323514103889468 -0.063147414475679384 1.4086498618125918 0.049944764003157623 -1.716747462749481 1.2038460373878481 1.4602301716804507 1.244126617908478 -0.69328248500823964 1.0120458006858828 -0.55644655227661122 0.58624929189682018 2.1601321697235112 0.44770708680152899 0.42620393633842474 0.31026449799537664 -0.35750107467174524 -0.070818617939949022 -0.90915584564208973 -0.11842333897948264 0.74536478519439708 -0.19759795069694516 0.62152117490768444 -0.39220550656318659 0.6212579905986787 -1.0000000180025095e-35 0.91987240314483654 -0.020924362353980538 0.81143498420715343 -1.2863872051239011 -0.9661736488342284 1.320919454097748 1.2894251942634585 -0.36647388339042658 -0.25409944355487818 0.30178619921207434 -1.0000000180025095e-35 0.53466880321502697 0.73160982131958019 -3.0833333730697627 -0.34253501892089838 -0.40841364860534662 0.90322747826576244 0.72081202268600475 -0.25270046293735499 0.5000000149011613 -1.3601242303848264 0.45223119854927069 1.2930394411087038 -1.0000000180025095e-35 1.6292738914489748 -1.0389060378074644 1.0000000180025095e-35 -0.97211927175521839 1.547984302043915 1.3891112804412844 0.058730471879243858 0.80453974008560192 -1.3079199790954588 -2.0591615438461299 -1.0000000180025095e-35 0.56129035353660595
decision_type=2 2 2 2 2 2 2 2 2 2 2 2 2 2 2 2 2 2 2 2 2 2 2 2 2 2 2 2 2 2 2 2 2 2 2 2 2 2 2 2 2 2 2 2 2 2 2 2 2 2 2 2 2 2 2 2 2 2 2 2 2 2
left_child=3 11 4 5 30 10 7 9 13 20 -1 22 47 -5 23 25 -8 -18 -4 44 52 -15 -2 -10 -24 -12 -27 -22 29 -29 -3 32 -32 36 -25 -36 -19 39 -39 -11 -7 -20 -43 46 -13 -28 -41 48 49 51 -51 -9 57 -40 55 -55 -16 58 -6 -60 -61 -62
right_child=1 2 18 8 6 40 16 12 14 37 15 19 -14 21 56 -17 17 33 41 -21 27 -23 24 34 -26 26 45 28 -30 -31 31 -33 -34 -35 35 -37 -38 38 53 43 -42 42 -44 -45 -46 -47 -48 -49 -50 50 -52 -53 -54 54 -56 -57 -58 -59 59 60 61 -63
leaf_value=-0.021011995258853909 -0.012490885730411768 0.0040880747376743441 0.004411991750363351 -0.01380380755186943 -0.014394501417530943 -0.0076518249198198008 -0.012180020452300365 -0.006924385813683335 0.02110418025559235 -0.0080079803971093953 -0.017885115733595101 0.0087405403828607897 0.043189737765924364 0.022816360750566301 -0.011857658676486331 0.003768954475236912 -0.0046639724983355895 -0.014744301830117401 0.040251883551232756 0.014067861680625668 -0.00040736867683629152 -0.0146946901878222 0.0085761976484092662 -0.0031616605645352538 -0.012040831766087801 -0.011317913537082025 -0.0027492381360157505 -0.0075726134287867663 -0.0053860766603365815 0.017754705439563999 0.028525886666846061 -0.011029952510256935 0.0048703245599850111 0.034449138977871961 -0.00082972523406929586 0.021799972045754009 0.024884501068548375 0.0011697930969350569 0.034058727421790232 -0.0048699418998437334 0.020921454733059983 0.022647957600556431 0.0049630060506226275 -0.0018399535227529213 -0.013241271475654138 0.024909379285556373 0.032097901938672971 0.019725056856648136 -0.013548633136673746 -0.012817893593151263 0.017475390465124918 0.015083228071640455 -0.010746150698074407 0.0085645027212918664 -0.0026195365984394833 0.031018473734735021 0.0066701215759997542 -0.0084606073047638532 0.023322529621051413 -0.0042670929933722205 0.0017020023715825523 0.017114607896676768
leaf_weight=388.80413270741701 165.46581439301372 31.865789342671633 46.656256280839443 196.76649904251099 22.360041115432978 11.391868472099302 8.3096263334155065 14.860086183995007 35.638658810406923 7.6400848515331736 212.65631757676601 19.631105620414019 11.807233430445192 18.114715509116653 82.228372372686863 52.476249668747187 11.14425005763769 6.8537886962294579 22.368238005787134 75.012248650193214 134.20553462579846 7.442832686007022 56.567124344408512 87.682381067425013 30.230204660445452 139.60930589586496 24.151596143841743 13.872237272560595 26.252519991248846 101.71040754020214 105.61689279973507 4.6049454286694518 22.11830672994256 54.157064385712147 38.427849903702736 35.224572129547596 3.9623655118048173 193.04016033932567 11.059315469115971 4.1753185205161563 21.947560176253319 172.40177533775568 33.438413869589567 8.7537849098443967 32.785377956926823 8.9069046825170499 38.049879062920809 53.259297680109739 14.527583081275223 24.983119118958712 9.0811134055256826 116.16578736528754 74.096811436116695 64.594339948147535 30.138568416237831 22.185750149190426 19.984939523041248 88.055480178445578 8.1345508024096471 165.17997526749969 257.80082849040627 30.100544761866331
leaf_count=10660 2824 355 535 4475 364 200 94 141 606 106 4801 244 80 301 1591 824 128 70 249 813 1419 106 763 1611 426 3251 480 150 293 1037 923 36 181 448 691 637 39 2253 109 67 281 1339 263 100 402 177 504 451 110 267 82 989 1033 605 280 205 347 1286 128 2539 3510 333
internal_value=0.000357451 0.00658308 0.00835907 -0.0106643 0.00655853 -0.0148944 0.00517955 0.00426957 -0.00361396 0.00264864 -0.0160187 -0.00308011 0.0126652 -0.0107362 0.00176801 -0.011397 0.0206733 0.0247895 0.0197884 0.00634729 0.000133489 0.0112755 -0.0078731 0.00695872 0.00113087 -0.0134842 -0.00771332 0.00543218 0.0107833 0.014527 0.0196937 0.0231657 0.0247675 0.0298137 0.00329354 0.0106909 0.00305056 0.00867436 0.00652074 0.0190289 0.0114335 0.0227701 0.0199609 0.0234342 -0.00496438 0.00699627 0.0283139 0.0102423 0.00697242 0.00912343 -0.00353898 0.0124245 -0.00215597 0.0142446 0.0110504 0.0156821 -0.00809295 -0.000958954 0.000479644 0.00134739 0.000702596 0.00357806
internal_weight=3830.73 2449.28 2069.59 1381.45 1794.72 859.944 1630.52 1546.09 521.511 1301.41 826.605 379.692 244.684 222.324 299.187 437.8 84.4271 76.1175 274.865 127.429 921.769 25.5575 252.263 196.973 86.7973 385.324 172.668 276.041 141.835 115.583 164.206 132.34 127.735 64.9732 161.335 73.6524 10.8162 379.637 321.018 58.6191 33.3394 228.208 205.84 50.979 52.4165 33.0585 42.2252 232.877 179.618 165.09 34.0642 131.026 645.728 127.978 116.919 86.7801 102.213 571.631 483.576 461.216 453.081 287.901
internal_count=59612 28573 23101 31039 20715 20674 19220 18441 10365 16321 20193 5472 2120 4882 5483 9533 779 685 2386 1459 12092 407 4013 3545 1189 8709 3908 2899 1480 1187 1495 1140 1104 557 2939 1328 109 4229 3452 777 481 1851 1602 671 646 657 571 2040 1589 1479 349 1130 9193 1199 1090 810 1938 8160 6874 6510 6382 3843
is_linear=0
shrinkage=0.03


Tree=35
num_leaves=63
num_cat=0
split_feature=15 3 3 21 32 8 15 3 23 32 15 32 9 23 26 1 22 9 5 26 21 3 8 7 29 7 9 3 17 26 17 32 1 20 9 18 1 8 7 12 5 3 26 22 20 27 3 27 20 22 10 15 26 4 18 5 7 10 4 26 23 9
split_gain=273.227 82.059 44.3045 31.462 23.9469 21.0037 20.2142 18.4912 18.951 16.954 15.545 13.9838 13.6289 13.3862 13.1634 12.2574 12.1184 11.3968 11.3103 11.2491 11.2224 11.2072 10.8551 10.6338 10.5286 10.376 15.4494 10.2721 10.0289 9.98081 9.85059 9.29493 9.16607 9.30357 9.18857 8.76429 10.987 10.998 9.0269 9.77487 8.62169 8.54555 8.51315 8.50879 8.45033 8.31056 8.27569 8.74332 8.16143 10.5326 8.81643 8.00427 7.9538 7.8463 7.77423 8.25699 9.51598 9.86089 7.66268 7.63564 9.08558 7.50468
threshold=0.31027793884277349 -0.1161692328751087 1.0756298303604128 0.40454058349132543 12.500000000000002 0.63392513990402233 -0.87416577339172352 0.83848851919174205 0.24323514103889468 14.500000000000002 1.1930564641952517 13.500000000000002 -1.6554731130599973 0.37889650464057928 -0.71357065439224232 0.88508117198944103 -0.24333950132131574 -0.19411889463663098 0.14372578263282779 -2.2638347148895259 -1.6936467885971067 1.3360965847969057 -0.10755961015820502 -0.80568778514862049 0.41421568393707281 0.25091361999511724 1.0005955696105959 1.0000000180025095e-35 0.38953115046024328 0.63271719217300426 -0.44727680087089533 15.500000000000002 -0.017581360414624211 -0.60318332910537709 -2.0064330101013179 -0.34344336390495295 0.30069276690483099 -0.060095446184277528 0.27986232936382299 -0.63431221246719349 -0.39321604371070856 -1.0021914839744566 0.21580513566732409 1.4484056234359743 -1.4342114925384519 7.5000000000000009 0.23785658925771716 1.5000000000000002 0.082803223282098784 0.068942103534936919 1.2908724546432497 1.0549679398536684 1.0649988651275637 1.2038460373878481 0.61773911118507396 -0.65749633312225331 -0.30110234022140497 0.12236382439732553 -0.027378956787288185 1.2264904379844668 0.25508962571620947 1.1003385186195376
decision_type=2 2 2 2 2 2 2 2 2 2 2 2 2 2 2 2 2 2 2 2 2 2 2 2 2 2 2 2 2 2 2 2 2 2 2 2 2 2 2 2 2 2 2 2 2 2 2 2 2 2 2 2 2 2 2 2 2 2 2 2 2 2
left_child=1 6 4 12 5 27 -1 8 19 18 15 24 -3 28 17 22 -12 -9 30 -5 -14 53 46 -18 -8 -7 41 -2 -11 51 -4 -24 -15 -34 -35 36 37 -10 -37 -40 -13 -27 -23 59 -33 -44 47 -6 -46 50 -50 -17 -42 -22 55 -26 -57 -58 -39 60 -32 -19
right_child=2 3 9 7 10 25 11 14 35 13 16 40 20 32 -16 29 23 61 -20 -21 21 42 31 -25 54 26 -28 -29 -30 -31 43 44 33 34 -36 38 -38 58 39 -41 52 -43 45 -45 48 -47 -48 -49 49 -51 -52 -53 -54 -55 -56 56 57 -59 -60 -61 -62 -63
leaf_value=-0.020585786616223865 -0.0060405102577244848 -0.019124825019046904 -0.0080428470617325432 0.026971414140136929 0.0079140488003496962 0.011226518927229584 -0.011134922036603233 0.001470828175175052 -0.0077287157550508332 -0.019035061197686422 -0.0045339919360528457 -0.022226790467063561 0.014486258640959482 -0.0065012724443022805 0.0078042059842464906 0.025727735197774482 -0.0071742284121735994 0.042876778823716349 0.028055718629369994 -0.012664401564539842 -0.0083589824917382396 -0.0041726584486286421 0.0085211427673626428 0.014070869020769556 -0.013082066105020381 -0.0039540303958331656 -0.011195906024043132 0.0095353629767331895 0.0080882856067904275 -0.0057542635603214732 -0.0037434538322430452 0.019190014161144228 -0.0040249459105197128 -0.0078283984391324737 0.014269055649364922 -0.011760735939626414 0.035432381054430008 -0.0108570095601155 -0.011540939380387092 0.015569519187622501 -0.012797882353100816 0.038536746711304838 0.023921896293975255 -0.0036825845951987688 -0.010523553062409638 -0.011732959557564166 -0.0016905488357400653 -0.015273575072639314 0.0044358100474525108 -0.0057379479448097697 0.034794501720985964 -0.0072306595396447477 0.00050261779602869328 0.0078256485040332086 -0.010408353006822978 -0.0012901734107055268 0.0037279690935294232 0.034726738205945858 0.030142882527889391 -0.0044529612394580446 0.021222924154419121 -0.0021488955156416544
leaf_weight=281.14949624240398 49.020235870033503 56.96586836874485 13.080450054258106 2.3003991954028598 13.928599037230013 56.862119622528553 81.885666057467461 11.054590083658693 20.862785924226046 20.008302383124828 49.405445858836174 84.061810430139303 23.052154343575239 21.605637717992067 109.08018925413489 31.828221220523119 20.947336085140705 22.288678720593456 91.50258681550622 86.82324480637908 336.58201891556382 29.961558036506176 120.52738955244422 174.96892805397511 10.066986601799725 3.6806123256683341 4.910112213343381 130.93820876255631 19.975708585232496 16.32373945042491 12.679286826401947 10.938397899270056 27.29553821310401 14.658362794667481 403.63666788861156 27.495340377092361 13.663805693387983 2.5625199303030959 12.611519195139406 36.803349081426859 376.26472600549459 47.119341287761927 23.103989221155647 15.982417441904543 79.993385884910822 4.1879773512482634 173.5205838792026 96.178329367190599 36.211637996137142 64.343924146145582 7.1437964886426917 5.7921256609261027 44.85607485473156 25.401430126279593 23.777307532727718 27.976204086095095 18.11986655369401 17.212658278644085 12.381556238979099 11.039946541190146 172.5951602011919 3.2681968770921221
leaf_count=7811 648 1136 137 48 219 599 1842 148 312 269 580 2068 468 218 1372 381 260 262 652 1829 6464 403 1612 1638 236 41 47 1315 232 200 144 169 264 134 3190 428 192 45 179 519 8920 397 289 121 1173 57 2213 1528 467 892 90 59 1029 313 559 632 392 345 175 87 1290 43
internal_value=0.000597265 -0.00780095 0.00819379 -0.00104983 0.00447245 0.0118564 -0.0137819 0.00564969 1.2208e-05 0.0135288 0.00202571 -0.0108571 -0.00590469 0.0099574 0.0137115 -0.000396031 0.00838718 0.028259 0.0190016 -0.0102629 -0.00400721 -0.00518284 -0.00165985 0.0116773 -0.00352686 0.0217546 0.0306907 0.00524394 -0.00609158 0.0126691 0.0147966 0.00212401 0.0113809 0.0123105 0.0134114 0.00737304 0.0165822 0.00592885 0.000798868 0.00822578 -0.013395 0.0353797 0.00672437 0.0163565 -0.00187163 0.0174811 -0.00588077 -0.012124 -0.00356516 0.00184076 0.0125186 0.0204004 -0.0113919 -0.00713211 0.00311676 0.00788396 0.0119314 0.0212623 0.0221531 0.0180389 0.0194609 0.0377095
internal_weight=3844.46 1825.82 2018.64 860.451 1194.58 292.531 965.371 361.196 215.505 824.06 902.052 684.221 499.255 507.18 145.692 656.73 245.322 36.6115 316.88 89.1236 442.289 419.237 602.786 195.916 179.039 112.572 55.7101 179.958 39.984 53.9441 225.377 319.159 467.196 445.591 418.295 126.381 49.4707 35.8069 76.9102 49.4149 505.183 50.8 57.2535 212.297 198.631 27.292 283.628 110.107 187.693 107.699 43.3554 37.6203 421.121 361.983 97.153 73.3757 63.3087 35.3325 14.9441 196.314 185.274 25.5569
internal_count=59782 38516 21266 14682 14528 3047 23834 5552 3727 6738 11481 16023 9130 4307 1825 9003 2478 453 2431 1877 7994 7526 8363 1898 4006 1084 485 1963 501 640 1779 4403 3806 3588 3324 1850 724 532 1126 698 12017 438 749 1642 2791 346 3960 1747 2622 1449 557 440 9949 6777 2164 1605 1369 737 220 1521 1434 305
is_linear=0
shrinkage=0.03


Tree=36
num_leaves=63
num_cat=0
split_feature=23 15 15 4 32 4 3 32 32 3 6 32 9 21 15 21 11 8 3 11 8 18 21 31 5 14 11 22 10 31 11 5 3 5 26 10 3 4 26 8 20 18 8 24 14 11 8 10 12 22 20 21 20 14 3 26 15 4 26 26 20 3
split_gain=275.502 58.7785 57.2417 34.4416 31.5969 31.0156 22.1329 18.3956 17.8718 16.5406 15.9708 15.3943 14.6772 14.5794 14.2619 15.4951 13.7774 13.6817 13.2515 12.5753 13.2677 12.3367 11.1228 10.9013 10.4809 10.44 10.1954 10.0966 10.0572 9.77714 10.0181 9.53945 9.52236 9.16818 9.82925 9.04964 9.04381 10.3835 9.50811 9.71504 8.72347 8.58154 8.58133 11.1283 8.8916 8.49303 8.46001 8.45988 8.28471 8.18664 7.95113 7.94186 8.58485 7.88801 10.4867 7.80291 9.89876 7.73587 8.44527 9.25715 10.2039 7.65608
threshold=0.24323514103889468 0.82950487732887279 0.011032769922167064 -0.063147414475679384 15.500000000000002 0.84936901926994335 -0.44343279302120203 7.5000000000000009 13.500000000000002 1.1079815030097964 -0.68836036324501026 11.500000000000002 -0.4779557585716247 1.0838567614555361 -0.011619723867624996 1.7157173752784731 0.036560259759426124 0.050141893327236182 0.35105527937412268 0.049944764003157623 -0.72116258740425099 -0.30886955559253687 0.29831467568874365 -0.64285716414451588 -0.14900672435760495 -1.6036509275436399 1.0367280244827273 1.0000000180025095e-35 -0.098873499780893312 0.5000000149011613 -0.86511835455894459 1.1304299831390383 1.5631700158119204 0.16727872192859652 0.64835512638092052 1.4805033802986147 0.74574929475784313 -0.30689410865306849 1.2061725854873659 -0.98990124464035023 0.79054814577102672 -0.27230566740036005 -0.30845902860164637 -0.51887902617454518 0.45944936573505407 1.1876178383827212 -0.30845902860164637 0.26533120870590216 0.97174546122550975 -1.300945460796356 -1.4073493480682371 -0.51700475811958302 0.11265872418880464 -0.23849282413721082 -0.50920531153678883 0.69936400651931774 0.19543035328388217 2.4110674858093266 0.69531285762786876 -1.3405264019966123 1.1668929457664492 1.7184820175170901
decision_type=2 2 2 2 2 2 2 2 2 2 2 2 2 2 2 2 2 2 2 2 2 2 2 2 2 2 2 2 2 2 2 2 2 2 2 2 2 2 2 2 2 2 2 2 2 2 2 2 2 2 2 2 2 2 2 2 2 2 2 2 2 2
left_child=2 3 5 18 6 9 23 -8 36 16 40 42 50 24 -14 32 -1 26 -2 61 -21 22 27 -5 -10 -7 -12 -19 -11 -15 -31 -23 55 -20 -35 -25 37 -3 39 -38 -9 -27 -4 -44 -45 -33 -18 -24 -34 -39 -6 52 -26 54 -48 -16 -57 58 59 -53 -61 -13
right_child=1 8 11 4 12 25 7 10 13 28 17 19 14 29 15 -17 46 21 33 20 -22 31 47 35 51 41 -28 -29 -30 30 -32 45 48 34 -36 -37 38 49 -40 -41 -42 -43 43 44 -46 -47 53 -49 -50 -51 -52 57 -54 -55 -56 56 -58 -59 -60 60 -62 -63
leaf_value=-0.018878318186832752 -0.015384713660064402 -0.011400744650832555 -0.0014867056039208572 0.014079933841943643 0.013984395865236596 0.03830590519611958 0.040905175674282181 -0.013106978007009001 -0.0038909733733291652 0.01631781542014149 0.003756116016952785 -0.010240848258007343 -0.008406909622465767 0.010419816838416389 -0.0017372042911522759 0.031273278786902434 -0.01715496843231018 0.019987495618300377 -0.007494156392516306 -0.012315085808389237 0.0072345519641959614 0.0068230274078241501 0.048084262763049744 -0.015521042813179351 -0.0077726393900858053 -0.011763138113660174 0.017931684571239562 -0.014237069421383714 -0.010791861308484911 -0.0079453620906510588 0.026678349392511465 0.043823165991311024 0.0068779903971000582 0.014854324362604523 -0.012437939705523041 0.011223736728587957 0.0024495160380958018 -0.012242188982168386 -0.00045118856647979205 0.024820993665207708 0.015313070190279474 0.010617395067023229 -0.0057516101191592631 0.035022498116443708 -0.00083719359325591571 -0.0068919831130414807 -0.0075144081908999488 0.015947683783753143 0.039213356459436133 0.015175943661454484 -0.011924376820311612 -0.0033964591018676416 0.016221563484359103 -0.01097351863348583 0.014962438477391603 0.02496799991107895 0.00089663700749634376 0.026084992942397019 0.00073362697900366907 0.014494328714895487 -0.0041533171709648058 0.020460025578089319
leaf_weight=592.38844718411565 109.07563424855471 13.689388077706097 26.055479507893324 16.591547500342131 7.5692529678344718 3.2357981204986563 14.756117317825554 33.366848073899746 77.237469978630543 20.009607773274183 176.99017939716578 157.26785644516349 86.543943870812654 171.87063637375832 197.88118330389261 14.142485573887823 103.01869049668312 21.164157874882225 81.583737310022116 36.15388273820281 126.2884633243084 87.074929922819138 24.793704614043236 51.890998464077711 49.907538186758757 20.655422825366259 58.477021310478449 6.9039416648447505 19.513686958700418 6.1262271814048281 71.977720338851213 7.5252414457499963 27.546697229146957 39.822634715586901 11.902974169701336 10.387913696467875 20.541930686682463 6.9982913583517066 17.118794947862625 183.01681927591562 8.4267742335796338 33.847537338733673 10.032631333917378 24.121213335543874 7.6224852092564097 2.3063395619392395 40.55510026589036 19.364894311875105 6.2835082486271849 116.05005045607686 111.52371064200997 35.215757228434086 12.820125259459017 109.98857570812106 26.757980260998011 20.121198311448097 40.64174534752965 19.291816227138042 104.37539664655924 239.10628481209278 27.430998906493187 3.1184392087161532
leaf_count=16460 2162 173 361 271 125 51 143 576 834 350 2220 2724 1520 1315 2707 153 2495 262 1191 586 1989 1054 262 917 622 364 644 88 347 62 511 73 265 521 164 163 154 78 119 1220 128 577 152 275 103 21 990 202 58 1070 1651 347 145 2676 592 279 531 136 976 2191 235 37
internal_value=0.00066229 0.00663499 -0.0101535 0.00221355 0.0045638 -0.0140415 0.00959196 0.0120865 0.0114858 -0.01539 0.0106913 -0.000444723 -0.000778396 0.00893665 0.00203704 0.00507249 -0.0162465 0.0125079 -0.00787567 -0.003211 0.00264568 0.0189592 0.0281593 -0.00484426 0.00617665 0.00679247 0.00757619 0.0106894 0.00322424 0.0149356 0.0236479 0.0110569 0.00330121 -0.00139759 0.00803115 -0.0105575 0.0170976 0.0104213 0.0209119 0.0226762 -0.00635275 0.00185993 0.0120373 0.0197294 0.0274695 0.0336134 -0.0104515 0.0370469 0.0171598 0.0131994 -0.00978056 0.00779291 -0.00203323 -0.00619288 0.00183725 0.00119746 0.01016 0.00924855 0.00814128 0.0106498 0.012534 -0.00904342
internal_weight=3828.07 2467.43 1360.63 1294.66 1052.27 969.971 540.021 461.15 1172.78 912.232 446.394 390.66 512.254 815.36 393.161 306.617 872.709 404.6 242.385 322.829 162.442 169.133 72.2267 78.8705 565.385 57.7388 235.467 28.0681 39.5233 249.975 78.1039 96.9065 292.474 133.309 51.7256 62.2789 357.415 136.738 220.678 203.559 41.7936 54.503 67.8318 41.7763 31.7437 9.83158 280.32 44.1586 33.8302 123.048 119.093 488.148 62.7277 177.302 67.3131 258.644 60.7629 425.42 406.128 301.753 266.537 160.386
internal_count=59668 28539 31129 18351 14313 24902 7024 5673 10188 23910 5530 6227 7289 7374 5513 3993 23213 4826 4038 5336 2575 1962 814 1351 5486 992 2864 350 697 1888 573 1148 3840 1876 685 1080 2814 1321 1493 1374 704 941 891 530 378 94 6753 464 323 1148 1776 4652 767 4258 1582 3517 810 3885 3749 2773 2426 2761
is_linear=0
shrinkage=0.03


Tree=37
num_leaves=63
num_cat=0
split_feature=3 6 6 4 14 32 31 14 14 32 6 5 4 29 14 14 26 32 1 16 14 23 4 35 25 26 9 7 7 3 4 22 24 32 8 8 4 1 6 4 26 9 8 0 3 10 23 26 26 12 2 25 9 26 26 3 32 13 4 12 14 10
split_gain=246.513 57.175 49.5986 39.739 31.1715 24.4115 24.4981 20.8796 20.1771 22.7183 15.9844 16.2144 15.7047 15.301 15.1435 14.8666 15.6455 14.7562 14.6765 14.5673 14.1626 13.5735 13.4598 13.0849 12.7697 12.1664 11.4064 11 10.9009 10.7508 10.4482 11.0176 10.0131 9.99712 9.98864 9.88884 9.18506 8.94037 8.79745 8.55832 8.36828 8.18198 7.84124 7.82087 8.23465 7.58995 7.56853 7.52628 7.43859 7.40295 7.36007 7.20298 8.46015 9.93841 7.19984 7.14536 7.11999 7.74778 7.05232 6.99537 7.84804 9.96165
threshold=0.14172088354825976 -0.41294224560260767 0.52198198437690746 -0.24644867330789563 -1.40824419260025 14.500000000000002 0.5000000149011613 -1.9338154196739195 0.2000800967216492 13.500000000000002 -0.71685877442359913 0.7562253773212434 0.84936901926994335 0.72077924013137828 0.42620393633842474 1.0692905187606814 0.6665778160095216 11.500000000000002 1.0000000180025095e-35 0.15750233083963397 0.074332818388938918 1.3245232701301577 0.076210848987102522 1.0000000180025095e-35 -0.65099784731864918 -0.91741299629211415 0.68495076894760143 0.57335102558135997 0.60444775223732006 1.8791651129722597 0.88692310452461254 -0.20747904479503629 0.13957007229328158 8.5000000000000018 -0.44902868568897242 -0.26163959503173823 -0.38817828893661493 0.96983391046524059 1.177582919597626 0.025330053642392162 0.12222015857696535 -1.9144167304038999 0.64679124951362621 0.98719066381454479 -1.2006285786628721 -0.82792618870735157 1.3431990146636965 -0.071581862866878496 -1.8778868317604063 1.1941973567008974 -1.0000000180025095e-35 -0.25256711244583124 0.56841701269149791 1.3566895723342898 -1.4723684787750242 1.2597366571426394 14.500000000000002 0.44476972520351415 1.5478326082229616 0.25836312770843511 -1.5160347819328306 -0.30627489089965815
decision_type=2 2 2 2 2 2 2 2 2 2 2 2 2 2 2 2 2 2 2 2 2 2 2 2 2 2 2 2 2 2 2 2 2 2 2 2 2 2 2 2 2 2 2 2 2 2 2 2 2 2 2 2 2 2 2 2 2 2 2 2 2 2
left_child=1 12 8 -3 28 7 21 26 9 18 55 24 19 45 17 16 30 23 25 -1 59 27 35 34 -12 -2 48 37 42 33 31 -8 -24 49 -6 -11 -26 51 -17 -33 -23 -35 -5 44 -19 -13 -31 -45 -4 -9 -14 -7 53 -53 -38 -10 -44 -58 -54 -21 -61 -62
right_child=2 3 5 4 14 6 15 29 10 22 11 13 50 -15 -16 38 -18 43 -20 20 -22 40 32 -25 36 -27 -28 -29 -30 46 -32 39 -34 41 -36 -37 54 -39 -40 -41 -42 -43 56 47 -46 -47 -48 -49 -50 -51 -52 52 58 -55 -56 -57 57 -59 -60 60 61 -63
leaf_value=-0.020547486670384644 0.039731253299805189 -0.017143761662191774 -0.0030751913038556157 -0.0017531113324178859 -0.0027887357294985662 0.0041309993150173262 -0.00012066141050456888 0.026300787943810973 -0.016110877962763986 -0.015993513770776818 0.019790656587546113 -0.0016632252079589907 -0.009017000040835596 -0.008879433873069947 -0.011337325990037993 -0.016337331274518085 0.0014787142692437802 -0.014934291897110732 -0.006976977111330062 -0.0075880566031549879 -0.016380748963265961 0.0011929756791883767 0.023356087338831714 -0.0058415843974338189 -0.016373860619690414 0.013490196571627956 -0.0048713581013307789 0.0066067898804294846 0.028425354607136924 0.033424236316841494 0.033756750626784467 0.022365178157472694 -0.0064269152750402363 -0.0087424948062994595 0.025724555987673526 0.00094514147504381378 0.012998917221480355 0.0086693886630606603 0.010139142744295363 -0.00019313221803774299 0.018702956279140422 0.010014351628193679 0.027756588498519131 0.037264873050261549 -0.0023234541195711255 0.037438289214658166 0.010690102585407547 -0.004896645067701098 0.04022175715895418 -0.0063638566219501808 0.015537032856412355 -0.01258961737061791 -0.0021451589986773521 0.02211882643835544 -0.0035485761442097968 0.0015555376305168699 -0.0087506091519982242 0.021549788183622683 0.023456928990020106 -0.012071633225096759 0.034193834738907324 0.00020065891601449536
leaf_weight=380.44780898280442 22.523476853966713 167.9157538600266 3.1381717622280112 44.2364272326231 13.614212002605198 68.108050052076578 31.867374986410141 47.555680274963379 99.533468030393124 41.764268983155489 16.472247462719679 5.0433707274496582 17.69606976211071 10.69648079946637 168.55105154588819 18.518859013915062 52.501413688063622 49.090215384960175 15.977229554206131 42.605827115476131 115.53671039827168 37.884023450314999 26.654909648001194 26.889197394251823 41.904826149344444 60.399638295173645 5.3986830785870543 212.48213298618793 26.43814080581069 32.444056078791618 39.155064754188061 112.72885329648852 12.313879609107969 18.253730941563845 38.426481191068888 90.61287634447217 21.640076652169228 53.996476911008358 17.099528875201941 17.271657779812813 68.848206870257854 448.64140562340617 17.683653376996517 3.3208849765360355 359.38937079161406 17.808915626257658 30.937616713345051 5.1637507267296296 40.293132431805134 5.1323456391692153 16.605880919843912 137.46505550667644 69.697388183325529 3.3782032169401637 211.4694801196456 24.628746394068003 15.289991702884437 7.2553022988140574 6.1403954997658721 7.5920174419879904 10.180145662277939 15.991687206551431
leaf_count=10998 263 3750 22 768 216 761 358 370 2114 699 256 66 328 158 3413 213 511 1026 192 923 2917 288 349 414 789 766 37 2066 289 231 308 1115 145 200 483 1435 340 512 139 166 500 4174 200 44 6454 245 175 70 275 41 281 1525 744 37 3368 403 200 79 50 153 238 361
internal_value=0.00043393 -0.00879603 0.00666376 -0.00413781 -0.00122934 0.00963066 0.00652755 0.0141948 0.000130888 0.00653938 -0.00375414 -0.00020326 -0.0159459 0.018103 -0.00370875 0.0137337 0.0162454 -0.00102856 0.0176076 -0.0171202 -0.00997654 0.00328128 -0.000167269 0.0104722 -0.00257998 0.0224719 0.0324371 0.00133596 0.0131445 0.012404 0.0199726 0.0157267 0.0142842 0.0107846 0.0186747 -0.00478651 -0.00424935 -0.00201786 -0.00394317 0.019472 0.0128194 0.00919617 0.00704019 -0.00330391 -0.00400126 0.0300594 0.0239204 0.0193041 0.0370988 0.0228431 0.00333421 -0.0041588 -0.00679888 -0.0110273 -0.00177173 -0.012682 0.0158343 0.00314208 0.00125043 0.000123358 0.00957782 0.0167869
internal_weight=3848.3 1549.92 2298.38 943.264 775.349 1578.94 947.143 631.795 719.444 270.246 449.198 325.035 606.656 33.5488 664.445 289.143 253.524 495.894 98.9003 572.354 191.906 658 171.346 78.9299 291.487 82.9231 48.83 551.268 110.904 582.965 201.023 161.868 38.9688 519.583 52.0407 132.377 275.014 338.786 35.6184 130.001 106.732 466.895 84.4654 416.964 408.48 22.8523 63.3817 8.48464 43.4313 52.688 34.302 284.789 216.681 140.843 233.11 124.162 40.2289 22.5453 75.8378 76.3697 33.7639 26.1718
internal_count=60011 33605 26406 17406 13656 14818 9293 5525 11588 3849 7739 5222 16199 469 12120 2810 2458 8707 1221 15590 4592 6483 2628 1113 4753 1029 334 5695 1536 5191 1947 1639 494 4785 699 2134 4497 3629 352 1281 788 4374 1247 7594 7480 311 406 114 297 411 609 3117 2356 1562 3708 2517 479 279 794 1675 752 599
is_linear=0
shrinkage=0.03


Tree=38
num_leaves=63
num_cat=0
split_feature=15 3 3 14 3 15 23 7 4 8 6 9 15 14 5 1 5 9 14 0 5 5 10 4 35 26 4 15 5 26 6 29 14 12 8 7 26 1 3 3 8 7 24 6 2 17 7 9 8 10 7 29 19 8 15 15 24 14 29 12 26 26
split_gain=229.875 62.5487 37.6649 31.3258 22.8989 22.4231 22.2871 19.3411 19.1258 19.1212 18.6257 15.5849 15.2822 15.1844 14.9773 13.6454 12.6125 12.0962 16.5948 12.5583 15.0307 12.0274 11.353 10.5128 9.84818 10.1566 9.76962 9.2735 9.21116 9.16828 8.90614 8.8663 8.85007 12.5908 8.43423 8.36318 8.09522 8.07508 7.81845 7.78711 15.2393 8.71676 7.78707 7.77194 8.81318 7.71579 9.7072 8.86665 8.7206 7.51159 12.2123 7.93824 7.85269 7.3629 8.2986 9.51466 8.28251 7.35459 7.02334 6.98101 8.03896 6.88238
threshold=0.045292682945728309 -0.1959760785102844 0.2499162703752518 -0.11489746719598769 1.2597366571426394 1.4953346848487856 -0.74863648414611805 -1.3124920129775999 -0.085485760122537599 0.33667333424091345 -0.21024841070175168 -1.2258071303367613 -0.11064685881137847 -0.49151310324668879 -0.20125912874937055 0.47235891222953802 1.0000000180025095e-35 -1.0389060378074644 -1.8591957092285154 -0.12465076521039008 0.83122432231903087 -0.17966429144144055 1.4222897887229922 -0.46991141140460962 1.0000000180025095e-35 0.29852592945098883 0.84936901926994335 -0.32174079120159144 0.028301054611802105 0.85491618514060985 -0.35569941997528071 0.57738095521926891 -1.0505042076110838 0.87617370486259472 -0.66185823082923878 -0.64400380849838246 -1.7378582358360288 -0.52645197510719288 1.9293065071105959 -0.27002891898155207 0.1502688676118851 -0.5108426809310912 1.2289209961891177 -0.92880016565322865 -0.054057845845818513 0.33934748172760015 0.57335102558135997 -0.41958153247833246 -1.0387327075004575 -0.18152247369289395 -0.32832045853137964 0.91287881135940563 -0.30225415527820582 -1.9191123247146604 0.71048474311828624 0.87479302287101757 1.0867903232574465 0.46779745817184454 0.97058823704719555 0.55126884579658519 0.78309369087219249 0.51748836040496837
decision_type=2 2 2 2 2 2 2 2 2 2 2 2 2 2 2 2 2 2 2 2 2 2 2 2 2 2 2 2 2 2 2 2 2 2 2 2 2 2 2 2 2 2 2 2 2 2 2 2 2 2 2 2 2 2 2 2 2 2 2 2 2 2
left_child=1 6 7 11 12 10 26 -2 -9 42 57 -3 -5 24 -12 30 34 18 -16 -19 32 -11 -23 -22 31 -26 -1 -24 -15 -7 -14 37 33 36 -13 -25 -21 -10 -20 41 -41 -33 58 -18 -45 46 -34 -48 -49 50 -6 -52 -51 -37 -55 -56 -57 59 -8 -4 -61 -47
right_child=2 3 5 4 49 29 9 8 13 21 14 16 15 28 17 -17 43 19 38 20 23 22 27 35 25 -27 -28 -29 -30 -31 -32 39 45 -35 -36 53 -38 -39 -40 40 -42 -43 -44 44 -46 61 47 48 -50 52 51 -53 -54 54 55 56 -58 -59 -60 60 -62 -63
leaf_value=-0.021230623803641321 -0.017646575060277146 -0.0076888082462623639 -0.0038423063107660325 -0.012484697335206201 -0.0077057105667635694 0.019637471487981083 -0.016789769622818515 -0.01019703329482808 -0.012332888890981395 -0.016956905742680214 0.00036421377549373894 -0.0085627044313822554 -0.016405151472515117 -0.002780393516679355 0.024679426840617635 0.017698135914762322 -0.0030920713386117615 -0.0072661793173297243 -0.0051149627194481562 -0.007199504567857451 -0.0023829235918280079 -0.0028019119338573558 -0.0033660498241979411 0.00069702769222861494 0.012861083827593142 -0.0065817786645425676 0.0024587247838798549 0.027527393440976593 0.010801785374777224 0.0037096048782719834 0.00086568648295189652 0.02093050052081117 0.00083413609535863784 -0.0056147404849611528 0.01161912988274154 -0.0094119995975497014 0.028259097730684749 0.0239358498100843 0.014875425470878069 -0.011748898868474923 0.031978336293068954 -0.012944153841424713 0.013162568620022503 -0.00011018897727676397 0.038475965652308049 0.014043229671585103 -0.0094048181703362474 -0.003064157492421728 0.018203681516993687 0.030295854198682675 0.033758605166544352 -0.0052576021512667119 -0.0039228480846202948 0.039748847554958049 -0.0018656492297284639 0.0095562334619910348 0.032227056732553772 -0.012195628558572352 0.0022694664213567671 0.017556943868577021 -0.012762876554125488 0.0054855434943804713
leaf_weight=327.50277986750007 45.513009060174227 35.98555869422853 69.970816619694233 281.74024205841124 9.9314584620296937 202.4718224182725 254.38590319082141 97.255171611905098 2.9836606606841078 34.9155597910285 181.87425984814763 20.380985796451569 35.233752386644483 247.87031366303563 19.065668523311615 25.091270387172699 5.6858332436531773 30.097416564822197 117.94225556775928 4.4399799890816203 15.718230344355105 119.56454369239509 12.380059523507954 14.174846358597277 38.814988657832146 49.269535586237907 15.413597188889979 18.426447097212076 49.656021345406771 41.727696366608143 79.525450836867094 4.1840454339981106 197.61360535025597 12.712030068039892 74.156265696510673 3.0104465857148162 53.931917522102594 70.079942159354687 15.640746653079985 8.2357879206538218 13.843217577785252 23.52777411788702 5.1664255894720545 6.3652511499822131 26.798764053732157 276.22911218553782 12.717573657631872 19.743257407099009 87.569589093327522 1.8630406148731697 21.257090084254745 4.2233110889792433 45.086825292557478 32.464122731238604 14.8210362046957 29.876279853284359 40.211774080991745 44.797560632228851 17.458547405898571 30.394218616187572 6.2076864950358859 134.52160002663732
leaf_count=9874 779 695 970 6125 142 1412 6267 1751 38 856 1975 339 817 3894 146 387 99 306 1285 38 176 2773 307 131 481 604 301 382 675 309 1328 55 2226 99 1196 26 414 788 129 99 137 278 88 88 332 2459 135 204 849 24 282 60 613 310 134 233 253 716 419 419 89 1201
internal_value=0.000535061 -0.00872388 0.00633907 -0.00195101 -0.00569775 0.00867151 -0.0143404 0.000195371 0.00166949 -0.00986468 0.00722327 0.00904076 -0.00851911 0.00401642 0.00836805 -0.000374931 0.0136688 0.00964618 0.00172613 0.010865 0.0114746 -0.00230965 0.00152762 0.0201647 0.0100722 0.00221646 -0.0201458 0.016376 -0.000372518 0.0170448 -0.0049004 0.0153977 0.00972597 0.0196881 0.00705662 0.0227896 0.0252068 0.0217597 -0.00232211 0.00492834 0.0165098 -0.00541215 -0.0147875 0.0271197 0.0320259 0.00862616 0.00499519 0.0115385 0.0143286 0.00840518 0.0178871 0.0274901 0.000220187 0.0252594 0.0264969 0.0195014 0.0238431 -0.00266676 -0.0155469 0.00170571 0.0114988 0.0113402
internal_weight=3839.72 1478.54 2361.18 673.325 503.952 1709.95 805.214 651.233 605.72 462.297 1465.75 169.373 421.591 508.465 1314.38 139.85 133.387 1132.5 152.649 979.853 949.755 185.287 150.371 150.277 210.939 88.0845 342.916 30.8065 297.526 244.2 114.759 122.854 799.479 71.0839 94.5373 134.559 58.3719 73.0636 133.583 49.7908 22.079 27.7118 277.011 38.8498 33.164 728.395 317.644 120.03 107.313 82.3617 35.4119 25.4804 46.9499 120.384 117.373 84.9091 70.0881 151.37 271.844 106.573 36.6019 410.751
internal_count=60017 33794 26223 12527 9778 16644 21267 9579 8800 11092 14923 2749 8657 7049 12729 2532 2054 10754 1560 9194 8888 4318 3462 1263 2480 1085 10175 689 4569 1721 2145 1395 7625 551 1535 1087 452 826 1414 569 236 333 6774 519 420 7074 3414 1188 1053 1121 484 342 637 956 930 620 486 2194 6686 1478 508 3660
is_linear=0
shrinkage=0.03


Tree=39
num_leaves=63
num_cat=0
split_feature=23 15 15 4 4 1 21 21 14 25 4 26 11 11 25 25 14 6 0 20 20 24 8 24 29 17 23 2 11 13 26 8 16 8 16 20 21 16 8 4 0 25 17 18 9 14 26 10 25 18 15 14 25 22 20 21 11 26 20 16 11 14
split_gain=245.237 54.392 49.9257 27.731 24.906 21.2487 20.1408 18.6355 15.6141 19.0235 15.2787 15.1706 14.5263 14.1275 13.306 12.5704 12.5153 12.1024 11.6643 11.5024 11.1445 18.6079 11.1 10.7904 10.702 10.6522 10.5144 10.3568 11.9476 10.5097 10.2681 9.90937 9.70075 9.57482 9.49788 9.40114 10.8852 9.95382 9.01374 8.60797 8.58581 8.40475 8.02169 9.41209 9.12645 7.85616 8.83217 8.58834 7.76629 7.70153 7.56626 7.52568 10.1551 7.43986 7.28369 7.26905 7.77973 7.1456 10.1577 7.03645 7.03451 9.11595
threshold=0.24323514103889468 0.7943515181541444 0.023382865823805336 -0.037920959293842309 0.34615179896354681 0.19177427887916568 -1.1451964974403379 0.7952142357826234 -2.2773716449737544 1.1605503559112551 0.77264773845672619 0.45667062699794775 -0.093796387314796434 0.39533019065856939 0.17063122987747195 -0.77143520116806019 -0.32496900856494898 1.3273013234138491 -0.092905908823013292 1.0082484483718874 -1.4073493480682371 -0.13288953900337216 -1.3152478337287901 0.69692012667655956 1.0000000180025095e-35 0.31026449799537664 1.1927740573883059 1.182564437389374 1.8242302536964419 -0.21694172173738477 -0.69161629676818837 1.1545597314834597 0.86419004201889049 -0.58010929822921742 0.510881006717682 0.10250050574541093 0.35136896371841436 0.47688224911689764 -1.0157986879348753 -0.25772756338119501 0.85590884089469921 -0.48036816716194147 -0.13806118071079251 -0.38509836792945856 0.89147576689720165 -1.6036509275436399 -0.99181425571441639 0.32401989400386816 -0.50881838798522938 -0.30886955559253687 -0.53707721829414357 0.53468039631843578 -0.44565019011497492 0.24830363690853122 0.41121035814285284 -0.56840050220489491 -0.49575868248939509 0.83427739143371593 -0.12623994797468183 0.069720093160867705 1.2282435297966006 0.46779745817184454
decision_type=2 2 2 2 2 2 2 2 2 2 2 2 2 2 2 2 2 2 2 2 2 2 2 2 2 2 2 2 2 2 2 2 2 2 2 2 2 2 2 2 2 2 2 2 2 2 2 2 2 2 2 2 2 2 2 2 2 2 2 2 2 2
left_child=2 3 4 23 12 7 -3 13 39 10 17 22 19 24 20 -6 18 -10 -4 -1 21 -15 -7 -2 -5 34 33 29 -29 -12 -11 -31 -13 41 -18 36 -20 59 -23 -8 -19 -9 43 -24 -44 -17 47 50 -21 -35 -47 52 -14 -25 -32 -41 -57 -26 -59 -37 61 -22
right_child=1 6 16 5 15 11 8 26 9 30 27 32 51 14 -16 45 25 40 35 48 60 38 42 53 57 -27 -28 28 -30 31 54 -33 -34 49 -36 37 -38 -39 -40 55 -42 -43 44 -45 -46 46 -48 -49 -50 -51 -52 -53 -54 -55 -56 56 -58 58 -60 -61 -62 -63
leaf_value=-0.020680782292572468 -0.013676403626653462 -0.011544638118362559 -0.014856968494766754 0.013414463444601328 0.033640519526892447 -0.0051683329170225788 -0.0058840168513323082 0.020858559384618395 0.0066670837361075741 -0.012817307928291333 -0.0014037005913749259 -0.0033178472969178298 0.0061590835409008832 -0.0061990813638647555 -0.0087930192390987174 0.022540569852676318 -0.002576187811743525 0.017363335466912332 0.01021604948486673 0.013240062727759358 0.0048867307806056146 -0.0049130471655414905 0.022929455328594219 -0.0071356730766804054 -0.010792286528986067 0.0033292775469342928 0.022665895268729048 0.034584879383894755 -0.010134529484815481 0.013180703989491087 -0.0013789152495837238 0.037646472065629391 0.022277680014878228 0.017604515393066577 -0.016224145654286606 0.019512223366590361 -0.019767201046600683 0.035653430851329507 0.052714979845601528 -0.0036771063335076337 0.00020234620980876395 -0.0069417411269700399 0.031249062307588636 -0.010133239473936524 -0.00049787862111115892 -0.0053658596730131389 -0.010221724848685453 -0.011078176552652084 -0.011030906055101252 0.0035697588114211522 0.035156297488898709 -0.018904928400593091 -0.010292106698756152 0.0079194553437549071 0.012937976942323728 0.00028039477721647667 0.029817799036983034 -0.015425950468910102 0.012312882546788135 -0.010199533188755062 0.010172193005485639 -0.009392841265969629
leaf_weight=432.17887233383954 125.33610929921269 33.439894337207079 12.805913664400576 17.544086705893278 4.2954520396888247 12.566188573837278 7.2382288724184027 6.4468708857893935 522.69800316542387 36.282338451594114 31.040034234523773 61.73618558049202 35.903274208307266 9.3537145331501979 69.380637250840664 5.0795409958809605 110.22782762721181 193.38988754153252 36.027152843773365 10.608042761683462 109.08303949609399 1.9866334609687317 9.1787601895630377 66.25033650547266 196.02528362721205 104.63720975443721 34.139850582927465 45.781007818877697 3.8160516321659079 100.56725860014558 78.599298547953367 15.951626710593699 11.693070385605095 60.448209200054407 76.564722903072834 9.0363540053367633 9.8950975909829122 18.247427005320787 9.1822411678731424 6.4005993567407122 30.374494910240173 65.727100677788258 63.929870009422302 12.655179433524607 9.0662489235401136 4.4295671209692964 70.384178042411804 7.0013517178595057 50.018505016341805 83.256532814353704 7.6372571345418701 75.11403707973659 234.77405501902103 45.519444338977337 47.963159896433353 9.0225339308381063 75.29755287617445 13.622829061001537 28.11979229003191 10.157620824873446 87.235525336116552 57.160027485340834
leaf_count=12760 2380 440 210 288 80 147 68 91 4988 369 263 705 878 174 984 92 1941 1307 560 271 1541 31 116 1001 3206 1529 338 278 22 748 806 118 105 724 1297 134 142 220 124 60 208 866 644 165 99 92 1389 137 1320 1063 135 1896 5922 651 404 70 532 238 443 138 1096 832
internal_value=0.000197955 0.00571734 -0.0102168 0.00133666 -0.0139447 0.00347075 0.0101765 0.00144984 0.0108248 0.00972361 0.0113498 0.0126617 -0.0156139 -0.0014319 0.00253214 0.000289658 -0.00113822 0.00927535 0.00798945 -0.0189662 0.00550601 0.0244611 0.019595 -0.00781006 -0.00670957 -0.00423424 0.00824322 0.0187802 0.0305311 0.0139593 0.000243268 0.0179413 0.00191845 0.00550091 -0.00844749 0.0121411 0.00244885 0.0223398 0.0441151 0.0221865 0.0150892 -0.00326799 0.022971 0.00544859 0.0275269 -0.00283959 -0.00539773 0.0108329 -0.00609894 0.00986679 0.0230671 -0.0106343 -0.00803785 -0.000927745 0.00433224 0.0246165 0.0268498 -0.00844015 0.00257849 0.00493015 0.00352784 -0.000153969
internal_weight=3829.53 2504.51 1325.02 1266.64 937.424 1029.54 1237.86 848.712 1204.42 1106.46 943.618 180.826 838.597 598.694 343.382 98.8273 387.599 746.462 96.1696 492.805 274.001 20.5226 107.396 237.106 255.312 291.43 250.019 197.156 49.5971 147.559 162.845 116.519 73.4293 215.879 186.793 83.3637 45.9223 37.4414 11.1689 97.9589 223.764 72.174 94.8301 21.8339 72.9961 94.5319 89.4524 19.0682 60.6265 143.705 12.0668 345.791 270.677 111.77 126.562 90.7207 84.3201 237.768 41.7426 19.194 253.479 166.243
internal_count=59876 28733 31143 18052 24972 14020 10681 12039 10241 9511 7932 1981 23047 8957 4782 1925 6171 6503 1404 14351 3798 329 1171 4032 4175 4767 3082 1429 300 1129 1579 866 810 2744 3238 1194 702 492 155 730 1515 957 1024 281 743 1845 1753 364 1591 1787 227 8696 6800 1652 1210 662 602 3887 681 272 3469 2373
is_linear=0
shrinkage=0.03


Tree=40
num_leaves=63
num_cat=0
split_feature=15 6 32 15 7 6 23 4 4 16 21 5 16 4 14 15 4 8 8 21 21 0 21 0 20 20 17 21 8 14 7 23 26 26 31 20 4 26 8 32 18 20 15 0 7 2 32 7 7 18 14 7 1 10 32 7 17 15 13 7 9 15
split_gain=224.654 59.3025 38.1429 26.5209 23.6279 22.9057 19.568 18.9904 17.8839 16.3923 17.5352 16.6019 15.7484 15.6378 13.8311 13.6095 13.3193 12.7364 12.8558 12.6958 12.5695 12.0929 11.0431 10.9936 9.74366 9.21081 9.1515 8.64393 8.80369 12.6993 8.39875 8.28171 8.21772 8.13486 8.50584 10.9463 8.08922 8.21605 7.9637 7.86351 9.68849 7.8047 7.64547 7.5358 9.67785 7.47822 7.26666 7.26523 8.58398 7.24432 7.19709 7.14217 7.1366 6.79674 10.2722 8.20695 6.7119 7.61571 6.59883 7.04725 6.44105 6.86459
threshold=0.045292682945728309 0.5097789764404298 13.500000000000002 -0.87416577339172352 0.73943787813186657 0.72543650865554821 0.95968887209892284 0.41867727041244512 -0.05152961611747741 1.2753466963768008 1.4334087371826174 1.5400419831275942 1.0184576511383059 -0.56525394320487965 -3.0694205760955806 0.73107045888900768 -0.085485760122537599 -0.51933053135871876 0.9864204227924348 -0.86454546451568592 1.011862635612488 0.97633057832717907 0.0095841446891427057 0.96266800165176403 1.5928686857223513 -0.23947571218013761 1.906970262527466 -0.49208679795265192 -0.17989873141050336 -0.29070536792278284 -1.0860579013824461 0.44991797208786016 -1.2101056575775144 -0.83952859044075001 1.0000000180025095e-35 -0.62945547699928273 1.6240430474281313 0.55391356348991405 1.0518922805786135 11.500000000000002 -0.27230566740036005 0.19276645779609683 -0.27189111709594721 1.2986017465591433 0.051398042589426048 -1.0000000180025095e-35 9.5000000000000018 0.24135378003120425 0.38872157037258154 -0.32478055357933039 -2.4485961198806758 -1.1543855071067808 -1.6751353144645689 -1.0112839341163633 13.500000000000002 0.4386413991451264 -0.42631796002387995 0.65817347168922435 3.8073204755783085 0.5417534112930299 0.71823149919509899 0.16266179084777835
decision_type=2 2 2 2 2 2 2 2 2 2 2 2 2 2 2 2 2 2 2 2 2 2 2 2 2 2 2 2 2 2 2 2 2 2 2 2 2 2 2 2 2 2 2 2 2 2 2 2 2 2 2 2 2 2 2 2 2 2 2 2 2 2
left_child=1 3 4 46 13 16 17 12 -3 10 11 14 24 -2 -7 33 -4 -6 22 -17 23 30 -19 -10 27 -13 32 50 52 53 38 -22 -16 60 35 -35 37 -11 -18 42 -41 -8 -9 45 49 -21 -1 -31 -49 -45 -5 -33 -29 55 -55 -30 57 -12 -34 -60 61 -15
right_child=2 8 5 7 6 9 41 39 20 36 56 25 -14 15 26 19 21 18 -20 43 31 -23 -24 -25 -26 -27 -28 28 29 47 -32 51 58 34 -36 -37 -38 -39 -40 40 -42 -43 -44 44 -46 -47 -48 48 -50 -51 -52 -53 -54 54 -56 -57 -58 -59 59 -61 -62 -63
leaf_value=-0.0021933624394591062 -0.0096361073952491785 -0.011083975931998358 -0.010346895076752885 0.012558062281129344 -0.00366929984081282 0.02113683614718603 0.0082891881931225417 -0.0065710633747708925 -0.00027350537763249548 0.020212070394654971 -0.0015389655688827237 -0.001856249681193315 0.020034787207277142 -0.0075072388881619124 -0.0094918005573402537 -0.008043802426496563 -0.019072535571931344 -0.0071823982127976931 -0.0014642382927683327 -0.0016142014672065508 -0.0032563713163761424 0.019481125795944187 0.028003271666957295 0.024735060640705332 0.0091805581825294812 0.026413201841733465 0.011465127326327771 0.018965402912764853 -0.0039353453058559168 -0.017216054926148489 0.0011110016158020299 -0.011414511198150814 0.00086508684233931195 0.022764396537989361 -0.0082438724625357642 -0.00043364018595498779 0.039217437476314315 -0.00069748101149665173 0.010487209520379875 -0.013570675744603545 0.0069348996992031663 0.035189920983526905 0.031555213804211238 0.03040193156910341 -0.01810725095385135 0.018312161077250162 -0.020569157057898871 0.018158711118287558 -0.0076713371167789332 -0.0065395091610996907 -0.01749646098272907 0.02433044328523187 -0.014824905844681675 0.017359420819226392 -0.006563915781843589 0.036357134849106271 0.011766507673709386 0.043325289690367877 0.032972933389580593 -0.0055734553467755906 -0.0051287080071477312 0.024126993840564295
leaf_weight=22.004151664674282 36.744456924498081 71.242554385215044 107.50096234306693 4.0211397297680369 33.129266191273928 28.411513928323984 15.3726549744606 4.8052041903138152 203.42621565237641 45.470845907926559 4.0476904995739451 13.023912739008663 10.191446704789994 5.0341503359377375 64.562594588845968 19.347487911581993 30.295174069702625 7.1441305428743354 23.397934641689062 17.422006297856569 13.902999702841042 25.171704307198524 58.089383129030466 12.144654545933006 16.530297599732876 36.231797825545073 68.043168518692255 1.6939735393971194 6.1914082076400501 67.510735504329205 443.54465875029564 2.6756202541291705 590.7453531883657 20.024711988866329 61.593082845211029 67.519627895206213 11.129306770861147 24.948303520679474 7.1667349301278582 28.086748901754618 50.606554619967937 70.30882753059268 9.6993012204766256 5.5437908992171288 10.387126065790651 232.08644041419029 307.19100629165769 9.0611626170575601 63.435241537168622 6.08699879050255 230.92988986335695 47.936536453664303 184.02164263837039 17.178012194111943 54.463210932910442 6.1648877821862698 122.97685888037086 9.1254729777574521 6.6934472993016225 4.7475408688187599 10.423101849853991 30.61240516602993
leaf_count=591 519 1284 1921 94 360 218 129 82 3166 294 51 124 193 70 727 236 516 92 225 167 227 275 535 127 375 290 540 45 159 1689 6388 39 6174 266 793 837 61 163 112 511 892 460 147 32 66 1886 8943 222 1554 47 6231 507 4650 373 1357 150 960 83 49 34 128 350
internal_value=0.000458199 -0.00884982 0.00613067 -0.0122809 0.0118157 0.00357694 0.0203207 -0.00911305 0.00185446 0.00629981 0.00512738 0.00340764 -0.0108655 0.00828064 0.00225201 0.00971935 -0.00100779 0.0118175 0.0174931 0.0137861 0.00528216 0.00105744 0.0239129 0.00166417 -0.0114886 0.0194561 0.00138388 -0.0120851 -0.00925133 -0.00507168 -9.71994e-05 0.016382 0.000277391 0.00346657 -6.98068e-05 0.00581586 0.018854 0.013249 -0.0128485 0.00342192 -0.000757333 0.0310867 0.0204778 0.0154589 -0.00113149 0.0169164 -0.0193921 -0.0104685 -0.00347961 0.014915 -0.0167311 0.0215844 -0.0140276 0.00400648 -6.93369e-05 0.0208501 0.0149055 0.0329093 0.00139432 0.0201472 0.0138006 0.0192856
internal_weight=3819.22 1445.11 2374.1 1093.79 730.268 1643.84 207.442 764.591 351.329 1030.16 948.609 812.459 671.393 522.825 763.204 486.081 613.679 121.761 88.6314 290.874 280.086 506.178 65.2335 215.571 661.202 49.2557 734.792 644.671 409.72 224.005 481.007 64.5152 666.749 195.207 149.137 87.5443 81.5485 70.4191 37.4619 93.1978 78.6933 85.6815 14.5045 271.526 22.0179 249.508 329.195 140.007 72.4964 11.6308 234.951 50.6122 185.716 83.9975 71.6412 12.3563 136.15 13.1732 602.186 11.441 46.0697 35.6466
internal_count=59786 33608 26178 28258 7198 18980 1801 18724 5350 9768 9250 8156 17092 5397 7742 4878 9212 1212 852 2434 4066 7291 627 3293 16899 414 7524 16524 10199 5504 7016 773 6984 2444 1896 1103 518 457 628 1632 1403 589 229 2198 145 2053 9534 3465 1776 79 6325 546 4695 2039 1730 309 1094 134 6257 83 548 420
is_linear=0
shrinkage=0.03


Tree=41
num_leaves=63
num_cat=0
split_feature=3 15 15 32 6 15 4 14 7 32 5 8 3 0 33 10 14 7 14 4 29 13 21 18 14 7 25 4 21 29 26 16 0 26 10 6 26 3 4 6 10 10 13 24 3 3 16 10 5 31 15 26 21 22 13 7 19 8 21 26 32 13
split_gain=203.88 59.8954 51.1887 38.5897 27.1536 22.0662 22.0587 16.9344 16.3997 15.6273 15.5012 15.3524 13.8445 13.2679 13.1534 12.0396 12.1639 12.3429 13.545 11.5374 10.4993 11.2407 10.4573 10.3329 12.6271 10.2204 10.6322 10.2487 9.88712 9.39756 8.91281 8.77384 8.66156 8.52142 9.46518 11.4009 8.50266 8.43961 8.40844 8.36247 8.91143 8.27603 8.14985 8.04267 7.92425 7.88309 7.74568 7.70538 8.12314 8.07944 7.66592 7.54972 7.31069 7.29693 7.29608 7.05548 7.04168 6.96556 6.924 9.05569 6.91959 6.91287
threshold=0.14172088354825976 -0.34570795297622675 -0.11064685881137847 14.500000000000002 -1.0034729242324827 1.0549679398536684 1.3776036500930788 -1.7817230820655821 -1.3124920129775999 8.5000000000000018 -0.42819893360137934 -0.27428470551967615 1.8791651129722597 1.1033436059951784 1.0000000180025095e-35 1.0902373790740969 0.23911408334970477 0.4386413991451264 -0.66242766380310047 -0.31491564214229578 0.16025641560554507 -1.0943307280540464 -0.45553719997406 -0.262730062007904 -0.98038837313652027 -0.75932401418685902 -0.57734066247940052 2.3550682067871098 -0.18604057282209394 0.74166667461395275 -1.8778868317604063 -1.0000000180025095e-35 -0.36749446392059321 1.3097661733627322 -0.65108084678649891 1.3863200545310976 -0.83952859044075001 -0.96242660284042347 -0.57279050350189198 -0.68836036324501026 1.545998275279999 -0.92879524827003468 0.66740989685058605 1.1880664229393008 1.2974110245704653 1.1887134909629824 0.59316864609718334 1.1110197901725771 -0.020853055641055104 0.78571429848670971 1.0000000180025095e-35 1.0929179191589358 0.031016836874186996 -0.63302293419837941 -0.074961155652999864 1.0281141996383669 1.3360446095466616 -1.2576702833175657 0.57403382658958446 -0.78741386532783497 9.5000000000000018 -1.4520226716995237
decision_type=2 2 2 2 2 2 2 2 2 2 2 2 2 2 2 2 2 2 2 2 2 2 2 2 2 2 2 2 2 2 2 2 2 2 2 2 2 2 2 2 2 2 2 2 2 2 2 2 2 2 2 2 2 2 2 2 2 2 2 2 2 2
left_child=1 -1 13 7 50 19 8 30 -6 11 -10 41 36 14 43 16 17 31 20 -5 -19 -22 -7 24 -8 -21 42 33 -13 -18 -4 52 -23 34 54 47 44 -17 -30 55 -41 -9 -27 58 -11 -16 -33 48 -36 -49 -3 -52 53 -12 -28 -38 -32 -14 -2 -60 -25 -24
right_child=2 4 3 5 6 22 23 9 10 12 15 28 57 -15 45 37 29 18 -20 25 21 32 61 60 -26 26 27 -29 38 -31 56 46 -34 -35 35 -37 39 -39 -40 40 -42 -43 -44 -45 -46 -47 -48 49 -50 -51 51 -53 -54 -55 -56 -57 -58 -59 59 -61 -62 -63
leaf_value=-0.016883074366766528 -0.016120055997233505 -0.019798279656059112 -0.0088387626808307355 -0.0081946212326722296 -0.016298574041257716 -0.0051730038180412014 0.024247891385315714 0.02665769326803483 -0.012787645331123022 0.019163063971319391 -0.0044044365484587032 0.0018858533352839177 -0.0064014798409549115 0.020612885692049707 -0.0015809614659893373 -0.0036209671816744239 -0.011693541104516555 -0.0051409504393947073 -0.0020158324922245462 -0.0085441943749948145 -0.013866785833619855 -0.0076166639214851938 -0.01124920374636882 -0.0081556922566782056 -0.012701954903941238 0.0068934524621540611 0.018926534257794319 0.021606435566933702 -0.0061731843980481448 0.0038044616005221462 0.031361201256174275 -0.0093361480202933597 0.030895911456907569 0.019174472295672599 -0.016265968435454786 0.011798359486412485 -0.013644811192801398 0.01267177434113486 0.042556445168150256 0.0082462377453456498 -0.010310784487189072 -0.0057090628115902707 0.044636310210632808 0.0073874548677166614 0.0026207476012678234 0.021152669478860946 0.0039957874732958016 0.0010102040514307767 -0.0025872372971329992 0.030323245430147677 -0.0094207829779845015 0.019346092967842839 -0.004344410803100854 0.030054844439764573 0.0031297380109833639 0.015469009909959315 -0.0065209682005781368 0.024987629639384328 0.013473957037477346 -0.010415676320414964 0.030309370384768441 0.011355889281140326
leaf_weight=474.06718955561519 135.54625781998038 106.45268767699599 3.8130841329693785 99.996983252465725 73.457434348762035 37.709963098168373 8.1276913136243838 5.0750019736588028 96.437715236097574 96.686367031186819 6.3136165644973543 8.0067768022418004 5.0413767769932738 11.555221173912285 49.916934788227081 38.226209621876478 147.05007311142981 12.709097335115073 56.007948592305183 62.611800093203783 3.689911162480711 3.9368375074118367 8.7341002039611322 2.7236336618661907 17.767539970576763 15.730892129242422 35.349521324038506 20.232853829860687 2.1827751621603957 43.14772541821003 62.171321421861649 134.33598917536438 43.438280671834946 19.831301439553499 41.409031078219414 48.80222063139081 27.59024665504694 90.313355533406138 36.290103353559971 428.8853162266314 20.466758441179991 20.006011087447405 4.8334147781133643 16.914379712194204 37.413031723350286 13.62645050883293 51.291979992762208 33.030942842364311 266.90294615551829 6.5515168420970431 42.08597793802619 5.1276290807873002 16.979622548446059 13.106496738269923 83.144095420837402 5.2370228581130496 3.0620826855301848 61.972722962498665 15.596752025187014 42.614875566214323 27.193194542080164 410.68799864128232
leaf_count=13651 2799 3119 29 1499 1569 417 79 44 2018 1064 144 80 39 176 1027 678 2887 188 1011 912 59 69 80 28 220 217 425 170 24 836 438 2658 645 244 499 440 449 1401 256 4216 197 182 59 221 307 196 692 409 3336 79 790 94 320 276 1012 81 23 402 276 795 317 3094
internal_value=0.000438077 -0.00809949 0.00605062 0.00773147 -0.0040337 0.00426033 -0.0019755 0.0127123 -0.00323489 0.0112669 -0.00186857 0.0243358 0.00973131 -0.00575613 -0.00721652 -0.000190323 -0.00219352 0.00120207 0.0087669 0.00103535 0.0176946 0.0233296 0.00940223 0.0154885 0.000942753 0.00253348 0.0038012 0.00290221 0.0337483 -0.00817032 0.0266873 -0.00298228 0.0272739 0.00200137 0.00116237 -0.00108263 0.00819082 0.00787234 0.0393997 0.00621744 0.00729685 0.00418255 0.0227597 -0.010767 0.0148079 0.00448151 -0.00564414 -0.00303112 -0.00465467 0.00871864 -0.0154679 -0.00474315 0.00963459 0.0202439 0.0084178 -0.00756944 0.0292454 0.0223458 -0.0124978 -0.0034554 0.0261411 0.0107582
internal_weight=3819.22 1513.99 2305.23 2019.46 1039.92 1195.56 886.254 823.9 830.442 754.854 756.985 71.5607 683.293 285.771 274.216 660.547 532.008 341.81 119.782 738.428 63.7741 51.065 457.132 55.8121 25.8952 638.431 575.819 555.254 46.4797 190.198 69.0465 222.028 47.3751 535.022 515.19 396.697 616.279 128.54 38.4729 482.179 449.352 25.081 20.5643 210.672 134.099 63.5434 185.628 347.894 308.312 39.5825 153.666 47.2136 36.3997 19.4201 118.494 32.8273 65.2334 67.0141 193.758 58.2116 29.9168 419.422
internal_count=59962 33749 26213 20723 20098 12892 16095 7831 15451 7341 13882 586 6755 5490 5314 11864 9785 6062 1972 9301 961 773 3591 644 299 7802 6890 6614 360 3723 490 4090 714 6444 6200 4763 6314 2079 280 4943 4413 226 276 4091 1371 1223 3350 4323 3835 488 4003 884 740 420 1437 530 461 441 3870 1071 345 3174
is_linear=0
shrinkage=0.03


Tree=42
num_leaves=63
num_cat=0
split_feature=23 3 3 14 4 6 7 32 11 32 32 3 14 3 9 21 7 12 8 9 14 11 12 7 7 13 21 8 12 25 25 12 14 25 21 3 24 14 14 22 8 8 0 9 12 1 3 12 5 11 11 18 25 7 12 8 8 24 24 5 25 25
split_gain=198.252 49.4382 36.6034 25.9645 23.8029 23.2244 20.9186 20.5738 17.5063 17.1707 16.7377 18.67 14.602 12.8959 12.8952 12.207 12.1229 11.4973 11.4545 11.2052 10.9807 11.6374 10.7822 10.2358 9.81676 9.6791 9.65723 9.44447 9.43435 9.32241 9.27831 9.12577 8.99166 10.2752 8.92263 12.6849 8.838 8.81896 8.725 8.35124 8.26929 8.23823 8.18174 7.89537 21.4888 8.63828 8.56995 8.36531 8.15426 7.79175 7.82113 7.73991 7.68098 7.63419 7.73617 7.55338 7.51015 7.46426 7.91711 7.45073 7.34352 7.25883
threshold=0.24323514103889468 0.62921172380447399 -0.20680647343397138 -0.65232509374618519 0.84936901926994335 1.3273013234138491 -0.71408048272132862 11.500000000000002 0.18952471017837527 14.500000000000002 15.500000000000002 1.8791651129722597 0.35399699211120611 1.2413458824157717 -0.97249707579612721 -0.84830385446548451 0.61493706703186046 -0.31606666743755335 -0.66185823082923878 -0.65126872062683094 0.088083058595657363 1.5227683782577517 1.1941973567008974 -0.55664002895355214 1.6130090951919558 1.9097872972488406 1.3633279800415041 -0.30845902860164637 0.72935906052589428 -0.18729879707098004 -0.018762397579848763 -1.2995728850364683 -0.86427190899848927 2.2106661796569829 1.0972294211387636 0.86608561873435985 0.11557222157716752 0.074332818388938918 0.36979033052921301 -1.0367500782012937 -1.295476973056793 -0.37421622872352595 1.6338733434677126 0.44252236187458044 0.87617370486259472 -1.0000000180025095e-35 -0.58610415458679188 1.3049329519271853 -0.63757014274597157 1.2867087721824648 1.4253736734390261 -0.76526281237602223 0.96852681040763866 0.3483444750308991 0.85379028320312511 1.2273285388946535 0.31552396714687353 -0.57509276270866383 0.52507355809211742 1.3170785903930666 -0.77456229925155629 -0.57691955566406239
decision_type=2 2 2 2 2 2 2 2 2 2 2 2 2 2 2 2 2 2 2 2 2 2 2 2 2 2 2 2 2 2 2 2 2 2 2 2 2 2 2 2 2 2 2 2 2 2 2 2 2 2 2 2 2 2 2 2 2 2 2 2 2 2
left_child=2 3 4 6 8 10 49 12 15 17 11 20 31 41 -8 -1 19 -5 -19 -16 53 25 26 -20 32 59 29 -10 40 -12 55 -4 33 -18 35 -7 -14 60 56 -23 -13 -9 -31 47 45 -45 -47 -25 -48 -2 -51 -36 -11 -3 -55 -21 -6 -33 -59 -22 -17 -15
right_child=1 5 7 9 38 34 14 13 27 52 22 28 36 61 16 37 24 18 23 30 21 39 -24 43 -26 -27 -28 -29 -30 42 -32 57 -34 -35 51 -37 -38 -39 -40 -41 -42 -43 -44 44 -46 46 48 -49 -50 50 -52 -53 -54 54 -56 -57 -58 58 -60 -61 -62 -63
leaf_value=-0.026125815602859929 -0.014446668500388948 0.0064747052325869791 0.045102630137165658 -0.0069267193694626163 -0.0021060570645733711 0.025988817296090073 -0.0031568540403862661 -0.013473184112736297 -0.016352541783974099 -0.0050548708865917292 0.0056535822772533096 -0.0074022324970048608 -0.013624932441322736 0.022922847183504388 0.03007060836081164 0.017072240110742903 0.03605832889021978 -0.0049206598611711786 -0.0035624388784114918 0.0056948994150887843 -0.0020354018938884039 -0.0097516668007103131 0.01905559280691024 0.0018914665411825385 -0.0021816250276862422 0.021805458815805073 0.011158188819810748 -0.0021339201642622254 0.0054916968252601483 -0.0050077466280599161 0.00072662459761530234 -0.0067703319563139092 0.0037438815209604208 -0.0051199512531129657 -0.00066252346339685337 0.0081159476781463274 0.011173907529922414 -0.019702057330359103 -0.013926731600953708 0.03075435642993473 0.03828718133833673 -0.0045469186762038373 0.020821513170030823 -0.0058128109722123183 -0.0071591165530391189 -0.0016788240009785321 -0.0034580037703160959 0.03371299602400131 0.04548363868698542 0.028047039157163195 -0.005326989337304181 0.022398203956530631 -0.016221655439025887 0.021916910738900976 0.002069508909174182 0.035659588437533682 0.02288804958594394 0.024602636681089141 -0.0061884615560708926 0.017440808259140465 -0.01100871798933147 0.00042514507135161546
leaf_weight=130.67870398797095 45.469550043344498 105.84604127332568 5.5681373476982108 76.547387585043907 17.332043450325727 39.182505805045366 50.907595753669739 154.9672630392015 59.475222751498222 364.94052283838391 129.35241632908583 2.328598476946353 26.820452556014061 11.921684503555296 13.550674866884945 4.4372968878597012 47.209752287715673 55.086885143071413 32.964129693806171 21.632115148007873 204.4685026332736 3.2976514846086529 26.800905037671328 54.771490138024092 11.477783087640999 14.202985908836125 66.228588674217463 126.14612254314125 16.369794715195894 261.7226635441184 113.12212399765849 12.022172249853609 13.921219743788241 4.8040434457361689 14.083450451493261 246.92313360795379 17.098172184079885 178.88624106161296 10.529867663979529 15.986659947782753 31.714560866355896 242.54252150841057 6.6419525630772105 3.3495528101921073 14.182740241289137 4.2158778943121424 2.6207832470536223 3.7381182052195063 29.463593006134033 4.5826478675007847 15.027954176068304 140.57279843837023 62.808076042681932 88.810041457414627 23.150271251797676 9.0729262530803663 20.728838715702295 27.405060237273574 7.5328158326447001 14.309863917529581 185.14377514272928 55.237043932080269
leaf_count=4204 700 939 86 1244 297 362 566 3350 1512 6057 1461 19 571 165 152 123 443 853 551 281 2240 37 278 764 118 120 584 3048 126 2836 1262 238 161 41 83 1845 242 5272 196 153 234 5047 57 55 196 73 38 45 371 62 196 860 1012 681 178 106 335 368 79 129 5193 801
internal_value=0.000216373 0.00513639 -0.00929704 0.000191118 -0.0136904 0.00871815 0.00680457 -0.0034849 -0.0151268 -0.00312566 0.00616151 0.00988507 0.00881711 -0.00610499 0.0102786 -0.0180499 0.0131967 0.00266622 0.00641 0.00798854 0.00784229 0.00347373 0.00215244 0.0107264 0.0226578 0.00138312 0.000983223 -0.00699916 0.0265065 -0.000828631 0.00496772 0.0187925 0.0268307 0.0321396 0.0144489 0.010968 -0.00381508 -0.0148743 0.00607512 0.0232461 0.0346142 -0.00815092 -0.00399933 0.0148922 0.0227738 0.0330835 0.0369418 0.00641862 0.0415587 -0.00809132 0.00658563 0.0203432 -0.00686302 0.0127105 0.0180769 0.0183028 0.0125834 0.0116329 0.0180203 -0.000400275 -0.00992966 0.00573046
internal_weight=3801.93 2507.46 1294.47 1055.47 733.358 1451.99 350.778 561.115 684.767 704.689 1011.23 520.485 96.4468 464.669 285.698 499.146 234.791 276.941 200.393 157.378 470.072 252.266 490.747 145.306 77.4128 232.981 463.946 185.621 50.413 397.717 143.827 52.5282 65.935 52.0138 440.762 286.106 43.9186 368.467 48.5907 19.2843 34.0432 397.51 268.365 112.342 53.8325 39.6498 36.3003 58.5096 32.0844 65.0802 19.6106 154.656 427.749 217.806 111.96 30.705 38.0609 46.96 34.9379 218.778 189.581 67.1587
internal_count=59696 28569 31127 15347 20180 13222 4088 10947 19352 11259 10072 4856 1584 9363 3130 14792 2564 4190 2946 1801 4477 2679 5216 2093 763 2489 4938 4560 379 4354 1649 771 645 484 3150 2207 813 10588 828 190 253 8397 2893 1542 733 537 482 809 409 958 258 943 7069 1798 859 387 632 685 447 2369 5316 966
is_linear=0
shrinkage=0.03


Tree=43
num_leaves=63
num_cat=0
split_feature=15 6 32 4 11 6 2 21 5 21 14 9 21 11 21 4 32 20 11 11 7 11 23 16 29 14 11 20 8 8 16 15 15 12 15 21 19 9 4 10 10 9 7 21 7 10 9 11 9 21 23 14 10 21 10 23 22 17 12 14 7 9
split_gain=171.616 52.6753 31.0815 25.5228 23.7101 23.1977 18.6309 16.6555 14.2754 15.347 15.1831 14.2242 13.4846 13.3693 12.8886 12.6555 12.5625 11.5504 12.5864 11.2926 11.1846 16.7357 10.8793 10.8184 12.0885 10.7896 10.5139 10.3682 10.2212 10.1056 9.27447 8.67057 8.30109 8.29176 8.20995 8.20025 10.3634 8.089 7.97751 8.83537 9.8225 7.91167 7.90648 7.74928 10.3958 8.88931 9.67456 7.70812 7.93373 8.50043 7.66507 7.62386 7.49403 8.55367 7.38197 7.84633 7.47422 7.31534 8.01894 10.3977 11.0198 7.52423
threshold=0.087022006511688246 -0.36978991329669947 10.500000000000002 -0.42161579430103296 0.22568751126527789 1.3273013234138491 0.68075463175773632 1.1108442544937136 -0.27610240876674647 -0.032316787168383591 -2.6278655529022212 -1.0593020915985105 0.41548287868499761 0.15361523628234866 0.63832852244377147 0.86763000488281261 12.500000000000002 1.0201747417449953 -0.27547349035739893 -1.0661130547523496 1.0946914553642275 0.91171324253082286 1.0069981813430788 0.51841458678245556 0.56696429848670971 -0.23849282413721082 -0.036590769886970513 2.0652475357055669 -0.048087324947118752 -0.97748002409934986 0.77386131882667553 -0.88993984460830677 0.023382865823805336 0.74928659200668346 -0.98977747559547413 1.4334087371826174 0.34237301349639898 0.63310286402702343 1.0000000180025095e-35 -0.49425697326660151 -1.0964785218238828 -0.61529108881950367 -0.65814325213432301 0.020264307036995891 0.50035893917083751 0.22621353715658191 0.72313570976257335 -1.179838180541992 -0.79208737611770619 1.3425840735435488 1.3245232701301577 -2.4485961198806758 -0.73838320374488819 0.4581164419651032 0.28506852686405187 0.31260946393013006 -0.11838522925972937 1.906970262527466 1.1342283487319949 1.0441294908523562 -0.17414200305938718 -0.83916664123535145
decision_type=2 2 2 2 2 2 2 2 2 2 2 2 2 2 2 2 2 2 2 2 2 2 2 2 2 2 2 2 2 2 2 2 2 2 2 2 2 2 2 2 2 2 2 2 2 2 2 2 2 2 2 2 2 2 2 2 2 2 2 2 2 2
left_child=1 4 14 -3 12 8 7 17 27 10 -10 51 32 30 26 -12 23 18 -5 -14 57 -22 -9 24 -6 42 -2 38 -21 -15 47 -19 -1 -33 -30 36 43 -16 -4 40 -40 -8 -18 -31 45 46 -45 -11 -49 -50 -37 -7 -28 -54 55 -17 -56 61 59 60 -59 -13
right_child=2 3 5 6 16 11 41 22 9 13 15 20 19 29 37 54 25 31 -20 28 21 -23 -24 -25 -26 -27 52 -29 34 35 -32 33 -34 -35 -36 50 -38 -39 39 -41 -42 -43 -44 44 -46 -47 -48 48 49 -51 -52 -53 53 -55 56 -57 -58 58 -60 -61 -62 -63
leaf_value=-0.021669352343447711 -0.007214770984568443 -0.014137900741490201 -0.011363110545525107 -0.012454128480413641 -0.0010733675713826038 0.017170155646192977 -0.0074973244876742539 0.0036051901604743988 0.020032613853256144 -0.0066164813474927477 -0.0051897450097141149 0.026430424703415261 -0.016960283316017778 -8.4179588001502586e-05 0.025966470248534195 0.021895224826306115 -0.011682400648097873 -0.014929750582535449 -0.0019194281825709975 -0.011571418916309174 0.033886759240687014 -0.0017829919680053083 0.026962708620541145 -0.014830777201279595 0.032144539802793408 -0.014312325083727392 -0.0017923308836438783 0.028280755717183682 -0.013080553132814875 0.02948961488553457 -0.0074537436570199078 0.0051647404663824285 0.0090898600987177978 0.034039166393780775 0.019553107582075901 0.024595931485717003 -0.0035193517637011726 0.0082754126619943944 -0.0080172586141965315 -0.0057019347079040571 0.021866188855814421 0.020231318027544687 0.010017803953863728 -0.0042570025042686331 0.015729578391048722 0.012112681003511564 0.01353541311327955 -0.0053503283067661009 0.004321792063257889 0.017609256937251506 -0.009031503734954557 -0.0087623027985137877 0.019819177069488231 -0.0033536090184270815 -0.0035128779118303237 -0.0087649704869725252 0.033656804873453877 0.0062742301481358287 -0.0050751264071714789 -0.0061265093858664374 0.035691138637051041 0.0059399183396184026
leaf_weight=321.20674672164023 28.669870976358652 136.33586864173412 107.6039186231792 141.20513045042753 18.909462217241526 7.8295750319957724 8.526730611920355 70.977447748184204 22.468172498047352 51.59364752471447 321.25798288732767 12.839561633765696 58.784296149387956 104.2726177982986 95.270629577338696 5.6451021172106293 19.717893214896321 6.2821193151175967 346.03446590900421 24.209861319512129 38.366994060575962 15.621021352708338 19.97443887591362 9.7309708371758443 14.91660690307617 113.14957463927567 26.559097535908222 3.4579684324562541 5.285817718133333 14.264087956398724 81.640564274042845 29.004190310835838 5.525700617581605 9.6398803405463678 23.944777118042111 47.221977889537811 52.771837566047907 38.419247660785913 12.239238202571867 75.719097517430782 22.31404285877943 47.30923392996192 34.079082801938057 104.70715104416013 134.72734217345715 91.606270726770163 31.708576433360577 45.995625741779804 172.83546121045947 55.31682626157999 4.3479801937937728 47.540943957865238 76.371550988405943 15.805259197950361 5.5854154303669956 20.528372768312693 12.110929138958452 19.753180794417858 9.7631141319870931 8.4810859039425832 34.114254251122475 270.42517712339759
leaf_count=10126 343 3146 1708 3250 445 56 121 1239 237 733 4787 114 1753 1038 694 70 496 144 6559 650 275 97 188 207 355 2837 257 34 159 165 906 523 126 170 594 345 496 295 154 880 258 626 756 1078 1217 961 328 596 2329 601 25 426 723 124 63 209 123 141 64 55 210 2201
internal_value=0.000397731 -0.00764535 0.00542131 -0.00253954 -0.0139865 0.00412645 -0.00012423 -0.00165867 0.00239873 0.00353359 -0.0015153 0.00999295 -0.0179328 0.00550201 0.0147029 -0.00309396 -0.00553215 -0.00370301 -0.00506794 -0.00843152 0.0119077 0.0242897 0.00987257 0.0081569 0.0158282 -0.00923701 0.00815888 -0.0046018 0.00159849 0.00838675 0.00130367 0.0101252 -0.02102 0.015442 0.0126032 0.0102038 0.00865399 0.0213641 -0.00574643 -1.0518e-05 0.0116057 0.0157287 0.00174707 0.0103817 0.0092396 0.00514974 0.000211024 0.00357805 0.00558077 0.00785196 0.0212131 -0.00397701 0.0120125 0.0158777 0.0112142 0.000299019 0.0237357 0.00971577 0.0180754 0.0218082 0.0263531 0.00731102
internal_weight=3812.52 1464.75 2347.77 815.29 649.461 2066.68 678.954 623.118 1601.94 1380.61 387.596 464.735 438.957 993.01 281.096 365.128 210.504 532.166 487.24 112.225 409.364 53.988 90.9519 43.557 33.8261 166.947 147.406 221.334 53.4405 585.628 407.382 44.9262 326.732 38.6441 29.2306 481.355 429.785 133.69 217.876 110.272 34.5533 55.836 53.797 377.013 362.749 228.022 136.416 325.742 274.148 228.152 51.57 55.3705 118.736 92.1768 43.8698 26.1735 17.6963 355.376 72.1116 62.3485 53.8674 283.265
internal_count=59886 34470 25416 15966 18504 22980 12820 12073 19341 16307 5489 3639 13408 10818 2436 5252 5096 10646 9809 3156 3157 372 1427 1007 800 4089 1447 3034 1403 5653 5165 837 10252 693 753 4615 4245 989 3000 1292 412 747 1252 3749 3584 2367 1406 4259 3526 2930 370 482 1104 847 465 279 186 2785 470 406 351 2315
is_linear=0
shrinkage=0.03


Tree=44
num_leaves=63
num_cat=0
split_feature=6 3 16 14 32 3 14 14 4 8 8 32 9 7 32 32 0 20 0 26 20 22 32 4 31 7 8 24 4 14 9 23 5 5 23 9 10 10 23 16 29 13 24 8 22 16 14 31 18 22 7 13 7 10 7 32 6 8 7 26 18 0
split_gain=170.541 49.9755 39.7282 33.3574 23.5928 24.7321 17.7358 17.687 17.0067 15.9957 14.5916 12.9606 12.8571 12.2497 11.8756 11.4884 11.1573 10.9179 10.9006 10.674 10.6336 10.5745 10.1192 11.0806 9.82869 9.78681 9.73655 9.7287 9.69511 9.59724 9.48299 9.46371 9.28399 9.09145 9.07106 8.78531 8.55522 10.7619 8.79805 8.47732 8.08559 8.03368 7.97268 7.7322 8.67978 7.69536 7.55155 7.45341 11.886 8.73433 7.5517 7.84287 8.51972 7.32638 10.9703 7.2574 7.2081 13.8948 9.14876 7.5405 7.97751 7.19011
threshold=0.18883521854877475 0.42494635283946997 0.10826282203197481 -0.21979010105133054 8.5000000000000018 1.8791651129722597 0.45624482631683355 -0.91759115457534779 0.88692310452461254 0.22207754105329516 0.7804735302925111 12.500000000000002 0.4083890318870545 1.0780563950538637 16.500000000000004 15.500000000000002 -0.019554853439331051 -0.62945547699928273 0.98719066381454479 1.0649988651275637 1.0620574355125429 1.7625053524971011 12.500000000000002 0.88692310452461254 -0.64285716414451588 -1.3124920129775999 -0.072338536381721483 -1.4117928147315977 1.7498977184295657 0.94407358765602123 -1.2750047445297239 0.7802904248237611 -0.065406117588281618 -1.0000000180025095e-35 1.0388141274452212 0.98737704753875744 1.219083368778229 -0.54769408702850331 -0.91296622157096852 0.51841458678245556 0.53589746356010448 2.5572278499603276 1.2154535055160525 1.867189407348633 -0.40130424499511713 -0.24718429148197171 0.088083058595657363 -1.0000000180025095e-35 -0.54112252593040455 0.93864980340003978 0.051398042589426048 -0.38817144930362696 0.17512354999780658 0.34527760744094854 0.76338607072830211 13.500000000000002 1.2248637080192568 -0.84148156642913807 1.1701396107673647 -1.260078430175781 -1.0000000180025095e-35 -0.62834450602531422
decision_type=2 2 2 2 2 2 2 2 2 2 2 2 2 2 2 2 2 2 2 2 2 2 2 2 2 2 2 2 2 2 2 2 2 2 2 2 2 2 2 2 2 2 2 2 2 2 2 2 2 2 2 2 2 2 2 2 2 2 2 2 2 2
left_child=2 6 9 13 17 7 8 10 15 -1 -6 27 21 22 31 16 -2 -3 20 -13 -14 -5 -4 -24 42 -18 45 -11 41 32 -28 -12 -26 -17 -15 -22 37 -21 -38 61 -31 47 -7 44 -32 -27 -29 48 49 -9 -49 53 -53 54 -52 -41 59 -58 -59 60 -50 -8
right_child=1 4 3 12 5 24 39 28 -10 11 14 19 18 34 -16 33 25 -19 -20 36 35 -23 23 -25 29 26 30 46 -30 40 43 -33 -34 -35 -36 -37 38 -39 -40 55 -42 -43 -44 -45 -46 -47 -48 50 56 -51 51 52 -54 -55 -56 -57 57 58 -60 -61 -62 -63
leaf_value=-0.017325530580371905 -0.013754004502927367 -0.0070095860184293335 0.017373529416503799 -0.012031923775868461 0.0082979436989234455 0.014655913385878606 0.012075716759792172 0.018019261126897244 0.013209033519522614 -0.014120318661820591 0.00458289111976773 -0.013140738841436281 -0.0062793015631292422 0.032771346280435466 -0.0094947189370500357 -0.016981406385396323 -0.012402295574495579 0.028990302601024684 0.023554242924776238 0.017933650825424734 0.018955115298144653 0.023511231255933612 -0.00392672136020163 0.02017723180237857 0.00049680975568222737 0.016245749805078494 -0.0091527157468727222 0.02002175133102382 0.013593903460371695 -0.0036533917073020396 -0.00098939090107955574 0.036918551061865784 0.02630046271867665 -0.0025377249695907825 -0.008106218630720155 -0.0086280372276753888 -0.0093893634056035381 -0.017383614067908101 0.042514752525807088 0.01263986026415897 0.020445688011193199 0.016897761933972806 -0.011282001053573626 -0.0036267541617113837 0.02041890240093637 -0.0040051666559518138 -0.0030794210369067456 0.0013196869282345535 0.017784908315590091 -0.0082222067131606374 0.0068960690285103541 0.019257880951102972 0.0038546100301427668 -0.00061174350556629791 0.043424419852354026 -0.0072391730116630982 0.019262456206170071 -0.0074688618957765565 0.017405529466082988 -0.0071958876608746881 -0.0099598938491704207 -0.015683665676765129
leaf_weight=386.57060696557164 26.237522991374135 6.6484928615391246 35.471370834857225 276.21235243976116 150.48913624882698 15.717150304466484 5.478607550263404 42.576054211705923 87.332668147981167 14.607587667182086 11.912530090659855 222.13318636082113 180.52232544310391 20.307405043393377 5.2992792353034011 43.384422222152352 21.387083888053894 58.843287698924541 9.5983060933649522 7.920422535389668 26.208606088533998 3.2579066362231961 101.23942640796304 15.472049705684183 14.227316882461308 15.744519695639609 14.237517755478619 26.364228490740061 85.857349067926407 27.544459138065577 19.93843736499548 38.905028998851776 115.35333378240466 220.99523449130356 3.9267536774277678 12.024484548717735 2.1718757059425116 14.819099448621271 3.6064332872629157 20.431383136659861 16.252734981477261 33.041756752878428 17.041032373905182 17.346406519412994 96.667640063911676 85.867650141939521 19.463587131351233 283.23114815726876 19.609104298055176 11.770345300436018 16.689714107662443 33.167408917099237 242.48628837242723 11.650042198598383 12.629629820585249 42.222877882421017 31.348214730620384 67.08387117087841 11.425554394721983 214.43065061792731 10.948979135602711 110.32744875177741
leaf_count=10754 453 63 495 5751 1134 127 122 418 935 420 94 6273 3753 314 44 804 379 416 141 213 462 55 1804 187 102 312 185 564 641 201 288 247 742 3474 46 219 71 399 85 305 111 247 104 195 1186 1246 472 3068 208 115 177 333 2328 124 127 703 288 574 81 2441 128 2172
internal_value=0.000167432 0.0049438 -0.00823213 -0.00306101 0.00802186 0.00721716 -0.00104232 0.00568099 0.00127617 -0.0132459 0.0136616 -0.00798258 -0.00695325 0.00802583 0.0261897 -0.00067895 0.0033407 0.0250978 -0.0016131 -0.0109483 -0.00321903 -0.0112116 0.00444722 -3.37136e-05 0.0167925 0.00521366 0.00693565 0.00421435 0.00416535 0.0195682 0.0117119 0.030428 0.0235911 -0.00517912 0.0258942 0.0102855 0.00554164 -0.00406702 0.0277002 -0.00928062 0.00646818 0.00332733 0.00145563 0.0141791 0.0168681 -0.000252596 0.0108727 0.00280183 -0.000321384 0.012122 0.00491739 0.00806513 0.00601804 0.0196858 0.0266651 -0.000301614 -0.0023691 0.00389758 -0.00302348 -0.00520095 0.00784127 -0.013925
internal_weight=3815.68 2433.78 1381.9 684.241 1606.18 1540.69 827.599 1334.55 649.139 697.657 206.606 311.086 507.824 176.417 56.1168 561.806 297.427 65.4918 228.354 250.651 218.755 279.47 152.183 116.711 206.136 271.189 249.802 60.4354 1127.95 173.378 148.19 50.8176 129.581 264.38 24.2342 38.2331 28.5178 22.7395 5.77831 178.46 43.7972 1042.09 32.7582 133.952 116.606 101.612 45.8278 1009.05 409.193 54.3464 599.854 316.623 275.654 40.9694 29.3193 62.6543 354.846 109.858 78.5094 244.989 30.5581 115.806
internal_count=59920 27442 32478 13227 14683 14204 12759 12817 9457 19251 1519 8497 10381 2846 385 8522 4244 479 4575 7041 4434 5806 2486 1991 1387 3791 3412 1456 11298 1156 1854 341 844 4278 360 681 768 612 156 3302 312 10657 231 1669 1474 1558 1036 10410 4253 533 6157 3089 2661 428 304 1008 3720 943 655 2777 336 2294
is_linear=0
shrinkage=0.03


Tree=45
num_leaves=63
num_cat=0
split_feature=3 32 15 23 7 33 14 3 4 3 14 23 9 3 9 21 7 11 26 12 7 4 29 26 5 16 16 11 26 7 4 4 3 11 26 9 22 5 32 9 7 15 23 2 21 23 16 3 9 27 11 15 14 9 10 14 15 14 16 5 14 32
split_gain=172.576 41.9709 41.6643 30.1971 23.5605 20.4046 19.2247 16.0161 15.0268 14.7483 13.2239 12.5769 12.4423 11.7316 11.1941 10.5997 10.147 9.71867 9.71686 10.3194 9.40396 9.36794 11.322 9.3503 9.29011 9.19315 12.6971 11.2048 9.43546 8.93178 8.72963 8.68432 8.46288 8.40558 8.19758 8.55059 9.52141 8.18633 9.32323 8.15127 8.12733 8.00727 8.00499 9.18657 8.71948 10.9013 13.8077 15.5213 11.6947 8.87851 10.1381 9.71199 7.94995 7.93228 7.89462 7.83873 7.76051 9.88904 7.63028 7.92965 7.56998 7.52094
threshold=-0.1959760785102844 12.500000000000002 0.045292682945728309 0.35612271726131445 -0.92921462655067433 1.0000000180025095e-35 -1.716747462749481 1.6522202491760256 0.86763000488281261 1.8322706222534182 -0.91759115457534779 -0.74863648414611805 -0.37445831298828119 1.2413458824157717 -1.6554731130599973 1.5701983571052553 1.7628809213638308 1.9719099998474123 -1.2863872051239011 0.37818798422813421 0.31008023023605352 0.15862626582384112 0.2264957278966904 -0.41861012578010554 -0.19092956930398938 0.54733818769454967 -0.38803222775459284 1.2457470297813418 -0.17025147378444669 0.26012976467609411 -0.47678935527801508 1.3186880946159365 -0.46603828668594355 0.20119599997997287 0.40839967131614691 -1.0063593387603758 -0.29497428238391871 1.2521092891693117 12.500000000000002 -1.0826901197433469 -0.13893931359052655 -0.35810057818889612 1.2586392164230349 1.7691940665245058 -0.010693989694118498 0.67064848542213451 0.72081202268600475 0.022109915502369407 1.1550969481468203 2.5000000000000004 -0.11688621342182158 0.86289587616920482 0.62559637427330028 1.3031242489814761 -0.53750944137573231 -0.25796048343181605 0.64805662631988536 0.43654190003871923 -0.20994251966476438 0.36174772679805761 0.39207851886749273 17.500000000000004
decision_type=2 2 2 2 2 2 2 2 2 2 2 2 2 2 2 2 2 2 2 2 2 2 2 2 2 2 2 2 2 2 2 2 2 2 2 2 2 2 2 2 2 2 2 2 2 2 2 2 2 2 2 2 2 2 2 2 2 2 2 2 2 2
left_child=2 6 11 13 -5 8 -2 14 25 10 23 31 16 21 -8 24 18 39 19 -12 -13 52 -23 54 -16 26 32 28 -27 -29 -14 -1 -4 37 -25 -36 -37 38 -22 -9 -24 -33 43 44 -32 46 47 -46 58 51 53 -47 -3 -51 -6 -52 57 -26 -49 -60 -10 -11
right_child=1 3 5 4 9 -7 7 17 60 61 12 20 30 -15 15 -17 -18 -19 -20 -21 33 22 40 34 56 27 -28 29 -30 -31 42 41 -34 -35 35 36 -38 -39 -40 -41 -42 -43 -44 -45 45 49 -48 48 -50 50 55 -53 -54 -55 -56 -57 -58 -59 59 -61 -62 -63
leaf_value=-0.01979246489797884 0.027719289683818048 -0.0061937708566421092 0.00034706945233711702 -0.0092765103246440633 0.035197915211745139 -0.01456489036013256 -0.0096968501217293366 0.00039779605536139934 0.023295903231354879 0.014331862066803173 -0.0091600774318183597 -0.01386633034595636 -0.0064340538288194596 0.0059065747845657201 -0.0041211506051252586 0.022081755119038857 0.022551238583691024 -0.010088087621121738 -0.0072634688950280251 0.026259652710984974 0.0065234955806370478 0.021429887201720958 0.0096508504967346784 -0.0036004466500359693 0.0090085953913377828 0.015481363462646613 -0.0091114365733495906 0.034345884401383711 -0.005476660953596813 -0.0079546407701237432 -0.0038864292586316667 -0.01374555679458693 0.035964767812629035 0.0064264769327693509 -0.0047238157011174862 -0.005382370359019944 0.019419251300766955 0.018477443981090441 -0.015508881587037702 0.027497530020963515 -0.011378090964873395 0.028372683344780172 0.011693306128828726 0.028793058536451976 -0.012912987660557932 0.021075942964593346 -0.01019760433238601 0.00082955634601118093 -0.0055806138404636725 -0.01214652821355861 -0.0075373947115857948 8.0646914396046525e-05 -0.017256813009383257 0.016326362051149235 0.010826092680713141 0.0060137845238594709 0.01249186599315049 -0.0045860629179659447 0.032242300847246198 0.0047468041463530385 -0.0096227072726592089 -0.0038312783750910928
leaf_weight=300.87896895967424 49.544986367225647 260.50459178164601 15.656088188290598 111.64467989653349 16.893262024968863 82.799897663295269 30.925392670556903 11.833591245114802 32.523851864039898 174.59772124513984 9.4716975353658217 289.11490994505584 63.626934677362442 74.302845515310764 62.167585032060742 38.759594477713108 7.5877227075397959 5.7707428447902194 207.52321079000831 12.349765226244925 18.860147638246417 16.306148007512093 21.711561983451247 51.395264066755772 119.2850664909929 22.704050995409489 127.16075227409601 13.052894376218321 59.08060210570693 3.8278556503355494 132.50722661986947 3.8305818811058998 4.8391384780406943 42.308301808312535 23.18782789260149 14.899657376110552 68.107793889939785 4.7232203017920247 77.125364426523447 64.69491358846426 39.476290816441178 3.1083561070263377 121.91015040501952 7.5988692566752425 11.086530834436415 35.929815918207169 17.52827587723732 11.308953035622833 11.854065023362635 73.076104283332825 44.927422743290663 38.538671102374792 75.281495548784733 5.5661798156797877 43.116214748471975 166.33443476632237 182.76947553083301 74.637018801644444 56.590014278888702 13.416352592408655 4.686799604445695 21.070449650287628
leaf_count=9982 350 5591 277 1545 142 1322 446 91 347 1169 133 7532 908 1039 886 334 90 36 2636 148 457 244 359 430 1601 352 2098 176 862 42 1790 78 82 872 211 135 531 98 2065 430 608 53 993 70 181 418 198 145 149 860 375 319 1761 64 355 1613 1432 1220 706 148 65 166
internal_value=-0.000278876 0.00380843 -0.0102326 0.00171347 0.0037333 -0.00192074 0.010486 0.00882044 0.00196015 0.00475502 0.00354079 -0.0143071 0.00211973 -0.00477716 0.00670073 0.00785192 -0.00387195 0.0207846 -0.00520865 0.012044 -0.0107808 -0.00674561 0.0025253 0.0101882 0.00636057 -0.000856966 -0.00552316 0.00605572 0.000898186 0.025128 0.00388146 -0.019006 0.0141607 -0.00428555 0.0060052 0.0106069 0.0149145 -0.00887685 -0.0110711 0.0235885 -0.00375093 0.00910253 0.00479562 0.00337091 0.00283032 0.00468197 0.0122668 0.0163375 0.0202985 0.00201516 -0.000413018 0.0108992 -0.00889085 -0.00927577 0.0198665 0.00302432 0.00812175 0.00379251 0.0241759 0.0276406 0.018501 0.0123292
internal_weight=3807.9 2701.62 1106.28 2061.23 1573.65 366.332 640.388 590.843 283.532 1462 1266.33 739.95 1048.73 487.583 508.544 477.619 236.932 82.2992 229.345 21.8215 432.132 413.28 77.494 217.6 438.859 246.321 147.656 98.6654 81.7847 16.8808 811.8 307.818 20.4952 143.017 157.591 106.195 83.0075 100.709 95.9855 76.5285 61.1879 6.93894 748.173 626.263 618.664 486.157 121.784 104.256 93.1694 364.373 289.904 74.4685 335.786 78.6423 60.0095 211.262 376.692 193.922 81.3153 70.0064 37.2107 195.668
internal_count=59816 33056 26760 26230 16628 5623 6826 6476 4301 15083 13748 21137 11944 9602 5919 5473 3007 557 2917 281 11024 8563 1211 1804 5139 3889 2457 1432 1214 218 8937 10113 359 3492 1307 877 666 2620 2522 521 967 131 8029 7036 6966 5176 1527 1329 1148 3649 2912 737 7352 924 497 1988 4253 2821 999 854 412 1335
is_linear=0
shrinkage=0.03


Tree=46
num_leaves=63
num_cat=0
split_feature=15 6 4 32 32 21 4 11 14 11 21 11 6 21 25 2 21 11 22 7 25 6 22 4 9 26 29 19 31 12 2 7 20 17 13 18 25 7 4 26 9 20 6 25 15 15 0 2 20 26 6 25 7 0 10 10 12 12 9 2 25 13
split_gain=161.812 49.8237 26.2877 25.4512 23.5269 22.2661 20.2521 18.2161 17.8918 16.1137 15.6492 15.2106 14.5732 14.4405 13.9362 13.9168 13.8635 11.03 11.0253 10.9721 12.2389 14.8003 10.6299 9.99171 9.73984 9.53239 9.01941 8.92087 8.89716 8.80516 8.7975 8.68555 9.34022 8.42059 8.56604 8.47508 8.18148 8.15906 7.94855 7.94232 8.30135 8.32213 7.92807 7.83481 7.8333 7.73533 7.65938 7.56037 7.55583 7.42239 13.5925 11.0627 9.69962 9.35902 10.2331 8.86224 8.10389 8.67189 7.32969 7.29328 8.68275 7.21725
threshold=0.045292682945728309 0.47239089012146002 -0.037920959293842309 14.500000000000002 11.500000000000002 1.3856074810028078 0.076210848987102522 -1.0000000180025095e-35 -2.0186604261398311 0.89920526742935192 -0.86454546451568592 -1.0015843510627744 0.73624765872955333 1.011862635612488 -0.30147556960582728 1.2062891721725466 0.42662246525287634 -0.36548389494419092 -0.30691333115100855 0.47168157994747167 -0.0082805575802922231 1.0052202939987185 -1.0000000180025095e-35 0.011831153184175493 0.65484705567359935 0.98986387252807628 0.76696833968162548 0.3725841492414475 -0.92857143282890309 1.1550969481468203 -1.0000000180025095e-35 -0.23539327085018155 0.1621946915984154 -0.40841364860534662 0.15346471965312961 -0.27230566740036005 -0.48841369152069086 0.060171486809849746 1.0026745796203616 1.2650672793388369 0.97077760100364696 -1.6896293759346006 1.4189823865890505 -0.69682997465133656 -1.0622653365135191 1.8544031381607058 -0.65881773829460133 0.13822392374277118 0.33381660282611852 -0.91741299629211415 1.2137548923492434 2.289776206016541 -0.14796096086502072 0.62649786472320568 -0.97677549719810475 1.2908724546432497 -1.3720019459724424 0.75070902705192577 0.57751688361167919 0.78288003802299511 0.96852681040763866 -0.86080893874168385
decision_type=2 2 2 2 2 2 2 2 2 2 2 2 2 2 2 2 2 2 2 2 2 2 2 2 2 2 2 2 2 2 2 2 2 2 2 2 2 2 2 2 2 2 2 2 2 2 2 2 2 2 2 2 2 2 2 2 2 2 2 2 2 2
left_child=1 4 12 8 6 11 10 16 24 45 -1 -5 -2 14 31 19 -6 -15 -8 20 21 23 -19 -13 28 -18 -16 -17 -4 39 -12 -3 -33 -7 -35 -36 37 -9 -38 40 41 -11 -22 -32 -45 49 -20 48 -23 55 53 52 -52 56 -55 58 -51 -58 59 60 -10 -54
right_child=2 13 3 5 7 33 18 36 9 29 30 15 -14 17 26 27 25 22 46 -21 42 47 -24 -25 -26 -27 -28 -29 -30 -31 43 32 -34 34 35 -37 38 -39 -40 -41 -42 -43 -44 44 -46 -47 -48 -49 -50 50 51 -53 61 54 -56 -57 57 -59 -60 -61 -62 -63
leaf_value=-0.020557919863511957 -0.0091082863603898397 -0.0025633391674219118 -0.0069934274575326272 -0.014516921894373203 -0.020504840601657907 0.030428766847087629 -0.0084430813199650664 -0.005443442054703691 0.031118355113001327 -0.0087373252530504025 -0.017203820236930071 -0.0042613715398050235 0.0030262967397003959 -7.1362683652813423e-05 -0.0080828361977543957 0.020317530986466773 -0.012177017651448095 -0.0099953380890415774 -0.004717675999936108 0.0062560744086188405 -0.0058040156732448323 0.033786064665428633 0.026128745503865292 0.011455308314961462 -0.0023428478262271834 0.0076355920990691592 0.0049383145388152598 -0.0083287681456632057 0.031269561152553797 -0.0031104974695729251 0.027880089173860423 0.036747485967181977 0.0021883821126902226 0.0039189377127058474 0.028364440008116984 0.0062254311668918363 -0.010827951802429408 0.018963263216168709 0.0055257637965329572 -0.0026960942327909389 -0.0001548360096453343 0.020143303845049452 0.0042346745094425323 -0.015616278538326795 0.0072642102709414074 -0.018035723952194577 0.039474382733899582 -0.0033685369958935695 0.0054773349694282386 0.016118040528426834 -3.9494314627447906e-05 -0.011741847052126615 -0.0086897110612245247 -0.016245306538751211 0.02091504841148982 -0.0083698274321884585 -0.0060198664705495512 0.0062483519702749611 0.0042621461341345408 -0.0052576941260769981 -0.0035763130168083731 0.025174301311098445
leaf_weight=35.140498578548431 157.89891538396478 18.673730567097664 4.1970931328833094 43.996053397655487 322.7259566616267 19.006229754537344 5.637188225984576 28.774278599768877 41.275055352598429 6.7079419977962962 12.576776746660469 112.64022325724363 192.5599660128355 38.532544326037169 171.99937347136438 52.743175409734249 144.2905192989856 5.9808424897491923 3.0944679491221949 305.1421623416245 322.68646905943751 22.87589343637228 41.483197651803493 47.73547825217247 9.945759814232586 22.116942193359137 61.787237696349621 8.9107746481895429 58.051908165216446 21.916974153369665 7.7315218206495038 12.928941346704962 12.695307224988936 89.518731940537691 31.500746291130781 33.445479732006788 316.62584634311497 14.703340450301765 26.172324653714895 17.692021794617176 22.004695683717728 216.67327807843685 86.389504868537188 12.731196478009222 51.570982659235597 7.5434364937245837 14.789926007390019 9.7525435462594015 15.447214648127554 17.681397370994091 22.38936136290431 10.192448273301123 3.8022897318005553 4.3534459806978694 29.518830418586731 11.732295174151657 179.65105661377311 67.534165520220995 31.714222449809313 5.7025857083499423 6.4293634407222262 60.172040536999702
leaf_count=1033 2741 327 33 678 10379 210 115 708 427 86 365 1676 2113 586 2813 409 3946 76 65 3143 3997 215 420 609 77 594 1002 70 415 180 178 206 205 705 234 295 8051 319 404 158 200 1802 719 376 1203 56 253 79 135 222 186 96 32 42 259 118 2107 756 329 47 67 416
internal_value=0.000381939 -0.00778159 0.00507395 0.00636488 -0.0111721 0.00352498 9.8526e-05 -0.0130068 0.0103043 0.00887548 -0.00511891 0.00181779 -0.00249214 0.00172788 -0.00163893 0.00261758 -0.0168595 0.0121069 0.0229019 0.00165176 -0.000655363 0.00518578 0.0210581 0.000621569 0.0242539 -0.00939784 -0.00461014 0.0158631 0.0283616 0.0145308 0.00208253 0.0129191 0.0227783 0.0133106 0.0103162 0.0182235 -0.00797521 0.00391503 -0.00951787 0.0160311 0.0174081 0.0191037 -0.00365849 0.00634793 0.00193426 0.00553804 0.0324679 0.0189186 0.0243245 0.00607712 0.00415179 0.0136348 0.0171084 0.000912749 0.0146638 0.0133456 -0.00108489 -0.0026106 0.0166369 0.0229914 0.0265467 0.0226776
internal_weight=3791.89 1382.76 2409.13 2058.67 1018.68 1201.79 143.273 875.409 856.882 784.687 119.751 1028.32 350.459 364.081 278.085 984.323 489.133 85.9966 23.5216 922.669 617.527 208.451 47.464 160.376 72.1948 166.407 233.787 61.654 62.249 284.995 84.6105 44.298 25.6242 173.471 154.465 64.9462 386.276 43.4776 342.798 263.078 245.386 223.381 409.076 72.0337 64.3022 499.692 17.8844 48.0757 38.3231 492.149 395.295 96.5561 86.3637 298.739 33.8723 96.8535 264.867 247.185 85.1212 53.407 47.7044 63.9743
internal_count=59763 33624 26139 21285 27989 13174 3588 24401 8111 7586 3155 11730 4854 5635 4553 11052 14919 1082 433 10573 7430 2714 496 2285 525 4540 3815 479 448 2426 2122 738 411 1444 1234 529 9482 1027 8455 2246 2088 1888 4716 1757 1579 5160 318 429 350 5104 4116 730 634 3386 301 988 3085 2863 870 541 494 448
is_linear=0
shrinkage=0.03


Tree=47
num_leaves=63
num_cat=0
split_feature=3 4 6 14 16 14 6 3 10 32 10 14 20 32 32 14 24 23 14 17 32 17 13 4 19 2 18 4 4 19 26 5 16 7 5 3 21 22 18 6 12 26 2 9 12 7 14 16 9 14 35 7 3 10 23 13 10 7 4 16 10 13
split_gain=168.494 39.0262 38.207 30.689 28.3714 27.6 20.7757 18.2706 15.4191 14.4013 14.3231 13.5934 13.4557 13.0086 12.3059 12.0618 9.7777 14.1297 11.575 10.5684 9.33601 9.96446 10.4759 9.22565 9.97966 9.21491 9.19678 9.09647 9.08157 9.05581 8.76186 8.64712 8.63694 8.1625 8.15271 7.97243 7.84716 7.90168 8.13068 8.59569 7.8745 7.78698 7.60787 7.5965 8.53441 7.53525 8.26796 7.53161 7.52624 8.06979 7.53328 7.44402 7.39987 7.38451 9.08742 7.20483 7.11101 9.38568 6.96552 9.94215 9.19834 6.95932
threshold=0.057279193773865707 -0.21817633509635923 -0.36978991329669947 0.42620393633842474 0.68931186199188244 -0.91759115457534779 -0.36978991329669947 0.82590156793594371 -0.71564483642578114 14.500000000000002 0.64444473385810863 0.21859091520309451 0.63893267512321483 8.5000000000000018 11.500000000000002 -2.1423717737197872 1.351335942745209 0.67064848542213451 0.25846868753433233 -0.59563481807708729 8.5000000000000018 0.37150834500789648 -1.0793811082839964 1.4110732674598696 -1.1215525865554807 -0.019509222358465191 -0.66066017746925343 -0.37091331183910364 0.84936901926994335 -0.039485968649387353 -1.7004948854446409 -0.5941471755504607 0.88203388452529918 1.2956362962722781 0.017763786949217323 1.2597366571426394 0.81812775135040294 0.85249227285385143 -0.262730062007904 0.16466777026653293 -1.0426662564277647 1.2264904379844668 1.2661823034286501 0.74547854065895092 -0.551875740289688 0.012041569687426092 0.25846868753433233 0.49358618259429937 0.49961508810520178 -0.13370531797409055 1.0000000180025095e-35 1.3235239386558535 -0.96242660284042347 1.5118504166603091 1.1808839440345766 0.37361946702003485 1.153773367404938 0.3483444750308991 1.2038460373878481 0.38605833053588873 0.067520957440137877 1.0971648097038271
decision_type=2 2 2 2 2 2 2 2 2 2 2 2 2 2 2 2 2 2 2 2 2 2 2 2 2 2 2 2 2 2 2 2 2 2 2 2 2 2 2 2 2 2 2 2 2 2 2 2 2 2 2 2 2 2 2 2 2 2 2 2 2 2
left_child=1 -1 11 4 6 8 28 20 27 25 -11 -2 42 -14 -8 52 17 18 31 -20 -7 22 -22 24 -24 -10 -27 -4 -3 -13 32 -15 -19 56 -5 -31 58 38 39 -38 -40 -18 -9 44 -21 -32 51 -29 50 -50 -44 -47 -16 54 -6 -45 57 -28 -17 60 -60 -33
right_child=2 3 5 34 53 7 14 12 9 10 -12 29 13 16 15 36 41 30 19 43 21 -23 23 -25 -26 26 33 47 -30 35 45 61 -34 -35 -36 -37 37 -39 40 -41 -42 -43 48 55 -46 46 -48 -49 49 -51 -52 -53 -54 -55 -56 -57 -58 -59 59 -61 -62 -63
leaf_value=-0.018045643064246178 0.0026649899313351457 -0.013497174696583202 -0.0087920017529736754 -0.016678398423880917 0.010769818829905941 0.016456911155796197 0.010134723383976625 0.0026613190939070506 -0.0095857750994524805 -0.0019627573874248807 0.018990220897416227 0.011867138831791628 0.030608825479178765 -0.0093569227965930417 -0.0066559611128004176 -0.0085655704741918973 0.017488688965722587 -0.0026825374273890721 -0.01438411527895973 -0.0083435356484646995 0.011407269806100743 0.0050707045109735938 0.025961903297690856 0.011380592900994321 -0.0064228594826316165 -0.0097755362398358921 0.01620621919478964 0.009646112564367133 0.0051562298377014768 -0.015106311066274773 -0.0073180528757445995 0.033962150378214241 0.037940818795808018 -0.0021407638892190183 0.00045271068930006147 0.00094561479336760003 -0.0095797411614399839 -0.0086042905431216472 0.021923029848643878 0.026119288167238124 -0.010564011956587278 -0.010688081478238121 -0.012207188745530626 -0.01493566760885038 0.023508838112238115 -0.008019684762799989 0.0088844027158727443 0.034892177622044045 -0.0074907130983175151 0.034251453628844006 0.014706026401588128 0.013317582020472235 0.023576070846302689 0.026094391093950311 -0.012008398239893471 0.012539698116460399 0.0039600418181233513 0.039596821481892142 -0.0045344579374083198 -0.013301791417378099 0.034995971133285612 -0.0071352031513525404
leaf_weight=286.41877659596503 122.20293463952839 234.45932539738715 4.079814236611127 219.4295059312135 78.609029429033399 27.675529111176729 68.650566402822733 517.8536070920527 7.3556311428546897 105.76247063651681 35.239876825362444 11.718574130907653 23.195961505174637 3.1574492976069441 7.9678330756723907 254.81913705170155 135.89237651601434 6.7364044822752458 12.109740581363438 6.4781100675463668 37.542337020859122 221.20840812474489 3.9418136626482001 26.424072965979576 339.99327580817044 6.0083728842437258 45.182343944907188 19.384514097124338 23.454238705337048 135.24820404499769 63.111320063471794 35.655640583485365 7.0041606575250626 10.410933054983614 27.843504508957267 34.038683351129293 4.9146409705281284 28.380093893036246 4.0668135285377529 23.60438647121191 21.302703006193042 6.1991078108549109 11.592002823948862 12.200920443981888 39.753845866769552 61.444667745381594 122.93755623325706 48.340709455311298 3.2460917830467251 15.887829743325709 16.881944797933102 14.105827387422321 18.179282730445266 18.771947493776679 15.052034977823494 12.202425278723238 14.612732350826262 35.071195233613253 7.2150591798126724 9.2926340177655202 8.0149481110274774 2.3660205528140059
leaf_count=8221 2012 7074 43 5722 1246 286 951 5194 58 896 286 261 154 38 104 5338 816 57 173 80 586 2579 63 269 5261 41 339 168 418 3045 533 358 50 72 588 543 117 500 70 323 338 39 105 147 450 455 1019 337 22 134 146 102 195 224 167 132 102 236 105 108 106 23
internal_value=0.000143253 -0.00828705 0.00488697 -0.0056131 -0.00279942 0.00631219 -0.0050164 0.00481105 0.0142129 0.0104493 0.0037449 -0.00501064 0.00711572 0.0103801 -0.0011337 -0.00323234 0.0092412 0.00669032 0.0148995 0.00762482 0.00082201 9.86527e-06 -0.00276284 -0.00433204 -0.005685 0.0179437 0.0200973 0.0262556 -0.0117351 -0.0101251 0.00279571 0.0271089 0.0226228 0.0221681 -0.0147787 -0.0119442 -0.00471806 0.00327545 0.0097312 0.019456 -0.00260426 0.0159379 0.00379413 0.0120995 0.0186669 0.00134953 0.00421758 0.0288262 0.0146922 0.0270851 0.00356261 -0.00345649 0.0147739 0.0108996 0.00668614 -0.001401 0.0248094 0.0281508 -0.00708842 0.00711198 0.0197767 0.0308727
internal_weight=3781.9 1360.45 2421.46 1074.03 826.755 2118.25 714.322 1786.8 331.449 259.644 141.002 303.208 1130.01 564.552 456.408 387.758 541.356 399.264 123.924 82.745 656.785 629.11 407.901 370.359 343.935 118.641 111.286 71.805 257.914 181.005 275.34 41.1791 13.7406 105.277 247.273 169.287 361.61 82.2686 53.8885 28.519 25.3695 142.091 565.461 70.6353 46.232 261.599 198.488 67.7252 47.6079 19.1339 28.4739 75.5505 26.1471 112.433 93.6611 24.4033 94.8663 80.2535 279.342 24.5226 15.23 38.0217
internal_count=59625 31915 27710 23694 17384 21849 15747 19271 2578 2030 1182 5861 10227 4626 8255 7304 4472 3617 1401 982 9044 8758 6179 5593 5324 848 790 548 7492 3849 2216 419 107 749 6310 3588 7005 1348 848 440 408 855 5601 809 530 2109 1576 505 407 156 251 557 299 1637 1413 279 677 575 5657 319 211 381
is_linear=0
shrinkage=0.03


Tree=48
num_leaves=63
num_cat=0
split_feature=15 6 11 4 11 4 32 4 9 24 8 7 5 14 1 32 17 15 25 7 6 25 16 7 8 14 23 32 12 25 13 18 14 13 12 10 18 25 32 7 24 16 7 25 23 24 25 7 24 11 7 15 9 14 12 27 10 27 16 12 9 9
split_gain=146.795 50.7365 31.1069 19.9358 18.469 20.212 16.4298 16.2036 14.2239 13.4976 14.9475 13.4402 13.0813 12.6317 12.1563 11.2691 11.1468 10.8043 10.559 10.4 10.1388 10.1156 10.0868 9.93087 10.0941 9.86699 9.81768 9.61292 9.28731 9.23554 8.88464 8.72363 8.43248 8.37281 9.35854 8.05106 7.80792 7.76172 7.69202 8.00078 9.29596 7.60617 7.55139 12.0733 7.41182 7.779 7.32311 10.3842 7.26873 7.41871 7.07754 7.313 6.97913 6.95202 6.74083 6.73903 8.21398 6.94293 6.6239 6.80006 6.56141 11.8128
threshold=0.045292682945728309 -0.36978991329669947 0.27024970948696142 -0.063147414475679384 -0.31456629931926722 0.076210848987102522 12.500000000000002 -0.56525394320487965 -0.29455792903900141 1.1618874669075014 -0.23700874298810956 -0.92921462655067433 0.058730471879243858 -1.7817230820655821 1.3456401824951174 15.500000000000002 -0.63583827018737782 1.2732324600219729 -0.28040887415409083 0.62437486648559581 1.8489679694175722 0.023900046013295654 0.28697177767753607 0.9823996126651765 -0.61240980029106129 0.50077518820762645 0.4783340990543366 14.500000000000002 0.36986303329467779 -0.17928336560726163 0.62899938225746166 -0.30886955559253687 0.49164715409278875 0.70229628682136547 -0.65437734127044667 -0.53750944137573231 -0.38509836792945856 2.6461292505264287 10.500000000000002 -0.31851172447204584 0.13957007229328158 0.38149711489677435 0.70361053943634044 1.0000000180025095e-35 0.19507638365030291 0.64382737874984752 -0.49997358024120325 0.087217409163713469 0.65453645586967479 -0.011559306178241966 0.46057610213756567 1.5205280780792239 0.843461573123932 0.059922223910689361 0.25836312770843511 4.5000000000000009 -0.53750944137573231 7.5000000000000009 0.57209491729736339 0.95616602897644054 0.058272222056984908 -1.5150947570800779
decision_type=2 2 2 2 2 2 2 2 2 2 2 2 2 2 2 2 2 2 2 2 2 2 2 2 2 2 2 2 2 2 2 2 2 2 2 2 2 2 2 2 2 2 2 2 2 2 2 2 2 2 2 2 2 2 2 2 2 2 2 2 2 2
left_child=1 4 6 41 -1 46 23 19 22 10 12 30 44 -13 20 26 28 18 -10 -4 37 55 27 32 -25 33 36 -8 31 -27 54 -12 60 34 -18 -16 -7 38 39 40 -15 -3 -20 -44 -5 -46 47 -6 -24 -50 -19 -52 -42 -45 -9 56 -11 -57 -32 -60 61 -2
right_child=2 3 7 9 5 15 8 11 17 21 16 13 -14 14 35 -17 25 50 42 -21 -22 -23 48 24 -26 29 -28 -29 -30 -31 58 -33 -34 -35 -36 -37 -38 -39 -40 -41 52 -43 43 53 45 -47 -48 -49 49 -51 51 -53 -54 -55 -56 57 -58 -59 59 -61 -62 -63
leaf_value=-0.018851738422406054 -0.01085730275467796 -0.014674309424846202 -0.00862721383879308 -0.014554695648239429 -0.010472133136620782 -0.0027517845005261199 0.026871375807515786 -0.013640807031646995 0.0070767063956585401 -0.016457983411671817 0.02484698834305888 0.018240505029868459 0.0091758068270836914 -0.0079208219018167703 0.0015350496208985656 -0.006286320293290292 0.0010834885205535697 0.00036075069724542493 -0.0069890352375490405 0.013979829187948789 0.024138545140459849 -0.0019495633121927923 -0.019074274188119408 -0.0050961959925988906 0.023669450257268323 0.01205436264807668 -0.0065783491245240905 -0.0037633529468560681 -0.016890525226354404 -0.014311341480043586 -0.0030027856924114598 -0.0065808433205120954 -0.0076055949890641954 -0.010247299232920943 0.017932651409686081 0.025266055323668945 0.037795650777354653 -0.011963435817510573 0.0062375363172974966 0.0092465262701299181 0.037785227836718012 -0.00051625123524053941 -0.0028621923645483645 0.032639162152481034 0.0047496723422246262 -0.010573054137365513 -0.013865648302247152 0.017459618543414671 -0.011136678956964711 0.006731425065409258 0.027764413775905723 0.0037772371349816102 -0.0049968021490237316 0.0019796272676738816 0.0014983004908049775 0.035450938297180705 0.015251339074497232 0.0019686640420061344 0.027947544965313886 -0.010670203222584633 0.00041744691266559748 0.019592784282298048
leaf_weight=306.20741881616414 10.90359031781554 124.00247187353671 80.141644194722176 107.94413583353162 27.041664086282253 4.6200572960078761 7.7341922894120207 40.716417577117682 105.77373118698597 6.2816796824336079 7.8733521346002844 130.52136278897524 37.537864424288273 3.9479685164988068 17.26471659168601 22.459042867645621 43.008644280955195 35.36934582144022 206.16763735190034 18.56493553519249 27.830016300082207 31.351861968636513 65.537823595106602 11.98723018914461 46.191820841282606 14.212945936247705 7.1385710015892974 29.966925609856844 32.267069803550839 27.861323712393641 14.507586538791655 16.852170325815678 40.493377722799778 11.856671307235954 95.736691150814295 54.673708025366068 14.938026059418917 14.887215677648781 906.10721277818084 100.76677993685007 22.085508629679683 46.955276681110263 85.156216241419315 11.062482740730049 52.360164802521467 58.150350365787745 206.52523079328239 14.131313057616351 61.213143829256296 26.592995673418045 24.17906716093421 21.795642029494047 2.6925587356090537 12.543236717581747 60.808123491704464 20.409067764878277 17.137250497937202 7.9267496988177291 16.148925419896845 2.3006262928247443 62.636431820690632 52.08169211819768
leaf_count=10288 108 3106 1122 2799 737 99 108 578 1526 69 173 984 592 50 117 479 804 338 2960 212 177 461 1045 120 387 263 122 495 747 560 203 378 507 208 1877 361 302 158 8932 751 177 958 1027 122 963 889 5901 338 674 266 202 165 21 162 792 194 181 80 192 26 666 522
internal_value=0.000632287 -0.0072338 0.00504707 -0.00204998 -0.0136937 -0.00814905 0.000681265 0.00768158 -0.00161106 0.00059311 -0.00128291 0.00850068 -0.00631742 0.00944455 0.00837183 0.00876418 0.00390179 0.00105497 -0.000918467 -0.00390623 0.00750446 0.0114328 -0.00846537 0.00764547 0.0178083 0.00732039 0.02042 0.00493178 -0.00731381 -0.00507049 -0.000504899 0.0059228 0.00366975 0.0108338 0.0129291 0.0200407 0.0296073 0.00695152 0.00727961 0.0140684 0.0271042 -0.0109108 -0.00367239 0.00264544 -0.00912542 -0.00342177 -0.0116125 -3.29011e-05 -0.0118109 -0.00565403 0.0107236 0.0178785 0.0330778 0.0195414 -0.00492852 0.018997 0.00534675 0.0277846 0.0119763 0.0218836 0.00745629 0.0139106
internal_weight=3794.14 1362.79 2431.35 759.726 603.061 296.854 917.387 1513.97 693.092 588.768 505.661 1415.26 255.993 1280.78 1150.26 49.1557 249.669 502.047 420.703 98.7066 1078.32 83.1066 191.045 224.294 58.1791 192.676 26.6967 37.7011 56.9926 42.0743 134.482 24.7255 166.115 150.602 138.745 71.9384 19.5581 1050.49 1035.6 129.493 28.726 170.958 314.93 108.762 218.455 110.511 247.698 41.173 153.344 87.8061 81.3441 45.9747 24.7781 23.6057 101.525 51.7547 23.4189 28.3358 32.9571 18.4496 125.622 62.9853
internal_count=59821 33568 26253 15302 18266 7978 11400 14853 9090 11238 10253 13519 5243 11728 10744 1002 5010 6502 5797 1334 10266 985 2588 2310 507 3712 523 603 1298 823 1791 551 1803 2889 2681 478 401 10089 9931 999 248 4064 4271 1311 4651 1852 6976 1075 1985 940 705 367 198 284 1370 524 250 274 421 218 1296 630
is_linear=0
shrinkage=0.03


Tree=49
num_leaves=63
num_cat=0
split_feature=6 15 17 21 11 25 25 11 14 18 29 15 5 21 20 11 8 2 5 14 12 6 8 2 17 13 12 25 14 10 4 6 25 17 14 25 11 24 15 17 8 5 8 11 15 31 25 1 26 9 21 2 24 15 6 17 13 11 0 11 25 1
split_gain=135.633 43.7558 30.282 24.9714 23.8646 16.4393 13.9468 15.0932 13.4026 14.2815 14.4444 14.3857 13.3695 13.2645 13.0816 12.9085 13.3135 12.3032 12.1538 11.0251 10.5194 10.5191 10.3956 11.3444 10.7399 9.83983 9.35168 9.34672 9.13615 9.13144 9.87844 8.87356 9.9185 8.97335 8.68873 15.9505 8.57823 11.5953 8.41312 8.29252 8.11144 8.02933 7.98777 9.53836 7.85947 7.84156 7.75497 9.74069 10.9677 9.21059 7.7521 7.74403 7.71346 8.7201 7.68241 8.13818 8.05211 7.58615 7.4643 7.36623 7.26415 9.20102
threshold=-0.34253501892089838 -0.11064685881137847 0.15071965754032138 1.0838567614555361 0.24782812595367434 -0.7062096595764159 -0.47998398542404169 -0.72160318493843068 0.074332818388938918 -0.35935087502002711 0.21825397014617923 0.48723837733268743 -0.065406117588281618 0.13441967964172366 -0.033229909837245934 -0.95546451210975636 0.050141893327236182 1.2262662053108218 0.23311400413513186 -0.72725367546081532 -0.33119159936904902 1.3127656579017641 -0.48008322715759272 -0.3218653798103332 1.2172078490257265 0.29213695228099829 -0.62220141291618336 0.42606683075428015 -1.2571579217910764 0.68280601501464855 0.2793459445238114 1.2137548923492434 -0.26715756952762598 -0.1881332844495773 -1.0505042076110838 0.66088703274726879 1.117392957210541 0.83001020550727855 -0.93921825289726246 1.6713738441467287 0.02514576725661755 -0.10845717415213584 1.0000000180025095e-35 1.0908902883529665 1.4953346848487856 -0.21428572386503217 -0.51871934533119191 0.94488006830215465 0.62775963544845592 0.68862292170524608 1.7157173752784731 1.7691940665245058 1.5198199748992922 0.73107045888900768 -1.0588424205780027 0.40815417468547827 0.25609956681728369 0.6085207760334016 1.6797634959220888 0.45333404839038854 -0.28040887415409083 0.64064437150955211
decision_type=2 2 2 2 2 2 2 2 2 2 2 2 2 2 2 2 2 2 2 2 2 2 2 2 2 2 2 2 2 2 2 2 2 2 2 2 2 2 2 2 2 2 2 2 2 2 2 2 2 2 2 2 2 2 2 2 2 2 2 2 2 2
left_child=2 19 5 4 12 13 59 25 9 39 -11 14 17 -1 -12 -7 -17 -3 26 41 -10 60 24 -24 50 -8 36 -25 -18 46 -31 32 57 -33 42 51 -6 -38 -15 -4 -22 -2 43 -28 -37 -35 -20 -48 49 -49 -9 -36 53 -23 -42 -56 -57 -21 -32 -5 -14 -62
right_child=1 3 8 6 18 15 7 22 20 10 11 -13 21 38 -16 16 28 -19 29 31 40 52 23 27 -26 -27 34 -29 -30 30 58 33 -34 45 35 44 37 -39 -40 -41 54 -43 -44 -45 -46 -47 47 48 -50 -51 -52 -53 -54 -55 55 56 -58 -59 -60 -61 61 -63
leaf_value=-0.0076952070663745499 -0.014295740506073551 -0.013775304188616241 -0.018017215792387967 0.032928369214113878 -0.0094295055652064089 -0.021666302302857786 -0.0072102678955612582 -0.0039817572691381543 -0.019182571158627978 0.038234367950087278 -0.0024697168993671834 -0.0099000432362322827 0.0057249787804400896 -0.008607495580216758 0.036142911301648435 -0.017468443253989909 0.0097300495342268686 0.016843312196396107 0.029348567619347871 -0.0061094179864808838 -0.010954614897206311 -0.0011318859351265077 -0.013790733047866575 0.018071387326054435 0.014946339636957224 0.0093725923528904156 -0.011442032647946486 0.0045250034602067951 -0.0086273692605078247 0.0028387811261917856 0.029153867829654453 -0.01054218772523662 -0.013153256734884211 0.032929410555797227 0.0049215989644459789 -0.011029974735028895 0.018308655040454338 -0.00693238637113787 0.02971196619342887 0.017274311973222895 -0.0067867675611981313 0.013769525980732212 0.017188320516615653 0.013312940452904584 0.0110782210976062 -0.00034932213543345558 0.0013144879510321569 0.027962309446048699 -0.0030877084405396362 -4.3730891142158712e-05 0.012622308441500155 0.031594824025525561 -0.00036346199782617735 0.028600232356888935 -0.009882853133761145 0.0010565459195872942 0.037139802330055878 0.011516916253300986 -0.0065941947636134453 0.0023419837224357325 -0.004906257263891791 0.011525864979371603
leaf_weight=39.615646148100495 7.4970761034637681 104.69882248900831 18.553600082173947 29.589818701148033 80.630467465147376 168.91986958310008 76.246031079441309 98.124606378376484 33.644682200625539 14.224651426076887 12.702217468991876 22.561210066080093 98.111041974276304 4.5554157588630941 13.557242447510362 190.51016199588776 23.189860951155424 8.9831461086869222 8.9322905577719194 84.625537101179361 28.432397063821554 12.291438583284615 8.768581494688986 237.27917250618339 62.08047853410244 48.372387651354074 21.84980683028698 61.535602871328592 220.40337622910738 24.76515956223011 48.888923652470112 13.538270760327576 200.43205819837749 8.4302213601768017 588.24579089507461 81.75363639742136 26.229768864810467 30.362831771373749 13.596186894923447 3.670052306726574 15.71713652834296 35.110996548086405 84.471343912184238 24.37749831750989 13.177944548428057 11.929001573473215 149.96929186582565 38.865589901804924 21.885891694575548 13.902952551841734 28.536571390926838 5.172147922217845 30.006167005747557 23.848587982356548 5.0116647928953197 8.8384464532136935 11.553760396316646 24.207343315705657 4.0010872595012179 9.9281669370830041 311.79334286600351 29.207293329760432
leaf_count=1091 170 1809 303 315 1108 5819 958 909 707 231 268 277 1364 133 234 5335 489 110 90 1961 576 151 85 1843 390 533 226 487 5919 293 413 234 4665 115 6381 1026 370 314 276 55 324 715 754 215 127 158 1525 293 175 108 231 42 280 198 106 152 192 476 29 85 5168 357
internal_value=0.000419885 0.00347897 -0.0101023 0.00490568 0.00313285 -0.0131075 0.0099077 0.00865773 0.000500923 0.00902389 0.0160067 0.00657993 -0.0016869 0.00202262 0.0200577 -0.0145616 -0.0115818 -0.0107482 0.00548382 -0.00588255 -0.00663288 0.000437207 0.0109805 0.0143626 0.00524048 -0.000660153 0.00377262 0.0154021 -0.00671921 0.0105991 0.0193117 -0.00767567 -0.00927015 0.00619324 0.00498435 0.00358491 -0.00338079 0.00530301 0.0203131 -0.0100869 0.000317076 0.00784855 0.0119511 0.0016375 -0.00756028 0.0172062 0.00735818 0.00586371 0.0143462 0.0212184 9.63974e-05 0.00541612 0.011143 0.0195796 0.00845337 0.0174478 0.0247881 -0.00185519 0.0261136 0.0263702 -0.00128277 -0.0033526
internal_weight=3781.91 2932.65 849.258 2546.88 1886.42 660.791 660.461 620.943 188.467 85.269 63.0453 48.8207 618.94 57.7672 26.2595 603.023 434.103 113.682 1267.48 385.771 103.198 505.258 496.325 307.583 188.742 124.618 956.271 298.815 243.593 311.211 77.6552 343.162 309.265 33.8975 819.048 688.35 137.223 56.5926 18.1516 22.2237 69.5534 42.6081 130.699 46.2273 94.9316 20.3592 233.556 224.624 74.6544 52.7685 126.661 593.418 66.1462 36.14 41.121 25.4039 20.3922 108.833 52.89 39.518 439.112 341.001
internal_count=59743 37256 22487 28762 22926 19062 5836 5436 3425 1368 1010 779 9437 1500 502 17562 11743 1919 13489 8494 2057 7518 3945 2415 1530 1491 10563 2330 6408 2926 735 7609 7102 507 8771 7576 1792 684 409 358 1350 885 1195 441 1153 273 2191 2101 576 401 1140 6423 629 349 774 450 344 2437 442 400 6889 5525
is_linear=0
shrinkage=0.03


Tree=50
num_leaves=63
num_cat=0
split_feature=3 15 15 32 6 4 4 0 21 9 3 32 3 5 7 33 3 26 25 32 16 25 16 16 32 20 6 21 20 18 30 1 15 9 15 7 6 20 9 9 6 12 6 16 31 20 3 7 31 29 15 3 33 15 16 25 26 13 21 16 25 3
split_gain=137.625 36.4502 35.1488 28.5301 24.4395 21.7192 14.6654 14.8726 14.4127 13.1715 12.4415 12.7827 11.9704 10.7702 10.3684 13.2876 10.345 10.1513 9.73341 9.73099 9.5042 9.70624 9.24566 9.60144 13.223 8.95104 8.87941 8.70859 12.5613 12.9455 9.45608 9.15931 8.4548 8.45276 8.41275 8.19065 7.83252 7.83221 7.7115 10.3909 8.30949 7.69968 7.67299 7.65343 8.55872 7.5493 7.50741 7.78475 7.56572 13.6346 7.50593 7.34432 7.27169 7.25214 7.24754 8.44953 7.35848 7.18001 7.01189 7.00258 7.16234 6.97542
threshold=-0.1959760785102844 -0.35810057818889612 -0.32174079120159144 15.500000000000002 1.3573565483093264 0.17242000252008441 -0.34301725029945368 1.5940902233123782 -0.4424684196710586 -0.29455792903900141 1.8791651129722597 8.5000000000000018 1.5103702545166018 1.7157556414604189 0.76338607072830211 1.0000000180025095e-35 0.90905573964118969 -0.83952859044075001 -0.57708150148391713 12.500000000000002 0.10826282203197481 -0.4708444476127624 0.68931186199188244 -0.30697529017925257 14.500000000000002 -0.62945547699928273 -0.68836036324501026 1.3633279800415041 1.5053957104682925 -0.24626781046390531 -3.7321428060531612 -0.61083373427391041 1.4953346848487856 -0.99846389889717091 0.11943661049008371 -0.55664002895355214 0.027362683787941936 -0.29592159390449518 0.98737704753875744 0.51518043875694286 1.4559695124626162 0.96430805325508129 1.4368966221809389 0.10826282203197481 -0.64285716414451588 -0.81037968397140492 -0.10524026304483412 0.47168157994747167 0.5000000149011613 0.18465909361839297 0.11943661049008371 1.0287997722625735 1.0000000180025095e-35 0.63712415099143993 0.41019646823406225 -0.030273697338998314 0.65221968293190014 1.0501660704612734 -0.17438446730375287 0.50265556573867809 -0.53351306915283192 1.3553729653358462
decision_type=2 2 2 2 2 2 2 2 2 2 2 2 2 2 2 2 2 2 2 2 2 2 2 2 2 2 2 2 2 2 2 2 2 2 2 2 2 2 2 2 2 2 2 2 2 2 2 2 2 2 2 2 2 2 2 2 2 2 2 2 2 2
left_child=2 12 20 10 6 8 16 9 -4 -8 11 25 52 38 15 19 -5 35 51 43 -1 36 23 24 -7 53 -19 31 29 30 -29 -20 46 -18 -24 -13 -22 -16 39 42 -41 -12 -6 -10 -45 57 -33 48 49 -48 -50 -11 -2 -3 -54 56 -56 -28 -49 60 -21 -37
right_child=1 3 5 4 13 22 7 -9 14 18 41 17 -14 -15 37 -17 33 26 27 59 21 -23 34 -25 -26 -27 45 28 -30 -31 -32 32 -34 -35 -36 61 -38 -39 -40 40 -42 -43 -44 44 -46 -47 47 58 50 -51 -52 -53 54 -55 55 -57 -58 -59 -60 -61 -62 -63
leaf_value=-0.019452320290451065 -0.011679588933410092 0.014431284408989421 -0.014117168744687611 -0.01785535577644793 -0.0071820447267146601 0.039363040763953402 -0.006148577603193572 0.024418489432790753 0.021174033070821725 0.0036347749645812234 0.02100523162766681 -0.001645577955567763 0.01420495246662826 0.032721864033042759 0.018363552894450776 -0.017841524753059348 0.017025237660506655 -0.0057794698938085434 0.02120050245546767 0.014755600363663864 -0.0013232270172121882 -0.013062529659146569 -0.0098710518689592106 -0.0023376370968111993 -0.003563154307848215 0.020723750733916874 0.016929039690098464 -0.010495126814699733 -0.0086466580252985738 -0.0043783938507441344 0.029767617843671677 0.016172363898056038 0.013448515865029567 -0.0076702192677882376 0.029659747554312752 0.017028482391675637 0.034140738995726352 -0.00052052929709130603 -0.0067233099022832796 0.033190105425344334 0.010552249028887382 -0.00095537298248467946 0.0085688882099455889 0.016277435591640584 -0.012939484838771368 0.004382682190531356 0.0045492454610464002 -0.014293232445032179 0.017085840448123349 -0.01429274570059443 -0.0032936502045314469 0.032941818228004134 -0.006824286936989896 -0.020329170824779062 0.038432875399028281 -0.0056731611637763852 -0.0086251284227979053 -0.011605160334265383 0.0046239733130694783 0.0027171192977676769 -0.012068504461720062 0.0028059430038367
leaf_weight=262.95629240013659 180.45011010579765 5.3832613043487054 190.59114753082395 66.068139102309942 33.649050731211901 8.0987030360847712 221.17984861880541 18.082605171948671 18.327939672395587 17.654774846509103 89.121802102774382 34.150717116892338 17.685261685401201 12.709013465791939 20.727689994499087 70.487706458196044 13.297937292605637 65.624954061582685 12.410391634330152 5.5219945311546317 21.399804728105668 74.911597460508347 3.5679022930562523 90.320757322013378 11.254979962483048 82.945421351119876 68.684654643759131 3.4878417775034896 19.691059824079275 16.432920970022678 36.975472206249833 14.474090330302714 29.02309013903141 34.194976322352886 16.980017378926277 148.22664310224354 2.4331876114010802 84.197435420006514 25.361858211457729 20.294714834541082 54.07509096339345 16.45815820991993 99.650198630988598 9.8055524360388535 18.214859312400222 717.97155036404729 43.740925010293722 15.191420305520294 15.86684096418321 130.06060371920466 69.124853156507015 10.923457928001879 36.557595383375883 6.6245834678411484 7.1053307633847016 9.0441622454673034 1.8876537401229141 5.3942805416882029 139.1562065333128 50.782117938622832 113.6440997030586 41.710653629153967
leaf_count=8826 4258 65 4898 1305 290 138 2962 140 381 274 567 451 261 82 435 1537 185 1198 173 123 678 2240 65 1413 236 666 829 38 191 170 332 265 237 429 191 1673 63 1749 200 153 384 106 767 126 269 7372 577 220 284 1745 792 113 886 55 164 174 46 66 1535 847 2707 323
internal_value=0.000159084 0.00376367 -0.00890236 0.00488248 0.00149062 -0.00497581 -0.000752966 0.00067963 -0.00744502 -9.22176e-06 0.00796682 0.00702292 -0.00698862 0.00980062 -0.00406159 -0.00698219 -0.010611 0.00603905 0.00238824 -0.00312014 -0.016464 -0.00795228 0.00593251 0.00204806 0.0187933 0.017369 0.00450594 0.00141003 0.0104562 0.0172319 0.0255245 -0.000161758 -0.000965671 0.000207507 0.0222072 0.0116805 0.00758997 0.00387556 0.00788945 0.00979017 0.0184316 0.0176935 0.00447693 0.00846287 -0.00179864 0.00538904 -0.00208812 -0.00291359 -0.0060512 -0.00955614 0.00124885 0.018074 -0.00884593 -0.00508438 0.000714157 0.014158 0.0290028 0.0142488 0.00237201 -0.00643066 -0.0102814 0.0140573
internal_weight=3782.03 2707.8 1074.22 2455.07 1172.78 712.523 927.037 813.476 582.301 795.394 1282.3 1176.72 252.73 245.74 391.709 286.784 113.561 1081.76 574.214 216.297 361.701 98.7446 130.222 109.674 19.3537 94.9533 857.675 545.636 76.5873 56.8962 40.4633 469.048 456.638 47.4929 20.5479 224.088 23.833 104.925 233.031 207.669 74.3698 105.58 133.299 46.3484 28.0204 792.05 427.615 413.141 258.793 173.802 84.9917 28.5782 235.045 12.0078 54.5947 18.0371 8.99298 74.0789 154.348 169.948 119.166 189.937
internal_count=59925 33003 26922 27214 13843 15115 11967 10048 13072 9908 13371 12698 5789 1876 8174 5990 1919 11912 6946 4453 11807 2981 2043 1787 374 786 9465 6559 731 540 370 5828 5655 614 256 2447 741 2184 1794 1594 537 673 1057 776 395 8267 5418 5153 3398 2322 1076 387 5528 120 1270 384 210 895 1755 3677 2830 1996
is_linear=0
shrinkage=0.03


Tree=51
num_leaves=63
num_cat=0
split_feature=23 32 3 14 21 6 25 3 6 7 18 5 4 4 7 31 10 4 20 14 10 14 8 4 22 31 18 20 16 14 20 12 13 14 20 5 14 13 8 3 12 13 22 3 23 4 21 12 23 32 9 23 7 17 10 9 21 32 22 7 18 12
split_gain=129.872 30.6352 29.3473 25.9503 17.4673 17.366 20.7899 16.3646 15.9969 18.1877 16.3325 15.3859 14.0903 13.129 13.6592 11.2448 12.4963 11.2027 10.7212 12.2876 10.5794 10.0737 12.1796 9.44114 10.158 9.05314 8.9179 9.48299 11.6289 8.87418 8.8412 8.78788 8.53565 8.59569 8.49108 10.3926 8.41719 8.37505 11.2203 8.33719 8.30075 8.00434 8.00146 8.18632 7.98071 7.91352 9.82471 7.8535 8.19377 7.80893 7.73012 7.71108 7.70639 7.6993 7.6004 7.59702 7.57746 7.48934 7.48351 7.41593 7.33285 8.32335
threshold=0.24323514103889468 14.500000000000002 -0.1959760785102844 -1.9338154196739195 1.8604154586791994 0.52198198437690746 1.010866701602936 1.8791651129722597 -1.0034729242324827 0.42972676455974584 -1.0000000180025095e-35 1.3860974311828616 1.0000000180025095e-35 -0.037920959293842309 0.18293179571628573 0.5000000149011613 -0.65108084678649891 2.284123539924622 -0.17245735973119733 -0.67811366915702809 -0.41329030692577357 -0.29070536792278284 0.86635097861289989 2.1601321697235112 0.58332300186157238 -0.21428572386503217 -0.262730062007904 -1.0000000180025095e-35 0.66979369521141063 -0.043234279379248612 0.27586194872856146 -0.94366806745529164 0.79148763418197643 -0.72725367546081532 0.28593853116035467 0.57664474844932567 0.26755440235137945 -0.29855506122112269 -0.41784365475177759 0.20120433717966082 -1.9332641959190366 0.40757127106189733 0.30590699613094335 0.90905573964118969 0.98249781131744396 -0.51461172103881825 0.81812775135040294 0.58397313952445995 -0.027577824890613552 9.5000000000000018 0.65484705567359935 1.3431990146636965 0.23267050832509997 1.0750442147254946 -1.3866909742355344 -0.92038124799728382 0.97198200225830089 17.500000000000004 -0.55430847406387318 0.32943235337734228 -0.41732487082481379 0.98222357034683239
decision_type=2 2 2 2 2 2 2 2 2 2 2 2 2 2 2 2 2 2 2 2 2 2 2 2 2 2 2 2 2 2 2 2 2 2 2 2 2 2 2 2 2 2 2 2 2 2 2 2 2 2 2 2 2 2 2 2 2 2 2 2 2 2
left_child=2 3 8 50 7 40 11 13 -1 17 -11 15 21 14 -5 32 36 -10 -8 -20 -18 22 54 49 -25 30 27 -22 -29 37 47 -6 33 34 35 -7 -17 -12 -39 -16 -3 -33 43 -38 -30 -42 -47 48 -14 -15 -2 56 -21 59 -4 -40 57 58 -34 -54 -60 -62
right_child=1 5 12 4 31 6 18 -9 9 10 29 -13 25 23 39 16 20 -19 19 52 26 -23 -24 24 -26 -27 -28 28 44 -31 -32 41 51 -35 -36 -37 42 38 55 -41 45 -43 -44 -45 -46 46 -48 -49 -50 -51 -52 -53 53 -55 -56 -57 -58 -59 60 -61 61 -63
leaf_value=-0.019034041366281236 0.026431175942788175 0.012984519740101239 0.022610573457189143 -0.013403844665312388 -0.010229658046495269 -0.0074013262645001923 -0.013151105686085457 0.018519947990813641 -0.013342898938318826 -0.010672344814844454 -0.0052376671104990141 0.017356144968628719 0.032058097997934173 0.011436825790999158 -0.010844469948431091 0.028868896881008629 -0.011750339150845919 0.025204848714661356 0.010936944570522304 -0.015720166444533751 -0.0031808692993850651 -0.0075478959813392327 0.021586712357686975 0.030924041361622478 -0.0072222912521728135 0.013402650643360173 -0.001392513948777968 0.030679707817918695 -0.0092413339333231922 -0.00036666002309901862 -0.014023042925493634 0.037466616056414888 -0.0077988611393422598 -0.0019197997540253164 0.01565327350328901 0.023012806903153223 -0.0078584830731728023 -0.0049086486469789737 -0.0022615853934367758 0.012358285386502644 -0.018067103925329751 0.0037945110223495762 -0.0096199394866739295 0.030226867924038708 0.014249301354599191 -0.0072998590954465627 0.0050648132427356454 -0.0098363587995155648 -0.0071501067333507497 0.0034121377306316537 -0.00094229296306653154 0.025453490171641311 0.020694637751201131 0.020604490340647139 -0.00616239568939913 0.04260463872373349 -0.006593251887337611 -0.0077558966795239631 -0.0017897902887258714 -0.013905624549153846 0.037770774003732799 -0.0047119203088320837
leaf_weight=208.95356376282871 75.226616233587265 17.766362553462386 4.4782885462045661 66.949167197570205 3.2290190681815139 43.484886173158884 88.719162698835135 74.721221834421158 321.66531198099256 60.662384426221251 7.7776915449649087 75.831460166722536 9.6227527223527414 133.16558033972979 15.328768022358416 35.198880612850189 25.280927166342735 2.484941240400075 51.219435323029757 39.022353149950504 24.812346436083317 340.63368701189756 20.053284555673599 19.788166306912903 6.2283761017024508 64.775211183354259 62.763115659356117 30.56956248357892 14.699626620858906 39.807484237477183 25.834754947572947 24.323725868016481 5.9669609740376464 432.30313342064619 50.887269660830498 7.7863596491515628 5.150327734649184 6.5434860866516855 3.4562910161912468 42.426521755754948 37.286877295002341 9.6714303120970708 12.739154070615767 9.7400154843926412 37.652956463396549 209.85052704997361 75.110486347228289 8.848744994029401 4.8390246666967895 561.6738293338567 10.118567753583191 16.832455299794674 2.5339767523109975 9.4794503450393659 62.175956996157765 16.49946266040206 29.094551462680101 10.502325806766747 7.3687311895191661 18.974804550409317 18.01371971517802 3.8145619370043269
leaf_count=7348 547 313 84 1079 32 465 1153 453 9182 1690 176 593 166 1169 295 326 240 34 423 543 291 7489 341 148 46 976 676 359 140 1111 380 174 64 4826 390 73 74 166 89 469 789 75 138 75 258 3536 1056 150 66 6168 77 109 32 88 1216 383 232 113 66 237 183 41
internal_value=9.9906e-05 0.0039344 -0.00798032 0.00787639 0.0063865 0.00119575 0.00292922 0.00548686 -0.0121667 -0.00886822 0.000401178 0.00479749 -0.00275081 0.00423305 -0.00461618 0.0036295 0.00882986 -0.012669 -0.00553066 0.000346194 0.00484109 -0.00524503 0.00372012 0.00578517 0.0220997 0.00643272 0.0075659 0.0126151 0.0172538 0.00956996 -0.00314322 0.0253445 0.00142842 -5.43471e-05 0.00756091 -0.00114805 0.0199861 0.0196875 0.0266733 0.00582669 -0.00472741 0.0296019 0.00598013 0.0183897 0.00742293 -0.00588739 -0.00400962 0.0092618 0.0204723 0.00502079 0.0233132 0.00963554 -0.00761451 0.0033586 -0.00278637 0.0359377 0.00470177 0.0118385 0.0179276 -0.00669483 0.0235569 0.0308522
internal_weight=3762.42 2553.31 1209.11 1042.85 957.506 1510.46 1170.44 920.282 667.851 458.897 134.747 960.493 541.262 845.56 124.704 884.662 258.607 324.15 209.949 121.23 195.779 427.341 86.7075 720.856 26.0165 113.92 170.498 107.734 82.9221 74.0844 49.1453 37.2242 626.055 534.462 102.159 51.2712 62.8284 34.2769 26.4992 57.7553 340.014 33.9952 27.6295 14.8903 52.3526 322.248 284.961 23.3105 14.4618 694.839 85.3452 91.5933 70.0106 30.9882 66.6542 19.9558 74.7609 45.6663 35.164 21.5088 29.197 21.8283
internal_count=59681 28634 31047 10732 10108 17902 12208 9827 20179 12831 3615 9732 10868 9374 1843 9139 2577 9216 2476 1323 1964 9130 1641 7531 194 1738 1724 1048 757 1925 762 281 6562 5754 928 538 613 814 638 764 5694 249 287 149 398 5381 4592 382 232 7337 624 808 900 357 1300 472 699 467 354 269 290 224
is_linear=0
shrinkage=0.03


Tree=52
num_leaves=63
num_cat=0
split_feature=15 32 24 11 25 14 11 6 22 24 15 17 14 7 9 10 14 25 22 21 14 20 13 12 4 26 5 9 25 6 20 1 11 29 31 11 25 5 14 17 21 1 11 22 22 13 10 7 12 14 25 7 1 9 20 11 21 6 14 31 9 5
split_gain=127.848 40.7979 35.4816 23.2322 17.7125 16.6797 15.6275 14.7498 14.6533 13.4156 12.4684 11.8376 10.989 10.8036 10.3948 10.3404 10.3074 11.8643 9.99127 9.68729 9.59836 9.50256 9.2193 8.96488 8.56503 9.37796 8.50782 12.1947 8.55672 9.32043 10.2898 9.85382 10.5385 8.52774 8.44302 8.10705 10.1689 9.57326 9.68137 16.9032 8.69916 8.21507 8.09873 8.08906 7.99363 7.72243 7.69399 14.9327 8.5102 7.64166 7.94845 7.60045 7.57272 7.46493 7.303 9.31014 7.17519 7.16889 7.14214 7.06406 7.6133 6.92695
threshold=-0.35810057818889612 13.500000000000002 0.58023867011070263 0.036560259759426124 1.665272653102875 -1.0100318193435667 0.53677165508270275 -0.5990258753299712 1.838243365287781 1.7264087796211245 -1.0622653365135191 0.42091757059097296 -1.7817230820655821 1.654106140136719 -2.0721325874328609 1.1333757638931277 0.35321031510829931 -0.070419464260339723 0.60261255502700817 0.40454058349132543 -3.0694205760955806 -1.585497200489044 0.69081121683120739 0.66698217391967785 0.039902534335851676 1.1392861008644106 -0.17966429144144055 0.68862292170524608 -0.28040887415409083 1.3273013234138491 -0.81037968397140492 0.36633382737636572 1.3891112804412844 0.23303167521953586 -1.0000000180025095e-35 0.92381134629249584 0.28868220746517187 1.4326698780059817 0.52783089876174938 0.8333861529827119 0.63832852244377147 1.1162403225898745 1.3354479670524599 0.81162568926811229 1.2323118448257449 0.59568554162979137 0.24620061367750171 0.32943235337734228 0.89262923598289501 0.27779406309127813 -0.31242991983890528 0.12497454881668092 1.2142866849899294 -0.81638625264167775 0.41121035814285284 1.117392957210541 0.11376538872718812 0.85641866922378551 0.3561625480651856 -0.92857143282890309 0.68495076894760143 -0.020853055641055104
decision_type=2 2 2 2 2 2 2 2 2 2 2 2 2 2 2 2 2 2 2 2 2 2 2 2 2 2 2 2 2 2 2 2 2 2 2 2 2 2 2 2 2 2 2 2 2 2 2 2 2 2 2 2 2 2 2 2 2 2 2 2 2 2
left_child=6 5 3 8 9 21 10 49 19 12 -1 -12 43 35 -14 24 17 -8 -13 -3 45 -2 -19 -17 25 53 27 42 58 30 -30 32 -32 -34 -11 37 -37 38 52 41 -41 -40 44 57 -16 -6 47 -23 -49 50 -7 -29 -9 -5 55 -33 -15 -4 -28 -48 -61 -25
right_child=1 2 4 15 20 7 16 13 -10 34 11 18 14 56 26 23 -18 22 -20 -21 -22 46 -24 61 -26 -27 28 51 29 -31 31 54 33 -35 -36 36 -38 -39 39 40 -42 -43 -44 -45 -46 -47 59 48 -50 -51 -52 -53 -54 -55 -56 -57 -58 -59 -60 60 -62 -63
leaf_value=-0.020878442643272602 -0.0096595392379557037 -0.014470562839168553 0.00051782260997614525 -0.014398506524377588 -0.0026513224095316146 0.017100868578311373 0.016831392521613555 0.0067843810464311999 0.025234223709196153 0.0028518790905182473 -0.012459234794019612 -0.0064540066496744288 -0.015258395220543196 -0.004773926455877057 -0.015563557084337794 0.0033079621911031496 -0.012045796325355684 -0.011088969825264489 0.028104156095767566 -0.0050650015905611794 -0.0083690716623904798 0.010845044902079732 0.022651795154645809 -0.0071493294967118638 0.0059541642092695432 0.012491625438510843 0.018777805073326399 -0.0053887155797290604 -0.011888351946216184 0.0090980533100663875 -0.0013453608887145632 0.027600575613130295 0.030359419518979802 0.0040326813346605681 0.026547549015745717 0.01428594604154141 -0.0012232311491569177 0.020898318341269113 -0.013491711012362269 -0.0033234192767532793 0.026414586518502221 0.013746144100493931 0.0099049579759711171 -0.0069345789152476531 0.0084177518011996025 0.028857275961957848 -0.011772203300685812 0.040511880100210333 0.0021388787519110745 -0.013149768308302317 -0.006398541841089499 0.019087150279180128 -0.012031921235697882 -0.0028015091748548218 0.0037574553552229698 -0.00052127554112529765 0.030023107783447203 0.026539534674374223 0.002348637983390695 0.015967429759543694 -0.010518880237078639 0.034302836491599036
leaf_weight=196.65971605852246 9.4932453557848913 217.15243108943105 12.563019853085278 60.091160396113992 14.518152743577959 17.030885890126228 31.109557012096047 288.35822559520602 6.1562311220914117 22.266587104648352 234.35047872178257 14.339628448709847 21.669414319097996 5.0344653725624111 73.669842833653092 44.187087066471577 61.443133808672428 39.288996355608106 8.0938183572143299 191.73242047615349 143.34076333045959 53.6360182762146 3.9294315893203011 2.6251797284930971 102.15346685424447 24.225406218320131 62.790383130311966 15.584727168083189 41.470656391233206 205.817093167454 342.77179790660739 30.241555497050285 12.349624983966349 35.934827651828527 35.673199865967035 173.91927107423544 47.374795809388161 23.283430414274335 82.692440057173371 13.838404458016159 15.477004062384365 7.1860744953155509 14.286284182220696 9.0500418543815595 11.587980199605225 7.2937249615788451 8.3613133877515775 36.32405399531126 6.6109483763575545 47.232260011136532 27.04193926975131 24.865104530006647 16.103554081171751 231.01403716392815 68.315727014094591 14.888850990682839 23.389164155349135 37.257686588913202 39.174554985016584 65.029805485159159 7.8193776030093423 13.602548368275164
leaf_count=6772 125 5912 119 1140 107 300 738 3370 114 151 6732 326 252 74 925 798 1492 943 149 3691 1669 577 73 49 1389 470 633 187 590 1486 3900 327 116 318 223 1515 478 213 1227 138 120 75 142 63 117 51 71 288 52 1114 636 255 144 4232 594 137 212 265 435 586 70 221
internal_value=0.000265343 0.00265832 0.000380845 -0.00420809 0.00354327 0.00774536 -0.0125051 0.00576492 -0.00935528 0.00488306 -0.0151584 -0.0104626 0.0040727 0.00724924 0.00329517 0.000312665 -0.00342001 0.0040203 0.00886409 -0.0101746 -0.0055154 0.0157115 -0.00599048 0.0114089 -0.00140912 -0.0038502 0.00377411 -0.0029974 0.00489545 0.0037359 0.00165029 0.00286892 0.000565382 0.0129832 0.0183911 0.00636043 0.0110121 0.00396091 0.00279714 -0.00432651 0.0139379 -0.0107043 -0.00854873 0.0161758 -0.0120183 0.0113015 0.0172934 0.0229875 0.0354428 -0.0053488 0.0034994 0.0101016 0.00561083 -0.00539812 0.0104503 0.0191963 0.0240676 0.0206235 0.0128706 0.00958188 0.0126315 0.0274926
internal_weight=3754.77 3165.56 2190.32 892.94 1297.38 975.237 589.215 787.962 415.041 1132.23 453.444 256.784 1074.29 696.657 1015.42 477.899 135.771 74.328 22.4334 408.885 165.153 187.275 43.2184 60.4148 417.484 315.331 993.749 139.994 853.755 751.79 545.973 504.502 391.056 48.2845 57.9398 668.233 221.294 446.939 423.656 119.194 29.3154 89.8785 99.5441 58.8707 85.2578 21.8119 177.782 96.571 42.935 91.3051 44.0728 40.4498 304.462 291.105 113.446 45.1304 28.4236 49.8207 101.965 81.2105 72.8492 16.2277
internal_count=59688 42463 31078 18016 13062 11385 17225 9616 9717 11235 13979 7207 10861 7566 10414 8299 3246 1754 475 9603 1827 1769 1016 1068 7231 5842 10162 1626 8536 7468 5982 5392 4334 434 374 7280 1993 5287 5074 1560 258 1302 1184 447 1042 158 1644 917 340 2050 936 442 3514 5372 1058 464 286 384 1068 727 656 270
is_linear=0
shrinkage=0.03


Tree=53
num_leaves=63
num_cat=0
split_feature=3 15 15 32 14 5 9 5 4 7 11 7 11 2 8 12 12 13 21 19 4 4 3 21 11 25 22 15 7 7 32 20 22 21 6 21 5 9 20 9 12 26 29 7 20 6 13 8 8 11 1 33 12 32 3 12 19 20 14 21 2 3
split_gain=135.082 37.4051 28.8898 27.8161 22.1059 17.3408 16.9886 16.5571 15.7561 13.0444 15.3698 12.973 11.909 10.8219 9.92219 10.3668 9.65816 10.1788 9.42145 9.38631 9.28473 9.28281 9.16729 11.2742 8.85275 8.49437 13.1792 8.60818 11.7649 8.3648 8.25699 12.4235 8.19565 7.88911 9.10926 8.25455 7.79738 9.31442 7.69214 7.9199 7.52926 10.5972 7.42073 8.57784 8.07468 9.88728 9.18352 7.40466 10.6815 7.39444 12.0383 11.9201 7.36242 7.29575 7.39923 7.10404 8.02251 6.96542 10.5649 8.74871 7.18473 8.17573
threshold=-0.1959760785102844 -0.29607845842838282 -0.35810057818889612 8.5000000000000018 -0.91759115457534779 0.52078905701637279 -1.0389060378074644 -0.31853295862674708 1.585507392883301 0.23267050832509997 -0.57354065775871266 0.6346033811569215 1.117392957210541 1.656048119068146 -0.86396509408950795 0.87617370486259472 0.98222357034683239 -0.89714235067367543 -0.51700475811958302 -0.40877848863601679 1.0255577564239504 1.3448793292045595 -0.58610415458679188 0.42662246525287634 0.08535808697342874 -0.48023346066474909 0.58332300186157238 0.90859434008598339 -0.13126343488693235 -0.5108426809310912 15.500000000000002 1.3237347602844241 0.81162568926811229 -0.60775944590568531 1.2870104908943178 -0.94698768854141224 1.681661903858185 -0.79208737611770619 0.52844575047492992 0.9049457609653474 0.60285362601280224 -0.23350637406110761 0.62019231915473949 0.77462247014045726 0.39137443900108343 0.77047204971313488 0.28009641170501715 0.44808834791183477 0.64679124951362621 1.0908902883529665 -1.0000000180025095e-35 1.5000000000000002 -1.2995728850364683 14.500000000000002 0.022109915502369407 -0.50667771697044361 0.13077618181705478 -0.62945547699928273 0.40704175829887396 -1.0687749981880186 -0.054057845845818513 1.1569622159004214
decision_type=2 2 2 2 2 2 2 2 2 2 2 2 2 2 2 2 2 2 2 2 2 2 2 2 2 2 2 2 2 2 2 2 2 2 2 2 2 2 2 2 2 2 2 2 2 2 2 2 2 2 2 2 2 2 2 2 2 2 2 2 2 2
left_child=2 19 30 57 11 9 16 13 18 12 -11 49 55 -8 -13 36 17 -6 33 -2 29 24 -12 -24 25 26 -20 28 -28 -7 31 47 -26 34 35 -9 37 -16 -34 -40 41 -31 43 53 45 -44 -47 -1 -49 51 -51 -5 -30 -27 -55 -4 -57 59 60 -3 -59 -62
right_child=1 3 5 4 6 20 7 8 -10 10 22 14 -14 -15 15 -17 -18 -19 21 -21 -22 -23 23 -25 32 42 27 -29 52 40 -32 -33 38 -35 -36 -37 -38 -39 39 -41 -42 -43 44 -45 -46 46 -48 48 -50 50 -52 -53 -54 54 -56 56 -58 58 -60 -61 61 -63
leaf_value=-0.017347292251452793 0.012508819688504987 0.02561128263756517 -0.019857874676486094 -0.00021496921559016599 0.011608381934243553 -0.014297165693792902 -0.0054991012555104871 -0.010173549647316716 0.014776852056252494 -0.011147741607288564 0.011004202880732521 -0.0028566825485868272 0.0013176189086044263 0.020616246227095 0.010658765346231081 0.0022889484213447927 0.0097248822112289655 -0.0091391354003850719 -0.0051425770443753417 -0.0081976964181381656 0.018454538156468893 -0.010869083440844019 -0.014561410715393996 0.0084390130606666856 0.005826884328402655 0.007596019159588888 -0.0089661585447711363 -0.0063855032657359981 -0.0045527282805828432 0.018725296393395048 -0.020986882765574005 0.019726899695979235 0.030772406537761463 -0.017352645851513398 0.016569146128979632 0.0054008216982973107 -0.0023780035246097511 0.035826801559689175 0.013941476425448521 -0.0066500924886743395 0.021978214195502367 -0.011069142851333549 -0.0067397406659830605 0.011833311033224599 -0.0093774732102216186 0.03166496091176043 -0.0053969341567441358 0.019727814581805232 -0.009644269785508008 -0.017473759618599309 0.01564649168566902 0.023315793912348982 0.047180806656702233 0.014757632530001071 -0.010208689138295875 -0.011183004256442189 0.010937122965718672 -0.0031990650975173636 0.0038610997163915791 -0.014536349587837663 0.039523629365418839 0.012913444175213085
leaf_weight=105.27545241825283 16.911060273647308 2.4038336090743533 99.244350263848901 151.95566524751484 19.624061251059175 21.329510612413287 204.49684545584023 63.13284238986671 131.90052774176002 91.1977723762393 76.988994536921382 15.575369011610745 59.456382157281041 10.444296620786188 24.45093291811645 20.890681937336922 32.203432301059365 187.31240596063435 18.342050356790423 256.91306264325976 29.843660555779934 28.006406620144844 35.083530087023973 32.23373844102025 668.95389875024557 48.38089500926435 3.2041614875197473 4.3824606090784064 1.8860541656613428 11.147039271891115 166.88836032710969 6.9110227376222602 17.698647703975439 22.718428088352084 20.274462964385748 51.335041981190443 7.028063040226697 52.519999258220196 82.633861016482115 17.616475369781256 13.352602837607263 27.177816901355982 24.915797607973218 69.69003576785326 104.78806568309665 11.81873916834593 7.3885562345385543 9.2874264586716873 47.09412987343967 6.7908025830984107 99.610270839184523 17.192199464887381 14.623274823650711 8.0427600871771556 66.375050954520702 197.8568603079766 12.010404834523795 4.9872245378792277 22.221538400277495 9.3870354443788511 37.564305163919926 22.740946315228939
leaf_count=3588 392 30 2672 1451 303 485 2723 1080 970 2225 1507 126 1029 98 192 155 372 2573 282 5913 354 229 706 491 6603 609 53 44 31 224 5822 218 177 322 217 798 48 388 723 162 239 601 462 803 1281 138 89 309 1549 71 789 165 202 149 918 4512 240 42 222 88 284 128
internal_value=0.000180952 0.00370988 -0.00897202 0.00489262 0.00420625 -0.00546569 0.00287342 0.00392554 0.00504897 -0.00740022 -0.00182792 0.0106255 -0.0108886 -0.00379029 0.0187028 0.0218886 -0.00454626 -0.00694417 0.00405206 -0.0067175 0.00571272 0.00495686 0.00423805 -0.00372604 0.00538006 0.0016168 0.013512 0.0261555 0.033218 -0.000344876 -0.0161723 -0.0109384 0.00719392 -0.00277673 0.000213814 -0.00325525 0.0263606 0.0289696 0.0143949 0.010179 0.00616708 -0.00124231 -3.553e-05 0.00381362 -0.00497336 0.00537588 0.0192382 -0.0128019 -0.0035931 0.00682392 0.0128433 0.00277746 0.0415862 -0.00102257 -0.0067512 -0.0132201 -0.00969205 0.0200774 0.0228472 -0.00116214 0.0285746 0.031246
internal_weight=3753.71 2711.33 1042.38 2437.51 2338.2 706.923 1942.19 1703.05 1488.11 604.072 235.504 396.014 368.568 214.941 120.465 104.89 239.14 206.936 1356.21 273.824 102.851 1198.75 144.306 67.3173 1170.74 383.838 42.438 24.096 19.7135 73.007 335.456 168.568 786.903 157.461 134.742 114.468 83.999 76.9709 117.949 100.25 51.6775 38.3249 341.4 192.489 148.911 44.1231 19.2073 161.657 56.3816 275.549 106.401 169.148 16.5093 122.799 74.4178 309.112 209.867 99.3049 87.514 11.7909 65.2925 60.3053
internal_count=59666 32895 26771 26590 25796 15285 22411 19163 16342 13382 4929 3385 8453 2821 909 783 3248 2876 15372 6305 1903 12955 2704 1197 12726 5061 612 330 286 1549 11486 5664 7665 2417 2095 1878 628 580 1062 885 1064 825 4449 2479 1970 689 227 5446 1858 2476 860 1616 233 1676 1067 7424 4752 794 676 118 454 412
is_linear=0
shrinkage=0.03


Tree=54
num_leaves=63
num_cat=0
split_feature=15 11 6 21 4 5 21 32 11 20 32 32 0 4 21 20 24 4 32 21 11 24 26 7 6 15 27 17 22 17 7 15 26 9 26 15 31 8 7 9 5 21 7 0 5 9 17 4 0 7 20 11 15 6 32 30 22 13 15 34 8 15
split_gain=118.434 49.7288 29.3014 21.5491 21.487 15.4963 13.0018 18.4841 12.744 11.8292 11.3175 10.6762 9.54092 9.10289 9.88898 8.64268 8.43447 8.29527 8.21505 8.17623 8.06812 7.9998 7.69838 12.4204 15.2384 14.1462 8.75738 7.63381 7.60866 7.40414 7.33898 9.71434 9.00063 8.66933 7.30547 7.28642 7.1029 7.01627 6.84512 6.80327 6.96431 9.49119 7.89794 6.79882 6.54064 6.48126 6.45559 6.37338 7.73273 7.12005 8.46006 6.37088 7.09091 7.24096 6.77038 6.29029 6.4242 7.54475 5.94458 6.22055 7.62063 5.93967
threshold=-0.35810057818889612 0.024524024687707428 -0.91490811109542836 1.0244275927543642 1.2038460373878481 -0.22352393716573712 -0.54266214370727528 7.5000000000000009 0.53677165508270275 0.11265872418880464 11.500000000000002 7.5000000000000009 -0.11347650364041327 1.585507392883301 0.95894458889961254 0.19276645779609683 -0.86964792013168324 -1.0000000180025095e-35 16.500000000000004 1.4857981801033022 1.3891112804412844 -0.065289530903100954 -1.1852415800094602 0.24135378003120425 0.81476458907127391 -0.067129451781511293 2.5000000000000004 -0.7761898636817931 -1.3783377408981321 1.8419355750083926 0.99609312415122997 0.57750803232193004 0.21580513566732409 0.86300799250602733 1.5980801582336428 -1.0622653365135191 -1.0000000180025095e-35 -1.2203254103660581 1.1894072890281679 1.1163510680198672 0.58829495310783397 0.56307387351989757 -0.69763499498367298 0.88914778828620922 0.84735122323036205 0.60319066047668468 0.48511023819446569 -0.4039864689111709 0.44841688871383673 0.32943235337734228 -1.2285102009773252 1.4427454471588137 0.9193224608898164 0.74770116806030285 10.500000000000002 -5.5777776241302481 -0.36092087626457209 -1.2614618539810178 0.51771819591522228 2.5000000000000004 0.3057944923639298 1.3416451811790469
decision_type=2 2 2 2 2 2 2 2 2 2 2 2 2 2 2 2 2 2 2 2 2 2 2 2 2 2 2 2 2 2 2 2 2 2 2 2 2 2 2 2 2 2 2 2 2 2 2 2 2 2 2 2 2 2 2 2 2 2 2 2 2 2
left_child=8 2 -2 5 9 51 20 -8 10 16 35 46 -6 14 15 34 -4 45 22 -20 -7 -18 23 -13 25 -25 58 -10 -15 -28 31 32 -14 -33 61 -1 38 -38 -19 40 -30 42 -42 -12 -23 -5 -11 -29 49 50 -49 54 53 -53 -3 -39 -57 -58 -24 -60 -61 -9
right_child=1 3 4 17 12 6 7 13 27 11 43 18 30 28 -16 -17 21 36 19 -21 -22 44 26 24 -26 -27 29 47 39 -31 -32 33 -34 -35 -36 -37 37 55 -40 -41 41 -43 -44 -45 -46 -47 -48 48 -50 -51 -52 52 -54 -55 -56 56 57 -59 59 60 -62 -63
leaf_value=-0.013225229889392716 -0.016373794187583161 0.0092857755714695726 0.018255688395616716 0.0064488533390540366 -0.0074689914720225932 -0.0035605488733263528 0.034628653644019659 0.00039227172910887085 -0.01487136657924653 0.03791960649151583 -0.017357693094647551 -0.0077533315598963884 0.031952389131427852 -0.012739988933601386 -0.0091540725980840659 0.0083505091174884312 -0.017174750891069564 0.0027866812392205748 -0.016020516695555646 0.0080328461982740202 0.006894055259185199 -0.0069451347809823868 -0.0010951648502691127 -0.012191228583571393 -0.0029527014075807823 0.041043524377684652 -0.003871011781358995 -0.013620864102315005 0.0053713642834335188 0.014419559838142922 0.03101625958555914 -0.011160994672047951 -0.00036852718100749643 0.020181002224797566 0.021111152456649934 0.005511021016499815 0.0013587039520909011 -0.0013680535467534714 0.017347055329030317 -0.0079497907897490561 -0.0040542197175597681 0.0069832393387972503 0.03796523433650284 0.006633983465796048 0.0096852660135260775 -0.014942045266525317 -0.0043619482836156553 0.010121182971219021 0.027605494541086285 0.015471120337348574 -0.012328899308476693 0.00017626097022850498 -0.0064806440361196141 0.03341530980522911 -0.0077105279348933979 0.00057529890020428624 -0.0091715254090823546 0.021274133638169448 0.025412709816464388 0.012939887291973743 -0.015860575561447404 0.0084566726728891942
leaf_weight=28.870894873514771 121.52117384038866 19.649421833455563 6.6234687268733969 33.011486031115055 15.180942617356775 232.64189029484987 15.391568839550017 413.21626949124038 35.458222536370158 5.4781842939555627 365.91053637117147 19.535127995535731 17.076034069061283 5.1856257542967787 39.648304685950279 461.10550703294575 65.037447607144713 109.87389550730586 47.572150327265263 13.36495842784643 87.25154297426343 199.70596414059401 38.787477109581232 3.1152283847332027 16.017086461186409 19.784388218075037 330.78678625635803 17.419035071507096 28.571896634995937 16.307267401367426 18.953242443501949 23.036922071129087 11.778994049876927 6.1400065794587126 13.763463191688059 37.263149732723832 28.780661433935165 14.399803295731543 35.82732106000185 6.8019480332732192 3.5215985402464858 22.12513530254364 30.197183016687632 8.5053878389298898 19.372346313670278 14.19519082084298 3.3543426841497421 19.006861481815577 6.1931743249297133 16.734710847958922 37.145592719316483 11.072452276945116 15.634208124130963 7.7545296587049952 173.57603654079139 16.54698895663023 4.9876667931675902 180.94050293043256 19.36736187338829 19.740900859236721 7.5838388539850703 97.778803803026676
leaf_count=956 3581 238 188 335 178 4075 120 5441 936 50 11872 304 190 41 348 4720 1763 814 738 161 1200 3852 733 70 146 275 4708 476 221 137 147 192 135 47 161 941 200 113 231 57 30 138 220 190 328 149 25 489 107 353 834 195 143 90 2628 129 40 1222 203 226 86 762
internal_value=0.000204797 0.00246528 -0.00281551 0.00511477 -0.000992505 0.00355289 0.00468931 0.00618648 -0.0122977 -0.00250415 -0.0147314 5.55779e-05 0.012384 0.00564437 0.00476738 0.00537062 -0.00735898 0.0110075 -0.000591497 -0.010536 -0.000646822 -0.00826151 0.00073639 0.0104964 0.0194971 0.0329146 -0.000687312 -0.00393124 0.0142784 -0.00281911 0.0165156 0.009695 0.0206527 -0.00257786 0.0026981 -0.00302299 0.0124237 0.0155427 0.00682377 0.0163966 0.0186932 0.0245077 0.0336199 -0.0167324 -0.00529127 -0.000798459 0.0260898 0.000623214 0.00438417 0.000765587 -0.00452363 -0.00366467 0.00748347 0.018006 -0.00579152 0.017352 0.0186842 0.0202386 0.00764641 0.0143116 0.00372958 0.00200239
internal_weight=3761.18 3188.67 1065.22 2123.45 943.7 1684.89 1457.2 1137.31 572.508 851.534 440.55 560.795 92.1661 1121.92 1025.51 985.864 290.739 438.564 551.963 60.9371 319.893 284.116 491.025 58.4518 38.9167 22.8996 432.574 131.958 96.4034 347.094 76.9852 58.032 28.855 29.1769 524.759 66.134 391.357 245.656 145.701 91.2178 84.4158 55.8439 33.7188 374.416 219.078 47.2067 8.83253 96.4994 79.0803 72.8872 56.1525 227.687 34.4612 18.827 193.225 216.875 202.475 185.928 85.4796 46.6921 27.3247 510.995
internal_count=59678 42524 18463 24061 14882 20828 17534 12259 17154 13993 13959 7862 889 12139 11432 11084 6131 3233 7787 899 5275 5943 6888 795 491 345 6093 3195 707 4845 711 564 325 239 6364 1897 2749 1704 1045 666 609 388 250 12062 4180 484 75 2259 1783 1676 1323 3294 428 285 2866 1504 1391 1262 1248 515 312 6203
is_linear=0
shrinkage=0.03


Tree=55
num_leaves=63
num_cat=0
split_feature=3 15 6 32 11 11 3 15 32 23 10 35 4 8 21 34 24 15 27 25 8 4 24 5 0 26 20 32 7 16 26 21 8 7 3 7 5 11 15 0 22 3 6 25 6 7 11 21 21 16 15 20 10 10 20 20 5 16 8 31 26 26
split_gain=114.99 31.4066 30.0922 23.6974 18.318 15.3976 15.1015 14.6092 13.2023 13.1647 12.3098 11.5905 10.507 9.50626 9.49305 13.8197 10.5222 9.42436 9.1873 9.61154 9.11412 9.0921 10.6432 8.91894 11.6207 9.10213 8.76243 8.54172 8.41574 8.18715 8.05169 7.79267 7.78502 9.44259 7.90538 7.70503 7.64209 7.62443 11.5828 12.593 10.5514 10.3803 7.5859 9.31586 10.0039 9.9647 9.10008 8.91702 9.97546 8.38234 9.89143 8.49865 7.49698 9.70715 7.46939 8.56123 8.0814 7.45482 7.37921 7.35237 7.31475 7.23033
threshold=-0.20680647343397138 0.20571060478687289 -0.36978991329669947 11.500000000000002 -0.072313152253627763 -0.48225842416286463 1.5103702545166018 -0.69623205065727223 14.500000000000002 -0.93096941709518422 1.3696413636207583 1.0000000180025095e-35 1.6629860401153567 0.82433876395225536 1.5701983571052553 1.5000000000000002 0.92642220854759227 1.7307633161544802 3.5000000000000004 -0.14611823111772534 -1.5722793936729429 -0.62792059779167164 -0.32385645806789393 0.57664474844932567 -0.17838940769433972 0.69936400651931774 1.0082484483718874 17.500000000000004 0.012041569687426092 0.6605244278907777 -1.0512648820877073 -0.11923277378082274 0.97022679448127758 -0.64400380849838246 -0.94918426871299733 -0.71408048272132862 -0.20125912874937055 0.4772974848747254 1.1639965176582339 0.21191209554672244 0.73010960221290599 1.5333920121192934 1.7720968127250674 -1.0000000180025095e-35 0.48485457897186285 0.060171486809849746 0.08535808697342874 1.6013169884681704 0.39408384263515478 0.41019646823406225 0.28837999701499945 -0.14990174025297162 -1.2851891517639158 -0.51519581675529469 -0.14990174025297162 0.17181486636400226 -0.30008152127265925 0.81453627347946178 -0.40614736080169672 -0.35714286565780634 0.90322747826576244 0.37824055552482611
decision_type=2 2 2 2 2 2 2 2 2 2 2 2 2 2 2 2 2 2 2 2 2 2 2 2 2 2 2 2 2 2 2 2 2 2 2 2 2 2 2 2 2 2 2 2 2 2 2 2 2 2 2 2 2 2 2 2 2 2 2 2 2 2
left_child=1 4 5 14 9 -2 7 -5 18 -1 26 12 32 -7 36 -16 -17 21 19 28 -8 -9 -23 25 -25 42 -11 37 -6 -13 -15 -28 33 -3 -34 -26 -4 38 39 -22 41 -39 43 44 -24 -45 -47 48 -48 50 51 -46 -51 -54 -27 56 -56 -31 -38 -41 -12 -60
right_child=2 11 3 6 8 13 20 17 -10 10 60 29 -14 30 15 16 -18 -19 -20 -21 27 22 23 24 35 54 31 -29 -30 57 -32 -33 34 -35 -36 -37 58 40 -40 59 -42 -43 -44 45 49 46 47 -49 -50 52 -52 -53 53 -55 55 -57 -58 -59 61 -61 -62 -63
leaf_value=-0.022773781159284145 -0.014378396044140779 -0.010179088808479066 -0.001953384846981712 -0.013046952764296581 -0.0077587097739273032 -0.0041046750349722112 -0.007176987911836288 -0.0063458293209265257 -0.010917504899985985 -0.016053828480769073 -0.0025038980910828861 -0.010563115084554441 0.02854043184128249 0.024622275521197483 -0.0039225408156346609 0.048171532594863752 0.0092892976285325786 0.013449987317759647 0.0072394810894996836 -0.019794545474789885 -0.013406687133249712 0.025932623155220311 -0.0040655818934142536 -0.011126880208770841 -0.0070897784539216717 -0.0031322252366824555 0.027297653853503648 -0.0036762751591613847 0.032089118341679601 0.015902586229891685 0.0021391346029925808 -0.0057705463887181537 0.0075782382925757476 0.011471685945353362 -0.014776899329786436 0.011950520776703572 0.0040527262750891897 0.033448451653012079 0.015998025019564759 -0.011253182636936206 0.026282720861486912 0.0082569974261991926 0.016757952286475402 -0.0079913295518264128 -0.010692475764274182 -0.0060995725777275569 0.0098765405645655641 0.023972583423086447 -0.0041362935645284319 -0.010333286505730586 -0.0085248615951767429 0.022108846338001972 0.033101753203182351 0.0093886338389053501 -0.0083398871181992081 0.0051080798747757785 0.02504508153087694 -0.0099539781537480373 0.018652037761621245 0.021992638968757802 0.027585631306403732 0.0068468390699592202
leaf_weight=163.55430740490556 100.08767614513636 18.696895450353622 45.32842680811882 53.350861676037312 8.0200966596603376 202.73659034073353 29.969513978809118 110.20522212423384 202.74093344248831 180.10196894593537 22.336121803149585 106.46852067112923 10.470852091908453 15.169213509187101 10.315775390714405 15.15626857057214 13.34556010365486 59.950697626918554 79.561161743476987 23.713955851271749 42.8791239336133 12.193157225847242 91.139763338491321 22.324932102113962 18.115872133523226 60.681113610044122 3.3075307644903686 40.482346128672361 3.1326370779424897 19.816268611699343 53.46351657435298 23.433235274627805 18.96673820912838 82.70085334777832 32.611994724720716 174.63738087005913 100.5257742870599 11.580412771552799 33.198097996413708 4.9627636559307602 41.565065953880548 234.51219319179654 17.063784178346395 227.03668016754091 6.5636983625590828 119.71979566849768 77.200586721301079 13.756341412663458 98.596033323556185 7.0459871031343928 41.891727924346924 19.187775287777185 19.358266167342663 61.944099858403206 5.2799541130661956 153.87615455873311 35.053246214985847 12.507471531629561 126.48990944772959 14.809695933014153 5.2985148243606082 85.807655515149236
leaf_count=6603 2565 326 515 1182 219 4136 239 1816 5560 5528 642 1732 94 269 63 119 78 444 1981 584 434 209 1426 263 214 763 99 332 76 279 948 645 261 1221 414 1617 976 85 192 49 264 1568 137 2980 98 1518 920 101 914 72 453 262 202 639 70 1738 434 171 1015 130 147 706
internal_value=5.34109e-05 -0.00852956 0.00326363 0.00451434 -0.0119357 -0.00462738 0.003144 0.00168591 -0.0064074 -0.0162068 -0.0112464 -0.000406313 0.00494069 -0.000835903 0.0111575 0.0246773 0.0340691 0.00226983 0.00170604 -0.0102449 0.00791065 0.00174223 0.00245909 0.00213303 0.00762835 0.000982458 -0.0137314 0.00904833 0.00990235 -0.006656 0.00844289 0.0019754 0.00247316 0.00718872 -0.00661314 0.010027 0.00937255 0.0104215 0.00290282 -0.00470567 0.0128344 0.0100849 -0.000597679 -0.00107957 0.00369193 -0.00329207 0.00022991 0.00428157 0.00212036 0.00820983 0.00015657 0.0133691 0.0140371 0.0166254 0.00586104 0.00867909 0.0202369 0.00590439 0.0110186 0.0130611 0.00660783 0.0141479
internal_weight=3746 1017.44 2728.56 2357.1 715.2 371.457 1960.13 1506.17 317.169 398.032 234.477 302.24 163.447 271.369 396.969 38.8176 28.5018 1452.82 114.428 34.8667 453.959 1392.87 1282.67 1270.47 215.078 1055.4 206.843 423.99 11.1527 138.792 68.6327 26.7408 152.976 101.398 51.5787 192.753 358.152 383.507 95.8497 62.6516 287.658 246.093 800.505 783.441 247.131 536.309 309.273 189.553 175.797 155.992 67.6432 25.7515 88.3484 81.3024 254.89 194.209 40.3332 32.3237 312.823 19.7725 27.6346 212.298
internal_count=59737 26582 33155 25237 22084 7918 21765 18472 8420 13664 7061 4498 2316 5353 3472 260 197 17290 2860 879 3293 16846 15030 14821 2094 12727 6272 3054 295 2182 1217 744 2222 1547 675 1831 3212 2722 805 613 1917 1653 9722 9585 3152 6433 3453 1935 1834 1726 813 360 913 841 3005 2242 504 450 2697 179 789 1721
is_linear=0
shrinkage=0.03


Tree=56
num_leaves=63
num_cat=0
split_feature=3 4 11 4 32 3 14 21 14 15 8 5 9 15 26 17 31 8 21 8 32 21 16 9 1 11 12 16 18 3 8 18 33 4 9 5 16 11 25 1 12 16 11 3 14 15 31 4 7 3 25 11 8 9 18 17 7 16 15 22 7 14
split_gain=102.647 29.6223 29.2413 30.7733 23.0802 20.0606 18.6412 17.413 16.6691 16.1366 16.0554 15.5046 12.1209 11.6215 11.2445 11.1061 10.7787 10.618 10.5625 10.4056 11.3934 13.4096 13.4112 9.88871 9.63141 11.8689 9.63127 9.47941 8.78934 8.76083 8.53217 8.42616 8.30547 8.20057 8.15854 7.82163 7.79552 7.69746 8.23672 7.84729 7.6217 9.43116 7.60424 7.47224 7.46762 7.41782 7.41211 9.65287 7.28724 7.20488 8.21603 7.63101 7.07359 6.97722 6.97665 6.92746 6.8537 6.73472 7.98362 6.712 6.68504 8.29209
threshold=-0.1161692328751087 -0.037920959293842309 -1.0813010931015012 -0.097492337226867662 10.500000000000002 1.5103702545166018 0.42620393633842474 1.3633279800415041 -0.55504992604255665 -0.067129451781511293 0.47236272692680364 0.50562778115272533 -0.2661414891481399 0.94465690851211559 1.1545861363410952 0.42091757059097296 -0.92857143282890309 -1.5121334791183469 1.5701983571052553 -0.30845902860164637 14.500000000000002 -0.84830385446548451 -1.0000000180025095e-35 1.0662485957145693 1.2667402029037478 0.56066706776618969 0.77505582571029674 -1.2331038713455198 -0.59018647670745839 1.2413458824157717 1.4548937678337099 -0.43680751323699946 1.0000000180025095e-35 1.2643251419067385 -1.7528619766235349 0.33994349837303167 0.66538929939270031 -0.58741253614425648 2.2106661796569829 0.62152117490768444 0.39198932051658636 0.59316864609718334 1.0367280244827273 0.86608561873435985 0.81482309103012096 -0.98977747559547413 -0.35714286565780634 2.0413861274719243 -1.0434810519218443 -0.91010287404060353 -0.31618665158748621 -0.58741253614425648 -0.49063414335250849 -1.2258071303367613 -0.38509836792945856 2.0883709192276005 0.90027219057083141 0.3150652945041657 0.51771819591522228 0.73010960221290599 -0.5108426809310912 -0.8340325355529784
decision_type=2 2 2 2 2 2 2 2 2 2 2 2 2 2 2 2 2 2 2 2 2 2 2 2 2 2 2 2 2 2 2 2 2 2 2 2 2 2 2 2 2 2 2 2 2 2 2 2 2 2 2 2 2 2 2 2 2 2 2 2 2 2
left_child=2 13 14 35 18 8 11 16 10 29 -6 19 15 42 -1 -11 -7 -18 26 -5 21 -21 30 28 25 -19 -3 43 -9 -10 45 -27 59 -13 -30 -4 -24 -12 39 40 -39 -42 -2 -14 57 -23 47 55 -48 -22 51 -51 -34 -47 -28 -29 -37 58 -17 -33 -54 -62
right_child=1 4 3 6 5 7 -8 23 9 12 37 33 27 -15 -16 44 17 24 -20 20 49 22 36 -25 -26 31 54 46 34 -31 -32 32 52 -35 -36 56 -38 38 -40 -41 41 -43 -44 -45 -46 53 48 -49 -50 50 -52 -53 60 -55 -56 -57 -58 -59 -60 -61 61 -63
leaf_value=-0.019947517202617723 -0.0094781058869618014 0.013859089404085147 -0.019531272382556423 -0.0080724526320364812 0.0018389944366814846 -0.01267539078415012 -0.011506797941155458 0.0029480976626112261 -0.0099713076691567582 -0.010218801887018823 -0.0039824136402075438 0.0045877490932775735 0.036815904779780313 0.0038544755242866787 0.0027222967791139777 0.034263792837698412 -0.011293360907185322 -0.0037314118887019671 0.029835255261845214 -0.0086164943810504817 -0.010344622024311403 -0.0021866000682007314 -0.00087233257448293905 -0.009321006776733377 0.023012749429302211 0.0020940109569837625 0.013434836529784486 -0.0047770843663786436 -0.0082869295076297474 0.010136496162671798 -0.0037571948993362233 0.0047868542385530264 0.0049717345477812234 0.025151303292138914 0.030076219873868337 -0.0098824997151689357 0.018755886914586451 0.029105583030972468 -0.0021120623180265002 -0.00094869632524890622 -0.0025769615461094597 0.021017759018431125 0.0025356456686791776 -0.009336098166737368 0.021862030819881296 -0.0042686239821576105 -0.0089794373414842834 0.020460152722295243 0.0059522289554968912 -0.012775659752387284 -0.0024819104354012519 0.023192212340126417 -0.0016790155400581456 0.046467146863912873 -0.0059520842486669463 0.018163737735617979 0.015173361688471098 -0.0039536490944133678 -0.0035459192272952905 0.026102201258373699 -0.0020867837265729498 0.044985495258783134
leaf_weight=184.78220436163247 239.31748522631824 183.96133031882346 135.18055890314281 152.47849571332335 225.95299578085542 21.781181734055281 148.93894204311073 17.194763667881489 172.36855400539935 124.28034701570868 17.115694476291537 49.427266636863351 7.6862991917878372 116.61287919431925 20.723184816539288 5.0291047580540171 21.558609943836927 71.191275853663683 25.622363656759262 30.467018187046051 74.153252558782697 3.4917953331023517 54.294740118086338 6.6575004905462256 33.270890399813652 75.839323867112398 19.939001645892859 189.06964544951916 3.3303773552179328 17.857761077582836 4.9178805518895379 77.56166709959507 13.022721469402311 24.709487807005644 64.237769648432732 48.387573521584272 22.091089960187674 56.976221611723304 18.328037932515144 15.577886596322058 23.251303439959884 34.414655443280935 56.564100120216608 1.9314560852944849 10.883301720023153 1.8475655913353062 27.050262236967683 11.466350369155405 459.11417688988149 3.4027735646814135 105.9150938373059 18.016995741054416 3.7891869097948101 17.189398957416408 45.630678303539753 7.7419355474412432 7.3884514905512324 79.313721336424351 8.4015510007739049 12.032273676246403 3.4179068356752422 18.986639890819788
leaf_count=6207 4524 1710 4248 3661 2223 186 3959 94 3955 1833 197 881 114 1106 653 68 173 684 164 737 1868 111 853 43 193 517 162 2312 24 290 109 598 99 278 367 1354 271 535 134 111 231 267 878 23 118 41 400 94 5155 90 2294 375 32 328 393 65 203 882 89 86 20 131
internal_value=8.93818e-05 0.0032998 -0.00755718 -0.00517361 0.0046636 0.00350043 -0.00225656 0.0090729 0.001842 -2.63103e-05 0.00712858 0.000272952 0.00160864 -0.00404989 -0.0176511 -0.00434112 0.00588169 0.00727464 0.0127293 -0.00170711 0.00125938 0.00787374 0.0128859 0.0204329 0.00872879 0.00662688 0.0104212 0.00355164 0.0231589 -0.0078724 0.0291561 0.0102333 0.0147681 0.0125976 0.0277446 -0.0157052 0.00560777 0.0140779 0.0162208 0.0187837 0.0213926 0.0120577 -0.00717745 0.0275244 0.00285386 0.0357183 0.00302524 -0.00168204 0.00503848 -0.00323325 0.00114243 0.0161419 0.0256993 0.0416795 0.000477448 -0.00344701 -0.00558819 -0.000380917 0.0160664 0.00887785 0.0335557 0.0387339
internal_weight=3753.13 2645.33 1107.8 902.298 2232.84 1957.68 711.342 443.872 1513.81 1122.19 391.617 562.403 931.968 412.494 205.505 227.908 352.452 330.67 275.153 488.266 335.788 134.299 103.832 91.4204 309.112 275.841 249.531 704.06 84.7629 190.226 27.4466 204.65 128.81 74.1368 67.5681 190.957 76.3858 165.664 148.548 130.22 114.642 57.666 295.882 9.61776 103.628 22.5288 694.442 208.278 486.164 201.488 127.335 21.4198 39.2165 19.037 65.5697 196.812 55.776 92.7444 13.4307 89.5939 26.1937 22.4045
internal_count=59801 31280 28521 21661 24772 22343 15856 3247 19096 15398 3698 11897 11153 6508 6860 2990 2719 2533 2429 10738 7077 2450 1713 528 2360 2167 2265 8163 485 4245 589 1483 966 1159 391 5805 1124 1475 1278 1144 1033 498 5402 137 1157 480 8026 2471 5555 4627 2759 465 282 369 555 2377 1557 1039 157 684 183 151
is_linear=0
shrinkage=0.03


Tree=57
num_leaves=63
num_cat=0
split_feature=3 4 11 14 6 14 25 7 15 35 15 3 14 2 9 26 32 7 23 32 14 10 11 22 25 8 21 4 8 29 26 23 25 5 29 21 9 4 32 7 5 7 11 30 29 23 21 8 14 14 32 6 12 14 1 12 26 22 10 10 9 25
split_gain=101.842 28.9879 26.075 24.9754 26.501 18.8252 18.334 17.342 17.1858 16.8171 13.3759 12.8919 13.0709 12.0576 12.0451 11.2266 10.8411 12.3662 10.7064 10.2307 10.1738 10.1217 9.97361 9.94997 9.39716 8.52229 8.21506 8.16947 7.63923 7.61892 12.4478 8.98449 8.12671 8.01495 7.57362 10.1521 9.14162 8.73997 8.41555 8.09462 7.48517 7.91062 7.44689 7.07021 6.95638 11.3721 9.90485 7.5477 7.26437 11.3686 8.65873 8.2289 7.47485 7.16634 6.9878 6.77648 6.76058 7.48203 7.61034 7.04041 6.68425 7.06891
threshold=-0.15107209235429761 -0.24644867330789563 -1.0813010931015012 -0.69136381149291981 -0.71685877442359913 0.61778017878532421 -0.57664090394973744 0.6346033811569215 -0.11064685881137847 1.0000000180025095e-35 0.045292682945728309 1.1403037309646609 0.40113587677478796 1.1341597437858584 0.24743814766407016 1.2264904379844668 12.500000000000002 -0.3100960105657577 -0.78566241264343251 11.500000000000002 0.074332818388938918 1.3938987255096438 0.236484169960022 0.80084964632987987 1.5729056596755984 1.1545597314834597 -0.45553719997406 1.6629860401153567 -0.53938835859298695 0.55902779102325451 -0.24779641628265378 -0.11360399425029753 1.0590570569038393 -0.42819893360137934 0.91287881135940563 1.0244275927543642 1.0005955696105959 -0.37929689884185785 9.5000000000000018 0.46057610213756567 1.2730124592781069 -0.31851172447204584 -0.10536131262779234 -2.6333333253860469 0.19375000149011615 0.32269875705242163 -0.58167120814323414 1.6684588789939883 -0.29070536792278284 -0.91759115457534779 13.500000000000002 0.20169790089130404 0.4380651861429215 -1.1419542431831358 -0.15343610197305677 -0.33119159936904902 0.27744486927986151 -0.085836593061685548 0.32401989400386816 -1.4146317839622495 -0.32731302082538599 -0.3926172256469726
decision_type=2 2 2 2 2 2 2 2 2 2 2 2 2 2 2 2 2 2 2 2 2 2 2 2 2 2 2 2 2 2 2 2 2 2 2 2 2 2 2 2 2 2 2 2 2 2 2 2 2 2 2 2 2 2 2 2 2 2 2 2 2 2
left_child=1 40 15 7 20 9 23 25 11 10 16 12 26 22 -15 -3 17 -4 -17 28 -5 44 27 -6 34 -2 42 -10 -9 30 32 -31 33 -12 36 37 38 -36 55 -39 -1 -42 -8 -37 -11 46 47 -46 49 50 -48 -50 -53 -47 -51 -24 -32 -58 59 -59 -13 -62
right_child=3 2 5 4 6 -7 8 19 13 21 29 60 -14 14 -16 18 -18 -19 -20 -21 -22 -23 24 -25 -26 -27 -28 -29 -30 31 56 -33 -34 -35 35 43 -38 39 -40 -41 41 -43 -44 -45 45 53 48 -49 51 54 -52 52 -54 -55 -56 -57 57 58 -60 -61 61 -63
leaf_value=-0.018362550639875644 0.0035316206466617212 -0.018517931754934602 -0.0058906045354811185 0.0024982855848759422 0.0096589543423610414 -0.015508772821816666 -0.011862301346725654 -0.0023415750377718996 -0.001554869750572678 -0.015911377369202191 -0.0080016665151962391 -0.0062086141864479364 -0.017019813140072417 0.00074322892292176339 0.017217283552612195 -0.015980926065681435 -0.0059635680209471457 0.025802292109809721 0.026267469284950638 0.012031163983733034 -0.012175858604819076 0.0070297009502020263 -0.0033384742202200754 0.03386557846402613 -0.0058513935683964773 0.015495882402723931 -0.0061177126019378875 0.012864400548879574 0.033025683066576189 0.023025099562268881 -0.0087358244145171616 -0.0027713048195292279 -0.0010531566935571056 0.041967349694989657 -0.017223444284888735 -0.0050524197404866562 -0.00451805412257729 0.016182934067749063 0.0045802083451190962 -0.0041150627177804237 -0.0171308864494229 0.016568417689167898 0.021649599714143816 0.034271616478290391 -0.012284724108997407 0.00066208653851181575 0.024932291673814711 0.017716085442384413 -0.011338326653351114 -0.0079300417578781982 -0.0080357579827194554 0.031539807835329656 -0.0073423434579984953 -0.01839747414479153 0.038367196753737967 0.022400971383468183 -0.0061525584560001073 0.026418405639154811 0.031821635252781755 -0.0077156386346421552 -0.011005159125236955 0.022262069545144262
leaf_weight=200.86464334279299 323.68073611333966 131.96391894295812 17.65269441716373 57.690100034698844 62.254741894081235 78.75683518499136 4.5573501624166992 5.5441420078277579 478.87584681808949 61.685742596164346 1.6247285045683444 14.839614741504191 83.889900179579854 63.235591137781739 105.66848013922572 5.3622788805514574 118.68097931332886 19.159097693860531 6.9960467740893346 139.59110689535737 142.21941568143666 47.857122894376516 10.215429510921238 18.822002183645964 66.741703443229198 60.565438745543361 59.400069972500205 33.158363725990057 39.644583024084568 10.382689621299503 14.087715055793522 54.057045068591833 5.578889373689889 21.537450727075338 7.2952544204890719 3.5208193734288242 87.587649792432785 54.303857885301113 636.06053512357175 22.735030975192785 6.0949043352156869 9.5269965361803752 17.083371467888355 19.97701969742775 47.685454150661826 24.423516590148211 5.1436478979885605 4.3114365302026263 23.977334152907133 1.6871466487646092 19.614336742088199 5.0947654079645854 5.2223916966468096 56.883450916036963 13.580107662826775 37.881743367761374 11.386190824210642 2.8122542537748805 15.32774720713496 13.264291334897285 3.9567578453570595 23.52864342182875
leaf_count=6734 3110 4343 483 1141 857 2192 115 46 6049 1431 24 230 1935 567 812 205 3480 460 151 1157 3437 954 80 245 739 521 1237 279 239 178 198 679 63 291 102 26 858 560 6273 216 191 259 365 140 1467 303 99 127 720 44 511 112 120 1014 353 276 175 37 174 176 61 327
internal_value=0.000684434 -0.0071576 -0.00459523 0.00379511 0.00228293 -0.00215553 0.00337233 0.00934818 0.00272926 -0.000356634 0.00462785 -0.00531805 -0.00907515 0.00376735 0.0112483 -0.0159841 -0.00154311 0.0117173 0.00861298 0.0168054 -0.00798355 -0.00515588 0.00286545 0.0169193 0.0046826 0.00559227 -0.000340038 -0.000505729 0.0288855 0.0108658 0.0164901 0.00274372 0.0311062 0.0376639 0.00551047 0.0128223 0.00441286 0.00709485 0.00558071 0.0103071 -0.0168388 0.00245486 0.0136905 0.0285268 -0.00740996 -0.00456939 0.00112293 -0.00846123 0.00793905 0.0158788 0.00185192 -0.00216885 0.0158861 -0.0129656 0.0325568 0.0171346 0.00718775 0.0127957 0.0195672 0.00310614 0.00873448 0.0165162
internal_weight=3746.81 1062.28 845.797 2684.53 2115.5 701.475 1915.59 569.026 1834.51 622.718 305.552 207.256 164.931 1627.26 168.904 144.322 155.493 36.8118 12.3583 184.78 199.91 317.166 1458.35 81.0767 946.319 384.246 81.0408 512.034 45.1887 150.059 85.6193 64.4397 28.7411 23.1622 879.577 107.832 771.745 84.3341 684.158 77.0389 216.487 15.6219 21.6407 23.4978 269.309 207.624 126.317 51.9969 74.3197 40.0252 24.758 34.2945 10.3172 81.307 15.2673 48.0972 56.8782 42.7905 31.4043 16.0765 42.325 27.4854
internal_count=59748 27748 20564 32000 26927 15865 22349 5073 21247 13673 6418 4270 3652 16977 1379 4699 4423 943 356 1442 4578 7255 15598 1102 9270 3631 1717 6328 285 1995 1138 857 378 315 8531 1044 7487 878 6629 776 7184 450 480 166 6301 4870 3553 1594 1959 1007 610 952 232 1317 397 356 760 562 387 213 618 388
is_linear=0
shrinkage=0.03


Tree=58
num_leaves=63
num_cat=0
split_feature=3 6 4 15 32 8 15 31 4 8 7 15 22 6 24 21 3 31 3 21 6 12 0 7 4 25 22 3 26 7 32 16 22 5 25 6 15 7 1 32 2 12 21 5 6 20 7 15 25 16 12 3 4 9 26 12 22 8 32 16 15 3
split_gain=91.1284 32.6541 23.2611 21.9132 22.6241 15.3072 14.2107 14.0011 17.712 13.8792 13.4028 12.9237 11.64 12.1899 10.4342 10.4276 13.7453 11.7802 9.9328 9.73412 9.53521 9.15074 8.97477 9.07313 8.91878 8.84118 8.70298 8.90958 8.60617 7.93155 7.80664 8.90686 7.68897 7.66092 8.82968 7.91537 8.59006 7.57685 13.3921 7.27238 7.16112 7.48879 8.48919 7.12653 7.88661 7.06436 8.2225 7.3316 6.74329 7.42145 6.70049 6.68892 6.54444 6.52699 6.45625 7.4346 6.36435 6.37175 9.47759 6.22781 7.94169 7.74834
threshold=0.070329476147890105 -1.0034729242324827 -0.097492337226867662 -0.70932689309120167 14.500000000000002 -0.34270763397216791 -0.32174079120159144 0.5000000149011613 0.86763000488281261 -0.36271837353706354 -0.85574060678482045 1.2558429241180422 1.4747035503387453 0.44631823897361761 0.36757738888263708 0.50001421570777904 1.5103702545166018 0.78571429848670971 0.43804301321506506 -0.39210999011993403 -0.27249692380428309 0.64890921115875255 0.042077464982867248 -0.82052889466285694 2.3550682067871098 1.8098782300949099 1.3489745259284975 -0.44343279302120203 -0.62546792626380909 0.9405823051929475 12.500000000000002 0.29413552582263952 0.71140584349632274 -0.20125912874937055 -0.48841369152069086 -1.1124221086502073 0.46613910794258123 0.50972247123718273 0.7952946424484254 10.500000000000002 0.92439085245132457 -1.2750784158706663 -0.99986994266509999 -1.0000000180025095e-35 0.86727458238601696 1.0325967073440554 -1.132578372955322 0.72150093317031871 -0.2886137962341308 1.0184576511383059 0.52511355280876171 1.5103702545166018 2.0992439985275273 -0.44791252911090845 0.53164955973625194 -0.15582627803087232 -0.096416007727384553 1.1360383033752444 12.500000000000002 0.65004980564117443 1.3416451811790469 0.31343470513820654
decision_type=2 2 2 2 2 2 2 2 2 2 2 2 2 2 2 2 2 2 2 2 2 2 2 2 2 2 2 2 2 2 2 2 2 2 2 2 2 2 2 2 2 2 2 2 2 2 2 2 2 2 2 2 2 2 2 2 2 2 2 2 2 2
left_child=1 56 29 51 9 14 -7 11 12 15 -11 24 13 45 39 16 20 21 -15 -13 -5 -18 -10 -24 33 53 27 52 40 -3 -29 32 43 -6 35 -35 -37 38 48 -4 41 -12 -43 -32 -45 46 -9 -47 -36 -50 -28 -2 -8 -21 -55 -56 -1 -58 -59 61 -61 -17
right_child=3 2 5 4 7 6 26 8 22 10 28 19 -14 18 -16 59 17 -19 -20 25 -22 -23 23 -25 -26 -27 50 30 -30 -31 31 -33 -34 34 37 36 -38 -39 -40 -41 -42 42 -44 44 -46 47 -48 -49 49 -51 -52 -53 -54 54 55 -57 57 58 -60 60 -62 -63
leaf_value=-0.020330016052863917 -0.011909990854816709 -0.01494751042638469 0.0042797520349632575 -0.012532854027039414 -0.009935632245839935 -0.0079531188995160471 -0.002108718254139004 0.014326399378984337 -0.0014021042569410166 -0.0037378732784378401 -0.0034575892821179753 -0.011046554422770777 0.023435049613706547 -0.010037028931301999 -0.00042233600946782078 0.011972681794582586 0.043669605872911632 -0.0087788871506158921 0.0077168276233305442 0.020405184993730806 0.0072976033534551321 0.0072369235250128571 -0.011146951611976163 0.026463839580929047 0.014453537699454762 -0.0081066354117913259 0.032317593065985258 0.017257575738270203 0.0094121150421854517 0.0017655786892578991 -0.0093826781456118665 -0.0021003948126561583 -0.0090589156833206595 -0.013951022470428119 0.0033664354497173463 0.028174201920847044 0.00030891583731403527 0.0018252197524724909 0.0096267551473838767 -0.014382577994204875 -0.0004792445568818807 -0.0098845619025014399 0.023295305664114509 0.027958265784645882 -0.004299929372097294 0.019565368003610049 -0.014271304563722715 -0.014891907645996743 -0.011695176107762538 0.0026920270406874413 -0.0032172892362288714 0.011652696962136283 0.019631400549470004 0.0016883533178455169 -0.0042588676068671403 0.019542378314469391 -0.013653759595784055 0.023802259862932721 -0.0081080969706410783 0.0088925980259832414 -0.0091122467109583886 -0.01013396788240668
leaf_weight=127.94298571720719 93.15282273106277 173.85463368147612 19.368240905925632 21.723633958026767 107.50138396956027 107.83849765732884 225.08598500676453 6.2683050427585831 15.289332911372183 50.94112379103899 10.042001901194451 22.990553725510836 19.280653443187475 28.345929197967052 123.94604789465666 12.641449203714727 15.99241913110018 5.8549131080508223 207.19228911399841 39.268233809620142 119.87069810181856 12.136483173817394 3.635896459221839 58.899678118526936 23.26728605851531 23.690131444483995 11.248765645548703 50.762407286092639 393.00313776358962 28.660747913643718 4.7103629298508158 87.5651846062392 8.4625217765569669 5.5598220992833367 40.140392625704408 18.469207920134068 17.487680856138468 222.25465130247176 42.419576285406947 137.13320105522871 16.863593939691782 4.6781171113252631 129.43205712363124 30.670543033629656 6.9322803430259219 11.389905810356138 67.716773863881826 4.0641152635216704 206.25456685945392 36.124378575012088 5.5772211346775284 8.1894465982913953 8.1861729174852353 93.032558642327785 13.390223216265438 45.217078305780888 98.648571535944939 7.0643996000289944 22.561466766521335 70.011156439781189 26.638080768287182 83.852766128256917
leaf_count=4736 2291 5138 457 437 1601 3353 4187 136 149 615 107 230 190 401 2126 185 131 48 1914 289 1406 95 39 439 177 182 173 595 3530 782 89 1253 166 108 600 302 197 2504 415 3908 131 64 1121 625 88 193 1246 52 2967 351 82 129 83 611 98 289 3397 189 723 570 145 859
internal_value=0.000417696 -0.00603653 -0.00361376 0.00380572 0.0043999 -0.00135287 0.00157265 0.00191632 0.00643308 0.00788996 0.0106735 -9.87302e-05 0.00338185 0.00185504 -0.00698696 0.00324124 0.0084273 0.0242524 0.00541601 0.00589506 0.00393149 0.031415 0.0189112 0.0236137 -0.00210504 0.00792026 0.00397473 0.00298213 0.0120202 -0.0125967 0.00773204 0.00375671 0.0131404 -0.00275754 -0.00137416 0.0111971 0.0163141 -0.00242071 -0.00530854 -0.012012 0.0179109 0.0200062 0.0218242 0.0180683 0.0222046 -0.00731303 -0.0110949 0.00907854 -0.00767945 -0.00953982 0.0225003 -0.00954754 -0.000949853 0.0100652 0.00682172 0.0141971 -0.0155205 -0.0101408 0.00183935 -0.00156687 0.00372605 -0.00679069
internal_weight=3740.39 1286.22 1030 2454.17 2352.83 827.487 547.04 1379.15 422.083 973.682 604.96 957.068 344.258 324.977 280.447 368.722 175.578 33.9838 235.538 237.589 141.594 28.1289 77.8249 62.5356 719.479 214.598 439.201 422.375 554.019 202.515 189.103 138.341 50.7757 696.212 588.71 41.5167 35.9569 547.194 324.939 156.501 161.016 144.152 134.11 42.3132 37.6028 89.4391 73.9851 15.454 282.519 242.379 16.826 101.342 233.272 190.908 151.64 58.6073 256.217 128.274 29.6259 193.143 96.6492 96.4942
internal_count=59694 32150 23105 27544 25124 17185 10694 15680 4759 9444 5568 10921 4132 3942 6491 3876 2117 274 2315 1699 1843 226 627 478 9222 1469 7341 7086 4953 5920 2816 2221 968 9045 7444 607 499 6837 4333 4365 1423 1292 1185 802 713 1627 1382 245 3918 3318 255 2420 4270 1287 998 387 9045 4309 912 1759 715 1044
is_linear=0
shrinkage=0.03


Tree=59
num_leaves=63
num_cat=0
split_feature=3 4 14 6 14 9 8 11 20 25 2 32 8 3 32 14 32 6 5 6 9 4 14 9 25 11 7 25 17 14 11 12 7 6 32 6 12 18 25 31 6 14 29 11 29 3 7 4 11 31 3 20 7 7 6 16 23 22 23 22 29 23
split_gain=86.8281 38.9272 29.9376 27.7813 20.7 18.6545 16.8553 14.6043 15.6201 13.709 12.3117 11.472 17.0384 11.209 10.8893 10.2725 10.0185 9.76815 9.56693 9.45451 8.95639 8.70384 8.4938 8.47585 8.27809 9.90776 8.11667 7.97612 7.70925 7.62223 14.5313 14.7545 8.9328 8.66634 7.70883 9.70092 9.03626 10.5773 7.56061 7.97687 7.78031 10.0831 8.28404 7.46177 7.72037 7.45931 7.38622 7.30658 7.26624 7.23012 7.98115 7.16122 7.76249 7.0765 7.05342 6.98667 6.94789 7.04827 6.56942 6.5376 6.52065 7.51547
threshold=0.14172088354825976 -0.24644867330789563 0.42620393633842474 -1.2104018330574033 -0.75554636120796193 -1.9703051447868345 0.050141893327236182 -0.11688621342182158 0.11265872418880464 -0.49997358024120325 0.88031867146492015 14.500000000000002 -0.47009916603565211 -1.0885182023048399 14.500000000000002 -0.3753096312284469 13.500000000000002 -0.98886486887931813 0.017763786949217323 0.80212673544883739 -0.070403374731540666 -0.38817828893661493 -0.94694581627845753 -0.052058493718504899 1.2899801135063174 0.96078786253929149 -0.60572963953018177 -1.0000000180025095e-35 -0.59563481807708729 -0.094809271395206438 1.3539066910743716 1.0593443512916567 0.78535380959510814 1.4985040426254275 17.500000000000004 1.2870104908943178 -0.39716634154319758 -1.0000000180025095e-35 -0.13572748005390164 -0.64285716414451588 0.20169790089130404 0.18064018338918689 0.72077924013137828 -0.6534120738506316 0.77350428700447094 0.094359811395406737 -1.132578372955322 1.2930394411087038 0.46498152613639837 -1.0000000180025095e-35 -0.045689577236771577 -0.12623994797468183 1.2520874142646792 1.5708347558975222 1.3127656579017641 0.46145592629909521 0.56373420357704174 -0.93142798542976368 0.79597467184066784 -0.97211927175521839 0.16025641560554507 0.78844082355499279
decision_type=2 2 2 2 2 2 2 2 2 2 2 2 2 2 2 2 2 2 2 2 2 2 2 2 2 2 2 2 2 2 2 2 2 2 2 2 2 2 2 2 2 2 2 2 2 2 2 2 2 2 2 2 2 2 2 2 2 2 2 2 2 2
left_child=1 -1 3 48 11 -6 38 8 -7 17 15 12 -2 14 23 58 60 -10 -4 21 22 -19 -13 43 25 27 -18 -15 -27 51 31 33 34 -31 35 36 -32 47 39 -5 -40 -42 -43 -8 -45 -30 -22 59 -3 -20 -51 -28 -53 -17 -29 -41 -33 -58 -11 -38 -9 -62
right_child=4 2 18 6 5 7 13 16 9 10 -12 20 -14 24 -16 53 26 19 49 -21 46 -23 -24 -25 -26 28 29 54 45 30 32 56 -34 -35 -36 -37 37 -39 40 55 41 42 -44 44 -46 -47 -48 -49 -50 50 -52 52 -54 -55 -56 -57 57 -59 -60 -61 61 -63
leaf_value=-0.015982816200579848 -0.0007644703599370738 -0.019526752589272979 -0.014561955428720038 0.020219602735785071 -0.012397591583766396 -0.01240582455379563 -0.0098394551526120606 0.00040736969116293985 -0.010309079857895174 0.025958036118049987 0.013512132034847803 -0.0049790603953049038 0.019026488623263046 0.014237082101677592 -0.012496501234445614 -0.0065776453151800748 -0.0034967520623313919 -0.0053875143261184954 0.016129553424482104 -0.012592192994921274 -0.016416203943794724 0.034774754945165569 0.014938931734328757 -0.0025966369468672984 -0.0028329853372748887 -0.0052761241425079456 0.010442393043483725 0.00088403580022637489 0.026810674228321441 -1.2056250882813814e-05 0.0012380542891647825 -0.0034862745071309784 -0.001472742860965198 0.011782732168062339 -0.0029209839658510001 0.0068844101855550597 0.0077886868186809195 0.0053317089659312917 -0.012772364552318706 -0.0081529897814785791 -0.0058277526679528808 0.00071266617198897139 0.032899583261595644 0.043449991487067102 -0.0060699692658300374 -0.0094921353275360752 0.011692517555035128 -7.6140815901136786e-05 -0.0015071229316347252 -0.019402943049335857 0.016272771559755605 -0.0082355722774938994 0.012698828275930347 0.0097578496003685143 0.026102255028037386 0.0096943950595212228 -0.010278217428872414 0.023175170459529208 -0.0015956236515006919 0.052540675981388396 0.015415899368246376 0.0060936142179180133
leaf_weight=262.36911418475211 50.440008334815502 73.684854574501514 213.23187617771327 15.300550414249299 68.996461689472198 91.542374363169074 2.2707329895347348 75.162301963195205 6.6353647932410231 11.840443480759861 40.996885051950812 96.181111268699169 164.27511386759579 76.551254389807582 51.537301633507013 238.25162622705102 150.35856462083757 4.369244731962687 13.954300854355099 2.9662122800946227 4.7089775800704947 23.866165554150939 18.829468067735434 25.612902108579874 54.554235726594925 7.5757511369884005 27.654937658458948 152.00011025741696 49.149752791970968 450.23958113417029 9.1573739536106569 11.932132959365843 24.016411334276199 59.03871513903141 11.880197349935768 30.936949133872986 5.4589801318943527 10.628675464540722 97.70058093778789 43.930609375238419 104.82069270685315 18.197580942884091 7.1569491419941178 6.9885123465210182 2.263280775398016 3.1710374914109698 125.58888689614832 3.3303658552467814 28.259433684870601 12.836372083052995 3.8612172901630393 105.64450415596366 14.057286284863947 22.038190515711904 5.717204298824071 28.133359991014004 3.4967165365815154 50.556193761527538 13.47537227347493 23.005902197211981 140.65757771022618 191.97243731096387
leaf_count=8465 406 2676 6031 333 1072 1682 64 691 155 144 448 876 1135 1389 1305 3407 2169 79 302 33 56 327 197 497 602 130 311 3127 688 5306 110 189 206 405 126 207 60 120 2924 1105 1635 346 129 120 40 39 996 27 712 301 64 927 104 262 54 546 43 434 112 225 1645 1449
internal_value=0.000324335 -0.00570966 -0.0031946 -0.000524758 0.00377312 0.00239307 0.00149877 0.002975 -0.00167386 0.00115328 -0.000925829 0.00945771 0.0144657 0.00528494 -0.00406454 -0.00319513 0.00449059 0.0171131 -0.0123513 0.0235632 0.0048729 0.0286844 -0.00123156 0.00773179 0.00768618 0.00965176 0.00283748 0.00660174 0.0201533 0.00398388 0.00529388 0.00325753 0.0146538 0.00145653 0.0186243 0.0217159 0.0292169 0.034489 -0.00375499 0.00360253 -0.00659255 -0.00165354 0.0137209 0.0245285 0.0334563 0.0239744 0.0101075 0.0421869 -0.0148356 0.00291269 -0.00930433 -0.00215429 -0.00536653 -0.00503671 0.00257217 -0.00100855 0.0160761 0.020324 0.0134473 0.0464042 0.00842645 0.0102056
internal_weight=3745.02 1360.83 1098.46 854.577 2384.19 1924.16 752.632 1855.17 455.982 364.44 326.603 460.024 214.715 437.392 88.6727 285.606 1399.19 37.837 243.884 31.2016 245.308 28.2354 115.011 37.1354 348.719 294.165 991.393 234.269 59.8965 841.035 693.678 575.263 118.415 509.278 94.3984 82.5182 51.5813 42.4239 315.24 87.3645 227.876 130.175 25.3545 11.5225 9.25179 52.3208 130.298 31.7952 101.944 30.6519 16.6976 147.357 119.702 260.29 157.717 72.064 65.985 54.0529 25.3158 28.4649 407.792 332.63
internal_count=59765 33624 25159 18461 26141 22475 15073 21403 6649 4967 4373 3666 1541 8055 2026 3925 14754 594 6698 439 2125 406 1073 721 6029 5427 10969 4570 857 8800 7458 6377 1081 5711 875 749 542 432 7018 1984 5034 2110 475 224 160 727 1052 312 3388 667 365 1342 1031 3669 3181 1651 666 477 256 285 3785 3094
is_linear=0
shrinkage=0.03


Tree=60
num_leaves=63
num_cat=0
split_feature=23 15 3 11 7 7 21 14 11 34 22 19 32 7 25 29 30 26 21 17 14 21 9 24 23 30 14 20 21 3 22 17 24 6 9 3 3 26 19 32 16 9 11 20 12 26 7 14 32 2 14 17 22 12 11 8 15 12 23 3 15 26
split_gain=90.6306 28.6784 22.9361 15.7892 15.6932 14.6139 14.1885 13.9041 13.3559 13.7274 12.9811 12.9293 12.2716 10.745 10.6413 9.88414 9.1917 9.0543 11.126 9.05362 8.97965 8.75489 8.89322 8.73878 9.80622 8.95166 8.30364 9.85796 8.2834 8.13952 11.683 11.0127 7.72492 7.86247 8.88689 8.4855 10.5692 7.69039 7.50294 7.4746 8.14466 7.39037 8.1331 7.36099 9.32624 7.31299 7.09667 7.70891 7.073 6.95959 6.8879 6.78839 6.72666 6.61593 6.51738 6.49714 6.35145 6.32462 6.30568 6.29935 6.27859 7.01011
threshold=0.24323514103889468 0.034697191789746291 0.62921172380447399 0.53677165508270275 -1.3425802588462827 1.0780563950538637 -0.45553719997406 -0.65232509374618519 1.0120458006858828 3.5000000000000004 -0.78657361865043629 -0.015136046335101126 10.500000000000002 0.61493706703186046 1.665272653102875 0.40588235855102545 -5.5777776241302481 -0.99181425571441639 -0.66491189599037159 2.0229183435440068 -1.716747462749481 -0.11923277378082274 -1.6834553480148313 0.90297105908393871 0.8266209363937379 -3.3666666746139522 0.38430771231651312 1.2140451073646548 -0.032316787168383591 0.43804301321506506 0.88314017653465282 -0.57730254530906666 0.69692012667655956 -0.28569704294204706 1.0783375501632693 0.55284741520881664 -0.85945278406143177 -0.16008712351322171 0.7361208200454713 9.5000000000000018 0.65562677383422863 0.63218101859092724 1.130693316459656 -0.14990174025297162 1.1342283487319949 0.65221968293190014 1.2309058904647829 -0.91759115457534779 8.5000000000000018 0.98682820796966564 0.34602554142475134 -0.61601614952087391 1.1269041895866396 1.1769987344741824 -0.70762169361114491 1.1902361512184145 1.786438584327698 0.81636804342269909 0.76419970393180858 -0.45533429086208338 -0.24745969474315641 0.94617876410484325
decision_type=2 2 2 2 2 2 2 2 2 2 2 2 2 2 2 2 2 2 2 2 2 2 2 2 2 2 2 2 2 2 2 2 2 2 2 2 2 2 2 2 2 2 2 2 2 2 2 2 2 2 2 2 2 2 2 2 2 2 2 2 2 2
left_child=1 3 4 6 -2 8 -1 13 11 10 41 -4 -8 38 23 19 -7 18 -3 -12 -13 -22 53 24 25 -9 27 59 -18 60 -31 -32 33 -20 35 36 -35 -28 55 51 50 42 -10 -17 -45 57 47 -15 -27 -39 -41 -5 -38 -23 -30 -6 -56 -33 -50 -25 61 -14
right_child=2 17 5 39 7 16 12 14 9 -11 15 20 29 46 -16 43 28 -19 32 -21 21 22 -24 26 -26 48 37 -29 54 30 31 45 -34 34 -36 -37 52 49 -40 40 -42 -43 -44 44 -46 -47 -48 -49 58 -51 -52 -53 -54 -55 56 -57 -58 -59 -60 -61 -62 -63
leaf_value=-0.018702805744977315 -0.014303144522039219 -0.012308728394213262 0.023348180769999581 -0.00928519031587903 -5.5640309185261137e-05 -0.010556550450056089 0.0062591292956977697 -0.011826771681139192 0.031344732389603558 0.013579870112023126 -0.008974407665122159 0.012012837581845391 -0.019181538382722817 0.023657471304384149 -0.013916511274701537 -0.0050946190284140713 -0.0068843200361221159 -0.0025323457369138512 -0.00026092885294049081 0.015102936040907712 -0.0080388325586665289 -0.01770205444038021 0.0022139621834068768 -0.0036243391238448899 -0.01073297749799795 0.020024784302804046 0.009979351734264192 -0.013019249597318228 0.0011972649986365304 -0.010013227332817254 -0.011878617865943642 0.043455014040593591 -0.010803613398359481 -0.0062942533606106972 -0.0084081422342864188 0.0092320842475097989 0.054578924400652644 -0.013602551957917094 -0.018045283504357076 -0.0013548294755006403 0.012779462081613036 0.034373164233547755 -0.0013193069270124363 0.012286785247725963 -0.012901811708441076 -0.00557632225143716 0.001771376246191516 0.00029231284458294674 -0.0011284572105682918 0.019358181586674274 -0.015140107689552313 0.028807030529051269 -0.0029131505748115831 0.013896609893361821 0.018279630520205609 0.011098591710916043 -0.0038478266649029469 -0.0045381305929356195 0.01433057789556774 0.015218870891118383 -0.0077560215413907891 5.6866711323822572e-05
leaf_weight=216.72670501284301 63.420544167980552 13.664193911477922 18.872474629431963 3.4281140509992838 164.05388157814741 11.702962938696144 39.581247143447399 46.035327719524503 4.3441394977271583 211.6028435267508 96.092382062226534 55.609984301030636 136.23304924741387 52.593876503407955 56.416199194267392 38.453415334224701 14.060851089656351 302.66077106446028 15.044406183063982 11.702273570001124 99.712589114904404 28.654985459521413 588.31782153062522 17.192417776212096 108.65596128813922 13.082301959395407 20.497795484960079 11.877668123692272 28.012505855411291 37.038319395855069 6.0957881323993233 9.0459117330610734 6.2397640980780116 2.3808927610516504 4.2027889750897875 15.609684474766253 13.310501392930751 43.588498448953032 11.142624201253055 89.03474335744977 18.135493142530322 12.054534848779438 24.419502954930067 104.98918027803302 10.922824516892431 3.3589446004480115 34.752643641084433 16.468786265701056 215.68801401369274 2.1215164400637141 47.524676153436303 7.4722617119550687 1.4914529286324967 3.370351579040288 174.39301492646337 60.841157102957368 10.803544349968432 1.9324525669217099 21.618128214031458 89.011438554152846 145.42687774449587 19.352537326514721
leaf_count=8297 1246 252 212 83 1979 109 1044 889 38 1669 774 373 5090 450 848 354 144 4978 267 70 1277 329 5234 263 1825 156 293 138 266 864 149 181 72 43 60 178 192 598 126 2302 412 102 219 750 76 71 321 181 3959 25 1349 147 22 30 1253 649 59 40 371 1021 4524 701
internal_value=-9.28116e-05 -0.00706666 0.00301618 -0.0103244 -0.000408939 0.00533104 -0.0125247 0.000552758 0.00405533 0.00779733 0.00360384 0.00159824 -0.00897077 0.00542045 -0.00203089 0.00100917 0.0120932 -0.000233413 0.00897408 -0.00580693 0.000922893 -1.05187e-05 0.00133389 -0.000785666 -0.00324069 -0.000361859 0.00455369 0.00918562 0.0134616 -0.0107153 -0.000327336 0.0157468 0.0145423 0.018262 0.0249288 0.0297485 0.0421046 -0.00377229 0.00178412 -0.00202783 -0.00392606 0.0183398 0.00752514 0.00580177 0.0094778 0.0275267 0.0132262 0.0184817 0.00193631 -0.0103149 -0.00651762 0.0176746 0.0495131 -0.012949 0.0149304 0.00313768 0.0169216 0.0362305 0.000546483 0.0121427 -0.0126609 -0.0168613
internal_weight=3752.14 1154.99 2597.15 780.387 1049.06 1548.09 614.792 985.638 1309.12 514.581 302.978 794.538 398.065 339.853 645.785 262.16 238.973 374.604 71.9437 107.795 775.666 720.056 620.343 589.369 405.08 296.424 184.289 118.082 227.27 358.484 57.4714 20.4331 58.2795 52.0397 36.9953 32.7925 17.1828 66.2078 236.038 165.595 154.695 40.8182 28.7636 154.365 115.912 14.3373 103.815 69.0627 250.388 45.71 136.559 10.9004 14.802 32.0253 213.209 224.895 185.197 10.9784 237.306 106.204 301.012 155.586
internal_count=59994 31318 28676 25254 15338 13338 20961 14092 11507 4052 2383 7455 12664 3706 10386 2024 1831 6064 1086 844 7243 6870 5593 9538 7200 5375 2338 1422 1722 11620 1305 441 834 762 495 435 257 916 2754 4293 4063 359 257 1180 826 292 952 631 4486 623 3651 230 214 359 1578 2628 1312 221 4330 1284 10315 5791
is_linear=0
shrinkage=0.03


Tree=61
num_leaves=63
num_cat=0
split_feature=15 3 4 21 5 3 14 9 5 16 21 11 16 9 25 24 16 31 21 14 11 20 20 9 16 11 9 4 9 13 13 16 14 9 15 11 4 3 13 17 17 6 23 29 15 14 11 11 25 20 4 26 22 14 14 11 11 17 6 20 13 23
split_gain=84.9074 40.4067 22.8602 20.2521 16.4308 15.473 14.4317 14.5843 14.1377 12.8272 12.8214 11.8842 16.0036 14.5862 11.4495 11.5185 12.6918 11.5802 10.8187 10.9808 11.5993 10.5444 9.86583 11.7714 9.84157 9.52598 9.32655 9.14905 10.958 9.14511 9.09573 12.9291 10.5975 8.87586 8.38186 8.05434 9.32694 8.87775 7.98301 11.3679 7.90631 7.83406 7.39089 7.26995 16.0534 7.05164 6.8544 8.30993 7.97115 6.81596 8.20627 7.39749 6.74776 7.48021 6.63509 6.53487 8.91293 6.3727 6.29202 6.20428 7.38202 6.77142
threshold=-0.35810057818889612 0.012079695705324413 1.0500876903533938 -0.54266214370727528 -0.20125912874937055 1.1569622159004214 -2.6278655529022212 -2.1104872226715083 -0.45116445422172541 -0.45239078998565668 -0.020768465474247929 -0.42867110669612879 0.56802964210510265 0.058272222056984908 1.7373704314231875 1.4937477707862856 -1.0261330008506773 -1.0000000180025095e-35 1.175360441207886 -2.0186604261398311 1.2282435297966006 0.73438477516174328 -0.31836405396461481 0.96473160386085521 -1.2331038713455198 0.15361523628234866 -1.2258071303367613 0.039902534335851676 0.39207851886749273 -0.7981724441051482 0.27230566740036016 0.63698607683181774 0.040406191721558578 0.070847023278474822 -0.1766928285360336 1.5019896626472475 1.3776036500930788 1.1887134909629824 0.77618724107742321 0.21753456443548205 1.1998448967933657 1.3410488963127138 0.67899614572525036 0.67708334326744091 0.57750803232193004 0.53468039631843578 1.4253736734390261 0.8508099913597108 0.51139450073242199 -0.011165145318955181 0.22596063464879992 0.77502509951591503 -1.5238963961601255 1.5798993110656741 0.56833958625793468 -0.46876958012580866 -0.35231128334999079 0.50020048022270214 -1.0870629549026487 -0.61636608839035023 0.48272785544395452 -0.45913468301296229
decision_type=2 2 2 2 2 2 2 2 2 2 2 2 2 2 2 2 2 2 2 2 2 2 2 2 2 2 2 2 2 2 2 2 2 2 2 2 2 2 2 2 2 2 2 2 2 2 2 2 2 2 2 2 2 2 2 2 2 2 2 2 2 2
left_child=5 2 3 27 35 18 25 -8 -5 24 29 -11 -13 -14 15 16 59 54 19 -1 57 -4 -15 -24 -10 -6 -26 40 -29 43 -18 32 -32 -34 -28 36 52 -37 39 45 -2 -19 -22 -9 -45 -35 47 -33 -49 51 -51 -7 -3 -54 -17 -31 -57 -21 -36 -12 61 -61
right_child=1 4 21 8 6 49 7 10 9 11 14 12 13 22 -16 17 30 41 -20 20 42 -23 23 -25 26 -27 34 28 -30 55 31 46 33 38 58 37 -38 -39 -40 -41 -42 -43 -44 44 -46 -47 -48 48 -50 50 -52 -53 53 -55 -56 56 -58 -59 -60 60 -62 -63
leaf_value=0.016619490531616328 -0.016572913972114169 0.013938086207162191 0.016405376800864301 -0.01448191372786563 -0.0010382843432553751 0.028280145346280931 -0.011144788069507276 0.002759499431411397 -0.0030020643094715803 -0.0089175688726922959 -0.0037072343943612982 -0.0032694177552496746 -0.0014040946269946078 1.0680321657672959e-05 -0.0041202272818911152 0.0090825156517474644 0.0035988187781683112 -0.0051088258364976628 0.0039353744592941923 -0.015932327554606052 0.010494194580904339 -0.011093773610124749 0.034555592788842938 -0.0046506121512416157 -0.01108783128857236 0.022669553102691687 -0.005695570005015878 0.017216266020218508 -0.01473382872735212 -0.014692962622719701 0.012037772757015152 0.011569827715827985 -0.0097422358959404903 0.032964458976599394 -0.0075926158349398946 -0.0059880970273546181 0.0080054579631510178 0.024492132852006004 -0.0054954409256419527 -6.5857029352428884e-05 0.0061366456615354345 0.023016966507202013 -0.015957322073296192 0.046930491956186073 -0.0064073245804205118 0.00075309599588457626 -0.0010014485887145186 0.029681484646044563 -0.0069964664168534162 -0.010321666640175236 0.024088796152245739 -0.011256843426738375 -0.0087216063033065741 0.0094597869009861793 -0.011718325556554955 0.027320499665312459 -0.00040981398756705073 -0.00026016118030337837 0.035643195941967375 -0.0040378387314865894 -0.0028186644381000396 0.048119850783202092
leaf_weight=6.9865174535661927 171.82559608109295 10.043888812884687 65.988498341292143 63.952307777479291 19.115339793264866 12.056878618896006 45.450546689331532 27.145110316574574 21.521170625463128 137.92190379463136 3.7044148985296514 208.0783583112061 47.239275902509689 15.41197215951979 80.935025710612535 53.341925583779812 722.87583044916391 7.9997475557029238 34.154478898271918 400.38349853642285 25.990843705832958 11.562987454235552 32.759760268032551 7.093724211677908 4.1598689779639235 63.016365397721529 4.6429654303938177 15.910063540562989 13.071275314316152 22.845923980697989 96.561060689389706 121.41529029607773 53.933526840060949 17.842163404449824 1.6231379956007028 12.058660194277765 48.031360190361738 15.458480432629583 39.669055199250579 38.550618708133698 12.469367623329161 94.481800131499767 8.8057929612696153 7.9853699225932342 6.5918844603002071 8.6788460221141559 21.495648320764303 48.63752144947648 4.0394469499588004 22.552513001486663 3.1138193905353537 2.6648100260645142 209.80693995021284 18.409261625260115 13.434279944747685 5.7295777406543484 371.79850676469505 24.956141663715243 25.341040782630444 1.7554776892066044 3.3700722344219676 10.935977481305596
leaf_count=187 4868 148 814 1662 147 220 586 381 586 3020 55 4169 654 221 690 321 7055 54 960 13920 694 130 443 98 111 416 136 315 292 411 855 1099 652 232 57 157 401 118 459 375 219 529 180 132 72 117 141 346 28 357 38 44 2808 248 89 94 4701 620 567 31 41 131
internal_value=0.000496642 0.00236657 -0.00317472 -0.00473185 0.00441813 -0.0104289 0.00541168 0.00485782 -0.00173855 -1.2923e-06 0.00527197 -0.0017546 0.00151717 0.0109338 0.00663689 0.0072885 0.00620078 0.0145602 -0.0118676 -0.0130525 -0.0136768 0.0118816 0.0207214 0.0278366 0.0127642 0.0174088 0.0214556 -0.0125052 0.0027584 0.000790483 0.00572472 0.00905664 0.00447042 -0.00036174 0.0266681 -0.00194119 -0.00349407 0.0122681 0.00469231 0.0108519 -0.0149149 0.0206859 0.00263642 0.0133521 0.0273346 0.024215 0.0147809 0.0167031 0.0265062 0.00676729 -0.00290011 0.020084 -0.00592918 -0.00708362 0.00437293 -0.000667085 0.00036264 -0.0150265 0.03226 0.0276064 0.0339941 0.0418032
internal_weight=3729.38 3187.72 860.573 783.022 2327.14 541.665 2013.34 1931.2 569.745 505.793 1885.75 448.505 310.583 102.505 1443.66 1362.72 1193.46 169.258 501.277 467.123 460.136 77.5515 55.2655 39.8535 57.2882 82.1317 35.767 213.276 28.9813 442.096 1173.7 450.823 255.235 158.674 31.6071 313.809 286.291 27.5171 104.741 65.0716 184.295 102.482 34.7966 41.7224 14.5773 26.521 195.588 174.092 52.677 40.388 25.6663 14.7217 238.26 228.216 66.7762 400.374 377.528 425.34 26.9642 19.7659 16.0615 12.6915
internal_count=59702 42482 18362 17418 24120 17220 20240 19677 11724 10062 19091 8605 5585 1416 13300 12610 11617 993 16561 15601 15414 944 762 541 1457 563 871 5694 607 5791 11359 4304 2690 1835 760 3880 3605 275 1183 724 5087 583 874 585 204 349 1614 1473 374 659 395 264 3204 3056 410 5206 4795 14540 624 258 203 162
is_linear=0
shrinkage=0.03


Tree=62
num_leaves=63
num_cat=0
split_feature=15 11 6 21 17 14 32 26 16 26 21 4 14 6 32 14 23 14 16 11 15 6 20 12 14 5 24 31 32 30 15 7 2 18 20 1 26 33 17 7 14 11 10 21 13 12 32 13 17 7 16 15 26 20 12 14 5 11 10 16 11 11
split_gain=74.0992 34.8067 25.7917 18.8382 13.8333 13.7102 12.8721 12.0545 11.7788 11.7459 11.5105 13.3159 10.1089 10.7389 12.2683 10.262 9.61281 9.50441 9.28039 9.71701 9.659 8.97435 8.77371 8.76978 8.74699 8.48387 8.23945 8.1418 9.82061 8.49279 8.11648 8.03692 7.8957 7.86513 7.97849 7.62832 7.59704 7.49927 7.45022 9.96949 7.35991 7.32637 7.27483 7.06155 6.89392 7.10062 7.86591 6.7649 6.71354 6.55048 7.76351 7.44902 6.54614 6.47203 6.395 6.08463 6.05522 6.05278 5.96846 7.93709 15.1959 7.7932
threshold=-0.35810057818889612 0.036560259759426124 -0.91490811109542836 1.0244275927543642 0.40815417468547827 0.088083058595657363 9.5000000000000018 -1.260078430175781 0.55051189661026012 -1.9868686795234678 -0.54266214370727528 1.0026745796203616 -2.1423717737197872 -0.36978991329669947 10.500000000000002 0.43844300508499151 1.0000000180025095e-35 -1.2361479997634885 -0.45239078998565668 0.20119599997997287 0.41327223181724554 1.2137548923492434 0.12225593253970148 1.0825784206390383 -2.6278655529022212 -0.58431702852249134 0.91510096192359935 0.5000000149011613 12.500000000000002 -5.5777776241302481 1.5205280780792239 0.55190867185592662 -0.019509222358465191 -0.37155641615390772 0.95625776052474987 1.229768753051758 1.1545861363410952 1.0000000180025095e-35 0.55610880255699169 0.9405823051929475 0.50077518820762645 1.078123986721039 -0.41329030692577357 0.95894458889961254 -0.07844896242022513 0.82499328255653392 16.500000000000004 0.46675592660903936 1.6455517411231997 0.23267050832509997 0.96323463320732128 0.38315512239933019 1.3566895723342898 1.3237347602844241 0.58846619725227367 0.40704175829887396 0.038795599713921554 -0.97198981046676625 -0.45326262712478632 0.82979086041450512 1.103959918022156 1.8242302536964419
decision_type=2 2 2 2 2 2 2 2 2 2 2 2 2 2 2 2 2 2 2 2 2 2 2 2 2 2 2 2 2 2 2 2 2 2 2 2 2 2 2 2 2 2 2 2 2 2 2 2 2 2 2 2 2 2 2 2 2 2 2 2 2 2
left_child=4 2 53 6 12 7 56 9 10 37 11 17 -1 41 15 -15 18 -8 19 -12 -20 -9 26 -16 -10 -21 -7 28 38 -29 52 -11 -13 -23 -35 43 -19 -4 39 -5 -25 -14 -30 58 -24 -46 48 -41 -47 50 -37 -51 -18 -2 -40 -22 -3 -33 59 60 -26 -60
right_child=1 3 5 27 -6 22 8 21 24 31 16 32 13 14 23 -17 30 36 20 25 55 33 44 40 35 -27 -28 29 42 -31 -32 57 -34 34 -36 49 -38 -39 54 47 -42 -43 -44 -45 45 46 -48 -49 -50 51 -52 -53 -54 -55 -56 -57 -58 -59 61 -61 -62 -63
leaf_value=0.018872443268497081 -0.017803133080620683 0.0069218607019700821 -0.015991156174827045 -0.0084900573921855398 0.0050159548976587585 -0.015642580523675183 0.0066816679740462443 -0.0013025808179973704 0.016383316599657645 0.0057098779219147472 -0.010850156421914484 -0.01000554981367493 -0.017794364542842563 0.025428078395016766 -0.011360378707860211 -0.0090617576842559402 -0.0027729936439867316 -0.014959969154886718 -0.0035053742522248871 -0.0082671701870887793 0.030334734280923693 -0.0013811246974489394 -0.0084259506018058514 0.024028943076875562 0.0033889466520500085 0.04300558198797455 0.0021338900576769056 -0.0073333841138022568 -0.0049799688330285285 0.017269227631948651 0.012475346926253171 0.0025109551604690608 0.02337009155432734 0.0060262066519379421 0.031542763809040732 -0.0072196169797669602 0.0080897615407070356 0.019450381580311916 0.035219404390588821 0.026540845052067399 -0.011861776465534284 -0.00049233710901607397 0.0065062465467882217 -0.010869892103408049 -0.002469368824163739 0.015944096896780786 -0.013654809419424055 -0.0090984943638169526 -0.011246904062683596 -0.0083919032926258602 0.01821446755066455 0.027646789086988623 0.015078429835422826 0.0072688592788081397 0.010226409000744938 -0.0032927195482990255 0.022027006264353371 0.044619862440201663 0.0020665248990077074 0.00070210260498517591 0.025073791844884868 -0.013267249084818834
leaf_weight=5.2661501951515666 106.67628938890994 91.271597631275654 11.192419474944471 21.5810741558671 45.54971057921648 92.221699615940452 22.632094737142324 338.93408678844571 43.455239832401276 14.499672371894123 2.6153175532817867 6.1357699707150486 247.56324683688581 13.437052734196188 177.89154664799571 9.9534426499158126 380.88886600360274 135.61340591497719 44.148120138794184 1.7792981006205089 10.853320844471456 34.02023820579052 107.3160554189235 8.1068067084997875 75.715490784496069 11.932297084480521 29.479222530499101 11.175592239946125 68.584501352161169 131.79170140996575 33.555638156831264 4.4608983844518688 14.152625739574431 30.0518440566957 15.827074144035576 22.339915126562119 11.057899804785846 3.2271806728094807 17.29374747350812 13.898379795253279 4.5790480002760878 24.447205668315291 150.35271671414375 30.043094575405121 192.63633862137794 52.216581135988235 8.0895524788647872 3.638065004721283 5.8965819366276255 3.8501608856022385 13.055043600499628 24.864845275878906 14.482238531112669 7.4525790121406308 26.095696598291397 5.6783258952200404 31.938105029985309 12.909404048696159 491.13079790771008 100.41273945011199 44.213622614741325 26.77060991153121
leaf_count=144 3444 874 164 183 997 2106 356 5913 334 214 63 84 9742 266 4841 234 4828 2923 961 44 145 272 1712 213 996 244 409 90 549 914 264 59 151 272 111 200 250 48 99 84 127 672 1129 238 2779 702 111 27 50 37 84 160 186 165 137 86 264 136 5234 946 485 236
internal_value=-8.18727e-05 0.00164978 -0.00276721 0.00385466 -0.0103443 -0.00111597 0.00239818 0.00255588 0.00164675 0.0162859 -0.00126362 -0.00746619 -0.0118047 -0.012326 -0.00704708 0.0117403 0.00111103 -0.0102639 0.0105232 0.0276416 0.00416358 0.000864206 -0.00460713 -0.00959415 0.00395197 0.0359209 -0.0114224 0.00931988 0.00634633 0.0151633 -0.000680555 0.025338 0.0132938 0.00959116 0.0170635 0.00320905 -0.0130128 -0.0050935 0.0148615 0.00447239 0.011383 -0.0162763 0.00287721 0.00233337 -0.00221855 0.000465972 0.00858083 0.018769 0.0125127 0.012775 0.00325484 0.0222867 -0.00193897 -0.0159296 0.0227977 0.0207019 0.0115437 0.0367841 0.0029402 0.00701833 0.0120669 0.00115463
internal_weight=3742.9 3206.11 1067.11 2139 536.794 952.979 1694.59 465.123 1571.38 46.2896 695.525 189.592 491.244 485.978 213.968 23.3905 505.933 169.303 77.0067 16.3269 60.6798 418.833 487.856 190.577 875.852 13.7116 121.701 444.411 301.444 142.967 428.927 31.87 20.2884 79.8992 45.8789 832.396 146.671 14.4196 82.507 39.1175 12.6859 272.01 218.937 768.286 366.155 258.839 66.2027 17.5364 58.1132 64.11 35.395 28.715 395.371 114.129 43.3894 16.5316 123.21 17.3703 738.243 220.342 119.929 517.901
internal_count=59788 42552 18667 23885 17236 15058 20673 7189 19535 621 10585 3764 16239 16095 5681 500 6821 3529 1543 351 1192 6568 7869 5181 8950 288 2515 3212 2208 1004 5278 409 235 655 383 8616 3173 212 530 294 340 10414 1678 8135 5354 3642 863 111 752 481 284 197 5014 3609 236 231 1138 195 7897 2427 1481 5470
is_linear=0
shrinkage=0.03


Tree=63
num_leaves=63
num_cat=0
split_feature=15 3 32 21 3 4 5 4 10 0 22 35 6 25 16 9 14 14 3 3 3 9 29 9 14 14 18 14 4 23 16 15 9 3 25 14 8 3 6 8 25 25 13 13 6 22 20 23 18 1 4 15 18 16 3 28 16 16 15 25 10 25
split_gain=86.7288 39.0659 15.5341 16.1342 14.4926 13.0214 12.6 11.7581 10.6151 10.0115 9.97108 9.50391 9.36234 10.2586 9.98391 9.51075 8.92054 8.84101 8.68328 8.47133 8.32829 8.32078 8.11054 7.85432 7.63711 7.61929 10.541 7.61171 9.09855 9.79163 8.59837 8.54049 10.2244 8.42689 7.94729 7.99267 7.45259 7.7173 7.03844 7.00091 6.93327 6.90927 7.92367 7.62528 7.44391 7.07442 8.46612 7.40743 6.83969 6.73056 6.71772 6.87938 6.59479 6.51825 6.60208 6.52565 6.46459 6.37024 7.25825 6.3139 8.14696 7.10558
threshold=-0.35810057818889612 -0.20680647343397138 15.500000000000002 1.4334087371826174 0.45097060501575476 -0.46991141140460962 0.2582035511732102 2.1601321697235112 0.71075737476348888 0.7038404941558839 1.6567270755767824 1.0000000180025095e-35 -1.0034729242324827 -0.079883679747581468 -0.38803222775459284 -0.70783951878547657 -2.0186604261398311 -2.1423717737197872 0.55284741520881664 0.93787726759910595 1.1403037309646609 -1.2918466329574583 0.17156863212585452 1.0005955696105959 -1.7817230820655821 -0.72725367546081532 -0.262730062007904 -0.93344339728355397 1.7077614068984988 0.24323514103889468 1.2391447424888613 0.58796215057373058 0.64972636103630077 1.2974110245704653 1.6240814924240115 -2.8263701200485225 -0.43649528920650477 -1.3358290195465086 0.95199352502822887 0.91202846169471752 -0.77143520116806019 0.51139450073242199 0.37361946702003485 0.65043911337852489 1.6700643897056582 0.87276226282119762 -0.20518570393323896 0.75636926293373119 -0.35935087502002711 1.3456401824951174 1.5478326082229616 0.52866318821907055 -0.59018647670745839 0.51841458678245556 1.2230356931686404 0.78571429848670971 0.61361515522003185 0.60563465952873241 1.6832895874977114 -0.30147556960582728 -0.57000297307968129 -0.52157127857208241
decision_type=2 2 2 2 2 2 2 2 2 2 2 2 2 2 2 2 2 2 2 2 2 2 2 2 2 2 2 2 2 2 2 2 2 2 2 2 2 2 2 2 2 2 2 2 2 2 2 2 2 2 2 2 2 2 2 2 2 2 2 2 2 2
left_child=4 7 27 5 16 19 21 12 20 10 18 -9 13 -2 15 -14 -1 -16 -6 -4 -8 -7 39 -10 53 52 -27 34 29 59 31 32 -30 -33 57 -36 -17 -38 -39 48 -18 42 44 45 -31 46 -43 -47 -23 -44 51 -50 -5 -24 55 -55 -22 -3 -59 60 -29 -62
right_child=1 2 3 25 9 6 8 11 23 -11 -12 -13 14 -15 17 36 40 -19 -20 -21 56 22 24 -25 -26 26 -28 28 30 41 -32 33 -34 -35 35 -37 37 38 -40 -41 -42 43 49 -45 -46 47 -48 -49 50 -51 -52 -53 -54 54 -56 -57 -58 58 -60 -61 61 -63
leaf_value=0.014457595650289527 -0.0013283183049166889 0.019589794788186069 -0.017487827849567893 -0.0082250955575328567 0.012201193183607699 -0.010093781568378857 -0.0022266226519328694 0.032482330788711954 0.024088191680742364 0.01912895960759645 0.027479886351698363 -0.0076081046899585912 -0.012704522433122038 -0.02056650261162148 0.008767354382682219 -0.0045934408448184234 0.0024802696545270721 -0.0060006699604671816 -0.010532047802264263 0.0002431535102326324 0.021767053001770082 0.0020812806746243395 -0.0052194921747286543 -0.012641180054652566 -0.0020957418683736494 0.012220749400081828 -0.0057226742008649762 -0.0095983033549804902 0.032652085050674892 0.0033551873041132562 0.032780224781078712 -0.010680861646821135 -0.0035373055112687879 0.012933251120931268 0.015971895449434174 -0.0065540970138088838 -0.0049062832193024529 0.026412227027419837 -0.007893377083800621 -0.0097731628723137422 -0.014968399527707288 0.013229528762160147 0.012304694339667445 -0.012046339707687616 0.017406586956002577 -0.010208210954914726 -0.0071292611635304015 0.034215696654046668 0.0036199586956700484 -0.010566209146971036 -0.012653794598459289 0.028157470030868142 0.02388393120615458 0.036908266252389126 -0.0039066216154299222 -0.0017204449273283183 0.0038242476248209725 0.0040499021205099017 0.025637852452696855 -0.0063115152062205053 -0.0027125435155489217 0.018392015066598186
leaf_weight=6.2697604447603217 42.17643141746521 89.46703439950943 53.967886263504624 4.1272358596324912 13.679324558004735 70.801967527717352 89.691085131838918 9.1010930053889734 38.112962659448385 13.273433983325956 3.1852436270564786 6.0149375870823851 14.631788305938242 58.771742848679423 35.340565836057067 17.66910675726831 20.255821835249662 443.80416919477284 89.093349102884531 40.960971942171454 26.048382949084044 50.11148789152503 11.673775361850856 2.8438673391938201 512.44816849380732 75.277627177536488 42.795697866007686 21.402735074982047 16.042628429830078 448.12814878672361 13.892147481441496 24.158368103206158 9.2008915022015554 20.495037347078323 16.013668835163116 38.629534784704447 9.8943740800023061 34.276781240478158 3.9476628787815562 14.281396605074404 381.44974601641297 23.519717898219824 223.92054300755262 34.281478568911552 32.263655766844749 2.1222783066332322 46.724021948873997 6.6315131224691868 16.896945985034108 8.5218869931995851 2.8141381740570059 30.020490914583206 39.307027464732528 11.398123051971202 6.5364015474915496 4.6136460453271857 49.842788778245449 84.937007891014218 12.517233423888682 111.66782710887492 21.2657978720963 32.913203662261367
leaf_count=176 1227 766 1118 26 326 1006 1028 83 349 229 52 68 416 2192 427 488 733 9213 1811 519 216 540 103 29 6386 624 452 335 134 4359 71 184 87 113 91 260 246 823 58 170 13822 278 2081 348 184 23 465 64 267 65 25 297 277 95 40 41 336 606 71 2005 325 555
internal_value=0.000418446 0.00227542 0.00398391 0.0014876 -0.0107995 9.03578e-05 0.001181 -0.00411281 0.00763018 -0.00151817 -0.00485009 0.0186037 -0.00476855 -0.0129707 -0.00318706 0.00632339 -0.0134608 -0.00483212 -0.00708051 -0.0102077 0.00395541 -0.000679121 0.000397855 0.02044 -0.00113809 0.0101538 0.00574888 0.00619761 0.00509388 0.00426154 0.0143536 0.00874736 0.0210575 0.000368499 0.0110057 0.000832885 0.0111538 0.0168242 0.022366 0.00749416 -0.0140689 0.00565929 0.00674652 -0.00117836 0.00446848 0.0039742 0.000113609 0.0236498 0.0103124 0.0112613 0.0176585 0.0205202 0.0202987 0.0116412 0.0197334 0.028017 0.0109476 0.0138803 0.00793857 -0.00189191 0.00462427 0.010579
internal_weight=3736.12 3208.92 2533.29 1194.57 527.207 1033.06 938.136 675.629 206.539 119.231 105.958 15.116 660.513 100.948 559.564 80.4197 407.975 479.145 102.773 94.9289 165.582 731.597 660.795 40.9568 546.67 161.508 118.073 1338.72 1097.15 1013.36 83.7891 69.8969 25.2435 44.6534 241.564 54.6432 65.7879 48.1188 38.2244 114.124 401.706 826.113 712.834 113.279 480.392 78.9975 70.2437 8.75379 99.8431 232.442 49.7316 46.9174 43.4343 34.2219 22.5482 16.0118 75.8912 186.921 97.4542 187.25 75.5817 54.179
internal_count=59804 42655 27414 13944 17149 12565 10928 15241 1958 2418 2189 151 15090 3419 11671 2031 14731 9640 2137 1637 1580 8970 7964 378 6665 1379 1076 13470 11676 11087 589 518 221 297 1794 351 1615 1127 881 1299 14555 7867 6689 1178 4543 830 743 87 1129 2146 589 564 303 279 176 136 552 1443 677 3220 1215 880
is_linear=0
shrinkage=0.03


Tree=64
num_leaves=63
num_cat=0
split_feature=6 11 32 6 25 8 11 18 2 8 7 11 20 9 8 11 7 11 12 17 16 11 16 11 12 5 9 11 4 25 18 7 4 32 29 11 12 9 12 2 31 5 19 17 7 9 7 8 10 23 32 7 29 9 11 9 8 5 26 5 34 9
split_gain=66.9275 26.2858 26.017 16.5505 13.7534 12.4726 14.407 13.756 10.9523 10.5895 13.5483 11.5347 10.5207 10.3589 10.1048 9.80224 11.3511 9.37513 8.95571 10.2473 8.93292 8.65948 9.43275 8.47149 8.36173 7.99804 7.98286 8.06947 7.38814 7.25236 7.12161 7.51338 7.02314 6.79809 10.6801 8.72129 8.66193 9.19577 9.34591 8.69708 7.6372 7.54869 7.2117 6.80192 6.70299 7.07107 8.41688 7.91609 6.76543 7.43168 6.68389 6.58897 6.82121 9.56819 6.57834 8.25069 9.32205 7.04646 6.5679 6.53361 8.10854 9.79309
threshold=-0.36978991329669947 -0.31456629931926722 11.500000000000002 1.3410488963127138 -0.24218232184648511 0.050141893327236182 1.4427454471588137 -0.2830126136541366 1.656048119068146 -0.40614736080169672 -0.59333956241607655 0.4772974848747254 0.030055848881602291 0.25889298319816595 -0.13281947374343869 0.27024970948696142 -0.011718738824129103 0.8508099913597108 -1.0000000180025095e-35 -0.086556725203990922 0.33357828855514532 0.73022466897964489 0.76177459955215465 0.66872319579124462 0.89577630162239086 1.7157556414604189 -0.34573428332805628 0.97270041704177868 -0.097492337226867662 1.5247075557708742 -0.40024028718471522 -0.40547001361846918 -0.37929689884185785 15.500000000000002 0.82085561752319347 1.2597640752792361 0.89577630162239086 0.99846389889717113 -0.68728566169738758 -1.0000000180025095e-35 -0.35714286565780634 -0.033235326409339898 0.91609963774681102 1.1437456011772158 -0.34815001487731928 -0.11228757724165915 0.67947480082511913 -0.28594145178794855 0.092958699911832823 0.51515695452690136 14.500000000000002 -1.2823532223701475 0.32291667163372045 0.89147576689720165 -0.57354065775871266 -1.2918466329574583 0.17380572110414508 -0.19092956930398938 -1.0098257064819334 -0.11842333897948264 3.5000000000000004 -0.097861256450414644
decision_type=2 2 2 2 2 2 2 2 2 2 2 2 2 2 2 2 2 2 2 2 2 2 2 2 2 2 2 2 2 2 2 2 2 2 2 2 2 2 2 2 2 2 2 2 2 2 2 2 2 2 2 2 2 2 2 2 2 2 2 2 2 2
left_child=1 12 9 4 17 44 7 -7 15 20 11 -11 -1 -10 -14 25 23 -4 21 -20 -2 22 -9 -17 -22 -6 -19 58 -8 59 -29 -32 -21 36 -35 41 37 38 -18 -40 43 -36 -42 -41 -3 -46 47 48 49 -47 -31 -25 53 -53 55 -12 -57 -58 -28 -5 61 -61
right_child=2 5 3 29 8 6 28 18 13 10 54 -13 14 -15 -16 16 33 26 19 32 24 -23 -24 51 -26 -27 27 30 -30 50 31 -33 -34 34 35 -37 -38 -39 39 40 42 -43 -44 -45 45 46 -48 -49 -50 -51 -52 52 -54 -55 -56 56 57 -59 -60 60 -62 -63
leaf_value=-0.019411075787856807 -0.0078772787252277179 -0.015294457787204264 0.0011436237464743616 -0.0026246370726648229 -0.0058019228303966969 -0.010349875155080727 -0.0073274020043072241 -0.014584972850109063 -0.0028816057945349558 -0.019979894125750648 -0.0056501774337648185 0.0069371668188521942 -0.016766636760622445 0.033962405642497084 -0.0011685464461316946 -0.011926200111793933 -0.0032476477099642122 0.018129740849760174 -0.0018619501538656624 -0.0059593729149128444 0.010543832712142091 0.0098730251443218363 0.017680907148604669 -0.012136480266260585 -0.0090158431876589083 0.01299923958160111 -0.010991901888035555 0.017423901378371243 0.026193331028754076 0.0085078452028342372 -0.01451779129284767 0.0035276402512430505 0.02500015791565045 -0.0029732740189731101 -0.0080771675308196692 -0.0094862911812289962 -0.0054868915419982733 -0.010824630384324102 -0.009001930805369332 -0.0042507100319154629 0.027828958979717117 0.024977290664289831 -0.0023279940375907659 0.021925009842648897 -0.012829313423284562 0.035876733488094448 -0.011397341565706374 -0.009174373114601099 -0.0022969841049584614 -0.0013703891229045252 -0.0048920792057362082 0.013080895774392568 -0.0025977794893021883 -0.015129186622963888 0.011310476129138275 0.0058433568066439522 -0.0039767346094841767 0.039805252668917684 0.025875694353681852 -0.0067871336071529892 0.014494110255342738 0.0087981335186033596
leaf_weight=165.32398730888963 51.248557886108756 77.623055135831237 425.54575738683343 44.386307619512081 566.54433532990515 88.620246881619096 5.155684262514117 44.76569576561451 11.477801885455849 16.612675685435534 6.0646930970251551 37.801513755694032 62.026087699458003 9.7968749646097404 86.350241987034678 85.003771740943193 23.595040591433644 56.931148266419768 29.717740850523114 5.862566700205206 90.985305827111006 26.757285652682185 5.3685412239283314 36.947766816243529 20.636168235912919 16.518373297527432 2.4552371781319406 13.190981246531008 22.793266138061881 46.999413460493088 27.991095826029778 52.170452930033207 35.364733574911952 197.48963828012347 5.1347270067781201 9.0585240945219976 32.908154541626573 12.191342715173958 7.8690189085900775 21.160273982211951 60.557987095788121 27.921844245865941 7.1820552870631209 9.0335911698639375 36.668060630559921 13.363652113825088 18.992361145094037 9.9574072677642089 9.5680805295705778 6.0531551409512749 89.181152254343033 57.287923734635115 157.74481711536646 8.7294850461184961 244.74909348785877 15.521057609468697 2.722800990566614 28.142203986644745 16.747655030339956 44.470312800258398 148.4179502800107 138.25644457526505
leaf_count=6824 834 2234 6630 359 10530 2088 119 1198 111 263 70 407 2096 79 2614 1333 288 639 847 154 858 577 89 653 194 217 31 143 387 442 399 526 642 2172 72 94 321 132 102 228 602 306 55 61 913 357 464 227 240 109 955 724 1945 112 1971 178 38 275 203 326 1005 919
internal_value=0.000300706 -0.00767877 0.00231571 0.00103043 -0.00022864 -0.00286052 0.00124499 -0.00131773 -0.00188783 0.00841919 0.011317 -0.00227046 -0.0142351 0.0173191 -0.00802307 -0.00225524 -4.51765e-06 0.00355921 0.00425803 0.011584 0.00201248 -0.00279596 -0.00983973 -0.00398676 0.00669621 -0.00516328 0.00941769 0.0044274 0.0198362 0.00580658 0.000403414 -0.00325594 0.0204293 0.00332796 2.05153e-05 0.0128849 0.00774238 0.0108994 0.0132727 0.0169372 0.0193574 0.0194563 0.0246914 0.00558299 -0.00902072 -0.00336365 0.00317066 0.010764 0.0179556 0.0263622 -0.000129895 -0.00122241 0.0008056 0.00854813 0.0138011 0.0234273 0.0274089 0.035927 0.0198649 0.00793277 0.00936586 0.00492539
internal_weight=3735.71 750.332 2985.38 2470.9 1959.19 436.632 264.406 236.457 1364.15 514.484 351.614 54.4142 313.7 21.2747 148.376 1342.88 759.816 595.032 147.837 70.945 162.87 76.8915 50.1342 345.714 111.621 583.063 169.487 112.555 27.949 511.712 93.3525 80.1615 41.2273 414.102 239.605 42.1151 174.497 141.589 129.398 105.803 97.9339 33.0566 67.74 30.1939 172.226 94.6027 57.9347 38.9423 28.9849 19.4168 136.181 260.71 223.762 66.0174 297.2 52.4508 46.3861 30.865 19.2029 375.531 331.145 182.727
internal_count=59981 22179 37802 32714 28708 10645 6101 5595 20137 5088 3202 670 11534 190 4710 19947 9200 8571 3507 1643 1886 1864 1287 4767 1052 10747 1941 1302 506 4006 1068 925 796 4433 2644 472 1789 1468 1336 1048 946 378 657 289 4544 2310 1397 933 706 466 1397 3434 2781 836 2532 561 491 313 234 2609 2250 1245
is_linear=0
shrinkage=0.03


Tree=65
num_leaves=63
num_cat=0
split_feature=6 11 3 4 32 14 11 2 9 7 3 3 5 1 7 32 9 9 17 14 26 7 3 11 21 5 4 6 17 20 26 12 20 22 32 30 21 11 15 15 22 11 1 9 11 17 29 11 15 15 14 7 7 18 4 4 4 14 7 20 17 24
split_gain=71.8414 26.4275 25.5371 17.0513 16.4338 14.3979 14.184 10.7557 13.0804 10.3873 10.1403 9.56926 12.2752 10.4242 10.0492 9.07873 10.3984 8.89276 8.35809 8.1973 8.07857 8.67031 8.50314 7.99326 7.98208 7.98001 7.85029 10.4907 9.47637 12.0553 9.13176 12.5977 8.36572 7.84262 7.7022 7.6317 7.49203 8.18539 7.2161 8.74265 7.50699 7.04165 6.99497 6.86389 6.7977 6.70235 6.41312 6.36366 7.13848 6.25171 6.22228 6.19973 7.53273 6.19005 6.16915 6.11741 6.08006 6.0409 7.66687 9.44063 10.8088 13.2456
threshold=-0.36978991329669947 -0.31456629931926722 -0.44343279302120203 0.076210848987102522 13.500000000000002 -1.9338154196739195 1.4427454471588137 -0.031009424477815625 -1.0389060378074644 -0.52266526222228993 1.2597366571426394 1.3762586712837221 -0.63757014274597157 1.0266554951667788 -1.551740229129791 15.500000000000002 0.33295668661594396 0.19894837588071826 0.29890263080596929 -1.7817230820655821 1.1848073005676272 0.81077107787132274 -0.034574778750538819 -0.41638375818729395 -0.54266214370727528 -1.5183332562446592 0.26520229876041418 0.52198198437690746 0.53844395279884349 0.52844575047492992 0.13238073885440829 0.72757723927497875 -0.12623994797468183 1.6567270755767824 9.5000000000000018 -5.5777776241302481 0.55354994535446178 -1.1311007738113401 -0.69623205065727223 0.39302809536457067 0.028886667452752594 0.8508099913597108 -1.126731216907501 -0.63227635622024525 0.15361523628234866 -0.57760921120643605 0.13809524476528171 -0.83507922291755665 0.70078271627426159 -0.73911282420158375 -1.0704640746116636 1.654106140136719 0.040684970095753677 -0.30886955559253687 -0.085485760122537599 -1.0000000180025095e-35 2.3550682067871098 0.26755440235137945 0.47168157994747167 1.0620574355125429 1.0000000180025095e-35 0.58023867011070263
decision_type=2 2 2 2 2 2 2 2 2 2 2 2 2 2 2 2 2 2 2 2 2 2 2 2 2 2 2 2 2 2 2 2 2 2 2 2 2 2 2 2 2 2 2 2 2 2 2 2 2 2 2 2 2 2 2 2 2 2 2 2 2 2
left_child=1 36 9 6 5 54 10 41 -9 -2 34 12 13 42 -14 16 43 19 -11 23 25 22 -22 -16 50 -10 27 49 -29 32 31 -28 55 38 45 -18 -1 -38 -21 40 -40 -7 -6 -5 -32 -3 -46 -39 -49 -27 -19 52 -42 -43 -4 -30 -56 58 -26 60 61 -60
right_child=2 3 4 15 11 7 -8 8 20 18 -12 -13 14 -15 17 -17 35 24 -20 33 21 -23 -24 -25 57 26 30 28 29 -31 44 -33 -34 -35 -36 -37 37 47 39 -41 51 53 -44 -45 46 -47 -48 48 -50 -51 -52 -53 -54 -55 56 -57 -58 -59 59 -61 -62 -63
leaf_value=-0.01786443950137007 -0.011945394808565702 -0.014668980400318308 -0.004758000687417871 0.016388503823012962 0.017135415070349977 -0.014180542488027617 0.010374948386868544 -0.0036482084087565455 -0.016355230315912982 -0.0038778543572158789 0.0078782453524133909 0.0053099757520262006 -0.016158623483201833 0.0090541269861075975 -0.013801041693598845 -0.0023961379108291625 -0.0077499702989661428 0.015110688186784956 0.0084291357952754296 -0.020283491512835521 0.014292272277402136 0.014501309267196651 -0.016886334969169841 0.013539065875456998 0.0038545748965161065 -0.0080234796906336562 0.030354788314717569 -0.00067056109188373561 -0.013455732606569527 0.0171679421861838 -0.0084621477660406681 0.0041002155593995631 -0.0074882222919237648 0.018364573782375094 -0.01132898093481282 0.033763414185584824 -0.015350397690373406 0.014080028175979805 0.0093774324464412483 -0.0059670708126076917 0.0067963548000092881 0.021981604663816448 -0.014838206456962374 -0.010987507232758244 -0.0079605563900141136 0.017326351431653338 0.017796315059921082 -0.012977563203067038 0.017817435128191481 0.017103980301612445 -0.0094700312558729308 0.021424887087911088 -0.013519015808017915 -0.0076546213239172701 0.025897809256479224 0.017229401807843804 -0.0059463251159016803 0.0017718357432857713 0.0024891806481408254 3.8181232692148603e-05 0.0056553764941311528 0.035416241258165386
leaf_weight=213.5346082765609 115.26948121935129 4.3529085796326425 6.2657133340835562 9.8130752649158257 2.5156001951545468 34.417682917788625 36.91600881703198 92.773136196658015 6.4131667502224436 252.2736604064703 27.817322488874197 493.99996220692992 23.85765933431685 20.044331155717373 7.515976244583725 38.605877844616771 2.762742446735504 6.3650874476879826 56.660957124084234 17.100150924175978 6.0340116638690224 13.036813478916882 29.86581963300705 48.00352281704545 186.73820794932544 6.8405238147824994 52.003490909934044 155.46530583314598 3.3510187454521683 82.781056176871061 16.423978723585606 25.578144483268261 43.180007804185152 10.30823280289769 264.4045561850071 21.31682219542563 46.335320930927992 17.501319544389844 76.616877811029553 246.05002875253558 21.437930129468441 7.3348800651729134 88.639484014362097 13.635205563157795 8.1497646272182447 12.791218796744941 32.419291015714407 24.536412926390771 4.1262132152914992 104.38426139950752 54.404268739745021 3.002982895821332 42.060884106904268 9.2186054233461601 52.073110025376081 24.786576636135578 4.120737984776496 267.64747906662524 15.972674323245881 35.196710117161274 41.563401613384485 37.030330929905176
leaf_count=8620 2707 125 51 148 49 493 746 990 93 5937 418 3679 451 268 74 719 45 68 731 436 86 112 279 375 2188 177 380 1538 39 532 140 183 313 131 7527 350 1548 496 1390 2784 408 71 1550 227 58 279 228 652 55 1394 940 51 765 99 314 202 21 3597 273 331 374 362
internal_value=0.000247141 -0.00809953 0.00232057 -0.00325935 0.00344946 0.0069493 -0.00622748 0.0057166 0.00668774 -0.00446079 -0.00834211 0.00179686 0.000395166 -0.00889767 0.0013358 0.00836034 0.016494 0.00177979 -0.00152236 -0.00134145 0.00827475 -0.00314253 -0.0105393 0.00900346 0.00405737 0.00928826 0.00972768 0.00755157 0.00457609 0.00972399 0.0160177 0.0224712 0.000524823 -0.00281061 -0.0100542 0.0284868 -0.0147762 -0.0070965 -0.00356462 -0.00258201 0.00324257 -0.00708689 -0.0131107 0.0013361 0.00612897 0.00772481 0.0123164 0.00187855 -0.00655638 0.0152799 -0.00594237 -0.00398692 -0.00666486 0.00753022 0.0203119 0.0120961 0.0232676 0.00513925 0.00791505 0.0133985 0.0181195 0.0265635
internal_weight=3725.64 738.45 2987.19 432.416 2562.99 816.917 346.282 754.458 703.486 424.204 309.366 1746.07 1252.07 111.199 1140.87 86.1337 47.5278 1117.01 308.935 472.097 610.713 48.9366 35.8998 55.5195 644.918 561.777 555.363 420.789 309.564 154.099 134.575 77.5816 71.3176 416.577 281.549 24.0796 306.034 92.4993 406.269 389.169 143.119 50.9712 91.1551 23.4483 56.993 17.1441 40.5691 46.1639 28.6626 111.225 60.7694 66.5018 63.4988 16.5535 62.4596 28.1376 56.1938 584.149 316.501 129.763 94.5664 53.003
internal_count=59667 21955 37712 10584 28337 7793 9095 7407 6744 9375 8349 20544 16865 1867 14998 1489 770 14547 6668 6414 5754 477 365 449 8133 5277 5184 4195 2624 1086 989 563 554 5965 7931 395 11371 2751 5834 5398 2614 663 1599 375 426 404 286 1203 707 1571 1008 1224 1173 170 386 241 335 7125 3528 1340 1009 635
is_linear=0
shrinkage=0.03


Tree=66
num_leaves=63
num_cat=0
split_feature=6 4 11 11 21 7 21 26 25 9 25 3 6 25 6 14 14 25 17 32 32 11 7 16 5 7 11 14 8 22 8 27 3 18 20 8 9 9 25 12 26 14 14 14 30 11 9 18 26 20 9 5 22 8 8 22 21 21 11 8 26 14
split_gain=67.4869 25.3791 21.9769 17.2699 16.5546 16.3385 13.2431 12.6069 12.357 13.6562 12.2642 11.5594 10.5396 9.81249 13.1168 10.3727 9.78936 14.7227 9.84587 9.62177 9.3966 9.13537 9.02527 8.5347 8.47369 8.34746 8.16427 8.68003 8.14452 7.91308 7.85342 7.24179 7.06751 8.5213 7.06751 7.2031 6.86672 7.71814 8.87744 7.20209 7.12598 8.02549 6.73916 6.66863 8.15109 6.63952 6.63122 8.20214 8.33642 6.59409 6.40689 9.34032 7.94376 6.36338 6.33913 6.78714 6.30862 7.18593 8.22542 6.27932 6.26653 7.84652
threshold=-0.34253501892089838 -0.063147414475679384 0.27024970948696142 0.036560259759426124 0.21705467253923419 0.75122755765914928 1.0244275927543642 -1.1399847865104673 1.0000000180025095e-35 -0.25270046293735499 -0.7062096595764159 0.33757752180099493 0.73624765872955333 -0.0082805575802922231 1.2619948983192446 0.4133910089731217 -0.23849282413721082 -0.48042084276676172 0.86688977479934703 13.500000000000002 10.500000000000002 0.96078786253929149 -0.11386926099658011 0.30077716708183294 1.0556914806365969 -0.60572963953018177 -0.83507922291755665 -0.27713291347026819 -0.59160220623016346 0.33393457531929022 -1.0029166936874387 6.5000000000000009 0.65529128909111034 -0.27230566740036005 -0.36647388339042658 -1.0029166936874387 -0.99846389889717091 0.75199341773986828 -0.025170026347041127 0.1051829867064953 -0.72925114631652821 0.38430771231651312 -1.9338154196739195 0.45624482631683355 -3.3666666746139522 -1.0661130547523496 0.52242934703826915 -0.38509836792945856 0.54774844646453869 0.96950015425682079 0.83403253555297863 0.04810826666653157 -0.1519554406404495 0.57213476300239574 -0.41784365475177759 -1.300945460796356 -1.2272981405258176 0.042540105059742934 0.40735466778278356 -1.2760612368583677 1.3379955291748049 -1.6036509275436399
decision_type=2 2 2 2 2 2 2 2 2 2 2 2 2 2 2 2 2 2 2 2 2 2 2 2 2 2 2 2 2 2 2 2 2 2 2 2 2 2 2 2 2 2 2 2 2 2 2 2 2 2 2 2 2 2 2 2 2 2 2 2 2 2
left_child=2 11 4 5 23 19 13 12 32 -10 -6 -2 -7 14 50 29 17 31 -18 36 54 -19 -23 -1 30 -8 -26 -28 -25 -16 43 -4 33 -9 -11 -36 -3 38 40 53 -38 -42 -32 44 -21 -12 -13 48 -48 -35 51 -5 -53 -40 -15 -56 -57 58 -58 -46 61 -27
right_child=1 3 16 6 10 7 25 8 9 34 45 46 -14 20 15 -17 18 21 -20 24 -22 22 -24 28 26 60 27 -29 -30 -31 42 -33 -34 49 35 -37 37 -39 39 -41 41 -43 -44 -45 59 -47 47 -49 -50 -51 -52 52 -54 -55 55 56 57 -59 -60 -61 -62 -63
leaf_value=-0.020323723594963931 -0.010167158408906281 -0.011349973517541877 0.036105556901947312 0.0042864961686059373 0.015936187272761221 0.031201947770982889 -0.0067223211019485068 -0.014968263052395981 -0.005933968972428756 -0.0069387328494376942 -0.014796196552939227 0.0029454898473823192 0.0012331741770212068 -0.0012324694355202285 0.04114969564870799 0.00012769209219014611 -0.0082352490883901754 -0.0093106647865922668 0.0090701958979260474 -0.016537779231751124 0.00073099633812762283 -0.003029416337521856 0.023643964600987045 -0.022960924288284688 -0.014337279686866199 0.025208812485947567 0.034177995467009212 -0.002488158204890329 -0.0032519964363385764 -0.00040651934688742383 0.010075645146540019 -0.0020600430892760715 0.0049247223996562711 -0.0058071669924410268 -0.0040855419513549972 0.03513772049131246 0.039055036091294848 -0.006834181727401795 0.00016373118221825917 -0.0051759765515426567 0.020509032650026481 -0.0095042950431719845 -0.010691525900376211 -0.0097791421855185686 0.0016025973958931536 -0.0023334345681223835 0.013105287058941303 -0.013356701980522212 -0.014074943525929412 0.014374072827063456 -0.0029030243665559494 0.00051179074568741528 0.02372460726949429 0.026436546864128416 -0.0097872336818326331 -0.011405046724678352 -0.0071195518966698009 0.0089980813223837792 0.032891050528989559 0.02568934870387652 -0.0053477394460552845 0.010005081541257989
leaf_weight=183.8918763268739 181.73578467033803 22.180700674653053 12.979848152026536 205.01266126707196 18.258672127500176 23.204027662053704 22.737000472843647 47.062398262321949 16.209453349933028 3.4792698509991196 61.291167644783854 176.96111311018467 17.566358856856823 36.331269273534417 18.304492190480236 11.617912523448465 167.33670714683831 41.6898761279881 31.403180934488773 5.2277120854705563 844.96095463074744 22.172433476895094 16.552019450813532 21.374485023319721 5.2923199459910419 32.359873000532389 8.4486795384436881 9.1197099331766331 74.035383941605687 4.8926349803805342 11.045874956995247 5.2688327804207793 90.685161881148815 33.450748961418867 3.7841297313571038 24.446649171411988 8.4271619804203493 32.548266541212797 16.92384380474687 41.813912136480212 14.624674286693336 9.6857425384223443 260.13334519602358 23.06767731718719 19.716093856841326 97.202433938160539 24.897024961188436 57.208710731938481 10.630226366221903 18.583700478076935 62.010527174919844 18.554772099480033 43.630419798195362 11.395764255896209 7.1665065027773371 3.9870853275060645 3.5410081073641804 49.615581076592207 27.964392010122538 15.736949469894169 17.66073926538229 318.45826023817062
leaf_count=7903 4642 307 202 2565 403 317 192 761 174 45 2163 2171 162 341 130 94 4202 949 532 96 9348 467 292 713 71 171 111 115 2146 35 145 89 823 620 51 262 113 482 263 536 188 161 5026 404 320 2474 277 706 118 281 762 188 381 131 59 54 40 343 236 287 117 2160
internal_value=5.39341e-05 0.00208791 -0.00793554 0.00326063 -0.0120382 -0.000401604 0.00493861 0.00539595 0.0025618 0.0153839 -0.00466946 -0.00442934 0.0198349 0.0034949 0.00766496 0.024038 -0.00154922 0.00598635 -0.0053453 -0.00355586 0.00190448 -8.72829e-05 0.00977162 -0.0165373 -0.00624978 0.00976837 0.00994063 0.0188102 -0.00859084 0.033867 -0.00748483 0.0270131 -0.00098755 -0.00637464 0.0256051 0.0300565 0.00256409 0.00516611 0.00910376 0.00259178 0.0208626 0.00896969 -0.00967852 0.00187215 0.00882615 -0.00745803 -0.000448218 -0.00674356 0.00423948 0.00202867 0.00559973 0.00759011 0.0173519 0.0131165 0.0092986 0.0132952 0.0156741 0.0175899 0.0280349 0.014148 0.0108623 0.011742
internal_weight=3727.56 2974.1 753.457 2522.67 456.054 793.86 1728.81 278.472 237.702 47.9195 176.752 451.433 40.7704 1337.59 364.023 34.815 297.403 98.663 198.74 515.388 973.567 80.4143 38.7245 279.302 357.788 391.216 22.8607 17.5684 95.4099 23.1971 334.928 18.2487 189.782 99.0968 31.71 28.2308 157.6 135.419 102.871 70.1335 32.7376 24.3104 271.179 63.7484 40.6808 158.494 269.697 92.736 35.5273 52.0344 329.208 267.198 62.1852 28.3196 128.606 92.2746 85.1081 81.121 31.5054 35.453 368.479 350.818
internal_count=59917 37382 22535 29468 15802 12252 17216 3496 3017 532 5040 7914 479 14576 4155 259 6733 1999 4734 8756 10421 1708 759 10762 6575 2640 297 226 2859 165 6278 291 2485 1662 358 313 2181 1874 1392 930 462 349 5171 1107 703 4637 3272 1101 395 901 3896 3134 569 394 1073 732 673 619 276 607 2448 2331
is_linear=0
shrinkage=0.03


Tree=67
num_leaves=63
num_cat=0
split_feature=3 6 21 11 14 18 23 22 24 14 25 5 25 0 26 9 15 21 11 17 23 26 9 24 25 11 10 9 11 23 5 26 9 10 31 27 23 23 23 23 21 6 15 3 13 12 16 31 17 13 14 27 24 5 24 9 13 26 11 11 15 12
split_gain=62.741 25.9811 16.26 14.4239 12.9606 14.0789 11.6694 12.136 14.0186 11.5922 11.156 11.057 14.065 11.0762 10.586 10.1732 9.67723 9.44036 9.3988 9.24882 8.83466 8.58932 8.3677 8.2899 7.98909 7.81624 7.55246 7.36903 7.60092 9.94674 8.6017 8.58533 9.06152 7.82412 7.71412 7.17225 7.08801 7.60878 6.95177 6.94257 6.82491 6.79517 7.30299 6.89388 6.76785 7.67427 6.58883 6.5412 11.3974 7.01869 9.12631 6.51091 6.49221 6.39362 8.09377 6.37959 11.4824 11.1204 6.32651 6.25427 6.13053 6.12423
threshold=-0.14050853252410886 -1.0034729242324827 -0.11923277378082274 1.2597640752792361 0.42620393633842474 -0.24626781046390531 -0.11360399425029753 -0.021890838630497452 -0.86964792013168324 -1.8591957092285154 -0.27617515623569483 -0.033235326409339898 -0.49638220667839045 1.6338733434677126 0.95531958341598522 -2.2353019714355464 0.44531120359897619 -0.34389120340347284 0.8508099913597108 -0.44727680087089533 1.20490437746048 -0.55442753434181202 0.68862292170524608 -0.96069931983947743 -0.43129342794418329 0.18952471017837527 0.058272222056984908 1.5080313682556155 0.86423179507255565 0.73950770497322094 0.017763786949217323 1.011988699436188 0.56841701269149791 -1.2632439136505125 1.0000000180025095e-35 6.5000000000000009 0.6880502998828889 0.94455385208129894 0.35612271726131445 0.71306049823760997 1.3633279800415041 0.34631314873695379 0.52866318821907055 0.37463957071304327 -0.4987592995166778 0.77505582571029674 0.61795890331268322 0.35714286565780645 -0.052188064903020852 -1.0000000180025095e-35 -0.89250802993774403 1.5000000000000002 0.47050340473651892 0.56331628561019909 0.72805076837539684 -0.2661414891481399 0.11831674724817277 -0.87938424944877613 -1.7223862409591673 -1.0015843510627744 1.0677745342254641 0.66698217391967785
decision_type=2 2 2 2 2 2 2 2 2 2 2 2 2 2 2 2 2 2 2 2 2 2 2 2 2 2 2 2 2 2 2 2 2 2 2 2 2 2 2 2 2 2 2 2 2 2 2 2 2 2 2 2 2 2 2 2 2 2 2 2 2 2
left_child=1 24 3 9 5 16 7 8 -7 17 26 13 23 38 -6 -14 18 -2 -3 -5 27 39 46 -13 25 -1 -8 28 30 -30 33 32 41 34 -17 -36 61 -38 -4 -18 -31 43 -43 -32 45 -11 -20 48 -40 -49 -51 -22 -16 -12 -55 -44 57 -57 -9 -34 -61 -25
right_child=2 4 11 19 14 6 10 58 -10 44 53 12 15 -15 52 20 21 -19 22 -21 51 -23 -24 36 -26 -27 -28 -29 29 40 31 -33 59 -35 35 -37 37 -39 47 -41 -42 42 55 -45 -46 -47 -48 49 -50 50 -52 -53 -54 54 -56 56 -58 -59 -60 60 -62 -63
leaf_value=-0.012537250321732233 0.021251586903265667 -0.012783976457041588 -0.010505914557410014 -0.010816599323334593 -0.013931897529647557 0.028531370593072522 -0.0018333958280020652 -0.009714026348670626 -0.010449052442438989 -0.0025196784738666734 -0.0072454042166039409 -0.0053219987562160564 -0.012027631457757008 0.018581025583551562 -0.0054516934541184352 -0.0016680213756973576 0.026117786973612722 -0.010854328111306049 -0.011020505982021705 0.0075319700968973242 0.018791181057752904 -0.0036794470592152019 0.023505132117182633 0.026287209255129826 -0.018748510919017195 0.010366960831053236 0.024686390146255441 0.017777498010973544 0.013379600421827351 0.00054511194133523039 -0.015466975370736482 -0.0089030595129300644 0.017712109607115299 -0.0022726627210896402 0.035180031564918793 -0.001354381477962213 -0.0059460180343528617 0.019981264878899632 0.010716519696481451 -0.0016737393498499444 0.014956991642810726 0.024667670626212335 -0.0015573107234146126 0.0087854080091224074 -0.0075846845534591539 0.021252936655276548 0.019447250894193406 -0.0075160802104944757 -0.0085018039524180408 0.032711368581983383 0.0049640339882265844 0.0065270521737028197 0.021808907295184834 -0.0068589552983373174 0.02182202410169596 -0.0066089568548981705 -0.0023911298788246967 0.033860856346866634 0.02133184537791305 -0.0090020942773989809 0.00931099796099304 0.0062134896814081365
leaf_weight=31.142759330570698 21.543818384408954 171.82019243389368 74.492044493556023 24.351431522518396 149.47078219428658 5.6566403545439234 16.002166841179132 3.6877744216471902 32.87168531678617 49.82575305737555 137.60628062486649 15.343025255948303 31.099810851737857 18.381740964949131 15.077706260606648 20.324699008837342 13.468764651566746 8.2954387012869102 24.366220481693748 167.56208244152367 41.653357069939375 96.627256754785776 8.1649814713746292 57.309457885101438 163.18497966602445 16.730692846700549 17.150250246748328 24.167740743607283 110.46429243311286 210.25698625296354 11.896794587373732 29.891520725563169 8.8625786229968053 514.08811697177589 10.006495749577882 6.606650309637188 22.311508070677519 11.564372878521679 31.527211531996727 13.388088643550871 29.495657406747341 39.051792928948998 33.210149638354778 23.084439530968666 361.63284003548324 10.852357264608143 3.3502667415887109 22.669432172551751 114.9032311886549 8.6903423331677896 60.634010454639792 340.72506310418248 8.5955883152782899 14.385812347754838 12.409014943987129 5.9846897870302227 20.170452523976564 22.690900977700949 57.031988495960832 55.039904572069645 18.124318029731512 22.375304311513901
leaf_count=1274 220 5170 1503 400 4536 200 298 130 1050 979 2805 295 401 152 486 241 186 79 547 1927 263 1287 173 711 6702 466 293 283 1124 1647 247 314 137 6460 129 85 210 107 450 166 166 443 264 313 6414 194 63 262 1166 67 633 2202 177 281 139 45 152 181 1594 635 129 282
internal_value=-4.64033e-05 -0.00640147 0.00233363 -0.00181799 -0.00388329 -0.00184114 0.00287999 0.0110044 -0.00210609 -0.00472983 -0.00137249 0.00362845 0.00458493 -0.00137662 -0.0110305 0.00379249 -0.00605203 0.0120492 -0.00993063 0.00498823 0.00414177 0.000604388 0.00362521 0.013953 -0.0156489 -0.00430934 0.013323 0.0028488 0.00246585 0.00613191 0.000870559 0.00522738 0.00714785 -0.00127646 0.0112063 0.023699 0.0166718 0.00433643 -0.00282279 0.0141755 0.00258747 0.0112819 0.0145273 -0.000365398 -0.00604251 0.00302636 -0.00492843 -0.000255831 -0.00414678 0.00583206 0.010409 0.00808831 0.0065234 -0.00464169 0.00776647 0.0085617 0.0149473 0.0256875 0.0188507 -0.000915108 -0.00416014 0.0213502
internal_weight=3723.35 1012.19 2711.16 644.064 801.131 627.987 296.802 99.2481 38.5283 452.15 197.554 2067.1 1735.8 331.298 173.144 1606.9 331.186 29.8393 207.702 191.914 1575.8 123.484 35.8815 128.904 211.058 47.8735 33.1524 1193.42 1169.25 350.217 819.034 268.008 238.116 551.026 36.9378 16.6131 113.561 33.8759 312.916 26.8569 239.753 156.089 121.108 34.9812 422.311 60.6781 27.7165 238.424 146.43 91.9938 69.3244 382.378 23.6733 164.401 26.7948 82.0562 48.846 28.6756 60.7198 82.0268 73.1642 79.6848
internal_count=59935 28023 31912 10213 19581 14382 6790 2974 1250 7886 3816 21699 17466 4233 5199 15861 7592 299 5953 2327 15460 1639 783 1605 8442 1740 591 12995 12712 2937 9775 2860 2546 6915 455 214 1310 317 4081 352 1813 1645 1085 560 7587 1173 610 2578 1616 962 700 2465 663 3225 420 642 378 226 1724 901 764 993
is_linear=0
shrinkage=0.03


Tree=68
num_leaves=63
num_cat=0
split_feature=15 32 23 11 25 11 7 4 5 16 12 8 4 25 24 7 8 16 1 13 12 31 11 13 10 14 8 15 7 16 0 7 25 0 8 16 11 26 32 9 13 22 18 10 5 15 8 1 12 11 25 21 7 11 13 27 22 21 1 12 31 15
split_gain=58.5663 24.8623 22.6592 17.8348 13.144 12.6615 10.3297 11.5037 10.4503 10.2777 9.90442 9.3366 9.14981 10.0423 12.0175 9.03108 8.83345 12.0519 8.60421 8.54848 8.34099 9.00014 8.65275 9.0614 10.2622 8.46848 8.25244 8.24705 8.43248 8.12515 7.8692 7.73558 7.72351 7.68355 10.9407 7.6635 7.43202 9.7144 9.03727 7.39771 7.12442 7.12079 9.95816 7.07164 6.74094 6.41315 8.37061 8.93886 7.81599 7.50596 8.78472 6.68761 6.82998 6.64744 6.60927 7.75618 7.80216 6.60337 11.3956 7.60225 7.11462 6.33489
threshold=-0.35810057818889612 13.500000000000002 0.33359599113464361 0.036560259759426124 -0.59580814838409413 0.30287615954875952 0.9405823051929475 -0.085485760122537599 1.1865982413291933 0.3150652945041657 -1.8846442699432371 0.51137530803680431 0.70580422878265392 1.665272653102875 1.1224507689476015 0.087217409163713469 -0.51933053135871876 0.80083379149436962 -0.059131985530257218 0.61951321363449108 -0.66645434498786915 -0.21428572386503217 1.117392957210541 0.49875929951667791 0.85535001754760753 -0.29070536792278284 -0.65156301856040943 0.045292682945728309 -0.61790248751640309 0.83715447783470165 0.97633057832717907 1.5306591391563418 -0.28919187188148493 1.075342118740082 1.5711348056793215 0.34108865261077886 -0.35231128334999079 1.0362223982810976 16.500000000000004 -0.18370033800601956 0.67516162991523754 0.77952569723129284 -0.49019223451614374 0.76567834615707409 0.16727872192859652 -0.023791152983903881 0.7804735302925111 0.47235891222953802 -0.66645434498786915 -0.011559306178241966 -0.28919187188148493 0.90575578808784496 0.59286987781524669 1.0244308710098269 0.11831674724817277 6.5000000000000009 -0.3209592849016189 0.27806262671947485 0.11344110593199731 3.4766189387366945e-16 -1.0000000180025095e-35 -1.6442322134971616
decision_type=2 2 2 2 2 2 2 2 2 2 2 2 2 2 2 2 2 2 2 2 2 2 2 2 2 2 2 2 2 2 2 2 2 2 2 2 2 2 2 2 2 2 2 2 2 2 2 2 2 2 2 2 2 2 2 2 2 2 2 2 2 2
left_child=4 6 3 31 15 -5 7 30 45 -6 19 43 13 14 20 -1 17 -8 -17 -4 -12 -22 39 24 -24 -25 -7 29 -29 -28 32 -3 -2 34 -14 -13 41 -38 -39 -23 -41 -16 -43 -11 -42 51 53 48 -48 -50 -51 52 -9 54 -47 56 -56 58 -55 -59 -60 -20
right_child=1 2 10 5 9 26 16 8 -10 11 12 35 33 -15 36 18 -18 -19 61 -21 21 22 23 25 -26 -27 27 28 -30 -31 -32 -33 -34 -35 -36 -37 37 38 -40 40 44 42 -44 -45 -46 46 47 -49 49 50 -52 -53 -54 57 55 -57 -58 59 60 -61 -62 -63
leaf_value=-0.0061236193655591527 0.004874943503945719 -0.011542771376174011 0.021891120178154682 0.012420183462890153 -0.013670444013232499 -0.013036635704034209 -0.0083570846733336864 0.023190048370132058 0.016940585144381889 0.0048611118632628592 -0.0094673610566074311 0.018050935721689677 0.00056441065967142838 -0.0076561578637053618 -0.01890835023405233 -0.0097408633324632295 0.014557174441947296 0.01970449352309522 -0.0066701757050202058 -0.011497001391774675 -0.0048739239885173466 -0.0066577843921071219 -0.0017233272371616902 -0.0027013876267871556 0.025095794723173838 0.031604012680851022 -0.01008108443136671 -0.0084210874193104673 0.010956430353328826 0.021215458715114439 0.0095113205505167209 0.0054450326517137253 -0.013980939159209352 0.012585723059207597 0.023194899063510008 -0.018641899267639799 0.0048637945346817228 0.028673759320925113 -0.0043818677895435254 0.0053401316234969994 -0.01397217007877056 -0.017682178174793423 0.014399985005431945 -0.014812689798506629 0.014286358150163265 -0.0057927095827924437 -0.0021038162704271309 -0.012768823652230362 0.00019694103456104593 -0.0019305444557890714 0.02225333142965015 -0.0077926389121530147 -0.0087772733696047916 -0.0059537771916602757 0.022001773204117451 -0.0066419960500648358 0.0025775749308021424 -0.0064269404515141567 0.034228694811804738 0.018559317144018282 -0.0026311708510165098 0.033221150926108896
leaf_weight=26.41560347750783 24.180765608325601 283.72841216251254 30.581956444308162 55.993669396266341 328.26550946384668 50.455181509256363 38.642546255141497 34.297174090519547 58.345535591244698 84.07758778706193 92.115601921454072 1.8214583471417416 216.93714924529195 130.91045458242297 16.437224354594946 5.0528662614524391 163.83953451924026 15.13058592751622 2.6091469507664486 5.2374261487275353 221.66682245396078 96.72990508377552 60.977533239871264 7.7274386845529106 11.086791478097437 20.123624719679356 66.760419486090541 23.353725150227547 71.226017609238625 3.6400122512131921 22.460840661078691 23.442397553473711 65.119319291785359 95.569375816732645 16.126658476889133 38.093228340148926 308.03484228625894 25.320002049207687 8.2762965597212297 192.28080173023045 30.309968743473291 8.5498178377747553 19.779173526912928 15.196214016526936 5.3439235538244239 155.15263597667217 31.49100149422884 11.652413021773098 26.52325008250773 15.343687336891888 75.27567620575428 7.482397284358739 4.4120663702487937 57.90571147762239 21.221293637529016 44.6280134357512 69.866643225774169 11.229018077254294 7.2497685588896275 46.145070821046829 6.5802509747445566 13.638401040807363
leaf_count=894 453 7829 444 1179 11942 982 539 710 444 2277 1360 56 1905 1535 192 161 1480 108 99 68 2894 1354 676 70 130 204 1675 428 1032 70 247 605 1207 613 135 1142 2358 188 68 2535 368 80 188 435 62 1950 414 85 315 151 641 123 79 594 232 451 700 82 53 284 53 374
internal_value=6.57473e-05 0.00157542 -0.000219424 -0.00528955 -0.00927409 0.000328759 0.00544861 0.0038217 0.0052772 -0.0107994 0.00160199 -0.00378914 0.00122204 4.85183e-05 0.000975179 0.00527608 0.0111843 0.000543421 0.0178899 0.0161989 -0.0012698 -3.76071e-05 0.0025147 0.0100046 0.00376322 0.0231233 -0.00302435 0.000331067 0.00598913 -0.00716337 -0.00494078 -0.0101799 -0.00888737 0.00563803 0.00258458 -0.0151444 0.0052265 0.00673266 0.0210179 9.2912e-05 0.00303916 -0.00578933 0.00351734 0.0012837 -0.00850054 0.00406538 0.00313651 0.00885697 0.0109127 0.0143548 0.0182717 0.0142879 0.0189592 0.000874761 -0.00164755 0.00312872 0.00801234 0.00640678 0.00018632 0.0135459 0.0206492 0.026753
internal_weight=3728.07 3212.9 2198.72 578.6 515.17 271.429 1014.18 796.563 684.802 467.454 1620.12 139.188 1584.3 1255.67 1124.76 47.716 217.613 53.7731 21.3004 35.8194 738.362 646.247 424.58 99.9154 72.0643 27.8511 215.435 164.98 94.5797 70.4004 111.761 307.171 89.3001 328.633 233.064 39.9147 386.397 341.631 33.5963 324.665 227.935 44.7662 28.329 99.2738 35.6539 626.456 580.264 160.286 148.634 117.143 90.6194 46.1916 38.7092 419.978 290.869 135.716 91.0879 129.11 71.7357 57.3741 13.83 16.2475
internal_count=60002 42622 31227 13800 17380 5366 11395 9268 7361 15852 17427 3910 16915 14262 12727 1528 2127 647 634 512 9653 8293 5399 1080 806 274 4187 3205 1460 1745 1907 8434 1660 2653 2040 1198 3074 2614 256 4319 2965 460 268 2712 430 6917 6005 1606 1521 1107 792 912 789 4399 3333 1383 932 1066 700 366 106 473
is_linear=0
shrinkage=0.03


Tree=69
num_leaves=63
num_cat=0
split_feature=6 15 32 11 3 4 20 25 6 25 14 26 11 5 16 4 14 26 14 10 7 11 9 4 7 22 20 22 11 11 9 16 6 31 14 2 4 11 28 22 29 32 15 17 15 6 10 25 10 29 10 26 14 25 12 25 9 22 26 11 17 7
split_gain=51.4489 26.9644 20.9798 19.1265 13.3871 12.6493 11.9274 11.5112 14.1261 11.2649 10.5569 9.64888 9.55022 9.43327 9.06603 8.78343 8.71565 8.80567 8.65334 8.39708 9.52602 10.6824 8.63563 8.23089 8.68085 9.13437 9.09883 7.75336 7.52826 7.48518 11.854 8.51583 7.67769 7.20944 7.24132 8.17424 7.30487 7.74547 8.43438 7.14744 8.7853 8.54355 8.07354 8.03993 9.40449 7.07723 7.29655 7.42533 9.28513 7.67753 6.94586 6.74128 6.73126 6.91651 7.73431 6.93473 6.65471 6.62736 6.57308 6.54419 6.95113 6.38377
threshold=-0.88756141066551197 -0.29607845842838282 13.500000000000002 -0.072313152253627763 1.3553729653358462 -0.097492337226867662 0.44115605950355535 -0.47913448512554163 0.56772726774215709 1.665272653102875 0.45944936573505407 1.2464466691017153 -1.0000000180025095e-35 1.4602301716804507 0.23467655479907992 -0.61153909564018238 -1.0704640746116636 -0.41861012578010554 -0.50440591573715199 1.545998275279999 0.73943787813186657 0.88720330595970165 0.75199341773986828 0.15862626582384112 0.5417534112930299 0.019689001142978672 -0.3785127848386764 -0.0112712443806231 -1.0813010931015012 1.078123986721039 -0.15546920895576474 0.71118491888046276 0.71393960714340221 -0.64285716414451588 0.32196933031082159 -0.79714238643646229 1.7077614068984988 -0.011559306178241966 0.92857143282890331 -0.11838522925972937 0.14835165441036227 14.500000000000002 -1.0000000180025095e-35 -0.44727680087089533 -0.089003060013055788 1.3716483712196352 -0.53750944137573231 -0.24710036814212796 -1.1505157947540281 0.82085561752319347 0.32401989400386816 0.75286248326301586 0.25846868753433233 2.0580102205276494 0.86761206388473522 2.6074717044830327 -0.15546920895576474 1.9335699081420901 0.83427739143371593 1.547984302043915 2.331966876983643 1.3235239386558535
decision_type=2 2 2 2 2 2 2 2 2 2 2 2 2 2 2 2 2 2 2 2 2 2 2 2 2 2 2 2 2 2 2 2 2 2 2 2 2 2 2 2 2 2 2 2 2 2 2 2 2 2 2 2 2 2 2 2 2 2 2 2 2 2
left_child=3 4 6 -1 10 -5 11 15 23 13 14 12 18 16 57 -4 17 -10 -3 20 21 -8 -23 24 -9 26 -26 -16 -29 30 -15 -31 -32 -25 35 -35 37 -37 -39 56 -41 43 -43 -42 -45 46 47 48 -18 51 -30 -50 53 -11 55 -55 -7 -2 -20 -47 -61 -12
right_child=1 2 7 5 -6 39 19 8 9 52 61 -13 -14 29 27 -17 45 -19 58 -21 -22 22 -24 33 25 -27 -28 28 50 31 32 -33 -34 34 -36 36 -38 38 -40 40 41 42 -44 44 -46 59 -48 -49 49 -51 -52 -53 -54 54 -56 -57 -58 -59 -60 60 -62 -63
leaf_value=-0.015865445861078898 -0.0089357642184317403 0.0076592255787530259 -0.012923280551015135 -0.016162764043044991 0.013934123205130197 -0.016459876866362876 0.0021926839554432575 -0.0086439373872892501 0.021509701081699677 -0.010782388388822606 -0.016598593715516568 -0.009127787544187381 0.0067762772895215611 -0.0032795508734138378 -0.0063329108145604692 0.010969684700192587 -0.0059054750056170661 0.004134518022325665 -0.013451371925295807 -0.0051926919510356193 0.016324009486884394 0.0093703924155915178 0.034404133428893507 -0.010222648011599635 -0.0083201550651232775 -0.0057338516407652819 0.016222140916183292 -0.0083324091165990644 0.02618584499704996 0.018209962256041587 -0.0058250188987628545 -0.010409223856029074 0.03107161942722524 -0.012780513529232082 -0.0038285280439676653 0.0020635130769151209 -0.002323138245369896 0.03419011690923901 -0.010007010409266381 -0.01122724815016234 -0.0053041703453546559 -0.011965590800207773 0.01092311710286017 0.048494816039407328 0.010409483189342632 0.0074389511758275765 -0.0023086052649378633 0.0013515208289158567 0.03801147487993195 -0.0041546871794718243 -0.00085051224002907278 -0.0019781438397079337 -0.014546410461271378 0.0080078510198034018 0.01864899233214282 -0.010608274361202723 0.0017740793789157382 0.023737312721896206 0.0098454451738736164 -0.0117162114869502 0.017562793303891031 0.0071297508801091806
leaf_weight=209.2016762085259 144.91476275771856 36.119943777099252 11.181929375976322 45.287429705262184 23.403781898319721 27.017962461337447 157.12755197845399 294.28962614387274 33.340269047766924 40.830428209155798 110.43697423115373 48.163403475657105 346.20887968502939 14.94747776724398 31.012775335460901 134.39219109155238 10.741470649838446 94.016849469393492 56.949364649131894 28.211913637816906 170.59457003511488 59.59433925524354 13.347351323813198 24.643326066434383 15.712045039981602 85.095375077798963 40.725700194016099 9.6008185464888793 23.06048777885735 9.8602649122476596 4.204819180071353 20.271064341068268 33.562714904546738 6.4149314276874057 35.598740125074983 13.653161158785219 13.593692429363726 25.926840905100114 2.2165128923952571 17.075150275602937 6.6941403299570075 18.649688582867384 28.672950429841876 7.4701733272522715 18.107221685349941 207.79294294863939 508.99101620353758 144.74301238916814 16.423385322093971 5.6446369700133792 11.860047930851577 4.0304301641881457 45.513693545013666 30.159926183521748 17.804286971688271 32.075968232005835 39.219442799687386 1.1102390084415663 9.43480112031102 29.610690910369158 4.5555603802204123 8.4506301600486022
leaf_count=8458 4708 488 222 1415 320 686 1601 6661 262 397 3518 565 3611 131 803 1816 136 776 941 252 1330 390 90 358 331 1673 691 278 526 81 45 116 244 118 512 239 143 360 34 382 178 546 565 191 288 1458 5636 1647 179 59 299 45 628 297 179 336 1007 30 167 188 24 256
internal_value=0.000296449 0.00155531 0.00251142 -0.00956335 -0.00609529 -0.00300718 0.00623617 0.000786882 0.000142961 0.00184587 -0.00765395 0.00302542 0.00441612 0.00291106 -0.00363631 0.00876621 0.00211704 0.00932383 -0.00349977 0.00987827 0.0109904 0.00677244 0.0158644 -0.00383406 -0.00574878 0.000360654 0.00926859 0.00460329 0.0120915 0.0123707 0.0186982 0.000214985 0.026763 0.00296045 0.00663207 0.0124928 0.0162356 0.0218749 0.0297247 0.00102241 0.00610049 0.0102617 0.00162131 0.0210146 0.0276437 0.00108832 -0.000467149 0.00461814 0.0157573 0.0241892 0.0180471 0.0312908 -0.00534141 -0.00143513 0.00368673 -0.00166216 -0.00629673 -0.0079097 -0.00968264 0.00544735 -0.00606859 -0.0146923
internal_weight=3719.56 3302.17 2938.32 417.396 363.851 208.194 925.752 2012.56 1866.99 1309.12 340.447 496.876 448.713 1142.74 221.559 145.574 1059.89 127.357 102.504 428.876 400.664 230.069 72.9417 557.87 435.823 141.533 56.4377 75.5341 44.5214 82.8463 52.715 30.1313 37.7675 122.047 97.4039 61.8051 55.3902 41.7965 28.1434 162.907 96.6693 79.5942 47.3226 32.2715 25.5774 932.533 690.574 181.583 36.8399 26.0985 34.9205 20.4538 166.384 120.871 80.0402 62.2359 66.2374 146.025 66.3842 241.959 34.1663 118.888
internal_count=59911 46195 35457 13716 10738 5258 9435 26022 23984 12864 10418 5772 5207 11027 6644 2038 10410 1038 1596 3663 3411 2081 480 11120 9356 2695 1022 1906 1103 617 420 197 289 1764 1406 894 776 633 394 3843 2150 1768 1111 657 479 9372 7702 2066 419 283 825 224 1837 1209 812 633 1693 4738 1108 1670 212 3774
is_linear=0
shrinkage=0.03


Tree=70
num_leaves=63
num_cat=0
split_feature=3 32 14 23 3 5 9 5 20 21 14 32 7 25 17 8 23 31 26 26 29 21 26 26 8 24 21 17 6 9 26 6 8 29 6 26 9 3 0 3 18 12 18 23 17 10 22 27 2 21 29 8 5 10 17 31 10 31 26 20 3 1
split_gain=47.8402 23.628 16.8556 16.3086 14.7679 10.9936 10.9933 10.9699 10.8054 10.3143 9.75924 9.04876 8.26533 8.22881 8.19301 8.4375 10.1464 9.07415 8.70991 12.0522 8.37278 7.83855 8.4939 11.2893 8.49193 8.09144 8.04181 7.52895 7.46371 7.23317 10.6364 7.11693 6.67879 6.62168 7.31376 6.42287 6.43168 6.29532 6.24787 6.15463 6.14781 5.9209 5.89206 6.20344 5.88743 5.82507 8.24842 5.81954 5.79191 5.7848 5.76364 11.3799 10.1859 9.54195 8.89271 8.10043 8.86258 7.79177 10.7691 7.54381 7.40523 7.04499
threshold=-0.36640575528144831 8.5000000000000018 -0.91759115457534779 -1.0210873484611509 1.1403037309646609 -0.31853295862674708 -2.0064330101013179 -0.42819893360137934 -0.62945547699928273 -1.1451964974403379 -0.56972739100456227 9.5000000000000018 0.6346033811569215 -0.57664090394973744 -0.71303933858871449 -0.24980201572179792 0.4297067672014237 -0.78571429848670948 -0.10856774076819418 -1.7798966765403745 0.32291667163372045 -0.84830385446548451 -1.1852415800094602 -0.48624397814273829 -0.10755961015820502 1.2289209961891177 -0.78515514731407154 -0.67880892753601063 -0.70254066586494435 -0.77249959111213673 0.61198264360427868 -0.84627094864845265 -0.40614736080169672 0.13809524476528171 0.95199352502822887 0.044969392940402038 1.1163510680198672 -1.5014675259590147 -0.019554853439331051 -0.88344165682792652 1.4487265944480898 -0.31606666743755335 -0.59018647670745839 0.67899614572525036 0.46707947552204138 0.73949497938156139 0.17898634821176532 4.5000000000000009 -1.0000000180025095e-35 -1.1451964974403379 0.57738095521926891 -0.86396509408950795 0.87654444575309765 0.85535001754760753 1.1437456011772158 0.21428572386503222 -0.65108084678649891 0.6428571641445161 0.62775963544845592 0.59839507937431347 0.62921172380447399 0.020231735892593864
decision_type=2 2 2 2 2 2 2 2 2 2 2 2 2 2 2 2 2 2 2 2 2 2 2 2 2 2 2 2 2 2 2 2 2 2 2 2 2 2 2 2 2 2 2 2 2 2 2 2 2 2 2 2 2 2 2 2 2 2 2 2 2 2
left_child=3 8 12 11 5 33 -6 -5 -2 -9 14 -1 38 31 -11 -16 17 -17 19 -19 -20 25 24 45 -23 -7 -25 -15 -28 -14 -31 -8 -32 44 -35 48 -37 -21 -3 -38 -26 47 -36 -44 -4 -24 -47 -10 -12 -27 53 57 59 55 -54 61 -57 -52 -59 60 -53 -40
right_child=1 2 4 7 6 21 13 9 41 10 35 -13 29 27 15 16 -18 18 20 37 -22 22 23 26 40 49 28 -29 -30 30 32 -33 -34 34 42 36 39 -39 50 -41 -42 -43 43 -45 -46 46 -48 -49 -50 -51 51 52 54 -55 -56 56 -58 58 -60 -61 -62 -63
leaf_value=0.0088542369049741717 -0.0067381016692024225 -0.010711872718548803 0.011521567313343745 -0.013797698125917583 -0.012497844791632436 -0.0098119029695194846 -0.0072804977168224603 -0.012945245510422367 -0.0076788045728577829 -0.012233067930544786 0.0058721951019963031 -0.0162591583994596 0.0020074021448435713 -0.0092224995618984951 -0.0039132858082365886 -0.0087999696552847045 0.0019558842157616479 -0.0079387841995860013 -0.0046694081550010917 -0.0029418206465287237 0.02173478381553709 -0.0019182148491391239 -0.010650143255936372 0.023615044144303217 0.01489665913889026 0.024173592293322332 -0.0084147848900747359 0.0039730757793335972 0.0013388832399325759 0.0087312256113276972 0.0024177826180447472 0.023068649462747101 0.035862575539433665 -0.013818222555700961 0.021342270335190656 -0.0024964839234088328 -0.0051933921831083486 0.05236716745172143 0.0086438897916095176 0.02919332438536738 -0.011154198922696399 0.021362318822250238 0.015810813257117074 -0.0093478652809448805 -0.011918510723813214 0.015312956770601112 -0.011311382803838929 0.016902564555996643 -0.01251452819044826 -0.0072394389630051348 0.002812082070157818 -0.0034897666280172186 0.035130150088820422 0.015306904576167664 -0.0032888631538523618 0.0073089533533485206 -0.018166787866261507 0.049465914106974311 -0.0055966722379205492 -0.012976902658093937 0.014688712168985422 -0.0092731065836536043
leaf_weight=10.921283826231955 16.30755453184247 20.373650206252933 23.431505214422941 83.876009199768305 33.134175345301628 118.45069585740566 6.2332443594932547 66.780892703682184 14.395250089466574 19.657069424167275 15.180320328101514 160.36580230295658 44.755064528435469 36.268247436732054 50.055805750191212 6.9928096309304228 68.843917058780789 2.7955894619226482 15.268905425444244 1.4982573725283153 22.699456559494138 56.506177073344588 126.83736020512879 8.6602629479020816 80.667724426835775 7.3591935224831104 73.188016632571816 791.01317638158798 724.32792973890901 67.81838989816606 7.443777557462453 28.502983428537846 25.529522577300668 126.46919773332775 4.6161306574940673 137.81251332722604 5.5768751557916403 12.493439663201567 59.875491380691528 6.9422139879316074 5.4147381428629151 84.240238910540938 6.3964745812118045 36.857396820560098 9.8794496878981573 17.385382730513811 14.89920463785529 11.051519248634575 94.938493890687823 6.0630174167454225 9.022962426766755 38.981690121814609 11.138425065204503 28.849243154749274 6.9728857241570941 14.057084923610089 37.750384863466024 9.6790140401571971 2.8888849932700387 22.394427003338933 33.653615731745958 23.733787341043353
leaf_count=436 196 285 488 2554 397 2828 108 1891 136 429 410 7150 367 471 1231 149 810 54 386 31 583 932 1950 180 1164 108 1931 6278 10026 505 68 280 181 2871 57 3679 163 264 574 160 102 679 96 470 141 244 230 107 2600 83 112 574 92 248 46 124 349 99 27 190 259 193
internal_value=0.000175019 0.00193476 0.00135114 -0.00639071 0.000310267 -0.00156164 0.0033289 -0.00403338 0.0143913 -0.00236592 -0.000710067 -0.0144522 0.00653663 0.00400581 0.00420977 0.00628027 0.0101877 0.0185314 0.0224661 0.0383287 0.0118086 -0.000478685 0.000356516 -0.000665002 0.00706025 -0.00725206 0.00079038 0.00334265 0.000396939 0.0123591 0.0166435 0.0173918 0.0296249 -0.00786407 -0.0101625 -0.00450181 -0.000404464 0.0472293 0.00373354 0.0167647 0.0127357 0.0176895 -0.000110833 -0.00437457 0.00392145 -0.007838 0.00315677 0.00401946 -0.00983489 0.0118702 0.00487785 0.00935901 0.00496321 0.00103448 0.0228273 -0.0024429 -0.0112195 0.0271294 0.0388185 0.000587737 0.00533631 0.00332161
internal_weight=3716.17 2933.47 2807.48 782.7 2342.56 1447.41 895.152 611.413 125.995 527.537 460.756 171.287 464.918 862.018 200.305 180.648 130.592 61.7485 54.7556 16.7873 37.9684 1239.76 1107.89 965.298 142.589 131.873 806.176 827.281 797.516 145.547 100.792 34.7362 32.9733 207.65 174.339 260.45 150.332 13.9917 319.372 12.5191 86.0825 109.687 47.87 43.2539 33.311 159.122 32.2846 25.4468 110.119 13.4222 298.998 134.732 113.141 164.266 18.1113 135.417 51.8075 21.5909 12.5679 95.0297 72.6353 83.6093
internal_count=59826 36846 35728 22980 31435 23901 7534 15394 1118 12840 10949 7586 4293 7137 3937 3508 2277 1467 1318 349 969 19778 16759 14561 2198 3019 12137 6749 11957 1121 754 388 249 4123 3494 7012 4002 295 3172 323 1266 922 623 566 629 2424 474 243 3010 191 2887 1399 1161 1488 138 1240 473 238 126 1023 833 767
is_linear=0
shrinkage=0.03


Tree=71
num_leaves=63
num_cat=0
split_feature=15 6 11 5 32 11 16 25 17 4 16 5 8 7 15 25 26 25 22 32 26 11 25 10 16 10 25 29 19 17 4 6 7 25 6 8 10 15 17 10 33 8 11 8 26 13 15 10 11 15 26 12 18 10 17 11 18 1 6 11 7 15
split_gain=48.8844 24.2474 15.5404 12.8083 13.1822 12.1362 11.9672 12.1327 18.4804 11.1903 11.0192 15.9207 14.8575 12.87 12.6033 14.7387 10.6869 8.96683 8.10128 7.93323 7.97237 7.81475 7.78678 7.42971 10.7911 8.96783 9.23421 7.66869 7.48615 7.16509 7.01852 6.96187 6.83793 6.83021 6.67935 7.43363 6.26397 6.02382 6.61411 8.68673 6.21688 5.99375 5.98199 8.77744 8.7218 7.24171 6.99268 8.66652 5.95211 5.91381 5.88917 5.81808 6.75452 9.69709 7.73509 6.51007 6.74132 5.88554 5.79471 7.58028 5.77645 6.37838
threshold=-0.33441953361034388 -1.0034729242324827 1.3891112804412844 -0.20125912874937055 7.5000000000000009 1.4427454471588137 0.28697177767753607 -0.60287487506866444 -0.1881332844495773 2.0992439985275273 -0.45239078998565668 0.04810826666653157 -0.5587312877178191 -0.30110234022140497 0.7943515181541444 -0.57664090394973744 -1.260078430175781 -0.030273697338998314 -1.9924099445343015 15.500000000000002 -0.83952859044075001 -0.31456629931926722 -0.74200224876403797 -0.52494600415229786 0.67983609437942516 -1.1162142753601072 -1.0000000180025095e-35 0.91987180709838878 0.51569604873657238 -1.0000000180025095e-35 -0.097492337226867662 0.79288226366043102 1.1894072890281679 2.9170048236846928 -1.4442479014396665 -0.64100593328475941 -1.1941881179809568 -0.045666480436921113 0.76379600167274486 -0.43229433894157404 1.0000000180025095e-35 -0.27428470551967615 -0.153936892747879 -0.54912319779396046 -1.7798966765403745 0.33872847259044653 0.54806479811668407 -0.15334291756153104 0.5488194227218629 -0.13276244699954984 -1.7004948854446409 -1.5270851254463194 -0.51111647486686695 -0.71564483642578114 1.2172078490257265 0.48943337798118597 -0.40024028718471522 0.36633382737636572 -0.36978991329669947 0.83979991078376781 1.0624173879623415 -0.43990533053874964
decision_type=2 2 2 2 2 2 2 2 2 2 2 2 2 2 2 2 2 2 2 2 2 2 2 2 2 2 2 2 2 2 2 2 2 2 2 2 2 2 2 2 2 2 2 2 2 2 2 2 2 2 2 2 2 2 2 2 2 2 2 2 2 2
left_child=6 2 21 5 -5 9 7 8 -1 23 11 37 -13 -14 15 31 17 22 -17 20 42 -2 -8 25 27 -3 -27 28 -25 -7 -9 36 51 -16 -10 -36 -12 40 39 41 -6 -39 43 -20 -45 -44 47 -47 -22 -38 -49 -21 53 -53 -54 -56 -57 -55 59 -32 61 -37
right_child=1 3 -4 4 10 29 16 30 34 -11 14 12 13 -15 33 18 -18 -19 19 32 48 -23 -24 24 -26 26 -28 -29 -30 -31 58 -33 -34 -35 35 60 49 38 -40 -41 -42 -43 45 44 -46 46 -48 50 -50 -51 -52 52 54 57 55 56 -58 -59 -60 -61 -62 -63
leaf_value=-0.013087384821105739 -0.018925228058066759 -0.0094723381580764827 0.013999269583306178 0.018816309555805738 0.025614799368302219 -0.009976026283936703 -0.0092237360467124097 -0.02017666173237552 -0.0046946216742479946 0.01499117338548234 -0.0083963652475485852 -0.0031146093350929451 -0.00075685157005007367 0.048699703133416802 0.0048435711666414364 0.01480195160735874 -0.0046034914375568557 -0.0062118474662960282 -0.0040570385630188943 0.0074480815287031113 -0.0033646220463981326 -0.0058232900897098039 0.036607328910027541 -0.017133030338713551 3.1017635879379207e-06 0.022369864695038925 -0.00036547230298571745 0.0041763711372071067 0.0060795695928860397 0.017764842231828015 -0.017432420120036842 -0.011714766475261765 0.0057913090252334097 -0.0086996100548292852 -0.0030360287264260552 0.060565976181055921 -0.005555896801297768 -0.0066817798550431271 0.017700495578181288 -0.011528011623173042 -0.006788234376811815 0.019957383963787628 -0.0036191515269904887 -0.0024010238602314819 0.033743229992691456 -0.0028048687157150626 -0.0051752441764046381 -0.0020572046553370177 0.0035174463386563413 0.022942477926410909 0.040074106408941199 0.020976781492061138 -0.0087226353445824627 -0.0074261085583805708 -0.0071468323443196957 -0.011127140945767626 0.022886744850022317 0.01352351901695404 -0.0046668587198409554 0.0033324189227180172 -0.004741361138465499 -0.0044601332676294462
leaf_weight=17.029862871393565 69.312108177691698 39.027876995503902 20.415094872936606 42.270039888098836 13.976274628192188 7.2386932056397191 2.0609948132187119 90.710314536467195 3.1677364092320195 20.745471574366093 5.3132432103157035 9.5944675896316749 5.7893454488366869 17.750175012275577 1188.5215608328581 24.752604056149721 145.87823024764657 8.2756659369915706 11.18915926851332 28.341966815292835 265.27685113623738 106.74124983884394 10.537108326330783 131.54580421932042 91.190687643364072 20.126999847590923 44.211318952962756 18.951756050810218 11.30416286177933 32.913607949391007 100.98341960087419 5.2642646618187419 57.139852492138743 30.058910470455885 2.6520184595137826 5.1675155013799658 5.5232318714261046 9.5906255654990691 10.81120019033551 41.532365716993809 4.9621695652604094 13.526582567021249 53.432056253775954 7.1128856744617215 19.623042793944482 8.1148910187184811 10.661550190299748 3.0978913642466042 189.56752528809011 47.373894866555929 10.888398857787253 14.266162373125551 339.7808745559305 52.166696691885591 17.390346771106124 3.6586098112165955 15.69937753304839 10.47222097404301 110.77586082741618 16.895155843347311 0.88416128419339646 0.81791285425424565
leaf_count=631 2619 674 359 328 332 99 54 3773 112 179 84 171 111 283 9286 388 4141 212 192 594 4197 2473 315 2478 1007 308 689 359 163 327 4508 54 808 266 80 136 107 211 105 815 119 265 656 108 274 97 96 33 2213 674 117 241 5950 818 226 36 162 118 3089 505 26 21
internal_value=0.000256151 0.00163778 -0.00844441 0.00230838 0.00309267 -0.00254714 -0.00827003 -0.0113926 0.0061081 -0.00425795 0.00279597 0.0112307 0.0276474 0.0385347 0.00233012 0.000153214 -0.00159177 0.0162781 -0.000654151 -0.00106077 0.0013731 -0.0113617 0.0286192 -0.00557047 -0.00829478 0.00117246 0.00784706 -0.0128313 -0.0151527 0.0122128 -0.0130902 0.0136734 -0.0036641 0.00447531 0.0282872 0.0370982 0.0167145 0.00436763 0.000195017 -0.00379291 0.0174802 0.00968271 0.00795261 0.0171484 0.025264 0.00318814 0.0132993 0.0215219 -0.000489293 0.019744 0.032658 -0.0048335 -0.00567402 0.00230578 -0.00731274 0.00520681 0.0154937 -0.00318289 -0.00990734 -0.0144418 0.0473443 0.0536945
internal_weight=3724.05 3208.22 196.468 3011.75 2594.49 417.256 515.836 349.084 29.7192 377.104 2552.22 127.533 33.134 23.5395 2424.69 1206.11 166.752 20.8738 1142.63 1117.88 578.964 176.053 12.5981 356.359 252.992 103.366 64.3383 161.802 142.85 40.1523 319.365 63.4746 538.916 1218.58 12.6893 9.52161 58.2104 94.3992 75.4608 64.6496 18.9384 23.1172 124.12 37.9251 26.7359 86.1948 32.7627 22.1012 454.844 52.8971 13.9863 481.776 453.434 76.9051 376.529 36.7483 19.358 62.6389 228.654 117.879 6.86959 5.98543
internal_count=59872 42269 5451 36818 30535 6283 17603 12881 1006 5857 30207 2412 565 394 27795 18243 4722 581 17324 16936 7983 5092 369 5678 4007 1671 997 3000 2641 426 11875 919 8953 9552 375 263 865 1847 1396 1291 451 476 1573 574 382 999 343 247 6410 781 150 8145 7551 1177 6374 424 198 936 8102 5013 183 157
is_linear=0
shrinkage=0.03


Tree=72
num_leaves=63
num_cat=0
split_feature=3 11 11 32 14 14 20 21 21 14 8 8 14 25 25 5 14 26 2 2 11 11 14 8 24 23 32 26 23 23 29 21 30 16 24 29 23 10 31 25 15 0 5 31 10 14 23 17 3 20 12 14 14 30 12 21 25 20 20 23 26 11
split_gain=45.9366 22.2555 18.0749 16.9638 15.4052 15.1491 12.0046 11.0101 10.95 11.8657 10.0675 10.0317 9.91617 10.4518 9.78187 8.58818 8.12491 7.92398 8.29175 7.61981 8.32081 7.58508 7.55722 13.1776 11.8214 9.61954 8.30422 9.794 8.22751 7.41151 7.29047 7.18065 7.11984 6.74981 6.7193 6.69341 6.62782 6.48677 6.61168 6.47159 6.42556 6.6748 7.11589 7.03986 6.8436 10.2304 8.13933 8.02333 7.69869 7.05058 6.50167 9.50645 8.44571 7.83584 8.37325 7.93513 6.41357 9.56306 8.95782 7.87815 9.67306 7.56437
threshold=-0.36640575528144831 -1.0813010931015012 -0.024152327328920361 11.500000000000002 0.35399699211120611 -0.90419462323188771 0.041525570675730712 -0.59560349583625782 1.0838567614555361 -2.6278655529022212 0.061857214197516448 -0.12010290101170538 -1.8591957092285154 0.96852681040763866 1.3380020260810854 -0.42819893360137934 -3.7366889715194698 0.8826442062854768 -1.0000000180025095e-35 0.88031867146492015 -0.89264601469039906 -0.093796387314796434 0.55723619461059581 0.85336914658546459 0.20086015760898593 0.99923574924469005 15.500000000000002 -1.4723684787750242 -0.04272628761827945 0.9757615625858308 0.76696833968162548 -0.17438446730375287 -6.1714284420013419 0.41019646823406225 0.97124853730201732 0.83974358439445507 -0.65947484970092762 0.32401989400386816 0.6428571641445161 -0.39214168488979334 1.3793569803237917 1.1206567287445071 -0.12708774954080579 0.21428572386503222 0.040522208437323577 0.45624482631683355 0.55454909801483165 -0.66524404287338246 1.2597366571426394 -1.3267962932586668 0.40894615650177008 -1.2361479997634885 -1.2571579217910764 -2.1249999999999996 1.1769987344741824 0.90575578808784496 -0.48031878471374506 1.5928686857223513 1.8740578889846804 0.50707513093948375 0.37824055552482611 -1.1311007738113401
decision_type=2 2 2 2 2 2 2 2 2 2 2 2 2 2 2 2 2 2 2 2 2 2 2 2 2 2 2 2 2 2 2 2 2 2 2 2 2 2 2 2 2 2 2 2 2 2 2 2 2 2 2 2 2 2 2 2 2 2 2 2 2 2
left_child=1 -1 3 5 7 33 34 10 9 16 -3 -7 35 15 22 -14 -4 18 -10 56 -21 37 26 24 25 -24 28 29 32 36 -6 -17 -11 -2 -5 -9 -28 38 -22 -30 41 42 -29 -43 49 46 47 -46 -48 -44 52 -52 -42 -53 55 -55 57 -8 -59 -58 -61 -62
right_child=2 4 8 6 30 11 19 12 17 14 -12 -13 13 -15 -16 31 -18 -19 -20 20 21 -23 23 -25 -26 -27 27 40 39 -31 -32 -33 -34 -35 -36 -37 -38 -39 -40 -41 50 43 44 -45 45 -47 48 -49 -50 -51 51 53 -54 54 -56 -57 59 58 -60 60 61 -63
leaf_value=-0.016085313004440233 -0.0001049487368817274 -0.016016746762065073 -0.0032082557131390887 -0.013358443995396872 -0.014250382604428409 -0.0054225258007139345 0.0011389214260648164 0.020416289234972462 -0.010263541410262145 -0.0095303328851225558 -0.00072605017326924997 0.010747169714540036 -0.010866737657347535 -0.014174134533896654 -0.0046502640964595655 0.014748966611338418 0.019248502356517146 -0.0010642951218572839 0.011131053835314892 -0.0083194426455819575 0.0341464493085697 -0.012772667652387026 -0.012469023519292369 -0.015882703154898595 0.0044605271530494027 0.013320944990596086 -0.0083929185462657263 -0.012117739200574329 -0.0025787752161779737 -0.0050727661322460841 0.00081405983322635001 0.0019415039006839838 0.018409410959649448 0.032221185230034553 0.00089688435683214361 -0.0089754357055164373 0.02770813268054962 0.00068863081495494996 -0.00045316244894986248 0.0068656184578809037 0.022259718147911205 -0.0022100359767685106 0.014159925068915885 0.02568111986546863 -0.012150854126496006 0.02542518522490185 -0.010184236477334329 0.015852620890672228 0.0089325614927535969 -0.0062720956638008824 -0.01216587240024251 -0.0093973305441449832 -0.011523951721662781 0.038691139114970852 -0.0067287046040039739 -0.0036669646633178425 -0.0082806997260500646 0.046699512833074976 -0.0069930106448319596 -0.0054283420986121766 -0.0099197988676411868 0.0096627915577610878
leaf_weight=143.96044116839767 7.3648480530828264 58.5597571618855 17.169723253697157 126.01006170548499 126.44638250209391 64.576440263539553 48.541843911632895 34.911741942167282 13.361090630292891 6.1175479386001816 100.58875218965113 64.101547297090292 30.216664422303438 31.906981723383069 156.52911050058901 48.065285943448544 57.863150030374527 66.149718744680285 334.34491371922195 14.805707968771456 19.218646822497252 4.0908987410366526 69.543668875470757 38.971003901213408 276.77768442779779 11.485954230651258 3.102197457104924 51.078532945364714 74.916252672672272 9.651584502309559 36.397790029644966 160.70164417289197 71.782690919935703 22.031214201822877 37.724741660058498 5.4624765813350669 23.261677943170071 11.906473398208616 6.0910409558564416 405.99713991768658 4.118523150682452 14.671088805422189 12.038224045187233 11.48170182853937 7.6683464385569087 13.126794029027222 57.001470431685448 39.425815934315324 22.859421122819185 158.78392017073929 5.7533098161220542 3.7949201837182036 20.159891705960035 20.570483360439546 4.0057667866349211 3.7484550401568404 173.51417721062899 3.7984453514218322 2.419428201392293 130.80438883975148 17.345099341124296 94.746004080399871
leaf_count=5915 67 1938 126 3241 4181 989 880 468 121 126 2975 802 885 441 1685 1234 406 456 2251 210 217 40 1521 555 2840 168 77 902 829 96 1162 3800 1339 151 454 79 334 144 64 3837 28 147 230 102 168 198 702 739 182 2166 37 26 164 142 29 21 3859 52 39 1516 223 1078
internal_value=0.000824107 -0.00563874 0.00254139 -0.00114424 -0.00315648 0.00757353 -0.00317856 -0.00036849 0.00403981 0.00294286 -0.00666886 0.00273318 0.00290737 0.000719683 0.00237028 0.0029579 0.0142303 0.00838736 0.0101751 -0.000940404 0.00904409 0.015494 0.00314585 -0.000376774 0.00150768 -0.00825156 0.00447864 0.00158733 0.00695839 0.0156222 -0.0109593 0.00516623 0.0157728 0.0252843 -0.0101447 0.0158889 0.0227994 0.0197459 0.0271185 0.00538298 0.000305537 -0.00116278 -0.00228055 0.0121914 -0.000498185 0.00433293 0.00127129 0.0105642 -0.00450834 -0.00447047 0.00887899 0.0159355 -0.0029703 0.0219298 0.0269072 0.0326503 -0.00221197 0.00702779 0.0320024 -0.003496 2.0062e-05 0.00633836
internal_weight=3713.62 777.218 2936.4 849.091 633.257 158.074 691.017 470.413 2087.31 1673.46 159.149 128.678 311.265 270.891 1598.42 238.984 75.0329 413.856 347.706 527.282 56.1128 41.3071 1441.89 396.778 357.807 81.0296 1045.12 486.302 558.814 36.0155 162.844 208.767 77.9002 29.3961 163.735 40.3742 26.3639 37.2162 25.3097 480.913 450.287 388.135 361.983 26.1528 310.904 140.082 126.955 47.0942 79.8609 170.822 62.1514 37.8729 24.2784 32.1196 28.3247 24.3189 471.169 54.7597 6.21787 416.41 242.895 112.091
internal_count=59854 23078 36776 14026 17163 2009 12017 11820 22750 19922 4913 1791 6907 6360 19390 5919 532 2828 2372 8322 675 465 17705 5084 4529 1689 12621 6490 6131 507 5343 5034 1465 218 3695 547 411 425 281 4666 5983 5536 5287 249 4385 1989 1791 907 884 2396 447 255 192 218 192 163 7647 971 91 6676 2817 1301
is_linear=0
shrinkage=0.03


Tree=73
num_leaves=63
num_cat=0
split_feature=15 5 6 3 16 7 6 11 11 7 6 17 21 25 14 3 14 14 3 3 13 8 3 1 10 10 22 5 15 18 17 10 12 17 15 16 15 15 26 22 16 8 17 13 23 25 21 14 26 25 10 6 23 17 25 13 6 8 23 5 23 14
split_gain=43.6213 17.2668 17.7494 15.5202 13.3052 13.3521 13.5325 12.2632 10.8236 11.6003 10.7138 10.6083 11.4375 10.854 10.0619 10.3181 9.29673 8.39651 11.8893 8.25016 9.00995 8.18105 8.0163 11.8872 10.1949 9.73656 7.74342 7.67309 9.52329 8.5684 10.4794 10.2883 8.91509 7.31887 7.30977 6.95144 7.19674 6.9507 6.85943 7.19763 6.82047 6.90956 6.6711 6.60536 7.58706 6.59434 6.44656 7.10241 8.7658 7.22205 9.10608 7.20125 7.19032 10.8336 7.59869 7.39366 7.05817 8.14137 12.6604 11.4757 9.30786 6.77884
threshold=-0.35810057818889612 -0.20125912874937055 -1.0034729242324827 1.1887134909629824 -0.45239078998565668 -0.96671149134635914 -0.21024841070175168 1.4620768427848818 -0.072313152253627763 -0.9095347225666045 1.4368966221809389 -0.50009769201278675 0.70334848761558544 -0.59580814838409413 -1.40824419260025 -0.44343279302120203 -0.55504992604255665 1.0441294908523562 1.8322706222534182 1.8791651129722597 1.072466313838959 1.822136461734772 0.11865829303860666 -0.91615131497383107 -0.52494600415229786 -1.059039771556854 0.62909501791000377 0.028301054611802105 0.24768622219562533 -0.2830126136541366 0.15071965754032138 1.2908724546432497 1.1342283487319949 1.8419355750083926 -1.2965850234031675 0.68931186199188244 1.2558429241180422 0.43537773191928869 0.87342774868011486 0.70171388983726513 -0.24718429148197171 -0.96630293130874623 -0.61601614952087391 2.5572278499603276 0.99012887477874767 -0.25927941501140589 1.6731751561164858 -0.90419462323188771 1.0021815299987795 -0.11852892860770224 1.1749159693717959 1.1021810770034792 0.73108285665512096 0.18573821336030963 0.14320220798254016 -1.0000000180025095e-35 0.29526849091053015 -1.0157986879348753 0.52628731727600109 0.46735297143459326 0.066347897052764906 -1.1186898946762083
decision_type=2 2 2 2 2 2 2 2 2 2 2 2 2 2 2 2 2 2 2 2 2 2 2 2 2 2 2 2 2 2 2 2 2 2 2 2 2 2 2 2 2 2 2 2 2 2 2 2 2 2 2 2 2 2 2 2 2 2 2 2 2 2
left_child=3 7 8 11 5 -4 -7 22 -3 -10 14 12 -1 34 -6 -16 45 21 -19 43 -21 27 -2 -24 25 -25 -14 28 -12 30 -30 -32 -31 -26 -13 -29 37 -37 -18 -40 42 -42 -5 46 -45 -15 47 48 -17 56 -51 52 54 55 -52 -54 -49 59 -59 60 -58 -48
right_child=1 2 4 40 10 6 -8 -9 9 -11 17 13 26 16 15 19 38 18 -20 20 -22 -23 23 24 33 -27 -28 35 29 32 31 -33 -34 -35 -36 36 -38 -39 39 -41 41 -43 -44 44 -46 -47 61 49 -50 50 51 -53 53 -55 -56 -57 57 58 -60 -61 -62 -63
leaf_value=-0.017664110662915077 -0.011435595667268827 -0.016125821714511386 -0.012510664356562579 -0.0070747819493942867 0.0069891123753417729 0.031396061594965212 0.0084266958085372785 0.010910022634674985 -0.017793104631087412 0.0050715042183232502 0.029596746902954628 -0.0091123762669358607 0.014577704106303366 0.022439344575571611 -0.0053437909331237755 0.0028005928425105416 -0.013125074740136501 0.0097932424201848788 -0.01842706723399877 0.012562278292056707 -0.0065311085617979362 -0.010591176566013107 0.022212092537369971 -0.0082224856110592569 -0.0096234439139193939 0.01291712785354711 -0.0094705542780018897 -0.006770329004201857 -0.0082300815940863602 0.021614981259075614 0.013708162090955791 -0.01811315730355291 -0.010998698476001895 0.0093676474549854605 0.02305678802736337 -0.0074247328984815945 0.0012268453215468951 0.026846995163450644 -0.0061230106118949947 0.023764225376545451 0.019290953980503796 -0.0084925732634214962 0.035078865538367358 -0.006423308745791988 0.022629514483489047 -0.0017724153996810555 -0.014376070206965543 -0.0026202559782070316 0.02307796278293122 -0.0033587573695113998 -0.0059711002797971828 -0.0050362102900307609 -0.0019700849214254637 0.00034071326375454813 0.022753540769706482 0.045670581509486476 -0.012848023228522128 0.012527838270312137 -0.0026695102354288396 -0.0094761736624754643 0.026134309426138064 0.010387431045880975
leaf_weight=178.97839573211968 138.93863113038242 66.65482691116631 14.155516004189847 2.6320547536015511 250.65474921092391 29.365046627819538 89.170735597610474 39.667514747008681 21.655377080664039 74.697069130837917 23.366923063993454 6.1805686429142979 14.804394856095312 7.9069039579480878 222.9494895003736 103.79439033195376 141.53691904433072 21.812823936343193 22.499693773686886 101.06657251343131 24.765450980514288 15.187748894095419 11.456906689330934 27.305264944210649 171.2505799382925 46.698147797957063 25.779138822108507 38.246816501021385 34.610682092607021 60.76537861675024 76.161218918859959 5.9627891331911078 5.4558798857033244 16.393962934613228 14.414823031052945 4.4663973338902023 49.694251373410225 19.258296776562929 19.22324215061963 5.4627776443958274 6.7878765668720034 20.453006627038121 7.6069600973278266 9.2521223425865191 20.0356310531497 44.161197977140546 6.78267678618431 148.06993882358074 19.081307221204042 749.20289870910347 25.354111976921562 28.504514705389738 3.12042362242937 11.845523949712513 6.4486334659159175 10.53129029646516 3.2774218097329131 70.795143447816372 137.56029817089438 10.270347133278845 38.596184788271785 86.541684893891215
leaf_count=7173 3687 2356 360 52 2451 772 1342 451 552 1470 231 222 496 207 4859 1086 4798 158 125 711 159 118 177 348 2153 561 896 303 244 449 465 41 41 129 418 38 261 124 651 170 104 330 121 79 126 1645 50 2421 164 9060 384 247 38 115 79 107 53 887 1275 110 420 754
internal_value=-5.30345e-06 0.00127646 0.00216681 -0.00824043 0.00277318 0.0118586 0.0151574 -0.00413111 -0.00729487 -0.000691625 0.0022613 -0.00976882 -0.0144842 -0.00522676 0.00141211 0.000634588 -0.00725734 0.00687969 -0.00495116 0.0014739 0.00869845 0.00850313 -0.00569256 -0.0026178 -0.00410115 0.00509044 -6.12699e-05 0.00956495 0.012938 0.0100796 0.00483019 0.0104908 0.0183445 -0.00776418 0.0135088 0.00304531 0.00826431 0.0202257 -0.0106469 0.00337939 0.00940399 0.000348559 0.0254769 0.000836327 0.0138533 0.00354819 0.000528769 -5.07927e-06 0.00672869 -0.000694713 -0.00228999 0.00671309 0.012493 0.0229222 0.00215336 0.0371722 0.00255387 0.00548885 0.00266683 0.015545 0.0220382 0.00794813
internal_weight=3709.33 3213.4 2761.69 495.928 2598.68 132.691 118.536 451.711 163.007 96.3524 2465.99 458.448 219.562 238.886 2088.5 1837.85 218.291 377.489 44.3125 1614.9 125.832 333.176 412.043 273.105 261.648 74.0034 40.5835 317.989 206.323 182.956 116.735 82.124 66.2213 187.645 20.5954 111.666 73.4189 23.7247 166.223 24.686 37.4799 27.2409 10.239 1489.06 29.2878 52.0681 1459.78 1366.45 122.876 1243.58 835.007 85.8045 57.3 25.4972 31.8027 13.6517 408.569 260.499 208.355 52.144 41.8736 93.3244
internal_count=59874 42591 35085 17283 30707 2474 2114 7506 4378 2022 28233 16676 8565 8111 25635 23184 7471 2598 283 18325 870 2315 7055 3368 3191 909 1392 2197 1471 1240 750 506 490 2282 640 726 423 162 5619 821 607 434 173 17455 205 1852 17250 16446 1250 15196 10030 970 723 260 463 145 5166 2745 2162 583 473 804
is_linear=0
shrinkage=0.03


Tree=74
num_leaves=63
num_cat=0
split_feature=15 4 21 11 32 17 2 25 6 17 20 21 9 22 7 26 23 11 2 15 10 22 23 26 20 25 11 17 3 17 21 18 4 9 17 12 3 5 5 6 23 23 29 23 4 11 23 21 3 5 6 26 10 26 32 11 20 32 9 15 5 20
split_gain=44.0409 25.5301 20.7035 18.9757 16.2599 15.6221 11.9982 13.0122 12.0124 10.5628 10.3585 9.05901 10.4105 13.9294 9.17633 8.99931 8.58896 14.1799 8.58794 8.31345 8.16821 8.16265 8.49564 8.11598 8.10267 8.03205 10.6497 12.3059 8.8603 7.85382 7.59317 7.28068 7.2618 7.14309 7.04134 6.91069 6.84265 8.12559 6.53955 7.8253 7.18916 14.1126 6.65655 6.53257 6.46743 6.43381 8.6611 9.0175 6.42452 10.5202 7.69634 7.56841 6.97272 8.40822 6.40017 7.42957 6.3432 8.60732 6.26827 6.25723 6.16632 8.63585
threshold=-0.87416577339172352 -0.037920959293842309 1.4086498618125918 -1.3079199790954588 9.5000000000000018 -0.48381713032722468 1.1659339070320132 -0.0082805575802922231 0.45968402922153478 -0.11205464601516722 0.0096291690133512037 -0.54266214370727528 0.39253468811511999 -0.78657361865043629 0.3682489693164826 -0.38642202317714686 0.54429334402084362 1.3891112804412844 0.059972111135721214 -0.59267374873161305 1.8886014819145205 0.20979528129100802 1.2297234535217287 -0.83952859044075001 0.95625776052474987 -0.50881838798522938 -1.7223862409591673 -0.41506668925285334 0.77253621816635143 1.2932398915290835 1.4608243107795718 -0.24626781046390531 1.4478222131729128 0.76432299613952648 -0.070818617939949022 0.78313475847244274 0.96761018037796032 -0.14900672435760495 0.12134637683629991 1.7720968127250674 0.91261956095695507 0.67899614572525036 0.42261904478073126 0.48739866912364965 -0.91174405813217152 1.4427454471588137 0.46940854191780096 -1.2066383361816404 0.28649029135704046 -1.0000000180025095e-35 -0.13939084112644193 -0.93347719311714161 -0.62513908743858326 -0.82189095020294178 10.500000000000002 0.18952471017837527 -0.62945547699928273 14.500000000000002 1.1163510680198672 0.74079480767250072 0.04810826666653157 0.77865973114967357
decision_type=2 2 2 2 2 2 2 2 2 2 2 2 2 2 2 2 2 2 2 2 2 2 2 2 2 2 2 2 2 2 2 2 2 2 2 2 2 2 2 2 2 2 2 2 2 2 2 2 2 2 2 2 2 2 2 2 2 2 2 2 2 2
left_child=5 10 3 32 23 -1 7 8 20 -7 36 24 19 -14 -15 31 -10 18 -18 -13 60 35 -23 29 45 34 -27 -28 30 -5 -29 -16 58 -19 -4 48 37 -2 39 40 41 43 -40 -30 -38 -9 47 -47 49 -21 -51 -50 53 -52 -11 -56 -54 -58 -3 -36 61 -6
right_child=1 2 25 4 6 9 -8 11 16 54 -12 12 13 14 15 -17 17 33 -20 21 -22 22 -24 -25 -26 26 27 28 38 -31 -32 -33 -34 -35 59 -37 44 -39 42 -41 -42 -43 -44 -45 -46 46 -48 -49 51 50 52 -53 56 -55 55 -57 57 -59 -60 -61 -62 -63
leaf_value=-0.018267437090892565 -0.018009658987022288 -0.016765443012878051 -0.0041498314894889733 0.024992448122828685 -0.0053581379686314518 0.012108941928221224 0.0098425760986266715 -0.0099577007772619266 0.014912091840495047 0.0091403599492573904 -0.0010719281628938078 0.018268083230659919 0.018104411164084622 -0.0022170049215328629 -0.008639737283546927 0.00925340642565072 0.0041005419430477719 0.026005493907150443 -0.011424083736615935 -0.020693960385197756 0.018760576198935314 -0.011195166678926791 0.0054531993635017137 0.0063300564853595032 0.015412932151525291 -0.016313039322570454 0.023580611227342462 0.018485339942868734 0.00249475299117413 -0.008912386759616522 -0.0041357754520918747 0.0087799021559612431 0.012435889158730796 -0.0036100237426568674 0.044385484072401914 0.005472818827996378 0.016611438768958327 -0.0055038025585315391 -0.012313002599556514 -0.0068113759307863279 0.019964276492040151 -0.011183630902166019 0.0085863448257622894 0.031911571670805258 -0.0056929254981860546 -0.0053382169368709712 -0.0065964700914077409 0.035093073861331245 0.0066194540497929947 -0.01138541264293642 -0.0097469557536084637 -0.0097202380737808243 -0.012230072886062603 0.030696525552144527 -0.017369800227730353 0.00076527892855942725 0.022016323295482768 -0.00085154626135880906 0.0081856900345881195 0.006268812381845055 0.0075314960533913048 0.0069377519041878685
leaf_weight=138.16325688920915 92.37187933921814 76.606016993522644 4.7895721700042513 39.189793331548572 230.25147814117372 25.702306851744652 127.86792247369885 186.82007665000856 105.88169745728374 12.893086951225994 311.37639967724681 11.479820372536777 44.025057295337319 293.70080584287643 55.282891452312469 175.14298130571842 145.52847852185369 29.624634727835655 35.772670343518257 11.072607265785335 15.1238747369498 157.44483801908791 30.069580473005772 144.93631430715322 10.025886150076984 11.687954315915702 38.702483922243118 10.566283512860535 13.426735494285824 4.5776316821575156 89.448259864002466 28.885180911049247 6.3809578232467166 7.881106559187173 9.2699762303382176 106.32466962374747 11.589874170720575 102.34368022345006 18.116661347448826 13.561324425041674 87.702619019895792 22.260264325886965 28.728576168417931 10.984193570911883 34.793460935354233 6.613053172826767 28.65807369351387 6.7452643588185293 27.190228018909693 16.193324720486999 3.3923235572874573 141.72532345540822 13.044009145349262 15.476946560665963 52.953292261809111 30.690924732014537 19.265647120773792 37.122403252869844 7.1989878155291072 7.9334955736994734 59.55915516987443 61.172361679375172
leaf_count=5821 2873 2102 76 388 4797 957 947 4101 1367 387 5283 352 539 3807 568 1887 1383 224 289 180 284 2254 232 1400 145 186 478 118 142 32 942 353 81 66 95 1083 160 2626 99 66 494 158 155 76 417 137 333 120 252 431 50 1342 189 239 2287 899 243 753 180 55 883 1089
internal_value=0.000249536 0.00115565 0.00228605 0.00130896 0.00181954 -0.0115267 0.0010972 0.000546895 0.00391093 -0.00348949 -0.00472581 -0.00109105 -8.9248e-06 0.0027722 0.00140032 0.00546181 0.00806478 0.00449221 0.000812974 -0.0028238 0.000167984 -0.00339548 -0.00845316 0.0101607 -0.00635741 0.00889285 0.00752714 0.00859128 0.00626293 0.0208962 -0.000979567 -0.00250448 -0.0118376 0.0200897 0.0249632 -0.000892608 -0.00932711 -0.0117389 0.00991321 0.0129172 0.0150812 0.00486116 9.58559e-05 0.0189063 0.000954404 -0.0076204 0.00272586 0.019075 -0.00332511 0.0020782 0.005326 -0.00697536 0.00883656 0.0229069 -0.00803423 -0.0110478 0.00373081 0.00811837 -0.0142819 0.0321777 -0.000885423 -0.00270364
internal_weight=3703.31 3442.91 2890.43 2523.25 2433.07 260.403 2244.36 2116.5 690.795 122.24 552.475 1425.7 1186.84 597.037 553.012 259.311 324.689 218.807 181.301 589.802 366.107 578.322 187.514 188.704 238.862 367.178 345.185 333.497 294.795 43.7674 100.015 84.1681 90.186 37.5057 21.993 390.807 241.099 194.716 194.78 147.935 134.374 46.6712 46.8452 24.4109 46.3833 228.836 42.0164 13.3583 284.483 115.567 104.495 168.916 88.3013 18.8693 96.5373 83.6442 69.4321 56.3881 83.805 17.2035 350.983 291.424
internal_count=59952 49601 38242 35102 32739 10351 30919 29972 10382 4530 11359 19590 14754 7154 6615 2808 3329 1962 1672 7600 7053 7248 2486 1820 4836 3140 2914 2728 2250 420 1060 921 2363 290 226 4762 6076 5499 1190 936 870 376 254 218 577 4691 590 257 3679 2085 1905 1594 1474 289 3573 3186 1185 996 2282 150 6769 5886
is_linear=0
shrinkage=0.03


Tree=75
num_leaves=63
num_cat=0
split_feature=15 7 32 8 23 15 11 25 32 14 14 29 4 3 8 17 4 11 3 29 11 10 3 9 13 11 2 23 7 14 2 21 22 20 4 15 22 2 6 11 29 23 7 3 9 2 6 25 34 8 8 10 17 5 10 25 21 10 9 23 3 6
split_gain=48.5033 23.7383 18.2755 16.0173 13.2679 12.0056 11.6261 10.7447 9.77872 10.451 9.45235 9.41804 9.2273 9.03257 8.58158 8.14966 9.10041 8.56883 7.71766 7.64408 10.2011 8.12287 10.1207 9.4037 8.59526 7.27662 7.20147 8.27738 8.0344 7.22401 7.07964 7.06934 8.49917 8.64299 7.01377 6.85395 8.07596 7.79914 6.99064 8.49026 6.80633 6.77006 6.72428 6.59332 9.48951 6.57405 6.50128 6.46621 11.0345 7.9601 8.95373 7.36881 6.47058 7.80303 6.93091 6.42705 7.82658 7.71362 10.8654 8.80207 6.53981 6.30221
threshold=-1.0622653365135191 -0.64400380849838246 14.500000000000002 -0.44902868568897242 0.24323514103889468 0.40288814902305609 0.65716460347175609 -0.37793935835361475 8.5000000000000018 -0.62010607123374928 -1.40824419260025 0.59411767125129711 0.70580422878265392 1.8791651129722597 -0.072338536381721483 1.0750442147254946 0.15862626582384112 1.3354479670524599 0.86608561873435985 0.86190477013587963 -0.44130755960941309 0.68280601501464855 1.4207482337951662 1.0000000180025095e-35 -1.0000000180025095e-35 -1.1629440188407896 1.1341597437858584 0.52628731727600109 -0.12268358096480368 -0.13370531797409055 0.22635244578123095 1.0244275927543642 -0.3209592849016189 -0.28416682779788965 -0.57279050350189198 0.54806479811668407 0.26771883666515356 0.49579082429409033 -0.22558667510747907 -0.2511975616216659 0.41421568393707281 1.1176006793975832 -0.20916943997144696 0.034246072173118598 -0.12380238622426985 1.1184485554695132 0.13768934458494189 0.083021711558103575 2.5000000000000004 0.23467507213354113 -0.1930495351552963 0.058272222056984908 0.99240267276763927 0.6969047784805299 0.75266388058662426 -0.25776226818561548 -0.72306516766548146 -0.3536494225263595 -0.73045790195465077 0.50707513093948375 -0.33376097679138178 0.53417712450027477
decision_type=2 2 2 2 2 2 2 2 2 2 2 2 2 2 2 2 2 2 2 2 2 2 2 2 2 2 2 2 2 2 2 2 2 2 2 2 2 2 2 2 2 2 2 2 2 2 2 2 2 2 2 2 2 2 2 2 2 2 2 2 2 2
left_child=6 5 3 15 7 11 -1 43 34 -10 -9 -2 25 35 -8 16 17 -3 -12 21 -21 26 23 -23 -25 -6 27 -14 -28 -30 -18 -27 -33 -34 -5 36 37 38 -11 -40 -41 -15 -32 -4 -45 -26 -44 48 -7 50 51 -50 53 54 -51 56 57 -13 -59 -60 -57 -17
right_child=1 2 4 8 12 47 14 10 9 13 18 55 19 41 -16 61 30 -19 -20 20 -22 22 -24 24 45 31 28 -29 29 -31 42 32 33 -35 -36 -37 -38 -39 39 40 -42 -43 46 44 -46 -47 -48 -49 49 52 -52 -53 -54 -55 -56 60 -58 58 59 -61 -62 -63
leaf_value=-0.017709574242480913 -0.013550180854068446 -0.0072905507649895646 -0.0046434417282665225 -0.0087293552941979536 -0.010807138225554524 -0.0071880846079199487 -0.0129023733382058 0.0076792723579487939 0.010880014756720718 -0.0063047515639911914 -0.010631053577843889 -0.0048981716182327096 0.011993840971396351 0.029413670037539575 0.013041605555925175 -0.010076036735826143 -0.0039519130375648389 0.010946790785329348 0.0025584816898305131 -0.011779273893294325 0.021858993012392757 0.00040912913477973738 -0.0086297509464238961 0.00080400399282862408 0.044164119325461611 -0.00086777172989223436 -0.010488495065519798 -0.0065436835152952507 -0.0026409261004601962 0.024369283037008409 -0.0083192314560047616 -0.013099075928133081 0.030906026475578795 0.0047625570034540788 0.018539818803490208 -0.0015988728401974185 0.01174359199212322 -0.016580256846917156 -0.011346263014122558 0.00074670156960876186 0.021034468289683642 0.0039373316545722042 -0.0063632374825774371 -0.0059408321252842379 0.018759261154683345 -0.0017369919517410707 0.026647196984798126 -0.0075991134450076152 0.014816875610974627 0.037856571767321476 -0.014237311968898879 -0.0047491687664362459 0.00077878637716196654 -0.0078070525122010863 0.0030035769453566345 -0.016343864756931271 -0.0064787876820962802 -0.0092217261573466474 0.050111906649073716 -0.0035878890322379011 0.00019014213315363642 0.010173221837224035
leaf_weight=157.62477002386004 164.10568396747112 210.50908965058625 40.304280938580632 6.4790280610322943 46.159570455551147 62.399396277964115 16.62239451892674 31.689399726688862 249.50798605009913 38.078887784853578 257.69820882566273 7.7355063054710653 22.095843007788062 15.002806901931761 19.478240249678493 12.270075077190993 26.827172018587589 21.52326700463891 45.060065776109695 6.5040653906762591 41.778313998132944 14.969025682657955 11.383701570332049 7.4373832754790774 15.849724110215908 696.81058536656201 9.4503556229174119 106.74410701170564 11.525950111448763 24.205232627689838 5.9706284776329985 18.079797178506851 7.1418862342834464 274.21656709909439 84.669235222041607 226.42956309765577 102.29673785157502 15.469518300145863 11.438289407640694 24.357022631913424 34.860329499468207 21.121253944933414 4.5555571857839849 18.265144806355238 36.116376018151641 2.8193642050027838 23.276922479271889 69.532998491078615 38.526724157854915 18.190664593130357 18.471502028405666 25.577354343608022 15.491742637008427 3.8362023681402198 7.7764807790517798 33.91293490678072 19.08327348716557 3.4414952397346505 7.5933822300285065 2.7050789445638657 47.944265929982066 82.867487739771605
leaf_count=7045 4465 3688 1274 98 748 781 511 803 2440 1047 7779 231 246 102 563 151 368 228 754 64 317 138 65 72 130 8756 68 884 69 153 58 157 69 2391 676 1958 1889 222 238 324 464 105 70 354 627 22 186 906 437 230 226 280 152 50 108 1167 468 99 219 52 1001 555
internal_value=0.000129427 0.000944425 0.00200484 0.00481802 3.53523e-05 -0.00477433 -0.0142899 -0.00451521 0.00715863 0.00593512 -0.00702003 -0.00895356 0.00152939 0.00332774 0.000979434 -0.000217166 -0.00270502 -0.00540363 -0.00865836 0.00636716 0.0166475 0.0038633 0.0136446 0.0200844 0.0294867 0.000229918 0.000615956 -0.00303523 0.0102927 0.0164019 0.00724743 0.000792717 0.00460756 0.00595422 0.0162483 0.00208084 0.00571448 0.000486495 0.00353672 0.00890679 0.0133977 0.0168078 0.0154995 0.00424063 0.0106615 0.0383296 0.0210979 -8.32586e-05 0.00278761 0.00774294 0.00189028 0.00723131 0.0171641 0.0243456 0.0295892 -0.0025016 0.00674244 0.0174957 0.0280464 0.0394441 -0.00720632 0.00718893
internal_weight=3703.87 3510.14 2963.82 1217.51 1746.3 546.325 193.725 429.133 829.711 738.562 334.448 286.522 1317.17 489.054 36.1006 387.8 292.663 232.032 302.758 274.763 48.2824 226.481 52.4592 41.0755 26.1065 1042.41 174.021 128.84 45.1815 35.7312 60.6303 996.249 299.438 281.358 91.1483 452.93 226.501 124.204 108.735 70.6556 59.2174 36.1241 33.8031 94.6858 54.3815 18.6691 27.8325 259.803 190.27 127.871 82.5756 64.1041 45.2951 29.8033 25.9671 122.416 40.5587 21.4755 13.74 10.2985 81.8572 95.1376
internal_count=59798 51679 40807 14867 25940 10872 8119 11591 9563 8789 9336 7702 14349 6349 1074 5304 4598 3916 8533 2228 381 1847 427 362 224 12121 1420 1130 290 222 682 11373 2617 2460 774 6142 4184 2295 2073 1026 788 207 314 2255 981 152 256 3170 2264 1483 943 717 540 388 338 3237 1069 601 370 271 2168 706
is_linear=0
shrinkage=0.03


Tree=76
num_leaves=63
num_cat=0
split_feature=6 3 11 14 25 14 7 25 7 32 10 22 26 29 9 11 9 5 15 6 4 24 8 26 21 26 34 32 11 32 13 23 14 15 8 3 5 20 14 1 32 26 23 9 5 10 25 8 4 6 23 9 13 8 22 23 3 9 11 31 10 5
split_gain=43.7476 22.7547 20.9497 18.0151 14.9868 14.0134 12.476 13.3276 12.1371 11.3665 11.3291 9.72667 9.6668 9.32406 10.6683 9.60884 8.75742 8.73777 8.62857 8.60305 10.2249 8.54914 9.24935 9.32666 8.38042 8.19852 8.36937 7.89172 7.7588 7.61985 7.50991 8.51843 7.44767 9.07364 9.01462 11.3153 7.43291 7.40914 7.26185 8.02558 7.23406 9.69599 7.16403 7.14028 7.18001 7.06012 8.89399 8.66208 6.94712 7.45998 6.80652 8.6299 7.58616 6.79487 7.7766 7.99061 11.0569 7.37674 8.7539 6.78974 11.8415 8.11887
threshold=-0.35569941997528071 0.38644681870937353 -1.0813010931015012 0.25006461143493658 -0.20186261087656018 0.4133910089731217 -0.34815001487731928 -0.0082805575802922231 0.67947480082511913 14.500000000000002 -0.65108084678649891 -1.6546082496643064 -1.1639166474342344 0.69615384936332714 1.1284433007240298 -0.31456629931926722 0.21591719985008243 -0.88410785794258107 -1.0000000180025095e-35 0.73624765872955333 0.076210848987102522 1.0867903232574465 -0.083661079406738267 1.0649988651275637 -0.032316787168383591 0.13238073885440829 3.5000000000000004 15.500000000000002 0.82725638151168834 7.5000000000000009 0.26273006200790411 0.8891386389732362 -0.91759115457534779 0.82950487732887279 -0.072338536381721483 -0.91010287404060353 -0.088460400700569139 1.2306004762649538 -1.0100318193435667 0.072636812925338759 14.500000000000002 0.20493439584970477 0.95968887209892284 -2.1104872226715083 2.0299458503723149 0.65743163228034984 0.54386845231056224 -0.44902868568897242 1.2038460373878481 1.2248637080192568 0.58106192946434032 0.33295668661594396 -0.67043328285217274 0.061857214197516448 1.0000000180025095e-35 0.38877679407596594 -1.1494780182838438 0.82537573575973522 0.65716460347175609 0.78571429848670971 -0.14485169947147367 -0.1692342013120651
decision_type=2 2 2 2 2 2 2 2 2 2 2 2 2 2 2 2 2 2 2 2 2 2 2 2 2 2 2 2 2 2 2 2 2 2 2 2 2 2 2 2 2 2 2 2 2 2 2 2 2 2 2 2 2 2 2 2 2 2 2 2 2 2
left_child=2 4 29 6 12 8 28 32 17 11 21 -3 24 14 -5 -15 -10 -6 -16 27 -21 22 23 25 -2 26 30 -14 -4 -1 31 -11 -8 34 -34 -36 -37 -24 39 -13 41 45 -41 -12 59 46 47 -18 53 -50 51 52 -17 57 55 56 -55 -19 -59 61 -61 -45
right_child=1 9 3 13 5 -7 7 -9 16 10 43 38 19 15 18 50 40 48 -20 20 -22 -23 37 -25 -26 -27 -28 -29 -30 -31 -32 -33 33 -35 35 36 -38 -39 -40 42 -42 -43 -44 44 -46 -47 -48 -49 49 -51 -52 -53 -54 54 -56 -57 -58 58 -60 60 -62 -63
leaf_value=0.017538896734717167 -0.001810674071899219 0.023108581128485906 -0.011665011761290797 -0.014958830057480053 -0.018771315648121515 -0.011410942602336081 0.002997500232714148 -0.001102892623091702 -0.0021539825287057533 0.041215345383781458 -0.014058300789525364 0.0173225961348389 0.0047475072778051988 -0.014865622098266387 -0.011045438889419681 0.019815942243999074 0.0021504161421644729 -0.010261829198306342 0.022594882564202157 0.01806598936464153 -0.0070842095602198889 0.0008512597343541163 -0.0045456408576807529 -0.010174180501505509 0.028585014065059665 0.027547104474861989 -0.0079639779156873737 -0.0076439050200896672 0.0043384363867292643 -0.017881195918948593 -0.002653003680840225 -0.0014273456390612204 0.0065599475221391167 -0.004857894540751112 -0.0044166320711064022 -0.0021793463067553381 0.049016163585638275 0.022617257128523773 0.0047768091104863717 -0.013429110530490373 0.0034267289796670653 0.0027292776262467086 0.011114436001717585 -0.0082684001197297716 0.016625038731009997 0.0040258851843408818 -0.0037705575875582862 0.06134243908624408 0.014105160610213495 -0.011421038332902091 -0.0089306733089005667 0.021139108017485579 -0.011177355988927056 -0.011778793791269056 -0.0095956989138546479 -0.0017183083347514102 0.018208787473821066 -0.0065024814587144207 0.024811973642517752 -0.0065122160589615747 0.012294556514720013 0.00069764229974117779
leaf_weight=1.8801691588014353 11.192408613860609 27.291553098708391 71.644099445082247 171.15500333253294 27.881280058994889 154.24158290401101 32.004795137792826 96.783734479919076 70.131589202210307 8.8180789723992365 24.233623744919896 87.116191886365414 93.906651671975851 26.800056301988661 8.8008226156234759 5.1110827140510109 3.1344323959201565 165.72626407817006 9.4846426770091039 47.266796534880996 17.038260588422418 96.830566428601742 39.573973374441266 7.1776356473565093 20.413149194791913 51.0069545712322 14.921996958553789 82.026453740894794 39.010286252945662 129.00284772645682 9.5797274541109783 5.5999278575181952 16.346968086436391 8.1429527513682824 4.1819910481572178 2.3926466945558849 19.02817938290536 6.3471419252455226 656.50387807562947 14.415681533515452 48.348440064117312 17.560887595638633 18.853911325335503 102.06454897113144 20.746357958763838 7.1370991840958586 2.4709325432777396 8.026841629296543 34.975003849714994 9.6987614296376687 18.842112371698022 25.372693365439773 19.221090061590075 10.551726723089812 54.795111194252968 110.14200422167778 43.735069464892149 16.633011840283874 8.22246998362243 39.783848254010081 92.925381600856781 597.99285194464028
leaf_count=67 240 244 2485 5387 690 3572 526 2672 1028 108 293 512 1931 1004 336 165 55 3573 201 685 202 709 469 84 336 564 167 1915 867 5831 103 57 409 97 133 58 348 65 5591 94 763 229 105 1178 151 78 26 92 381 80 384 736 595 273 969 1381 1015 394 123 389 889 5631
internal_value=0.000559861 0.00214795 -0.00613459 -0.00359274 -0.00136498 -0.00344491 0.00167328 0.00650397 -0.00144894 0.00409368 0.00212139 0.00680462 0.00465816 -0.00888306 -0.0126529 -0.00113575 0.00568467 -0.00380253 0.00750866 0.00241588 0.0113719 0.00782782 0.0123628 0.0173938 0.019044 0.0200142 0.00812957 -0.0010814 -0.00607948 -0.0167457 0.0177844 0.0285502 0.0150201 0.0217323 0.0268615 0.036634 0.0439675 0.00106093 0.00608776 0.0127612 0.0117985 0.0207444 0.000114646 0.000526524 0.00102009 0.0324915 0.042315 0.0505276 -0.00268995 0.00797159 0.00487795 0.0104503 -0.00239897 -0.00393427 -0.00030059 0.00298873 0.0118783 -0.0079995 0.00627715 0.00053443 0.00662488 -0.000658924
internal_weight=3692.25 2987.04 705.206 574.323 1065.26 793.413 289.536 178.881 639.171 1921.78 1117.6 804.181 271.844 284.788 189.44 95.347 156.81 482.361 18.2855 240.238 64.3051 239.856 143.025 97.1043 31.6056 89.9267 38.9197 175.933 110.654 130.883 23.9977 14.418 82.0975 50.0927 41.9498 25.6028 21.4208 45.9211 776.89 120.386 86.6786 38.3302 33.2696 877.747 853.513 20.7693 13.6322 11.1613 454.479 44.6738 68.547 49.7049 24.3322 409.806 219.224 164.429 54.2868 190.582 24.8555 832.767 132.709 700.057
internal_count=59735 37434 22301 16403 20031 14722 7595 4243 11150 17403 10857 6546 5309 8808 5924 2884 2271 8879 537 4733 887 2326 1617 1083 576 999 435 3846 3352 5898 268 165 1571 1045 948 539 406 534 6302 711 1243 480 199 8531 8238 251 173 147 8189 461 1880 1496 760 7728 3638 2669 1288 4090 517 8087 1278 6809
is_linear=0
shrinkage=0.03


Tree=77
num_leaves=63
num_cat=0
split_feature=15 7 11 20 14 11 11 9 5 22 29 23 22 4 21 21 20 14 17 20 25 32 22 11 11 24 4 11 26 24 23 12 5 31 4 22 5 12 9 20 29 29 5 0 14 10 15 6 7 18 32 15 6 22 7 1 21 26 17 10 6 15
split_gain=43.706 19.0824 16.9522 17.9335 16.5683 14.8272 12.1267 10.0405 9.19821 10.7003 8.82549 11.1341 10.3361 10.2968 8.4992 8.74665 10.3025 11.3691 8.94369 9.09868 10.975 10.022 8.47218 8.1855 8.12076 7.70655 7.39988 7.81679 7.30768 7.26767 9.04985 11.0977 7.83513 8.0161 7.49728 8.87744 7.42748 7.31508 7.2508 7.09588 7.70789 7.07548 10.1199 7.01889 6.83595 6.73124 6.6185 8.32819 6.59919 10.5116 10.6108 11.3552 10.4545 9.48956 8.12513 6.96465 6.98514 6.86454 6.58363 6.49804 6.36513 6.3409
threshold=-0.87416577339172352 -0.85574060678482045 0.036560259759426124 0.041525570675730712 -0.90419462323188771 1.117392957210541 1.214486360549927 -2.0064330101013179 0.53456407785415661 -0.50990957021713246 0.12916667014360431 -0.12730035930871961 1.307377874851227 -0.55553704500198353 1.0244275927543642 0.95894458889961254 0.69372144341468822 0.56274193525314342 -0.28860287368297571 -0.12623994797468183 1.010866701602936 9.5000000000000018 0.14861109852790835 -1.4834359884262083 1.1595193743705752 0.97124853730201732 0.076210848987102522 0.14258944243192676 -0.74993509054183949 0.49190737307071691 -0.21276343613862989 -1.6862248778343198 -0.54334789514541615 0.78571429848670971 -0.063147414475679384 -1.403492212295532 -0.4868269264698028 1.4136485457420351 -0.22546086460351941 0.041525570675730712 0.87083333730697643 0.28991597890853887 0.8910522758960725 1.3400373458862307 -2.2773716449737544 0.25601309537887579 1.3416451811790469 1.2137548923492434 1.1338943839073183 -0.38509836792945856 15.500000000000002 0.62668934464454662 0.57974433898925792 1.1820375919342043 -0.17414200305938718 0.36633382737636572 1.3856074810028078 -1.1399847865104673 0.35610231757164007 0.34527760744094854 -0.61503866314887989 1.3793569803237917
decision_type=2 2 2 2 2 2 2 2 2 2 2 2 2 2 2 2 2 2 2 2 2 2 2 2 2 2 2 2 2 2 2 2 2 2 2 2 2 2 2 2 2 2 2 2 2 2 2 2 2 2 2 2 2 2 2 2 2 2 2 2 2 2
left_child=6 5 3 8 -5 58 26 -6 25 -10 11 -9 13 -13 15 16 17 18 -4 20 29 -21 -15 -24 -7 -3 -1 -28 -26 30 32 -32 -20 -34 36 -36 -31 44 -22 -16 46 42 -12 -19 -37 -8 47 -41 49 50 51 52 54 -50 -43 56 -52 -51 -2 -25 -55 -40
right_child=1 2 14 4 7 24 45 10 9 -11 41 12 -14 22 39 -17 -18 43 19 21 38 -23 23 59 28 -27 27 -29 -30 34 31 -33 33 -35 35 37 -38 -39 61 40 -42 48 -44 -45 -46 -47 -48 -49 53 57 55 -53 -54 60 -56 -57 -58 -59 -60 -61 -62 -63
leaf_value=-0.015736626177520186 -0.012842291868783952 -0.011421594163365443 -0.003563146901787463 0.011965402189922989 -0.020710539101639825 0.02503104519811708 0.019411688674674386 -0.010317926175161146 -0.017794319957278395 0.011403613464561986 -0.012164329232816334 -0.01120848783248078 -0.0059141615212261979 -0.0023941588650489933 0.017234006836323132 -0.0090770759505888407 0.0075764577123941679 -0.0058134710573663406 -0.012167119262062959 0.01513188626693754 0.0060868720935662989 -0.00068045808092785816 -0.0082114855221747003 0.041975636533671805 -0.01252581768766429 0.0018645167049989864 -0.010568562411984259 0.017594598891844573 0.0041215406552220632 0.019798082289786724 0.02565587987900032 -0.0045360975613548569 0.025401372508389329 -0.0079780066405519996 -0.0047244972232694362 -0.0027362584179226454 -0.012567980831099902 -0.012031393506747871 -0.017701877594749008 0.0018596795146298974 0.014768965082884177 0.026825956471500049 0.013860714068828297 0.015153906723121514 0.021517484204817902 -0.010564895517704051 -0.0026467390484176158 0.01353665895166996 -0.00057940937817552401 0.0074552343362219182 -0.016149515481084599 -0.0026856169347142301 0.038921408603104606 -0.011424726264614053 -0.0064905033534157124 0.012423474779291632 0.008473101143698784 -0.0071462955581811137 -0.0015488109366396758 0.010814057280150053 0.021863296896699497 0.0038580791949583857
leaf_weight=205.3193610208109 173.73838114645332 232.33106188848615 158.83809859678149 105.35193992964923 16.626397194340825 8.1251762304455024 12.824033763259651 17.934888722375035 10.280304493382571 39.85864445567131 84.80919025093317 5.542489066720008 15.70217985101044 8.1223114375025016 49.335223818197846 54.250548183917999 303.85899899341166 217.69349519722164 4.6886545643210402 35.05489300377667 48.935098288580775 359.67670399881899 2.8475648537278095 22.874378878623254 26.109634371474385 45.549430338665843 17.175690551288429 9.7920957468450052 95.079055275768042 4.3729554992169168 7.4892793800681821 84.579634163528681 30.668657599017024 5.4422516673803321 14.59674186259508 10.219785049557684 15.305617114529012 3.6954262480139723 27.423657851293683 146.71061039343476 62.435193983837962 5.3834430333226928 11.526476694270967 10.621811689808963 125.65746648982167 6.8368485607206813 104.07128521800041 84.802314426749945 59.094596853479743 29.400639580562711 30.674013758078218 21.445234246551991 15.559103341773151 2.8318885397166005 14.171371998265386 13.453182008117436 10.975589431822298 207.22212579846382 64.802609143778682 13.384034892544149 33.108584294095635 17.313805934041739
leaf_count=8947 4805 6823 2731 1126 340 131 337 512 251 756 1545 110 193 117 411 459 3010 3146 125 265 467 3966 44 309 413 550 609 235 1333 66 109 1250 645 121 143 67 181 30 319 1232 412 134 142 90 1123 188 537 496 927 501 597 202 204 76 312 177 136 3569 1023 175 357 139
internal_value=1.44916e-05 0.000906793 0.00168421 -0.00134473 0.00122579 -0.00550396 -0.0119202 -0.000613466 -0.00713712 0.00434626 8.01168e-05 0.00870551 0.0140513 0.0199898 0.00332319 0.00225239 0.00269502 0.00141381 0.00285358 0.00414968 0.00730727 0.000895498 0.0243736 0.0295745 0.00261584 -0.00924931 -0.013839 0.00081006 0.000180732 0.0100151 0.00448923 -0.000885129 0.0153897 0.0200123 0.0139948 0.0161625 -0.00282164 0.0184347 -0.00161722 0.00694463 0.00547125 -0.00136819 -0.0085202 -0.00453417 0.0196609 0.00895911 0.00355 0.00633266 0.000263666 -0.00166539 0.00575834 0.0143485 0.0237898 0.00706317 0.00627632 -0.00351902 -0.00944821 -0.00521531 -0.00986906 0.0331775 0.0181654 -0.00980893
internal_weight=3683.6 3431.65 3063.8 1076.06 748.042 367.855 251.948 642.69 328.019 50.1389 626.063 86.4078 68.473 52.7708 1987.74 1540.38 1486.13 1182.27 953.959 795.121 400.389 394.732 47.2283 39.106 129.314 277.88 232.287 26.9678 121.189 306.716 132.868 92.0689 40.7996 36.1109 173.848 154.169 19.6786 139.573 93.6726 447.355 398.019 539.655 96.3357 228.315 135.877 19.6609 335.584 231.513 443.32 348.285 111.662 56.5592 35.1139 95.0351 19.5548 55.1028 41.6496 236.623 238.541 36.2584 35.9405 44.7375
internal_count=59746 49430 41725 20185 11805 7705 10316 10679 8380 1007 10339 1460 948 755 21540 18452 17993 14983 11747 9016 4785 4231 645 528 1877 7373 9791 844 1746 3860 2250 1359 891 766 1610 1363 247 1220 925 3088 2677 8879 1687 3236 1190 525 2265 1728 7192 5832 1762 852 650 1360 446 910 733 4070 5828 484 433 458
is_linear=0
shrinkage=0.03


Tree=78
num_leaves=63
num_cat=0
split_feature=3 6 32 3 15 11 7 24 26 8 32 8 4 10 10 27 13 16 7 21 4 6 5 1 16 1 12 10 8 8 12 23 32 5 15 12 26 7 22 1 13 11 23 21 15 13 11 13 15 1 11 2 6 21 9 21 8 11 23 21 4 3
split_gain=38.9831 17.5697 15.1386 13.2871 14.5677 10.4681 11.3122 10.1675 9.99349 8.50563 7.83953 9.33788 8.92933 8.79833 11.6073 8.56796 7.79909 10.7951 9.68159 7.71958 7.5504 7.52485 8.87059 7.30038 7.18128 7.09476 7.61195 6.95359 6.82777 6.21458 8.42663 6.46282 6.2113 6.06959 6.0459 7.77732 7.11496 5.97208 5.95601 5.94388 5.91101 10.4041 6.62943 5.8533 9.86146 6.02117 5.81407 7.45475 9.17746 7.103 6.53944 7.16246 10.3347 8.89614 8.7936 7.07304 8.14968 6.31129 6.24569 5.76004 5.67327 5.62129
threshold=-0.15107209235429761 -1.0034729242324827 7.5000000000000009 1.3360965847969057 -0.067129451781511293 -1.1129505038261411 -1.0860579013824461 -0.71470084786415089 0.96498042345047008 0.36044721305370336 15.500000000000002 -0.69970405101776112 -0.62792059779167164 1.1333757638931277 -0.51519581675529469 4.5000000000000009 0.14436107128858569 0.097178533673286452 1.3235239386558535 -0.40558201074600214 -0.23698300123214719 -0.73043251037597645 -0.0099483844824135286 -0.56895351409912098 0.54302966594696056 0.38483691215515142 0.97174546122550975 -1.5395009517669676 0.64679124951362621 -0.66185823082923878 -0.56556910276412953 0.18172445893287661 16.500000000000004 -0.020853055641055104 1.6832895874977114 0.59754768013954174 1.4099041223526003 0.95443394780159008 1.3489745259284975 1.0860191583633425 -0.79414671659469593 -0.31456629931926722 0.38877679407596594 -0.098788145929574953 -0.90548706054687489 0.35479393601417547 0.79166421294212352 -0.5217594802379607 1.5481797456741335 1.6389225125312807 1.5750464200973513 0.8367069959640504 1.5452958941459658 1.0244275927543642 0.64177957177162182 0.57403382658958446 -0.50004145503044117 1.2867087721824648 -0.5908086597919463 -0.51700475811958302 0.56957736611366283 1.2974110245704653
decision_type=2 2 2 2 2 2 2 2 2 2 2 2 2 2 2 2 2 2 2 2 2 2 2 2 2 2 2 2 2 2 2 2 2 2 2 2 2 2 2 2 2 2 2 2 2 2 2 2 2 2 2 2 2 2 2 2 2 2 2 2 2 2
left_child=1 9 19 4 40 8 -7 21 -3 -1 11 -6 -12 14 15 23 17 32 24 -2 37 22 -8 -14 -18 -15 39 -17 -11 30 -29 -32 -5 -21 36 -36 -16 -9 -22 -27 41 -4 -43 59 -45 -46 49 48 -48 58 51 52 53 55 -54 56 -49 -58 -19 -24 -33 -13
right_child=2 5 3 16 10 6 7 20 -10 28 12 61 13 25 34 27 18 46 -20 33 38 -23 43 -25 -26 26 -28 29 -30 -31 31 60 -34 -35 35 -37 -38 -39 -40 -41 -42 42 -44 44 45 -47 47 50 -50 -51 -52 -53 54 -55 -56 -57 57 -59 -60 -61 -62 -63
leaf_value=-0.019586059663256317 -0.0069579408804935671 -0.015735257192299464 -0.011216736655691886 0.020256721279876617 -0.0022975640013416869 -0.010953065936650377 -0.0066061082858409996 -0.012715935630600124 0.0078815240396906457 0.0082001590167115959 -0.012285632531811558 0.005621872341194249 0.024615433872898718 0.0034235328938217974 -0.0055636169310496258 -0.0067177639234072412 2.2548730343258447e-05 0.019892249075927172 0.02297915572392964 -0.00300954636778449 -0.00028745190531159222 -0.0066055180066908374 0.019567167705793163 -0.0043761613109652734 0.0096613162791673902 0.040856833033687374 -0.009468599130340892 -0.0077480108304125075 -0.010215236485374563 0.006400682465260499 -0.0053389761272668295 0.038255612560001581 -0.0096412558822638935 0.027950931161572941 -0.0064415394935258387 0.024463694385451179 0.014842170849317812 0.0082849153144551168 0.016862622917307789 0.003286781744958707 -0.0074722661715669455 0.02635100928748552 -0.0016204561047485869 -0.0079856880213865968 0.059432367831160744 0.0020428864515851766 0.030920540464954634 0.023642786194329263 -0.010671474188056923 0.017794739623968794 -0.0060118036145318738 -0.0051979486342619754 -0.01836634546736092 0.026484572298470958 0.011561625724434709 -0.0063143429569000788 -0.010198070706527137 0.015501275141885682 -0.0062881979175466217 -0.010056132591133684 0.0029287794128113917 -0.010237860664757192
leaf_weight=89.239111427217722 6.7511659841984502 84.006208424456418 19.001821069046855 35.699673809111118 192.46932253055274 92.046319920569658 7.4836794491857281 66.945067401044071 16.462103319354355 18.872717075049877 50.770567610859871 644.96586444787681 3.5761978924274436 57.638356754556298 378.03307537361979 15.356168542057274 103.23872428014874 3.8473070729523888 32.385929562151432 5.6666030772030345 433.3538276348263 10.953432863578199 12.237316573038697 86.238030528649688 208.44046359695494 9.5565030202269572 2.9873336963355532 4.9188573919236651 81.765668955631554 58.418903199955821 3.2588307335972813 20.984927296638492 4.3342145644128314 31.744339149445295 11.033211324363949 10.136370051652191 11.317039877176283 11.068828096613286 14.0189046934247 6.3990233652293673 249.45012474060059 13.813450880348684 11.903265526518224 1.7531857341527928 5.9497369546443242 2.3677009120583534 12.16763651743531 23.613470979034901 3.7483080551028243 8.3538946285843831 60.426578540354967 41.578904461115599 16.711485698819164 26.62056852504611 10.544669449329374 22.625296972692013 16.147193130105737 9.4971625022590143 154.54725513607264 5.2193079981952915 5.8977898098528376 16.314937815070152
leaf_count=4237 85 2975 524 354 2241 2646 288 2237 494 809 915 6588 50 697 4760 186 965 67 230 50 8935 327 419 1030 1445 98 28 68 3360 728 63 237 49 213 89 70 139 321 260 55 6240 381 219 80 158 57 91 195 21 47 388 249 91 142 54 157 145 77 1225 176 54 128
internal_value=0.000240105 -0.00496393 0.00206851 0.00176232 0.000386338 -0.002891 -0.00148327 0.000124132 -0.0116754 -0.0130151 0.00152459 0.00347261 -0.000741673 0.000195744 -0.00103523 0.0048419 0.00500299 0.00236327 0.00837567 0.0185747 -0.00110677 0.012922 0.0190933 -0.00198457 0.00651939 0.00945088 0.0232458 0.010315 -0.00653713 0.0133121 0.0225919 0.0279411 0.0163088 0.0234594 -0.0039032 0.0102032 -0.00478983 -0.00941674 0.000430404 0.0301686 -0.0056897 0.00400535 0.0152478 0.0260216 0.0406016 0.0499961 0.000823087 0.00374607 0.0209159 -0.00343318 0.00212275 0.00514936 0.00863835 0.0130294 -0.00679061 0.00664815 0.0126353 0.000295778 -0.00506303 0.0104432 0.03218 0.00515669
internal_weight=3676.87 953.743 2723.13 2678.97 1884.44 763.866 663.397 571.351 100.468 189.877 1590.27 853.75 736.521 685.751 609.169 198.65 794.529 450.464 344.065 44.1621 525.387 45.9644 35.0109 89.8142 311.679 76.5812 18.9429 108.835 100.638 93.4793 35.0604 30.1415 40.0339 37.4109 410.52 21.1696 389.35 78.0139 447.373 15.9555 294.169 44.7185 25.7167 27.5272 10.0706 8.31744 410.43 243.681 15.9159 166.748 227.765 167.339 125.76 98.5037 27.2562 71.8831 49.2578 25.6444 158.395 17.4566 26.8827 661.281
internal_count=59707 27779 31928 31580 25588 19373 15904 13258 3469 8406 18224 8957 9267 8352 7474 2416 5992 3352 2640 348 11753 1505 1178 1080 2410 878 181 1336 4169 1150 422 354 403 263 5058 159 4899 2558 9195 153 7364 1124 600 890 295 215 2949 1610 112 1339 1498 1110 861 716 145 574 417 222 1292 595 291 6716
is_linear=0
shrinkage=0.03


Tree=79
num_leaves=63
num_cat=0
split_feature=24 11 21 14 5 26 6 14 25 11 1 14 25 25 23 20 8 10 14 26 30 29 3 13 29 8 4 3 25 24 16 16 4 16 24 16 31 5 10 29 23 10 16 11 6 31 3 10 3 3 4 22 9 26 31 11 6 21 16 11 13 10
split_gain=35.9412 18.5699 15.6242 13.7496 12.8647 12.8639 11.7857 12.0259 12.5798 12.2064 12.4979 11.6633 17.129 11.3628 10.5073 10.143 9.10449 9.80663 9.30105 8.50481 7.69528 7.68281 7.42879 7.34147 7.33616 7.31551 9.96272 8.2401 7.19109 7.13502 6.94608 6.79477 6.64992 6.84485 7.04144 6.64073 6.6171 6.6768 6.58064 7.2764 6.50855 6.46507 6.46063 6.42718 8.20761 6.26983 6.26002 7.83506 6.73106 8.40795 6.19036 6.18274 6.00683 5.855 12.7919 6.72007 5.84879 7.72372 10.4511 7.5966 7.79771 7.67834
threshold=-0.079476308077573762 1.4427454471588137 -0.83398863673210133 0.25006461143493658 -0.4868269264698028 -1.4457330703735349 1.3273013234138491 -1.1419542431831358 -0.24218232184648511 0.049944764003157623 0.83833602070808422 1.0000000180025095e-35 -0.48042084276676172 3.1635932922363286 0.85848343372344982 0.15260765701532367 0.85336914658546459 -0.065044026821851716 -0.094809271395206438 0.37266267836093908 -3.0833333730697627 0.92582416534423839 1.0287997722625735 -0.25609956681728357 0.5419580638408662 0.074279546737670912 1.0255577564239504 -0.14050853252410886 0.083021711558103575 -0.18849823623895642 -1.0000000180025095e-35 0.26113942265510565 0.84936901926994335 0.25193978846073156 -0.50455302000045765 -0.51931393146514881 0.92857143282890331 0.97239843010902416 -0.055912777781486504 0.53589746356010448 -0.52527052164077748 0.72511258721351635 0.68423041701316845 1.0367280244827273 0.70387056469917308 0.78571429848670971 -0.30270126461982721 0.49774681031703955 0.62921172380447399 0.86608561873435985 1.9929793477058413 -0.17366632819175717 -1.5803926587104795 0.69936400651931774 1.0000000180025095e-35 0.66872319579124462 0.5097789764404298 0.67088699340820324 -0.031453160569071763 1.773987412452698 1.2555602192878725 -1.5068955421447752
decision_type=2 2 2 2 2 2 2 2 2 2 2 2 2 2 2 2 2 2 2 2 2 2 2 2 2 2 2 2 2 2 2 2 2 2 2 2 2 2 2 2 2 2 2 2 2 2 2 2 2 2 2 2 2 2 2 2 2 2 2 2 2 2
left_child=1 2 32 14 30 31 7 15 16 10 25 12 20 24 21 42 17 56 -19 36 -7 29 -13 -17 46 -10 -27 -28 -12 -3 -4 35 33 -1 -35 -6 -11 52 -18 41 -34 -40 -2 -44 -45 -22 47 -8 -48 -50 -25 -24 -38 -14 55 -55 -9 58 -58 60 61 -60
right_child=6 3 4 -5 5 11 13 8 9 19 28 22 53 -15 -16 23 38 18 -20 -21 45 -23 51 50 -26 26 27 -29 -30 -31 -32 -33 40 34 -36 -37 37 -39 39 -41 -42 -43 43 44 -46 -47 48 -49 49 -51 -52 -53 -54 54 -56 -57 57 -59 59 -61 -62 -63
leaf_value=-0.019221403498143847 -0.0014517876325159983 0.043271555742493424 -0.023467515862821173 -0.0050212739152751314 0.012760664272407046 -0.011544790056372961 -0.001973807639346405 0.0027968493335331886 -0.011055507750916843 0.0016836308036714044 0.013915691422220646 -0.010317190835727515 -0.0062762898946030947 -0.010461490057772055 -0.0018634821030181022 -0.00073907892231086961 -0.016797295956463041 0.015916109880946178 -0.0017419931742206829 -0.0032357311853338814 0.025726424364861489 -0.0065974813959543081 -0.013315611541964017 0.018343660384527345 0.0098778394027131278 -0.0052271385095807995 -0.0095027988731570291 0.028759428917734649 -0.0092663808514765553 -0.0051847845135373997 -0.0060004502266138579 0.019304177753504192 0.017236868939681866 -0.011414554614021941 0.0091373601564571326 -0.012074684850670958 -0.0098073144187122412 -0.011234528067094636 0.0081663949923846835 0.012491745718011531 -0.013282501179922393 -0.019323371493935742 -0.00058656133619535669 -0.0078260911236353644 0.029526453012028754 -0.0072173816390137041 -0.0070076676460653813 0.031603116619520415 0.017708932463671497 0.0019273709426692969 -0.0050282815001378841 0.0085935078589446049 0.022433536347907727 0.025888395744994634 -0.0088260894623209823 -0.006088504499360054 -0.0012856083722430878 0.0049514096873595299 -0.005458953593738985 -0.011679148304038588 -0.0093815651874020415 0.031120172992504715
leaf_weight=117.30753264389932 149.51101507619023 16.892623662948616 36.112745220772922 26.436048842966557 13.593633000738921 4.0595139963552347 9.8577010277658719 84.663229469209909 230.24487049505115 477.58523922599852 37.125313444063067 208.08441961742938 121.58125642035156 34.135220337659121 10.58501319028437 29.585443843156099 25.586493983864784 25.999232685193419 195.75086089782417 363.04304271191359 33.449745842255652 2.4801196027547112 11.287240663543342 91.327329531311989 278.99365638941526 133.31716323457658 4.6116263139992961 10.294921398162838 12.859688328579066 1.9888476654887224 50.459810739383101 30.958175165578723 9.1977686993777734 64.755209716968238 15.072452943772076 15.236566461622713 3.1976597085595122 4.7479630708694449 8.9443911556154507 21.136657638475299 6.5614056009799233 14.877910563722251 22.163342846557498 4.6840680800378349 16.278758943080902 3.8201676271855822 55.627014255151153 9.8344278261065465 30.439172178506851 225.44717387482524 9.2981228828430158 35.994329769164324 30.454899091273546 19.544102682732049 25.373069489374757 5.6264793295413247 18.114438336342573 70.906746054068208 4.1509395129978648 2.4133689701557151 3.0113992802798739 56.145738052204251
leaf_count=5434 2282 313 1590 542 522 73 138 1494 4352 5560 482 6630 3168 373 128 251 342 281 2770 4270 563 51 189 668 1981 2376 71 91 173 30 1431 573 193 2059 388 419 44 44 115 278 106 206 207 42 113 71 562 114 233 1386 53 573 338 547 687 98 277 712 54 21 32 636
internal_value=0.000153771 -0.00509523 -0.00626238 0.0106472 -0.00378029 -0.00196186 0.00181791 0.000751533 -0.000191517 -0.00177331 -0.00589339 -0.00365946 0.00150648 0.00536274 0.0225379 0.00604483 0.00367848 0.00521661 0.000633652 0.000256864 0.0177193 0.0326893 -0.00792355 0.0123477 0.0063258 -0.0077587 -0.00244392 0.0175086 0.00765133 0.0381506 -0.0141702 0.0106047 -0.0131833 -0.0146622 -0.00722424 -0.000209371 0.00272169 0.0139507 -0.0060561 0.00112612 0.00439134 -0.00937582 0.0015799 0.0111491 0.0212803 0.0218954 0.0032313 0.0177987 0.00204381 0.0041081 0.0160482 0.00259002 0.0184977 -0.00277673 0.00544856 0.018916 0.00936178 0.0127536 0.0187025 0.0239131 0.0260255 0.0283768
internal_weight=3692.82 886.458 828.076 58.3827 615.181 528.609 2806.37 2162.03 1839.18 1307.48 428.454 468.82 213.454 644.334 31.9466 322.848 531.701 461.156 221.75 879.029 41.3294 21.3616 255.366 130.211 610.199 378.469 148.224 14.9065 49.985 18.8815 86.5726 59.7884 212.894 197.135 79.8277 28.8302 515.986 38.4005 70.5455 44.959 15.7592 23.8223 192.637 43.1262 20.9628 37.2699 331.205 19.6921 311.513 255.886 100.625 47.2816 33.6526 172.125 50.5437 25.1706 239.406 154.743 83.8359 65.7214 63.3081 60.2967
internal_count=59800 26378 25314 1064 17134 14113 33422 28635 25019 17801 7545 12599 5207 4787 522 3616 7218 6277 3051 10256 707 394 7392 972 4414 6890 2538 162 655 343 3021 1514 8180 7881 2447 941 5986 426 941 599 299 321 2644 362 155 634 2433 252 2181 1619 721 762 382 4500 1332 645 3226 1732 1020 743 722 690
is_linear=0
shrinkage=0.03


Tree=80
num_leaves=63
num_cat=0
split_feature=15 6 14 9 25 32 9 6 4 17 11 7 3 20 25 24 32 15 16 5 22 24 4 20 8 16 11 8 26 7 6 5 22 16 9 16 20 30 14 26 8 8 20 2 15 29 9 3 18 12 14 6 20 25 29 20 3 15 26 25 24 11
split_gain=39.4829 21.1339 13.0202 13.1942 13.2792 11.2179 11.7036 10.6925 10.5829 12.3568 16.8311 10.1775 9.58365 9.12843 8.9386 11.0924 8.84984 8.48635 9.58384 11.7123 8.68955 9.50716 7.79221 7.76373 7.69359 11.2541 8.4303 7.15125 7.2016 7.13802 7.12691 7.11201 7.31309 6.93866 6.85123 8.62835 6.83654 6.73373 7.68367 6.61726 7.40595 6.6157 6.60606 6.56103 6.55455 6.5483 6.40846 6.30936 6.81725 6.22753 6.12186 6.06287 6.64568 6.01185 5.93531 5.86075 5.85483 7.17765 6.33238 6.18308 6.16364 5.8033
threshold=-0.70932689309120167 -1.0034729242324827 -1.7817230820655821 -1.1034096479415891 2.6074717044830327 10.500000000000002 -0.66642004251480091 1.2619948983192446 -0.027378956787288185 -0.76865875720977772 0.16483994573354724 -1.2823532223701475 0.62921172380447399 -1.3267962932586668 -0.5810696780681609 -0.64478307962417591 10.500000000000002 -0.1766928285360336 -0.45239078998565668 -0.35908848047256464 0.73010960221290599 0.48140758275985723 1.5083765387535097 0.54954037070274364 -0.30845902860164637 -0.49848006665706629 0.94890522956848156 0.68613728880882274 0.11023196578025819 0.3682489693164826 0.67199891805648815 -0.44074738025665278 -1.5897994041442869 0.55950063467025768 -1.0000000180025095e-35 0.59741446375846874 0.39137443900108343 -4.3666667938232413 0.90458649396896373 -0.91741299629211415 -0.20418705791234967 -0.75374117493629444 -0.42950887978076929 0.3955745548009873 0.55761152505874645 0.5313725769519807 -1.4138459563255308 -0.79035347700119007 -0.24626781046390531 0.82499328255653392 -1.281393229961395 0.9314323663711549 -0.21523845940828321 -0.25848062336444849 0.074175827205181136 0.83788928389549266 0.89577832818031322 -0.57781341671943653 0.2466075196862221 -0.28460356593132013 -0.025194101966917511 1.7320322990417483
decision_type=2 2 2 2 2 2 2 2 2 2 2 2 2 2 2 2 2 2 2 2 2 2 2 2 2 2 2 2 2 2 2 2 2 2 2 2 2 2 2 2 2 2 2 2 2 2 2 2 2 2 2 2 2 2 2 2 2 2 2 2 2 2
left_child=8 22 27 12 5 6 -5 11 -1 -10 16 61 -4 46 15 -13 -11 30 19 -19 21 -21 33 -17 26 42 43 28 41 -28 56 -14 -33 -2 -35 -36 -34 38 50 -27 -41 45 -26 -8 -23 53 -12 -43 -49 -6 -20 52 -32 -3 -38 -45 57 -16 -58 -60 -61 -7
right_child=1 2 3 4 49 7 24 -9 9 10 13 14 31 -15 17 23 -18 18 37 20 -22 44 -24 -25 25 39 29 -29 -30 -31 51 32 36 34 35 -37 54 -39 -40 40 -42 47 -44 55 -46 -47 -48 48 -50 -51 -52 -53 -54 -55 -56 -57 58 -59 59 60 -62 -63
leaf_value=-0.018651015057831764 -0.012961423813414912 0.020645362951062271 -0.010335689814567008 0.026985625636112554 -0.019659512062626627 -0.012622497497352322 -0.010840614946772922 0.0050804798049159418 -0.015881473297596743 0.013186816703446866 -0.0086277761304432293 0.032360191776657513 0.013684233371549535 0.0022777276041026149 0.0029042167832162339 -0.0058240897763096287 -0.012515875410040908 -0.014066677025090879 0.016695427411337969 0.030617882485875887 -0.0022874412783522357 0.015493880229327952 0.013111907582592629 0.014518513096711039 0.00017074040083702347 0.017148949517547359 0.019704187386028693 0.01358547572106319 -0.0028323040320627521 -0.007061039279621522 -0.0095283348020973879 0.01799534580607285 -0.00987488148978166 -0.010706686443125097 0.031182659170475146 -0.00049311759944665047 0.021333393842356455 0.0010545852315324254 0.0082639478859628367 0.024279245509111695 0.0010714562891878715 0.025770190431922815 0.04259893236577969 -0.0061088404687295915 -0.012440268989114482 0.034926950853456935 0.032682727950846029 0.0087982571498185936 -0.012645671450450036 0.005047020833652504 -0.010394382616076609 -0.006768453899266052 0.022922747437343689 -0.015102697726517291 -0.0010804873214864917 0.023359794556131578 -0.0107103238230725 -0.016894266406958194 -0.0074242696659959917 0.047656941379011504 -0.0042660918982304931 0.012660526442215365
leaf_weight=89.10887151863426 139.66328256763518 2.3927743136882782 139.43302149605006 20.531991336494684 32.350800804793835 70.381517866626382 58.544700112193823 521.95245972089469 73.131191263906658 9.950755972415207 1.9129575323313499 11.835300629958509 23.812075601890683 37.837958196178079 19.065378131344914 30.669744042679667 76.728642801754177 10.675800127908586 3.6093396171927443 30.202778201550245 18.132888546213508 12.682483492419125 10.750298812985418 27.792060514912009 4.4378103390336028 36.607958173379302 21.106366645544771 112.8662109747529 75.987547647207975 10.48585359752178 4.8114752676337984 9.7062185611575824 83.013245532289147 31.86843409948051 5.104840248823165 32.423724947497249 7.4189429879188529 1193.5368014294654 24.804405607283115 8.7429716195911151 130.15219470486045 4.5322933737188569 8.3893224950879794 9.3428013194352406 8.4791415371000749 10.323748111724852 14.749385666102169 24.357273198664188 19.496065536513925 9.8529264237731677 113.91091243550181 20.003075215965509 14.277973132207988 4.9098434224724796 71.158343054354191 6.6697866860777131 6.6766435727477056 75.311043752357364 2.722491068765521 1.9038482103496792 1.8565775807946918 5.1431182138621798
leaf_count=4114 4900 22 3054 201 413 1685 761 3836 3009 322 61 228 307 1027 703 461 3330 255 40 707 316 200 140 321 74 300 193 933 633 77 100 104 928 703 118 709 67 15844 357 88 1126 109 94 111 96 82 414 172 176 100 1653 340 283 46 685 47 124 2378 52 37 35 78
internal_value=0.000102346 0.00103403 0.00166064 0.00108638 0.00181297 0.00210149 0.00735651 0.00134451 -0.0101758 -0.00630702 -0.000973864 0.000191655 -0.00447771 0.0114855 0.000702999 0.0107991 -0.00900696 0.000215826 0.000935017 0.0106923 0.0151845 0.0210083 -0.00785827 0.0042285 0.00556022 0.00912425 -0.000889065 0.00809738 0.00342154 0.0110695 -0.00653142 -0.000137703 -0.00239271 -0.00921768 -0.00131856 0.00697511 -0.0041207 0.000311734 -0.00574219 0.00660383 0.00332519 0.010313 0.0320849 -0.00633352 0.00406267 0.0237852 0.0270433 0.00363717 -0.00105369 -0.0139679 -0.00891501 0.00406384 0.0144635 0.000240692 0.0021854 0.00880358 -0.0103925 -0.0129498 0.00646332 0.0211124 0.0342181 -0.0102215
internal_weight=3700.29 3396.87 3177.06 2922.19 2587.65 2545.45 315.012 2230.44 303.42 214.311 141.18 1708.48 334.542 54.5003 1632.96 70.2971 86.6794 1562.66 1416.03 80.1731 69.4973 51.3644 219.811 58.4618 294.48 188.33 106.15 254.866 142 31.5922 146.629 195.109 171.297 209.06 69.397 37.5286 161.591 1335.86 142.325 175.503 138.895 66.012 12.8271 74.5573 21.1616 17.6264 16.6623 48.3856 43.8533 42.2037 117.52 39.0925 19.0894 7.30262 78.5773 16.0126 107.536 94.3764 13.1596 6.48292 3.76043 75.5246
internal_count=59879 47602 41032 38859 33714 33201 3072 30129 12277 8163 5154 26293 5145 1502 24530 1010 3652 23520 19468 1574 1319 1003 6570 782 2871 1682 1189 2173 1240 270 4052 2091 1784 6430 1530 827 1680 17894 2050 1514 1214 607 168 919 296 150 475 457 348 513 1693 723 383 68 752 158 3329 3081 248 124 72 1763
is_linear=0
shrinkage=0.03


Tree=81
num_leaves=63
num_cat=0
split_feature=6 11 20 3 14 25 9 14 25 29 31 7 11 5 7 9 9 11 10 9 7 32 17 2 2 5 11 4 9 29 17 6 17 11 25 0 32 29 5 10 25 0 14 11 34 11 9 0 4 30 20 5 2 10 26 25 11 9 11 6 14 10
split_gain=38.2384 16.2674 13.8829 12.9425 12.1506 12.4553 11.5503 11.0189 12.8019 11.4588 10.0161 9.65929 10.4415 14.5658 9.44818 9.79313 9.3105 10.8873 9.27548 8.7095 8.70134 8.66758 8.19761 7.6389 7.5086 7.0761 7.03424 8.06494 7.05278 6.68271 6.53391 6.40243 6.745 6.35098 6.27115 6.11155 6.04657 6.03298 6.03044 5.92869 5.91878 5.88826 5.87934 5.75989 5.69337 5.68213 6.47872 5.56042 5.51316 8.52898 5.90555 5.49162 5.45293 5.39048 5.39023 7.0151 16.7306 13.083 7.51536 7.11567 6.4288 11.2508
threshold=-0.34253501892089838 -0.072313152253627763 1.3237347602844241 -1.1322949528694151 -2.6278655529022212 0.59866327047348034 -2.0064330101013179 -0.23849282413721082 -0.48036816716194147 0.74166667461395275 0.6428571641445161 1.2309058904647829 1.117392957210541 1.4326698780059817 0.60444775223732006 1.4075691699981692 1.5080313682556155 0.48943337798118597 1.5118504166603091 0.63218101859092724 -0.671451836824417 8.5000000000000018 -0.33201079070568079 0.32874970138072973 1.0000000180025095e-35 0.30681787431240087 -0.12966374307870862 -0.013657241128385065 -1.1828377246856687 0.60769233107566845 0.86688977479934703 0.99522429704666149 0.50020048022270214 0.82725638151168834 -0.56975421309471119 -0.030506875365972515 12.500000000000002 0.97058823704719555 1.681661903858185 -0.46449612081050867 -0.66097223758697499 0.4860398024320603 0.2426237836480141 -0.036590769886970513 3.5000000000000004 0.097150135785341277 0.59586679935455333 0.13104329258203509 -0.037920959293842309 -1.0000000180025095e-35 0.53935581445693981 -0.13803075999021527 -0.3438484370708465 0.52231374382972728 -0.80294334888458241 -1.0000000180025095e-35 0.38465130329132086 0.6595398783683778 0.1094019301235676 -0.039967011660337441 0.12228501215577127 -0.47449319064617151
decision_type=2 2 2 2 2 2 2 2 2 2 2 2 2 2 2 2 2 2 2 2 2 2 2 2 2 2 2 2 2 2 2 2 2 2 2 2 2 2 2 2 2 2 2 2 2 2 2 2 2 2 2 2 2 2 2 2 2 2 2 2 2 2
left_child=1 2 23 36 10 6 -6 8 9 47 24 12 13 16 15 18 21 44 25 30 -15 22 -8 -1 29 -7 27 -16 -29 -5 37 45 -33 -10 -4 48 -2 -9 -13 -35 43 -21 -30 -37 -18 -28 -47 -3 -23 50 -50 -25 -22 -51 55 56 57 59 -57 -42 -60 -62
right_child=3 7 34 4 5 14 11 19 33 -11 -12 38 -14 20 26 -17 17 -19 -20 41 52 35 -24 51 -26 -27 31 28 42 -31 -32 32 -34 39 -36 40 -38 -39 -40 -41 54 -43 -44 -45 -46 46 -48 -49 49 53 -52 -53 -54 -55 -56 58 -58 -59 60 -61 61 -63
leaf_value=-0.014174959837794869 0.0027679645768266259 0.037459379109404473 0.026071420110643045 0.016408572894088872 -0.0098897776595213236 -0.011550472326946944 -0.012671365083008835 -0.013405374139136965 -0.006582124992201034 -0.0075645225243954782 0.026555130277205411 0.0091800020616858973 0.0057483343081902423 -0.012948396411558679 -0.012157474799373964 0.023851274137416899 0.036269094922702347 -0.0078226661602792194 0.01020251530760294 -0.00042539250211942332 -0.0055330139607359776 -0.015480782535182003 0.015538590271106243 -0.0097159381159387711 -0.0079586987498968999 0.00032173650484692331 -0.01352366485350227 -0.008062035174786767 0.0327262642340811 -0.0050332385230258854 0.0039168938224557409 -0.018326685324681589 0.0020011111840829731 0.020267848983879937 -0.0012276932135880472 0.02415633319712595 -0.012545606154196238 0.0068425260787909866 -0.0099987547907739102 -0.00032090970120681676 -0.0018980568075799376 0.022644093264694767 0.0029588917958190551 -0.0009912082777213992 0.0017940678498482672 0.024348879731985927 -0.0085350951323128147 -0.0068526092668941855 0.031325359130331062 -0.012554636971910128 -0.0077475215356127593 0.015376066932953014 0.017569869070395108 0.0081825500932399681 -0.0014572183262156601 -0.0083236172476515713 -0.0072103802020792923 -0.0023678847867791585 -0.0038657098240525772 0.03416428419863636 -0.0084734715144158292 0.020664121026823419
leaf_weight=280.00688245799392 29.958586579188704 16.041835404932506 6.5038401866331723 45.071870224550366 62.352064117789268 194.35155291296542 7.3458931855857363 132.93480557389557 53.185821268707514 6.3234444893896571 25.193403167650104 247.0475621111691 506.30472038313746 7.3969057947397223 5.650738399475812 4.6425752807408562 11.919018443673854 9.4642640389502031 21.063750764355063 69.221101771108806 8.0750486701726896 41.528229616582394 46.708924993872643 10.660330594517292 22.0465730689466 58.080530496314168 3.3300728891044882 4.8467819578945628 17.79253334924579 15.053257912397383 26.620083585381508 21.56066232547164 30.924965381622314 15.773954665288327 20.946615378372371 12.44512936845422 78.47524948976934 11.619993623346089 11.674275232478974 31.555295703932643 5.142679762095212 6.5970550645142785 9.5481171347200853 14.750777715817092 6.5143639482557765 14.73529805056751 4.535419948399066 1.3172039110213507 5.4980891589075309 33.231762319803238 2.7533940095454454 11.084346456453202 73.909477641806006 12.002053247764705 1033.9584453236312 57.865076383575797 28.157937321811914 15.638411303982137 37.248521091416478 29.845842748880386 14.019889647141097 33.277997728437185
leaf_count=11992 560 254 151 326 1012 2505 114 3736 1347 108 173 2592 4529 104 80 55 168 114 252 1820 96 1086 384 384 147 600 43 50 148 108 462 199 225 329 624 179 2075 320 95 600 104 111 125 190 99 130 36 22 92 499 44 287 674 175 14286 938 316 218 388 390 167 371
internal_value=8.52122e-05 -0.0061974 -0.0110015 0.00156827 0.00195741 0.00156167 0.0023787 -0.00184711 0.00530656 0.022985 0.0116336 0.00272993 0.00203053 0.000800502 -0.00336992 -0.0063093 6.15813e-05 0.0158414 -0.0072403 -0.00547817 0.0122224 -0.000300032 0.0109567 -0.0128599 0.00579798 -0.00886568 0.00383045 0.0135414 0.0190811 0.011066 -0.00914712 -0.00160309 -0.00721709 0.000249501 0.00826081 -0.000779835 -0.00837919 -0.0116034 0.00814144 0.00782187 -0.000221885 0.00285866 0.0243953 0.0124809 0.027068 0.0103799 0.0164456 0.0333165 -0.00792265 -0.00123243 0.0202835 0.00355806 0.0151071 -0.00678558 -0.000545549 0.00365396 0.0105423 0.0201766 -0.000385103 0.0292892 0.00520955 0.0120429
internal_weight=3683.33 700.393 329.202 2982.94 2874.5 2767.14 2376.08 371.191 124.198 23.6825 107.365 2313.72 2055 1548.7 391.063 278.138 1459.32 27.8976 273.496 246.993 89.3814 1431.42 54.0548 301.752 82.1717 252.432 112.925 37.8382 32.1874 60.1251 171.175 75.0864 52.4856 100.515 27.4505 1377.36 108.434 144.555 258.722 47.3293 1282.35 75.8182 27.3407 27.1959 18.4334 22.6008 19.2707 17.359 95.0135 53.4853 8.25148 21.7447 81.9845 45.2338 1255.15 221.196 78.7849 50.6269 142.411 34.9885 84.5464 47.2979
internal_count=59808 22547 13438 37261 34626 33872 29424 9109 2660 384 754 28412 25725 21196 4448 3412 20322 381 3357 6449 874 19941 498 12663 581 3105 1036 403 323 434 4518 633 424 2276 775 19443 2635 4056 2687 929 17547 1931 273 369 267 209 166 276 1896 810 136 671 770 674 17178 2892 1028 712 1864 494 926 538
is_linear=0
shrinkage=0.03


Tree=82
num_leaves=63
num_cat=0
split_feature=15 7 6 4 11 17 26 32 31 18 11 2 25 32 2 12 9 15 11 6 9 25 22 14 10 10 15 17 5 9 14 21 8 29 5 32 22 17 29 33 22 9 24 14 10 9 12 22 8 8 14 32 12 24 9 13 5 11 29 10 4 13
split_gain=28.8623 20.8286 16.7912 14.2212 13.813 15.4443 13.5995 11.1879 10.9153 10.0437 9.41231 9.01299 8.93103 8.50112 7.88759 10.4675 11.4047 7.60322 7.56671 7.15263 7.2083 7.04117 7.9281 7.25838 8.28451 7.84057 7.22786 7.01094 6.80065 7.42756 7.18509 6.75721 8.35746 7.05784 6.62538 8.30492 6.70819 10.1009 6.62845 7.38439 7.03688 7.54094 6.61955 10.9684 6.61827 6.5757 6.57427 6.53042 10.9497 8.31031 7.72532 6.46239 6.39425 6.28614 7.85274 9.04408 6.38553 6.26075 6.24942 6.24011 10.943 7.80466
threshold=-0.70932689309120167 -0.85574060678482045 1.0584469437599184 -0.027378956787288185 0.16483994573354724 -0.76865875720977772 -1.2863872051239011 10.500000000000002 0.21428572386503222 -0.60769757628440846 1.173724412918091 0.21702845394611361 -0.60287487506866444 9.5000000000000018 1.2661823034286501 1.0000000180025095e-35 0.33295668661594396 1.4251330494880678 0.74288275837898265 -1.0588424205780027 1.0402650833129885 -1.0000000180025095e-35 1.1549260020256045 -0.58815285563468922 0.40818640589714056 0.16004930436611178 1.2230495214462282 2.5629298686981206 -0.020853055641055104 -2.0064330101013179 -1.8591957092285154 -0.8020324409008025 -0.037157826125621789 0.12916667014360431 2.0299458503723149 14.500000000000002 -0.93142798542976368 1.768602252006531 0.86190477013587963 1.0000000180025095e-35 0.24830363690853122 -0.35671673715114588 1.0380676388740542 -1.0000000180025095e-35 0.86875563859939586 0.28915867209434515 0.14079722762107852 0.82130536437034618 -0.80611619353294361 -1.7370004653930662 -0.87627768516540516 9.5000000000000018 0.48915980756282812 -0.51887902617454518 -1.0000000180025095e-35 0.33872847259044653 0.028301054611802105 -0.22824385762214658 0.46410256624221807 0.38694761693477636 0.23875342309474948 0.47406791150569921
decision_type=2 2 2 2 2 2 2 2 2 2 2 2 2 2 2 2 2 2 2 2 2 2 2 2 2 2 2 2 2 2 2 2 2 2 2 2 2 2 2 2 2 2 2 2 2 2 2 2 2 2 2 2 2 2 2 2 2 2 2 2 2 2
left_child=3 9 6 -1 7 -6 10 8 -5 11 13 -2 19 -3 28 16 -16 31 -11 -8 53 22 -15 25 26 46 -25 34 30 -30 45 -12 -33 -34 35 36 37 44 40 47 -37 -42 -31 -44 -4 -14 -23 48 49 -40 -50 -20 -36 54 -21 -56 58 -24 -55 60 61 -43
right_child=1 2 27 4 5 -7 12 -9 -10 18 17 -13 14 21 15 -17 -18 -19 51 20 -22 23 57 24 -26 -27 -28 -29 29 42 -32 32 33 -35 52 38 -38 -39 39 -41 41 59 43 -45 -46 -47 -48 -49 50 -51 -52 -53 -54 56 55 -57 -58 -59 -60 -61 -62 -63
leaf_value=-0.018383798908024777 -0.0012392731929247466 0.020972117099658929 0.0299072090247006 -0.0059443730384891279 -0.013297454605977903 0.01412696473962826 -0.0069070633716769875 -0.012950727436231085 0.035166772900646584 -0.012276418098340645 -0.0055124835114480093 0.028708767076368175 -0.0039184107932157377 0.003674057826547224 0.00099184659234412102 -0.0010183512986125655 0.040155661372559791 -0.009935388861032686 0.013372271231447762 0.0029470069974271754 -0.010223705826583546 -0.0020832704579130906 0.037805443634835886 -0.018514142154321594 0.0040049678313460301 -0.0077015399623252484 0.012689502669224773 0.017935978269933591 -0.012873587150677263 0.0002636052072392423 -0.0071068024477197924 0.0041676725339258522 -0.0017647504173018426 0.045487914176135832 0.00013593403033745869 -0.0024996461876674999 0.0058389164346417778 -0.012821939342900521 -0.0063275491136543091 0.019599751363616535 -0.005821272763647304 0.022942956279719866 0.001597441278391575 -0.019862529899776462 -0.0016757000446914266 0.032600803282530538 0.032221343230236753 -0.010990192780402259 0.015951920713376342 0.031109814252257062 -0.0095257065541531245 -0.0048747643214908072 0.028522594630194933 -0.011232818715072352 0.054033173189283572 0.0012230672533273593 0.021384366278360337 -0.0035858283027906794 0.010607729493671636 -0.0011792187168118999 -0.0031907220559799238 0.0010361444773020027
leaf_weight=87.147928823716938 26.457653000019491 18.79966888576746 26.583434959873557 11.835254302248361 22.297612397000194 54.307361362501979 20.484055009670556 119.07244155276567 4.5804178556427351 147.34520670957863 4.2870984189212313 8.4443670213222486 7.5391832254827005 67.374359963461757 12.303147561848165 39.368701355531812 10.386081068776546 4.0392653457820407 14.752007950097321 8.7220799271017331 8.5229185950010997 6.9316992070525947 7.3211613465100527 44.039969960227609 31.570654198527336 11.959637274965642 4.1628499738872042 31.298484109342098 39.125759102404118 1131.1441542347893 257.22298923321068 10.124305827543141 2.8876781724393394 15.204870356246827 11.296052873134615 314.5712676178664 393.02748890779912 4.7689642347395411 5.1493244506418732 30.748563893139362 43.995663307607174 54.901771146804094 44.767949748784304 34.959116639569402 6.7332812324166289 3.3013571761548519 9.0700178630650026 18.141388185322285 10.432648491114376 16.267115853726864 30.301217410713434 156.26568844914436 14.646561574190853 17.103947840631008 6.5479140356183034 4.2220881395041943 15.451849004253743 3.3907647989690286 20.281947059556842 47.816636914387345 30.291197203099728 20.016161762177944
leaf_count=4117 496 185 225 429 756 1491 488 5330 157 4040 69 84 95 1092 145 391 106 31 171 150 121 128 100 835 556 211 34 173 787 18732 5345 111 29 146 75 2626 2754 33 48 238 421 492 348 365 54 42 113 148 70 138 265 2591 87 240 117 76 155 37 258 396 215 160
internal_value=0.000341941 0.00113546 0.00194056 -0.00851028 -0.00412333 0.00581881 0.000240859 -0.00975165 0.0110591 -0.00570882 0.00682727 0.00869597 -0.000721243 0.00407136 -0.00128382 0.00879564 0.0229331 0.0199115 -0.00739805 0.00769873 0.0115859 0.00185678 0.00844455 -0.00308081 -0.00761083 0.00903733 -0.0148801 0.00486771 -0.00172339 -0.00078307 -0.00601351 0.0244506 0.0291476 0.039197 0.00440795 0.00398459 0.0071626 0.0185596 0.0017446 0.0082182 0.000273572 0.00465367 -0.000341068 -0.00842928 0.0241386 0.0139829 0.020403 0.00296604 0.0075548 0.0226145 -0.00196985 -0.00296563 0.0181816 0.0146507 0.027588 0.0402822 0.00790564 0.0277317 0.000469364 0.00775416 0.0116836 0.017521
internal_weight=3686.11 3386.87 3033.61 299.241 212.093 76.605 1922.62 135.488 16.4157 353.265 241.164 34.902 1681.46 204.621 1580.12 62.0579 22.6892 36.5432 318.363 101.337 80.8527 185.821 78.0863 107.735 79.7735 27.9614 48.2028 1110.99 1518.06 1250 268.064 32.504 28.2169 18.0925 1079.69 1053.75 431.113 38.0857 622.633 111.04 511.593 197.021 1210.87 79.7271 33.3167 10.8405 16.0017 80.2917 62.1503 21.4164 40.7339 171.018 25.9426 72.3298 19.4921 10.77 52.8377 10.7119 37.3859 153.026 105.209 74.9179
internal_count=59918 47638 40256 12280 8163 2247 31638 5916 586 7382 3677 580 27961 3291 26356 642 251 386 6802 1605 1117 3106 1229 1877 1425 452 869 8618 25714 20232 5482 355 286 175 8445 8283 3066 312 5217 907 4310 1684 19445 713 279 137 241 669 521 186 335 2762 162 996 343 193 653 137 498 1263 867 652
is_linear=0
shrinkage=0.03


Tree=83
num_leaves=63
num_cat=0
split_feature=11 21 4 7 4 19 15 9 5 21 24 7 1 14 32 16 14 32 25 23 29 11 22 5 9 2 32 14 25 21 15 26 14 21 24 3 15 23 4 1 14 7 14 2 9 11 26 22 12 3 2 13 9 14 9 0 12 17 12 17 9 25
split_gain=35.4278 23.6492 13.4538 16.0306 13.3083 12.5735 13.0838 10.7159 9.86782 9.59231 9.55258 9.38432 9.25082 8.19822 9.17259 9.76556 10.7211 7.86108 13.8661 8.32201 9.31686 7.74927 7.58379 7.55698 7.05536 7.03274 8.4264 8.94876 10.4493 8.14029 8.99124 7.67156 7.49083 7.95071 6.8472 6.55661 6.5298 7.39907 9.36159 8.58599 10.4945 10.5353 7.05786 6.89266 6.38369 7.02923 8.32708 6.64379 6.35685 7.11752 7.51516 6.54811 6.35423 6.64155 6.47094 6.35369 6.33534 6.4756 8.3401 7.04871 6.33102 6.30085
threshold=0.036560259759426124 -0.84830385446548451 -0.037920959293842309 -0.74332183599472035 1.2038460373878481 -1.5494892001152036 -1.0622653365135191 -1.3309161663055418 0.68157285451889049 1.4334087371826174 -0.60054090619087208 1.0624173879623415 -0.093031797558069215 0.72110408544540416 11.500000000000002 -0.47568154335021967 -0.91759115457534779 14.500000000000002 -0.15544714778661725 1.244126617908478 0.79285714030265819 -0.17728971689939496 0.46152074635028845 1.3170785903930666 0.50128534436225902 1.2062891721725466 9.5000000000000018 -2.1423717737197872 1.3380020260810854 0.16444855928421023 0.50769728422164928 0.96498042345047008 -0.63376373052597035 -0.7704004943370818 0.9824642837047578 -0.36640575528144831 -0.23545891791582105 0.04106931388378144 1.0000000180025095e-35 -0.15343610197305677 0.80453974008560192 0.82355144619941723 0.14013809710741046 1.0000639557838442 1.1003385186195376 -1.0813010931015012 1.2464466691017153 1.7088286876678469 -2.0324670076370235 0.56550854444503795 -0.40734593570232386 0.59568554162979137 -0.70783951878547657 -0.43974521756172175 0.4083890318870545 1.277509391307831 -0.1092720404267311 -0.31620675325393671 0.25836312770843511 1.0000000180025095e-35 0.65484705567359935 3.1635932922363286
decision_type=2 2 2 2 2 2 2 2 2 2 2 2 2 2 2 2 2 2 2 2 2 2 2 2 2 2 2 2 2 2 2 2 2 2 2 2 2 2 2 2 2 2 2 2 2 2 2 2 2 2 2 2 2 2 2 2 2 2 2 2 2 2
left_child=1 8 3 -2 5 -3 -7 -8 34 25 -5 23 -9 14 15 -14 21 18 24 -19 60 35 -13 -6 -12 26 29 61 36 32 -31 -27 -4 -34 -1 -17 -29 38 52 42 41 -41 -40 48 45 46 -16 -47 51 50 -50 -39 -38 54 -54 -15 -55 58 -58 -59 -21 -28
right_child=2 4 9 10 11 6 7 12 -10 -11 17 22 13 55 44 16 -18 19 -20 20 -22 -23 -24 -25 -26 31 27 28 -30 30 -32 -33 33 -35 -36 -37 37 43 39 40 -42 -43 -44 -45 -46 47 -48 -49 49 -51 -52 -53 53 56 -56 -57 57 59 -60 -61 -62 -63
leaf_value=-0.020911292380530477 -0.015596317281141371 0.024299370049546003 0.00043961665027033068 -0.013280300775976427 -0.0028306627913994983 -0.01551061773364432 -0.01172645389969134 -0.011300359793676778 0.0063041094385393355 0.0099081332277432353 0.035723270377090485 -0.0052862409905222712 0.02783813372487726 -0.0094105521780612402 -0.01080867019848073 -0.002781026869562568 -0.0013004993202990237 -0.005260320247437552 0.0016940112251027451 0.027887161342581721 -0.014991139888665029 -0.0063016376828901191 0.02932048259859249 0.017259583003613511 0.0018223248795656952 0.012437410867129055 0.011751083369247836 -0.0041494991620513776 -0.0069340126585540358 -0.013269578395285411 0.0083282868091786259 -0.0090645577669747276 0.004300205422279344 0.031626437782192797 0.0061017858967290671 0.035658858805647571 -0.0084290389798736855 0.024130718682183052 -0.016516632823734216 0.039789700320098736 -0.012081123329819584 -0.0030401040803625019 0.016380060402744541 -0.011086669538890571 0.0085166988453064044 -0.0010361679457339126 0.016033154249376194 0.017161740685009291 0.01372628938342658 0.003347170312728407 -0.0033480625336245857 -0.011792588018616722 0.030013218011577789 -0.0081677574190925587 0.0013790610265670233 0.018266737329064447 0.024861799205116317 0.032404585363546505 -0.017465575804052117 0.00245711158413964 -0.0077728193821165401 -0.012691596812731357
leaf_weight=101.0533851031214 67.349896747618914 9.6634567622095329 18.456518411636353 35.124357651919127 65.213812438771129 73.997076451778412 102.91843748092651 77.099313038401306 13.43099434301257 179.55629362352192 15.865845281630756 5.6709875054657486 13.942960962653158 113.93680612370372 106.13663566950709 4.2078727763146224 82.219823272898793 118.69727298989892 70.954886524006724 15.602232525125151 4.698705054819583 5.8593868780881158 19.274381030350924 17.263184182345867 8.2782581523060781 103.84440721198916 100.15287862345576 145.47414864785969 131.96754409745336 19.388422587886453 55.720080986618996 13.62866488099098 16.112486708909273 27.492972947657108 7.0302068758755913 13.697430988773702 26.110075736418366 15.567765807732941 7.1649175733327848 22.741443766281016 2.9768645521253339 5.5228819120675317 6.3513084538280964 32.61713795363903 51.73873698990792 398.78844744339585 7.0678484942764035 13.901752652600406 20.21781374886632 684.0417005289346 296.61508136615157 2.5989590175449839 13.445928702130916 28.408512953668833 12.370729606598614 3.4109940864145747 0.98000052571296592 9.1323995925486106 10.356683526188133 15.971487678587435 3.3675229270011178 6.3678997643291941
leaf_count=4792 1724 354 172 1056 730 3641 2334 2188 450 1069 215 56 296 2293 2583 57 1086 2009 887 142 38 55 160 151 130 697 799 4011 1547 196 315 94 265 280 127 87 581 210 132 324 52 78 116 246 947 7576 189 155 269 5664 4065 32 251 659 280 43 22 189 235 262 27 51
internal_value=0.000263344 -0.00369294 0.00244801 -0.00304279 -0.00236687 -0.00337748 -0.00373965 -0.00279101 -0.0160307 0.00337209 0.000283927 0.0074792 -0.00170044 -0.000728807 0.00052389 0.00789736 0.00413806 0.00252275 0.00897374 -0.00194471 0.0127005 0.0199095 0.0218841 0.00212058 0.0264065 0.00271336 0.00221539 0.00158691 0.000970214 0.00921997 0.00227279 0.00967463 0.0168312 0.0230103 -0.0189621 0.0279901 0.00176056 0.00248336 0.00836407 0.0193032 0.0269159 0.0322217 -0.000809472 0.00154479 -0.00106162 -0.00207529 -0.00852551 -0.000225061 0.00200125 0.00163307 -0.00206219 0.0175555 0.00355095 0.0072612 0.0187424 -0.00789241 0.00167606 0.00940972 -0.00731726 0.0169242 0.0212559 0.00978637
internal_weight=3678.82 1307.52 2371.29 339.939 1186.01 1078.59 1068.92 994.926 121.515 2031.35 272.589 107.422 892.008 814.909 697.561 119.927 105.985 237.465 95.099 142.366 23.6685 23.7647 24.9454 82.477 24.1441 1851.8 1734.32 1597.15 1490.63 137.17 75.1085 117.473 62.062 43.6055 108.084 17.9053 1358.67 1213.19 161.533 44.7574 31.2412 28.2643 13.5162 1051.66 577.633 525.895 113.204 412.69 1019.04 1000.87 316.833 18.1667 116.776 90.6657 25.8167 117.348 64.8491 36.4406 11.3367 25.1039 18.9698 106.521
internal_count=59741 30350 29391 6228 24981 23884 23530 19889 5369 23163 4504 1097 17555 15367 13031 1581 1285 3448 1232 2216 207 199 216 881 345 22094 21303 20075 19225 1228 511 791 717 545 4919 144 17678 13667 3181 702 454 402 248 10486 11450 10503 2772 7731 10240 9998 4334 242 2479 1898 531 2336 1367 708 257 451 169 850
is_linear=0
shrinkage=0.03


Tree=84
num_leaves=63
num_cat=0
split_feature=15 4 32 11 11 25 8 14 8 5 1 26 26 24 20 26 31 16 20 16 26 11 5 26 4 25 20 23 4 25 17 9 31 11 8 21 8 1 14 7 14 20 22 22 11 23 7 33 26 26 8 22 17 23 14 23 22 24 0 2 20 14
split_gain=31.6458 16.8354 16.1935 17.7044 15.422 11.3002 11.3673 10.9645 10.558 11.3004 9.513 9.26085 9.11352 8.41963 10.5299 10.0708 10.4629 10.0557 8.47144 8.32238 8.23324 8.03606 7.80774 7.27028 7.09349 7.35599 16.125 7.14201 7.06696 6.61873 10.3459 10.0952 8.9192 8.52706 7.82358 8.92735 10.7914 8.51599 8.23154 9.2533 11.9394 7.96442 6.65518 7.92738 7.12118 6.92445 6.55891 6.46477 6.43978 7.58891 7.17415 6.37531 6.3684 10.3144 7.7078 9.53228 6.31332 6.28818 6.1955 9.468 7.54727 6.65548
threshold=-1.0622653365135191 -0.063147414475679384 10.500000000000002 -1.0325360894203184 0.70472145080566417 0.30209359526634222 0.94081631302833568 -2.2773716449737544 0.92694547772407543 -0.11842333897948264 1.2667402029037478 -1.1639166474342344 0.33949564397335058 1.1362311244010928 -0.18348116427659986 0.91295722126960765 0.6428571641445161 1.0681112408638003 0.62860640883445751 0.46607579290866857 -0.91741299629211415 1.8869471549987795 1.681661903858185 0.25828680396080023 1.4478222131729128 -0.38311110436916346 1.3237347602844241 1.1808839440345766 0.011831153184175493 -0.13572748005390164 -0.2715818434953689 -0.97249707579612721 -0.64285716414451588 1.1595193743705752 -1.136940538883209 -0.52868244051933277 1.3506327271461489 0.062880739569664015 -0.58815285563468922 0.20366187393665316 -0.13370531797409055 -0.81037968397140492 0.27792318165302282 0.87276226282119762 1.2729757428169253 1.1176006793975832 0.11592171341180803 1.5000000000000002 0.53164955973625194 -1.936114430427551 0.46006560325622564 0.21899848431348803 -0.13806118071079251 0.67899614572525036 0.059922223910689361 0.92840743064880382 0.39799080789089208 0.25125120580196386 0.50486531853675853 0.8367069959640504 0.01980583090335131 0.72971028089523327
decision_type=2 2 2 2 2 2 2 2 2 2 2 2 2 2 2 2 2 2 2 2 2 2 2 2 2 2 2 2 2 2 2 2 2 2 2 2 2 2 2 2 2 2 2 2 2 2 2 2 2 2 2 2 2 2 2 2 2 2 2 2 2 2
left_child=4 8 20 24 -1 10 11 -8 9 -2 13 -7 -12 29 17 16 51 21 -18 -17 28 -15 56 -13 25 26 -4 47 -3 30 -5 -31 33 -33 -34 36 -36 38 -37 41 57 -40 44 -44 -42 -46 -20 -27 49 -11 -50 -16 54 -54 55 -22 -14 -41 60 61 -51 -60
right_child=1 2 3 5 -6 6 7 -9 -10 48 12 23 22 14 15 19 18 -19 46 -21 52 -23 -24 -25 -26 27 -28 -29 -30 31 -32 32 34 -35 35 37 -38 -39 39 40 42 -43 43 -45 45 -47 -48 -49 50 58 -52 -53 53 -55 -56 -57 -58 -59 59 -61 -62 -63
leaf_value=-0.015985649026262583 -0.0068909786792159143 0.0080843413327459073 -0.0089890984984475949 -0.0040760867057377387 0.0056749967846048332 -0.011825474936528657 0.005112342413806847 -0.018147987582687292 -0.013096728545296097 -0.017103555844715443 0.019507234629921811 0.0093757675301973323 -0.014278960372146534 0.02173695761652341 -0.0061015781027862022 0.034488032155010506 -0.001791921163696837 -0.0050694178348505599 0.0037589160972140126 0.0073887452474157766 0.031162081837988798 -0.013609459212839556 0.019840288580433692 -0.0017774993743118897 0.010620351026968896 -0.016177018347968423 0.029612169439472168 0.0089769298485151312 0.026810624901322074 -0.0092693779761592321 0.0052943376555479715 -0.009575005207720394 -0.0060927038901508451 0.0080486736647007867 -0.0092494103768187008 0.014881363243052307 0.016426098878219528 -0.0032740307285819485 0.021104959527779146 0.0080487212969740686 0.025262421400153928 -0.0047570905533273729 -0.0061357157313488234 0.014937570078844659 -0.016578960633927366 0.019784392240334268 0.02497681793320318 0.0054674850622736465 -0.0085573026130811979 -0.0064811199612203408 0.012583052682607877 0.0034581678213619163 -0.0049030892913446613 0.0075057823945234511 0.001689029119464199 -0.0081498908343177121 0.0089520932994800947 -0.017433003783977351 0.032952574610215619 0.0033942736079514407 0.01001819731433436 -0.0023514610851385204
leaf_weight=145.26227966230363 215.42545293644071 54.643004812300205 29.279766008257866 131.64959695003927 34.111059505492449 44.207315081730485 22.083728656172752 65.560667138546705 88.564364440739155 7.4292168430984011 51.53700415045023 81.060246077366173 22.281997075304389 66.795052155852318 140.33467251807451 9.6992541141808015 34.703017897903919 16.679878570139408 24.214213024824858 47.799531009048223 21.997514694929126 3.0047350190579882 9.7148663029074651 132.03879495337605 13.521980468183754 120.73932883609086 8.6341246608644706 9.7974951453506929 28.485741121694446 105.70979305263609 480.72661299444735 117.13477311935276 85.261100997217 26.898681942373514 77.340407837182283 91.777502128854394 13.194609155878423 80.180082740262151 6.9804008454084387 10.977657407522203 45.084686188027263 99.817788071930408 25.491057181730866 30.463010676205158 6.4244181700050813 3.0577098876237869 30.109267018735409 11.377739512361584 64.675271870568395 42.636857096105814 13.547189141623674 106.20006797090173 91.997290146537125 156.17261170037091 26.29159492533654 4.7465700134634963 12.870619479566811 16.060289818793535 20.774418190121654 35.231058984994888 47.808174676261842 5.126628575846552
leaf_count=7098 5311 566 771 2822 1025 520 160 754 2151 158 335 901 147 579 913 77 241 119 144 303 310 24 54 1426 164 3231 153 95 218 2131 6564 2028 1134 353 1877 1643 332 860 125 236 646 1634 418 430 73 24 164 337 1207 1146 272 746 1187 1034 442 44 89 195 287 398 840 76
internal_value=0.000289966 0.000927885 0.0018203 0.000954072 -0.0118243 0.00166995 -0.00331669 -0.0123275 -0.00391307 -0.00199278 0.0025233 -7.093e-05 0.0114911 0.00204775 0.00547364 0.00329205 0.00121377 0.0146673 0.00973754 0.0143534 0.0075226 0.0194074 0.00125068 0.00258275 -0.0076602 -0.0092849 0.00222753 -0.0123317 0.0156583 0.000903161 0.00326317 -0.000822676 0.000444616 -0.00612412 0.00208039 0.00350134 -0.0048436 0.00535204 0.00742749 0.00438565 0.00939524 -0.00219844 0.0136592 0.00562139 0.0207376 -0.0020707 0.0166331 -0.0141816 0.00250566 0.00591316 -0.00436003 -0.00199663 0.00505823 0.00289979 0.0140382 0.0240002 -0.00571766 -0.00744568 0.00755141 0.0145478 0.00230816 0.026715
internal_weight=3673.4 3494.03 2952.81 2568.48 179.373 2375.13 344.951 87.6444 541.219 452.654 2030.17 257.306 96.4045 1933.77 479.54 393.06 335.561 86.4797 89.0265 57.4988 384.334 69.7998 44.8675 213.099 193.35 179.828 37.9139 141.915 83.1287 1454.23 612.376 841.854 736.144 144.033 592.111 506.85 90.535 416.315 336.135 244.357 137.559 106.798 110.521 55.9541 54.5668 9.48213 54.3235 132.117 237.229 159.006 78.2225 246.535 301.206 248.17 53.0357 26.7441 35.1526 27.0379 151.577 61.1321 90.445 25.901
internal_count=59742 51619 39773 35972 8123 31221 3761 914 11846 9695 27460 2847 625 26835 3310 2588 2208 722 549 380 3801 603 290 2327 4751 4587 924 3663 784 23525 9386 14139 12008 2381 9627 8493 2209 6284 5424 3781 2022 1759 1591 848 743 97 308 3568 4384 2905 1479 1659 3017 2221 796 354 236 431 2747 761 1986 363
is_linear=0
shrinkage=0.03


Tree=85
num_leaves=63
num_cat=0
split_feature=15 6 11 17 4 14 9 15 25 16 1 8 5 13 9 22 26 11 10 29 16 8 22 11 25 31 9 13 5 22 10 11 10 31 15 26 29 14 7 22 20 7 8 15 22 26 26 25 24 13 10 0 8 7 29 14 22 8 15 20 24 30
split_gain=33.4899 15.1032 13.3004 13.0844 10.4494 10.0134 10.5387 11.1356 9.71238 11.5766 9.50938 8.89708 7.78629 7.69689 10.0262 7.3714 7.96662 7.52608 8.42929 7.11639 8.14798 7.04959 6.84599 6.79797 6.77432 7.71769 6.77138 9.10816 8.96474 11.6844 7.92568 9.66461 7.04694 9.56708 6.85054 9.83105 7.57454 8.34243 7.2744 6.8567 9.69467 6.67784 6.58267 6.53269 6.91774 6.47125 7.82067 6.9109 6.4375 6.38625 9.16772 8.24254 6.37339 8.99166 7.65779 9.72076 7.44925 10.5105 7.54308 6.28642 6.27323 6.27126
threshold=-0.29607845842838282 -1.0034729242324827 1.3891112804412844 -0.44727680087089533 1.6629860401153567 -2.2773716449737544 -1.0826901197433469 0.99375811219215404 1.1605503559112551 -0.83084473013877858 -0.047893766313791268 0.72744968533515941 -0.9246748387813567 0.62899938225746166 1.1163510680198672 0.60261255502700817 -1.0000000180025095e-35 1.2867087721824648 1.545998275279999 0.92582416534423839 1.2068328857421877 -0.42741020023822779 0.48030114173889166 -0.30170240998268122 -0.37051321566104883 1.0000000180025095e-35 0.50827404856681835 -1.1164876222610471 -0.10845717415213584 1.1820375919342043 -0.76392787694931019 -0.74970772862434376 1.219083368778229 -1.0000000180025095e-35 0.60768985748291027 0.93550792336463939 0.91287881135940563 0.25846868753433233 0.91336971521377575 -0.75051265954971302 0.30604389309883123 1.6130090951919558 1.7417139410972597 -1.0000000180025095e-35 1.0000000180025095e-35 -1.4227629303932188 -0.29179209470748896 -0.0035811846610158678 -0.28443963825702662 0.51796811819076549 -0.0464369598776102 0.32226768136024481 1.1902361512184145 1.1141515970230105 0.74166667461395275 -0.40769925713539118 -1.5897994041442869 -0.083661079406738267 0.96950614452362072 -1.4913994669914243 0.59064468741416942 -8.1833333969116193
decision_type=2 2 2 2 2 2 2 2 2 2 2 2 2 2 2 2 2 2 2 2 2 2 2 2 2 2 2 2 2 2 2 2 2 2 2 2 2 2 2 2 2 2 2 2 2 2 2 2 2 2 2 2 2 2 2 2 2 2 2 2 2 2
left_child=3 2 23 -1 5 11 7 43 9 12 24 -3 -8 19 -15 17 -17 18 -5 20 48 -10 -23 -2 25 -11 28 -28 29 49 31 -29 42 -34 35 -32 39 -38 -39 40 -36 -33 52 44 -7 -9 60 -48 -6 -12 51 -51 53 56 55 -55 57 58 -30 -13 -47 -14
right_child=1 4 -4 15 13 6 8 45 21 10 26 59 61 14 -16 16 -18 -19 -20 -21 -22 22 -24 -25 -26 -27 27 30 32 -31 34 41 33 -35 36 -37 37 38 -40 -41 -42 -43 -44 -45 -46 46 47 -49 -50 50 -52 -53 -54 54 -56 -57 -58 -59 -60 -61 -62 -63
leaf_value=-0.011684441259054242 -0.017135156027593339 0.0024485075064112336 0.014404818717627936 -0.0086910254082796339 0.019545379576980923 0.017182495085821089 -0.014377067650622386 -0.016116265961734242 0.0047084787736253837 0.017666149619001127 -0.010721351207816287 -0.009590582248043952 -0.010494520697563695 0.021010807605061351 -0.013551836296163768 -0.0053402068806011971 0.0155868783305159 0.010015719296146358 0.013425398922535345 0.019304558952066803 0.018113484734709487 -0.010488398599936805 0.0043624775406995078 -0.0043962137205740461 -0.008745931019042712 -0.009450022404723488 -0.012572251399884602 0.025253036949175568 0.039810395449287092 0.017756543348832417 -0.0057149339036522018 0.0024710410966842025 0.0018364498461314264 0.021543206111519771 0.026655212049881267 0.009900996627332799 -0.00097087329672125881 0.028967776031138471 -0.00422219841919698 -0.00042901915159611315 -0.0062394722838322939 0.02776937970499227 -0.011654503043482846 -0.0097480498973355374 -0.009589846753485726 -0.0084300719207540172 0.015283067314770216 -0.0039278064167993518 -0.0018797429135356662 -0.0076612627136986725 -0.011059167962283964 0.031624760032775506 0.015126852242514302 0.030956897090405767 -0.0015021861718986715 0.0080573002697534885 0.0019354080802602264 -0.007178129064136343 -0.0020760015090184082 0.019671747910118696 0.028032645950368893 0.019370301500987584
leaf_weight=236.43554435577244 59.958521283231676 85.273434769362211 19.468538073822856 165.08713666815311 8.7894608378410322 14.133689571172001 4.1679052589461199 7.8471906371414653 55.975303143262863 17.136421417817477 81.843402710743248 4.3947808630764476 3.8884235955774775 53.370032671838999 5.2102959863841525 24.829976581037045 33.956758537329733 23.084646316245198 12.623865470290182 21.768308386206627 20.946004278957844 123.56343622691929 32.652252333238721 101.82509081624448 108.75323979556561 12.285913644358514 38.818728430196643 18.356540141627192 10.41350829228759 15.835840549319981 247.11706079170108 142.84856241196394 39.340261207893491 48.981192735955119 15.390160184353592 37.722321204841137 23.039178356528282 22.37995004281402 6.1115007475018492 322.06691746413708 10.727770861238239 5.1823965422809115 17.493566684424877 184.46391013171524 11.538643965497611 2.9004514031112221 18.724847789853811 53.633078295737505 144.02916891500354 4.8731361534446505 12.537154840305446 8.8506640158593637 47.357391459867358 23.996923726052046 26.697189124301076 51.891425378620625 572.08833752758801 8.1175199691206199 4.5311759710311881 59.57857284322381 15.652870558202265 60.873108833096921
leaf_count=9750 2535 672 334 5767 95 318 117 61 688 268 1308 49 99 345 40 717 1039 502 473 149 104 1416 338 2442 1928 236 572 310 155 173 4079 1607 468 608 162 589 185 187 49 2598 85 47 205 3105 261 37 160 458 1058 71 161 98 555 202 266 531 7023 110 36 451 115 1176
internal_value=0.000557043 0.00169133 -0.00660521 -0.00665337 0.00220339 0.00165581 0.00121152 -0.00394766 0.00191639 0.00254417 0.0021081 0.00908484 0.0142148 0.00796617 0.0171127 -0.00193671 0.00702209 -0.00466646 -0.00679556 0.00486756 0.00256961 -0.00413031 -0.00734524 -0.00948954 -0.00535821 0.00661527 0.00267424 0.000774771 0.00439511 -0.00304536 0.00145353 0.00722294 0.00549032 0.0133341 9.01032e-06 -0.00351173 0.0025303 0.0127187 0.0222809 0.000863721 0.0143124 0.00423508 0.00450093 -0.00779386 0.00554772 0.00421743 0.00672124 0.00171009 -6.72689e-05 -0.00674281 0.00538809 0.0193541 0.00495539 0.00416231 0.0121618 0.0167644 0.00269361 0.0178059 0.0297739 0.017112 0.0217529 0.0169535
internal_weight=3673.43 3177.41 181.252 496.018 2996.16 2742.05 2592.8 308.895 2283.91 2071.71 2002.79 149.247 68.9294 254.113 58.5803 259.582 58.7867 200.796 177.711 195.533 173.765 212.191 156.216 161.784 138.176 29.4223 1864.61 889.761 974.849 123.94 850.942 166.387 850.908 88.3215 684.555 284.839 399.715 51.5306 28.4915 348.185 26.1179 148.031 762.587 210.136 25.6723 98.7584 90.9112 72.3579 152.819 108.104 26.261 13.7238 745.093 697.736 102.586 75.8883 595.151 23.0622 14.9447 63.9734 18.5533 64.7615
internal_count=59743 41495 5311 18248 36184 34393 33221 4515 28706 26264 24872 1172 1392 1791 385 8498 1756 6742 6240 1406 1257 2442 1754 4977 2432 504 22440 10470 11970 1811 9898 1964 10159 1076 7934 4668 3266 421 236 2845 247 1654 9083 3684 579 831 770 618 1153 1638 330 169 8878 8323 999 733 7324 301 191 500 152 1275
is_linear=0
shrinkage=0.03


Tree=86
num_leaves=63
num_cat=0
split_feature=3 9 11 14 31 4 4 16 5 15 3 12 14 16 14 6 7 33 8 32 15 8 21 12 33 12 10 20 13 34 17 0 14 15 10 32 34 15 12 3 2 5 9 12 13 13 8 20 13 24 14 11 9 14 9 7 20 11 13 8 7 11
split_gain=29.6586 13.6458 13.5918 11.6324 11.0081 10.9316 10.8645 12.4766 9.98827 9.9522 8.22148 10.6203 9.37809 9.27944 9.58843 8.56448 8.54056 8.66689 8.25229 7.69849 9.46929 8.70966 10.4153 7.70633 7.52146 7.50133 9.27774 7.437 7.33295 7.43331 7.27409 7.26459 7.24521 7.06478 6.67924 7.25366 6.6635 8.88687 7.52325 7.16694 7.3301 6.68276 6.56911 6.45519 8.36046 7.28639 7.66909 6.66469 6.6898 6.85368 6.21486 6.21439 6.19348 6.16832 6.15509 6.14762 6.09794 6.06033 6.03836 6.02096 6.01101 5.96993
threshold=-0.44343279302120203 -2.0064330101013179 -1.0813010931015012 -2.1423717737197872 0.35714286565780645 -0.097492337226867662 -0.037920959293842309 -1.1125821471214292 -0.11842333897948264 1.2889174818992617 1.7891547083854678 0.1051829867064953 -0.23849282413721082 1.1778065562248232 1.3003590703010561 -0.70254066586494435 0.9823996126651765 1.5000000000000002 -1.0655541419982908 14.500000000000002 -0.099351532757282243 0.37247663736343389 0.072545457631349577 0.89577630162239086 1.0000000180025095e-35 0.99326458573341381 0.82499328255653392 -1.6537529826164243 2.4615396261215214 2.5000000000000004 -1.4582768082618711 1.0000000180025095e-35 0.45944936573505407 -0.85489994287490834 -0.51519581675529469 15.500000000000002 2.5000000000000004 0.3410117775201798 0.63278809189796459 1.3360965847969057 0.64741757512092601 0.58829495310783397 0.47991286218166357 0.25836312770843511 0.81481999158859264 0.35479393601417547 1.5104305148124697 0.73438477516174328 -1.2497491836547849 1.3327558040618899 -2.6278655529022212 1.3026249408721926 -1.5150947570800779 0.58963707089424144 0.088823247700929656 0.90027219057083141 -1.9098867774009702 -0.44130755960941309 1.2310909032821657 0.83901879191398632 -0.087962977588176713 1.6303592324256899
decision_type=2 2 2 2 2 2 2 2 2 2 2 2 2 2 2 2 2 2 2 2 2 2 2 2 2 2 2 2 2 2 2 2 2 2 2 2 2 2 2 2 2 2 2 2 2 2 2 2 2 2 2 2 2 2 2 2 2 2 2 2 2 2
left_child=2 9 -1 4 -4 30 8 -8 -3 50 12 24 16 18 32 -14 17 25 -13 21 23 31 27 -21 -12 36 -27 -23 56 -30 -5 -7 -15 -10 60 59 37 61 39 40 41 51 -32 44 45 46 47 48 -18 -50 -2 -38 -20 -29 57 -44 -17 -24 -58 -36 -19 -9
right_child=1 6 3 5 -6 19 7 10 33 -11 11 13 15 14 -16 28 43 34 52 20 -22 22 54 -25 -26 26 -28 53 29 -31 42 -33 -34 -35 35 -37 38 -39 -40 -41 -42 -43 55 -45 -46 -47 -48 -49 49 -51 -52 -53 -54 -55 -56 -57 58 -59 -60 -61 -62 -63
leaf_value=-0.013983810664341309 0.0086155207730058969 -0.0070070482686396401 0.02226008941684025 0.018159050891968658 -0.0081446905807520138 -0.0063472496111324607 0.015182018572253658 0.02180156180743224 -0.01741071162797209 0.0085772126820241722 -0.0081844272784494625 -0.00019699490118021349 -0.0066181244462713085 9.9210709518658446e-05 -0.013466636605795435 0.020796457574292718 -0.0066995076643356008 0.039039577704655014 -0.0049214293920085668 -0.017312764866030287 -0.0011644199082959138 -0.008571160282634117 -0.01335379155662973 0.0079989752489472189 0.011822527342174507 -0.01226522971408853 0.011006136162510768 0.025263395888793266 -0.0041005527771275268 0.02126594251414116 -0.020244541399643989 0.020236851871351488 0.021095007197555454 0.0033859667622097639 0.024919494217821182 -0.0078939524649010231 -0.0083575629944051457 0.0037718798000145764 0.0072292585222715703 0.0096208872131787731 -0.020332661806910485 0.011338889453504001 -0.0090356922071417479 0.0047898951482599796 0.043719833096172056 -0.0074460151388792851 -0.0085562054898984906 0.0061363724013041845 0.042277251865012237 -0.0015323812558736679 -0.015780248193065879 0.0072919792699914551 0.021225957830196152 -0.0070114825112295425 -0.013272776797106978 0.017447754655252373 0.0011500810717826712 0.019287435106641243 -0.0082919952492646713 -0.0052524433747985922 0.0035547910986727786 -0.0098050875738265302
leaf_weight=120.60551130771637 7.4755586944520465 196.06757145002484 25.094602944329381 2.4310930594801894 13.381369021721182 80.481883571483195 69.238193760626018 40.884091257117689 10.771939114667473 20.450693365186453 51.784296356141567 23.747530207037926 130.36300631705672 36.320665031671524 19.817794229835272 8.6841644309461099 2.1858058050274876 9.2543662171810883 7.0374131649732581 66.044053760357201 163.28117121383548 5.7440661406144491 3.4598076958209285 9.7547009568661434 19.215586692094803 56.676604209467769 16.256876299157739 39.050837230868638 13.415858158841727 26.497286930680275 60.143587828613818 5.4855782631784669 20.010787859559059 222.70901976153255 13.550861716270449 16.833641205914319 105.74530318658799 145.43197985738516 95.322171980515122 30.492381934076548 19.871775884181261 21.271541187539697 34.946631759405136 73.975109649822116 5.661915745586156 10.778536891564725 6.3780566081404677 19.291006797924638 16.374573000706736 3.3809499442577353 74.199251991696656 24.633029963821173 95.964228119701147 3.9142837766557923 18.294086994603276 5.0017422605305901 1138.8870595153421 10.545013995841142 59.414933504536748 6.5638604424893847 7.7200377080589524 3.2211871370673171
leaf_count=5658 61 4154 340 108 202 2248 1611 674 398 143 348 166 3368 170 115 140 20 93 55 2706 3857 152 74 391 126 515 137 873 91 180 2487 108 102 3307 128 206 1370 1148 862 194 155 183 1429 549 42 85 52 153 170 21 1571 230 600 124 304 182 13916 139 678 58 70 38
internal_value=0.000628224 0.00190058 -0.00506773 -0.00299322 0.0119652 -0.00423035 0.00228524 0.00304987 -0.00209982 -0.00862544 0.00266949 0.00751955 0.00202938 0.010946 0.00243366 0.000553058 0.00471255 0.00314344 0.0157736 -0.00195185 -0.00535848 0.00293983 0.00971953 -0.0137619 -0.00234813 0.00197245 -0.00670471 0.0178421 0.00132624 0.0132323 -0.0127442 -0.00363185 0.00866932 0.00208157 0.0141013 0.00546352 0.00332722 0.00764453 0.000494239 -0.00278159 -0.00519651 -0.00262743 -0.0143231 0.0113358 0.0180017 0.012256 0.0170001 0.0214511 0.0312781 0.0359845 -0.0131792 -0.0052407 0.0192943 0.0218986 -0.00327957 -0.00414781 0.000879562 0.00983187 0.000649408 0.0159882 0.0273819 0.0187299
internal_weight=3671.49 3003.83 667.66 547.055 38.476 508.579 2901.7 2472.15 429.549 102.126 2402.92 273.898 2129.02 202.898 76.1492 1377.26 751.756 613.73 126.749 406.055 239.08 166.976 81.0081 75.7988 70.9999 559.807 72.9335 48.7092 1246.9 39.9131 102.523 85.9675 56.3315 233.481 53.9228 36.9484 486.873 189.537 297.336 202.014 171.522 151.65 100.092 138.026 64.0508 58.3889 47.6104 41.2323 21.9413 19.7555 81.6748 130.378 103.002 42.9651 32.2989 39.9484 1206.99 14.0048 1198.3 20.1147 16.9744 44.1053
internal_count=59835 38453 21382 15724 542 15182 36678 28819 7859 1775 27208 1682 25526 1208 387 18373 7153 6061 821 10976 6954 4022 1666 3097 474 5506 652 1149 15005 271 4206 2356 272 3705 555 392 4854 1860 2994 2132 1938 1783 4098 1092 543 501 416 364 211 191 1632 1600 655 997 517 1611 14734 213 14594 186 163 712
is_linear=0
shrinkage=0.03


Tree=87
num_leaves=63
num_cat=0
split_feature=15 32 11 1 8 21 25 17 17 11 20 8 25 20 15 16 21 3 21 2 12 26 25 1 12 8 23 3 11 22 31 24 24 17 22 18 20 24 23 22 29 1 32 12 2 32 20 23 16 26 16 16 16 3 6 5 20 16 11 12 11 16
split_gain=29.574 16.2731 18.5375 13.6579 13.6464 11.1084 12.3637 10.8502 10.6828 9.7312 9.61907 9.09014 8.91276 11.1872 8.7879 10.0664 8.31169 8.16776 7.90279 7.84801 7.68717 7.67708 14.2413 10.0708 7.59752 7.65505 8.83878 7.13379 6.87892 6.8632 6.55622 8.33948 9.5951 8.59523 7.49202 7.53896 9.42665 8.86139 8.70439 11.9024 7.93031 7.45483 7.24493 7.21312 7.02485 7.79523 8.40336 6.58516 11.8076 6.35018 8.82418 7.52241 6.84681 6.20493 7.69689 6.0654 8.49492 8.54895 10.4798 7.98357 7.47705 6.88642
threshold=-1.0622653365135191 11.500000000000002 -1.0325360894203184 0.032166663557291038 0.52249017357826244 -0.10891399532556532 -1.0000000180025095e-35 -0.44727680087089533 -0.22289099544286725 0.83979991078376781 0.88302531838417064 -0.37421622872352595 -0.5473370850086211 1.3466543555259707 -0.056831881403923028 -0.26814696192741388 -0.52868244051933277 1.7891547083854678 1.6731751561164858 -0.26266622543334955 0.88203129172325145 -0.80294334888458241 0.14320220798254016 -0.15343610197305677 0.40207087993621832 0.46006560325622564 0.57205942273139965 1.590842664241791 -0.95546451210975636 -0.52501311898231495 0.5000000149011613 -0.61520540714263905 -1.3529988527297971 -0.353479653596878 0.61264479160308849 -1.0000000180025095e-35 -0.60318332910537709 0.50366070866584789 0.54429334402084362 0.22827557474374774 0.59411767125129711 1.3674567937850954 15.500000000000002 -0.28695987164974207 0.56257990002632152 15.500000000000002 -0.35423733294010157 1.0151652097702029 0.7060753107070924 1.1392861008644106 0.67458313703536998 0.74975574016571056 0.61361515522003185 0.89577832818031322 1.0000000180025095e-35 0.93634629249572765 0.41121035814285284 0.75610783696174633 0.6085207760334016 0.94375747442245495 -0.28872761130332941 0.55950063467025768
decision_type=2 2 2 2 2 2 2 2 2 2 2 2 2 2 2 2 2 2 2 2 2 2 2 2 2 2 2 2 2 2 2 2 2 2 2 2 2 2 2 2 2 2 2 2 2 2 2 2 2 2 2 2 2 2 2 2 2 2 2 2 2 2
left_child=7 4 3 12 18 6 9 -1 28 24 14 -5 13 -3 -8 16 -16 30 20 -11 -2 22 23 -6 -4 -26 -27 -20 -9 -23 31 32 -7 -34 35 37 53 -32 39 40 -39 55 -43 -42 47 -46 -47 -40 -49 50 -21 -52 -51 54 -37 60 57 58 61 -59 -33 -57
right_child=1 2 5 11 21 17 10 8 -10 19 -12 -13 -14 -15 15 -17 -18 -19 27 49 -22 29 -24 -25 25 26 -28 -29 -30 -31 34 41 33 -35 -36 36 -38 38 44 -41 43 42 -44 -45 45 46 -48 48 -50 52 51 -53 -54 -55 -56 56 -58 59 -60 -61 -62 -63
leaf_value=-0.017709139488967782 0.0031123544735976571 -0.006686983664208849 -0.0082981338048037142 -0.0064574995420589847 -0.0097844816771457538 -0.0088990156304447725 -0.014337670823803206 -0.0086480087131202525 -0.0074341417458570732 0.027321212724881902 0.010070636343696263 0.01797633369417672 -0.013562278593346912 0.034221755778306454 -0.0010366315678509426 -0.005485491155870121 0.026940653095081011 0.0072802734998456192 0.025150367847273265 -0.0021440008434720102 -0.0079414279436995031 -0.0056631333208522457 -0.0018220920558369596 0.033698221035483922 -0.002018870169696188 0.028292953572498745 -0.0077191298100664748 -0.008164986871344761 0.030316002072526813 0.010447053386341614 -0.0048818751452655521 -0.0071491933639351631 -0.0042806176823387979 0.020976777506604483 0.0098567206324479267 -0.008170558617192264 -0.0069674560826942233 -0.0054429749856316229 -0.0063116239158537745 -0.0092762724675774025 0.0011254340502979024 -0.0028473135002082049 0.018745283973796104 0.046747156861388917 7.1910959720486968e-05 -0.0097221491789367814 0.031624165800219629 0.023508289655914626 -0.0030168463657836331 0.035898360121618088 0.031003747445903 0.0015719820487537985 -0.0073512238579096162 -0.011629064707202848 0.035058820078320056 0.024323287344556802 -0.0029713090193218051 0.034636457583989269 -0.0091835428060086707 -0.0087547695849219068 -0.0004926605469595727 -0.0055523140377663691
leaf_weight=96.511259249411523 294.17541223391891 15.60936796013266 79.812373455613852 22.965529932640493 3.2101921495050183 16.147819394245744 87.317058091051877 3.3233517343178391 67.638101966120303 13.307965429499744 31.578958816826344 23.079089039005339 165.53320868778974 3.7132384851574889 22.023609428666532 334.62772045750171 11.419329277239738 247.18916292116046 17.794827623292807 79.973038939759135 64.905759892426431 25.333796590566635 17.471916436217725 37.244126408360898 47.998259142041206 14.631894701160492 6.3307933043688527 5.0473482236266127 7.8030792260542494 135.27894132770598 57.31552295293659 188.43031713459641 14.102465327829121 44.25654246006161 148.50758385378867 2.9577393569052202 111.47939485311508 3.0548306815326276 53.115720629692078 5.7833818532526484 4.0738955792039713 21.553820865228772 29.514578405767679 13.059923546388738 18.688114821910858 2.9887466020882156 19.12510098144412 20.285031527280807 35.10130525380373 6.1130888611078245 10.952989988029005 16.435089893639088 2.6124306246638298 2.5313986130058757 7.8694257028400898 18.647362198680643 62.107341336086392 14.571186169981958 23.141010420396924 2.585110940039157 710.91442367061973 7.5739774592220774
leaf_count=4804 3678 448 2135 461 50 391 2804 183 2841 275 479 485 4909 71 734 5512 261 1508 146 1320 682 359 148 376 1061 386 108 26 302 1294 1099 3173 441 960 1808 69 1603 39 539 90 50 173 255 159 134 25 141 171 236 103 140 212 39 27 103 281 546 105 216 20 8561 72
internal_value=0.000638036 0.00124615 0.000312428 -0.00775022 0.00571999 0.00102239 -0.00202229 -0.0112135 -0.0026723 0.00298936 -0.00488637 0.00635075 -0.0113373 0.00659336 -0.00602167 -0.00388315 0.0107779 0.00224629 0.0022414 0.00884926 0.0010327 0.0116131 0.0206952 0.029551 -0.00222926 0.00488074 0.0180251 0.0176445 0.0196049 0.0078117 0.00147683 0.000222771 0.00960016 0.0150172 0.00430595 0.00189551 -0.00395093 0.00505056 0.00834379 0.022943 0.032182 -0.000466024 0.0101907 0.0386044 0.00514307 0.0149987 0.0252737 0.0009394 0.00783999 0.00569094 0.00308039 0.0163115 0.0249886 0.016264 0.024399 -0.0010422 0.00493173 0.0120025 0.00454235 0.0275981 -0.00191915 0.0161866
internal_weight=3678.45 3503.17 2902.71 230.9 600.462 2671.81 765.135 175.276 78.7645 278.168 486.967 46.0446 184.856 19.3226 455.388 368.071 33.4429 1906.67 381.923 129.395 359.081 218.539 57.9262 40.4543 148.773 68.9609 20.9627 22.8422 11.1264 160.613 1659.48 1153.55 74.5068 58.359 505.937 357.43 124.838 232.592 175.276 25.972 20.1886 1079.04 51.0684 17.1338 149.304 40.802 22.1138 108.502 55.3863 116.087 107.361 27.3881 8.72552 13.3586 10.8272 1027.97 128.626 66.5186 49.3624 17.1563 899.345 26.2213
internal_count=59827 51697 44938 6374 6759 38564 15569 8130 3326 5779 9790 946 5428 519 9311 6507 995 22995 4532 2089 4360 2227 574 426 3690 1555 494 172 485 1653 21487 15194 1792 1401 6293 4485 1802 2683 1584 338 248 13402 428 209 1246 300 166 946 407 1814 1672 352 142 199 172 12974 1240 694 569 125 11734 353
is_linear=0
shrinkage=0.03


Tree=88
num_leaves=63
num_cat=0
split_feature=6 14 25 7 32 21 3 14 11 23 25 8 9 16 23 7 6 18 23 31 9 17 20 14 14 25 16 25 9 8 14 23 9 34 29 29 16 20 18 31 0 20 9 17 32 31 22 29 9 20 9 14 12 9 31 11 1 6 23 1 23 3
split_gain=29.3893 14.2726 22.7363 11.9642 11.3094 10.3498 9.47211 8.44048 8.36647 8.30533 10.4863 8.28431 7.99932 11.2844 7.82271 7.73114 8.26863 8.86816 9.16257 8.3916 8.08451 7.66932 7.49591 15.7068 9.70792 12.2341 8.9737 8.59781 8.93177 7.75103 11.8341 13.1518 7.60169 7.37088 7.34762 9.32155 7.33288 7.38577 7.21961 7.02506 7.00828 6.78752 6.76485 6.73438 6.68107 6.67417 6.62644 6.51114 6.5093 6.41162 6.35525 7.07636 6.29083 6.27733 6.20971 6.10319 5.79063 5.76099 5.72375 5.70826 5.81363 5.66252
threshold=-0.36978991329669947 0.25006461143493658 -0.13044020533561704 -1.3425802588462827 7.5000000000000009 1.265677869319916 -0.1959760785102844 -0.67811366915702809 0.27024970948696142 0.42008206248283392 -0.63218361139297474 1.867189407348633 0.37818798422813421 0.13257349282503131 1.1808839440345766 1.3235239386558535 0.55605751276016246 -0.38509836792945856 0.63605090975761425 -1.0000000180025095e-35 -0.54422825574874867 0.050320535898208625 -0.12623994797468183 0.47093339264392858 -0.043234279379248612 0.011979643255472185 0.5761045813560487 1.010866701602936 -0.22546086460351941 0.22207754105329516 -0.55504992604255665 0.85054907202720653 -0.86168396472930897 2.5000000000000004 0.57738095521926891 0.75735294818878185 0.59316864609718334 -0.34313771128654474 -0.59018647670745839 -0.21428572386503217 0.21191209554672244 -0.77797907590866078 1.0005955696105959 0.48511023819446569 9.5000000000000018 0.6428571641445161 0.019689001142978672 0.28991597890853887 0.53715500235557567 -0.40332539379596705 -0.54422825574874867 -0.72725367546081532 0.70669826865196239 1.0525641441345217 -0.64285716414451588 0.89920526742935192 -1.0000000180025095e-35 1.2743144631385805 -0.11360399425029753 0.63205683231353771 -0.33473066985607142 -1.1167236566543577
decision_type=2 2 2 2 2 2 2 2 2 2 2 2 2 2 2 2 2 2 2 2 2 2 2 2 2 2 2 2 2 2 2 2 2 2 2 2 2 2 2 2 2 2 2 2 2 2 2 2 2 2 2 2 2 2 2 2 2 2 2 2 2 2
left_child=1 2 -1 21 41 8 11 38 14 10 -9 -4 -3 -14 61 16 19 18 -18 -11 -17 -2 23 27 44 42 -27 29 -29 30 49 59 -33 -20 -16 -36 -25 -38 -7 43 -15 -5 -26 -40 -24 58 -47 -44 -22 -10 -8 -52 -49 -41 -35 -19 -43 -50 -31 60 -32 -6
right_child=3 12 6 4 5 7 50 9 22 15 -12 -13 13 40 34 20 17 55 33 -21 48 -23 24 36 25 26 -28 28 -30 45 31 32 -34 54 35 -37 37 -39 39 53 -42 56 47 -45 -46 46 -48 52 57 -51 51 -53 -54 -55 -56 -57 -58 -59 -60 -61 -62 -63
leaf_value=0.0076306468073342164 -0.013571905919969802 -0.01451252318134345 -0.014984784755419055 -0.0096864930126532491 -0.012106538811245546 -0.0058138992569736897 -0.010780185342786162 0.023878393750905377 -0.010105952843058628 -0.004715829104318058 -0.0099436869876754295 0.0094007461359101735 -0.013908406525322527 -0.0017764702121455111 -0.0015215894312386161 -0.008943415745193313 0.031138368549679177 -0.008634759012626168 -0.0077010122600212842 0.0260790455587997 0.027501908435120567 0.002516333260384153 0.009255522119995363 -0.012878483341750645 0.0057529034587271511 -0.015301533679038045 0.0035223190954082532 0.0073776880735038422 -0.0090940983415179078 0.026401758588184047 0.017880658511719483 -0.0037168071143036385 0.026924081144706184 -0.012144535342115842 0.029482404245889538 0.00111624209007248 0.012164364003949902 -0.012079225839386684 -0.0048435222318721008 0.019893878142131574 0.01901973450714638 -0.0086106918168745699 -0.015821219253476494 0.013913221167162213 -0.0049399789108034737 0.030954706442964792 -0.0092387981517523116 0.010306499258934456 -0.0068050737218226191 0.0093666784628474251 0.022251174779729991 -0.00081045489979634318 -0.011519766468663241 -0.011489194559971981 0.012414425693001507 0.0068041433068599787 0.022309002976469493 0.019351422844953677 0.0072701158218341977 0.019678804328408246 -0.0053224129084049757 -0.0019363613964696082
leaf_weight=145.26009009964764 71.674949238076806 166.3973826020956 114.05609043780714 5.486650548875331 48.230563353747129 18.049983812496066 22.357343640178442 4.5510490238666526 47.115517940372229 9.971682311967017 65.623210510239005 10.644883322529493 65.847308219410479 78.864833935163915 44.420340176671743 8.3680018968880159 7.251213325187563 93.561979323625565 31.848896306008101 18.721292197704315 26.954561315476894 38.785002592951059 28.375667415559292 53.116996768862009 450.57660362869501 49.089539902284741 36.694103049114347 61.817975519225001 48.23119112290442 13.529865881428121 6.6715853586792937 7.3462140932679167 40.418239559978247 6.8204257972538462 16.7879350297153 20.781253155320883 25.882059995085001 13.088615650311111 31.192274669185281 83.77511152997613 12.71549375914037 3.5559283681213847 22.340760018676519 28.887446761131287 308.08780097588897 26.991693405434493 1.9380921255797137 28.306235706433654 13.538136042654516 17.025278210639954 13.096942029893397 34.417426938191056 13.650631463155149 2.9996077418327323 55.818057965487242 25.990616474300623 40.246307140216231 8.2400792539119703 93.253798862919211 8.8034218661487085 53.871523600071669 723.8579141581431
leaf_count=3314 1638 6171 5323 61 1479 130 569 48 559 115 1101 425 2933 2216 421 75 79 807 208 211 188 571 178 929 4331 627 370 616 537 256 161 77 370 47 148 188 319 142 261 595 253 34 229 168 2619 307 28 285 118 178 220 707 134 22 371 152 291 50 997 117 817 13027
internal_value=0.000158133 -0.00553255 -0.00120221 0.00141901 0.00179303 0.00153204 -0.00782242 0.00524245 0.000651867 0.00270009 -0.0063079 -0.012621 -0.00998957 -0.00490934 -0.0016993 0.00482665 0.00241979 0.000304839 0.00664405 0.0162653 0.0143205 -0.00805862 0.00203193 0.00490531 0.000422677 0.00270111 -0.00749907 0.00731961 7.71192e-05 0.00979393 0.00549565 0.011006 0.0223058 0.00329382 0.00685073 0.0157658 -0.00609032 0.00357429 0.0108081 0.0129753 0.00194616 0.015365 0.00445635 0.00455112 -0.0036248 0.0151352 0.0272974 -0.00438896 0.0187757 -0.00463364 0.0010126 0.00705963 0.00273485 0.0182422 0.00904023 -0.00513995 0.0191739 0.00485697 0.0107667 0.00224613 -0.00159655 -0.00264548
internal_weight=3675.87 663.658 339.833 3012.21 2901.75 2852.47 194.573 542.164 2310.3 377.259 70.1743 124.701 323.825 157.428 854.078 307.085 249.984 221.291 101.739 28.693 57.1008 110.46 1456.22 519.102 937.121 600.658 85.7836 427.014 110.049 316.965 181.252 117.111 47.7645 94.4874 81.9895 37.5692 92.0877 38.9707 164.904 146.854 91.5803 49.2889 514.874 60.0797 336.463 135.713 28.9298 64.2976 48.7328 64.1408 69.8717 47.5144 41.9569 86.7747 62.6385 119.553 43.8022 21.7782 106.784 69.3465 60.5431 772.088
internal_count=59918 22131 10558 37787 35578 35192 7244 4746 30446 3570 1149 5748 11573 5402 15263 2421 1990 1664 705 326 431 2209 15183 6410 8773 5976 997 5020 1153 3867 2279 1542 447 626 757 336 1390 461 1176 1046 2469 386 4979 429 2797 1588 335 648 356 737 1496 927 419 617 418 959 325 168 1253 1095 978 14506
is_linear=0
shrinkage=0.03


Tree=89
num_leaves=63
num_cat=0
split_feature=15 21 5 32 9 1 4 25 17 32 10 4 10 10 12 3 32 17 9 3 1 21 9 15 8 22 22 16 25 24 8 8 22 10 31 24 22 10 29 13 31 29 29 24 19 21 15 24 25 26 32 10 9 4 29 10 21 25 32 9 9 14
split_gain=23.718 15.1439 13.9511 9.96334 12.7129 12.0462 9.1186 8.39863 7.98534 7.963 7.83802 10.0801 9.97053 7.79947 11.3481 7.58325 7.34177 11.2287 8.98925 7.26261 6.70881 6.6019 11.1563 9.9103 9.9006 8.70006 13.2108 9.45549 7.29028 10.1544 7.205 10.8368 7.59761 10.5247 12.1272 9.72867 9.18499 7.98187 7.69636 6.93227 8.01722 6.69364 10.1556 6.62413 6.61919 6.53554 7.8659 6.33888 7.53897 15.4035 6.93495 6.30402 6.24187 6.80655 6.11393 6.02181 6.00242 6.45444 5.99546 6.15813 6.49456 5.97208
threshold=-0.98977747559547413 -0.84830385446548451 -0.25479026138782496 13.500000000000002 -1.5150947570800779 -0.059131985530257218 0.52158835530281078 -0.57634007930755604 1.8017661571502688 7.5000000000000009 -0.50426310300827015 0.15862626582384112 -1.3344668745994566 0.79477289319038402 0.37818798422813421 0.070329476147890105 9.5000000000000018 0.15071965754032138 0.68495076894760143 1.5631700158119204 -2.1257393360137935 -0.10891399532556532 -0.44791252911090845 0.3410117775201798 0.61037188768386852 -0.12981107831001279 0.24830363690853122 0.73160982131958019 1.665272653102875 1.7264087796211245 1.5104305148124697 0.27094881236553198 0.010055993217974903 0.63049170374870311 -0.21428572386503217 -0.48894403874874109 0.81162568926811229 -0.42429913580417628 0.92582416534423839 0.79817244410514843 0.78571429848670971 0.53589746356010448 0.64495798945426952 -1.198083698749542 0.42222042381763464 -0.36809787154197687 1.1639965176582339 0.21346681565046313 -0.22000128775835034 0.77502509951591503 14.500000000000002 -1.446661055088043 1.690390467643738 0.44770708680152899 0.064583335071802153 -0.46449612081050867 -0.96371692419052113 0.66088703274726879 12.500000000000002 0.40467017889022833 -1.1543081998825071 -1.2124422788619993
decision_type=2 2 2 2 2 2 2 2 2 2 2 2 2 2 2 2 2 2 2 2 2 2 2 2 2 2 2 2 2 2 2 2 2 2 2 2 2 2 2 2 2 2 2 2 2 2 2 2 2 2 2 2 2 2 2 2 2 2 2 2 2 2
left_child=6 16 8 7 -5 13 -1 -4 10 -9 11 -3 -13 20 -15 -14 56 52 -19 -12 -6 22 24 -24 25 -7 27 -27 29 30 31 47 33 35 -35 43 37 -34 41 40 55 -38 -43 -33 -36 46 -25 -23 49 50 -49 -50 53 -18 -52 -30 57 -2 -21 60 -60 -11
right_child=1 2 3 4 5 21 -8 9 -10 61 19 12 15 14 -16 -17 17 18 -20 58 -22 28 23 45 -26 26 -28 -29 39 -31 -32 32 36 34 44 -37 38 -39 -40 -41 -42 42 -44 -45 -46 -47 -48 48 51 -51 54 -53 -54 -55 -56 -57 -58 -59 59 -61 -62 -63
leaf_value=-0.01163490514900903 0.02112253848873679 -0.0060693077985673636 0.015810026070035708 -0.0081368830131003378 0.019467045619989229 -0.0013180604371048116 0.010594146917913596 0.016195546319326452 0.011331732386088058 0.0091676796273946967 -0.0094036671424521483 -0.0099432774197628308 -0.0042613657200716087 0.025098228654507799 -0.013791029939948886 0.02411167442323366 -0.01300227026054673 0.0059338336089772908 -0.012810268005657903 -0.014797812285072867 -0.013598119564428055 -0.0036113176427681527 -0.011274450343704709 0.013660198992353136 -0.0081358672899287995 0.045740193248221518 -0.0054306044748249818 -0.0009059815235866283 0.0029028477275723566 0.016132751112728935 -0.0061180105350776238 -0.0033431984332997701 0.0096335197988904088 0.0028239591488433929 0.036522271243615761 0.0032026600834443712 0.0054140947819245454 -0.0089415168099341857 -0.01110668866369971 0.010337510139673132 0.010370524261251738 0.045040871622591634 0.0079370628852548902 0.037834452842290027 -0.0011324295546282417 -0.0060560444252297906 -0.0075427465505523341 -0.0042627172455874194 0.015436609388105109 -0.0094475708568398115 -0.007456504907305787 0.00049810288390907164 0.020225328485777006 0.0023195135352985252 0.01739050686836326 -0.01855421883521495 -0.01331915314527124 -0.011057891120031461 0.017317685252516268 0.0227770800155533 -0.015308126599784882 0.0022147835016454948
leaf_weight=178.00124725978822 19.514917062595494 63.936809529550374 56.006083800457418 119.5125052202493 1.605521916411816 15.6660192720592 14.406099657528101 42.199969237670302 25.432330699637532 130.7179548330605 229.02823233883828 12.173389285802839 9.3587422082200629 9.7185402335599083 8.1236373493447882 30.665894156321883 180.99104667920619 88.490530487149954 25.596952904947102 5.9006287343800059 80.629727135412395 146.84591531567276 104.89314771443605 45.891230339184403 17.428157017566264 14.547813463956123 7.7161095403134814 4.6500094905495635 13.903253158554433 53.542186304926872 64.871988820843399 3.7376493988558641 25.95123652368784 19.580907378345728 31.491718879900873 99.869316153228283 40.915665323846042 59.859402974136174 8.8612762587144953 16.834739591926336 11.837955169379709 8.3587678615003842 18.713772937655449 8.4215775374323112 4.4147999528795472 56.555446352809668 18.999778211116791 16.00447809509933 21.911688413470984 30.169283775612712 6.9606057070195666 467.83997016958892 1.5178707195445884 28.749754477292299 107.66113198362291 43.742244517430663 4.7479695929214349 3.8602344430983058 4.1088233888149253 13.052696481347082 9.0630484446883219 648.95506992284209
leaf_count=8579 375 1504 730 2059 41 324 393 310 216 990 4546 172 193 199 140 297 5821 1442 436 46 1422 3586 2653 644 336 234 167 55 158 298 925 97 433 251 364 1010 602 974 127 159 114 103 261 169 43 667 192 167 235 332 79 4489 38 502 1129 447 81 58 42 102 73 7344
internal_value=0.000371816 0.000945579 0.00161451 0.00238776 0.00112619 0.00179204 -0.00974437 0.00500808 -0.00356594 0.00418083 -0.00470524 0.00173045 0.0109797 -0.00806446 0.00824881 0.0177409 -0.0048969 -0.00619167 0.00136708 -0.00754594 -0.0118738 0.0024244 -0.00168526 -0.00474457 0.0093313 0.0165844 0.0255789 0.0365892 0.00331068 0.00389816 0.00328375 0.00384928 0.00837988 0.012787 0.023005 0.00695939 0.00359522 -0.00310285 0.010807 -0.00491869 -0.00906084 0.0142283 0.0246288 0.0278909 0.03232 0.00111808 0.0073566 0.00193276 0.00320221 0.00873516 0.0131281 0.00131571 -0.0102109 -0.010897 0.015633 -0.0135604 0.00875543 0.0147961 0.00518104 0.0113261 -0.00316617 0.00343148
internal_weight=3664.72 3472.31 3118.84 2716.12 1838.24 1718.73 192.407 877.879 402.721 821.873 377.288 116.135 52.198 100.077 17.8422 40.0246 353.469 325.346 114.087 261.153 82.2352 1618.65 286.348 226.34 60.0081 42.58 26.9139 19.1978 1332.3 1245.98 1192.44 1127.57 330.176 167.516 55.4874 112.029 162.66 85.8106 76.8495 86.3182 69.4835 67.9882 27.0725 12.1592 35.9065 121.446 64.891 797.393 650.547 160.795 130.626 489.752 211.259 209.741 114.622 57.6455 28.1231 23.3752 32.1252 26.2246 13.1719 779.673
internal_count=59975 51003 42250 35059 25685 23626 8972 9374 7191 8644 6975 2166 662 1802 339 490 8753 8239 1878 4809 1463 21824 5272 4156 1116 780 456 289 16552 15674 15376 14451 4434 1934 658 1276 2500 1407 1093 878 719 966 364 266 407 1503 836 10017 6431 1707 1375 4724 6361 6323 1208 605 514 433 263 217 115 8334
is_linear=0
shrinkage=0.03


Tree=90
num_leaves=63
num_cat=0
split_feature=15 7 32 9 17 4 11 8 11 14 29 31 16 21 12 25 11 11 14 16 24 12 27 32 23 8 7 7 29 17 21 24 16 17 1 15 18 18 4 24 17 23 11 12 18 23 14 17 33 25 29 21 7 3 11 4 16 9 5 25 7 9
split_gain=26.6978 14.5166 12.2783 12.7719 15.4713 11.1131 10.7367 10.2061 9.63889 9.49728 8.4678 10.6105 13.561 8.41031 8.33431 7.53747 8.31393 7.32951 7.16378 7.58642 7.15505 7.1199 7.19375 7.00644 6.98593 6.88727 8.43123 7.10529 6.76949 6.74455 7.87458 7.38091 6.72968 6.72878 9.82629 6.52546 6.48225 7.34875 6.86068 9.02632 8.47033 6.43633 6.32501 6.24613 6.18203 6.11917 6.10198 6.08781 10.0059 6.04731 7.07364 6.0634 6.02469 5.97144 8.18336 7.58498 7.23882 5.95313 9.91711 5.94305 6.69895 5.88928
threshold=-1.0622653365135191 -0.85574060678482045 15.500000000000002 -0.052058493718504899 1.0000000180025095e-35 -0.46991141140460962 0.63317885994911205 -0.22573514282703397 -0.61370083689689625 -1.3718235492706297 0.45804196596145635 -0.92857143282890309 0.53880387544631969 1.3425840735435488 0.72757723927497875 -0.59580814838409413 0.236484169960022 0.73022466897964489 0.46779745817184454 -0.24718429148197171 -1.1302468776702879 -0.65437734127044667 2.5000000000000004 12.500000000000002 -0.87565889954566944 0.76844340562820446 1.1338943839073183 -0.56873401999473561 0.28991597890853887 1.2550242543220522 1.2112607359886172 0.88272625207901012 1.1066263914108279 -1.0000000180025095e-35 0.051392834633588798 -0.023791152983903881 1.622722387313843 -0.2830126136541366 0.5391409993171693 0.17460536956787112 0.31026449799537664 1.2297234535217287 0.38465130329132086 1.0210787653923037 -0.69065332412719715 0.87394502758979808 0.35321031510829931 1.2315276861190798 1.0000000180025095e-35 -0.24218232184648511 0.65686276555061351 -0.010693989694118498 0.70361053943634044 0.74574929475784313 1.7320322990417483 0.076210848987102522 1.1499729752540591 0.57751688361167919 0.058730471879243858 -0.15544714778661725 0.012041569687426092 -0.79208737611770619
decision_type=2 2 2 2 2 2 2 2 2 2 2 2 2 2 2 2 2 2 2 2 2 2 2 2 2 2 2 2 2 2 2 2 2 2 2 2 2 2 2 2 2 2 2 2 2 2 2 2 2 2 2 2 2 2 2 2 2 2 2 2 2 2
left_child=6 17 7 4 61 -5 -1 8 29 41 18 12 -12 15 32 20 25 -2 19 -9 -11 35 33 53 59 26 27 -17 -22 30 -3 -31 -6 -23 47 -21 37 38 40 -40 -13 -7 -18 -41 -25 -42 -8 48 -35 50 -46 -52 -44 55 56 -19 -55 -39 -59 60 -10 -4
right_child=1 2 3 5 14 9 46 10 24 13 11 36 -14 -15 -16 16 42 23 -20 21 28 22 -24 44 -26 -27 -28 -29 -30 31 -32 -33 -34 34 -36 -37 -38 57 39 43 45 -43 52 -45 49 -47 -48 -49 -50 -51 51 -53 -54 54 -56 -57 -58 58 -60 -61 -62 -63
leaf_value=-0.015091368009409828 -0.0093157313496239312 -0.014946426035169793 -0.014245799321586728 -0.009007689058392469 -0.0056036559974436753 0.015524319666689566 0.011677162148462079 0.016517524447732627 9.6504229215960526e-05 -0.01108866350622895 0.010888702891777322 0.0087085742915985562 -0.012689159696798215 0.0078066455609454299 0.0069741995229070609 0.014820472346167552 0.012738165298008298 -0.008773965466443389 -0.0053435725624802416 0.015932309524954585 -0.0025050067688583834 -0.005626723625772362 0.00033912702054022029 0.013802922436535395 0.0013656308555195899 -0.014599965474702161 0.011879231762686571 -0.0065752145085024019 0.032248162909353777 -0.0097639738541823087 0.0017578205408071853 0.023987686507618702 0.015903205016542021 0.030828951858563044 -0.0037300813140395015 -0.010645935154145535 -0.0057331427780748304 0.017363182467622487 -0.0092847997107066513 0.024608437900416606 -0.014675040328939456 -0.0085849604741567321 0.0029058981231529163 -0.007444118768461616 -0.0064932317622129285 0.0025085923047396073 -0.010476891347571056 0.0026523619880915021 0.00045447296402856697 -0.010232953981706146 0.022659675129516919 -0.011670753820164047 -0.005692535638562801 0.034546888388086443 -0.010183962383062376 0.018859055046410576 -0.0070683378503303383 0.012877722355296771 -0.010990515108994939 -0.00083863945508140091 0.043463648874443199 -0.0048194432152390224
leaf_weight=133.31477248389274 170.072963132523 73.26289021410048 122.95521860197186 79.116499346680939 140.3590101916343 64.817390073090792 22.333665592595935 33.961914405226707 4.7298652613535541 4.1848870990797904 34.816419772803783 88.439299199730158 44.156659256666899 147.63684164267033 107.2785724401474 10.568264831788836 38.945134934037924 24.35714783705771 88.622138785198331 5.2521935394033781 6.1829628525301841 17.06610244885087 156.82477679662406 10.866704186424611 547.94463863782585 47.755622455850244 27.191827694885433 159.15717332530767 12.170317139476536 6.8490775395184738 36.169316336512566 7.8560923263430595 9.5698564276099187 37.078849408775568 20.98541165702045 49.645282801240683 20.777896707877517 152.95527944341302 8.0564164035022241 35.742391949519515 27.559756020084023 8.3524123989045602 278.91237155720592 4.0183660611510268 26.378919716924429 40.844986647367477 14.15807162132114 17.642200529575348 12.905550058931111 93.227627513930202 14.226767303422095 2.6864821836352339 93.941106831654906 13.14370377734304 4.1117996722459784 7.8566269166767588 2.8639608025550833 46.810571635141969 18.053421525284648 8.9554581735283119 5.0961694112047553 126.28285711072385
leaf_count=6987 4951 2012 2978 1856 1727 774 658 723 141 116 464 1337 378 1344 1057 264 530 433 1309 131 93 270 1570 125 6117 1087 475 3221 185 87 560 59 77 360 148 648 455 1826 106 235 284 59 3191 27 494 293 491 124 139 1614 263 37 911 109 30 97 16 612 215 286 140 2589
internal_value=0.000179881 0.000748995 0.0014134 -0.000565778 -0.00440969 0.00143515 -0.0112633 0.00318814 0.000400196 0.00239804 0.00517744 0.00774537 -0.0022651 0.00144358 0.000763589 1.31124e-05 -0.000627209 -0.00483349 0.0020767 0.00399699 0.0153914 0.0024219 0.00448306 -0.000882293 0.00206947 -0.0049523 -0.00230899 -0.00485699 0.0225107 -0.00700563 -0.0095898 0.00977885 -0.00376195 0.0103395 0.0135507 -0.00698542 0.00953426 0.0103434 0.00603431 0.0154163 0.0027861 0.0123991 0.00197116 0.0208994 -0.00422568 -0.00494259 0.00285509 0.0188008 0.023741 -0.00609769 0.00294488 0.0157879 0.000692847 0.00808108 0.0190462 -0.000406161 0.0271912 0.0141659 0.00592341 0.0179994 0.029661 -0.00965841
internal_weight=3678.06 3508.25 3138.46 1485.38 506.446 978.933 169.807 1653.08 690.864 899.816 962.216 522.231 78.9731 826.647 257.207 679.01 656.472 369.793 439.984 351.362 22.5382 317.4 262.503 199.72 566.726 244.673 196.917 169.725 18.3533 124.137 109.432 14.7052 149.929 105.678 88.612 54.8975 443.258 422.48 204.661 47.8172 156.844 73.1698 411.799 39.7608 147.387 68.4047 36.4917 67.6266 49.9844 136.52 43.2922 16.9132 372.853 52.3332 20.1195 32.2138 16.0077 217.819 64.864 18.7815 9.82603 249.238
internal_count=59895 51759 43590 22534 8428 14106 8136 21056 9402 12250 11654 6232 842 11417 2861 10073 9679 8169 5422 4113 394 3390 2611 3218 6684 5047 3960 3485 278 2718 2572 146 1804 1041 771 779 5390 4935 2282 368 1914 833 4632 262 2533 577 1149 623 499 2408 794 300 4102 685 155 530 125 2653 827 567 281 5567
is_linear=0
shrinkage=0.03


Tree=91
num_leaves=63
num_cat=0
split_feature=6 11 4 24 8 3 14 0 11 18 20 14 10 22 31 13 27 15 3 8 24 16 13 8 11 20 15 21 29 8 15 29 26 17 12 6 13 21 3 8 0 16 29 22 13 17 8 4 18 12 4 26 4 23 23 21 0 11 26 13 24 32
split_gain=26.3964 16.5854 14.675 11.6831 11.4635 9.91021 8.45877 8.35659 8.04988 7.9819 7.97434 10.4054 8.41471 8.79134 10.3664 12.0289 8.07797 8.39159 7.93965 8.42476 7.93134 7.89611 8.54853 7.43599 7.39387 8.33022 7.50665 7.36434 7.16858 6.73775 8.5969 6.69217 12.5752 11.7871 10.6672 11.4705 8.84434 8.38873 8.17681 9.95812 9.48187 7.94416 7.55115 8.53851 8.11601 7.22117 10.0193 6.78638 6.91162 6.68027 6.65436 7.57918 6.64876 8.26627 6.64441 6.49829 7.72364 7.26155 6.45829 6.39618 6.38159 6.23475
threshold=-0.34253501892089838 1.4427454471588137 -0.063147414475679384 -0.37792298197746271 -0.083661079406738267 -1.1322949528694151 0.074332818388938918 0.20274794101715091 -1.4638844132423399 -0.35935087502002711 0.44115605950355535 0.49766954779624945 0.92064908146858226 -1.3783377408981321 -0.92857143282890309 0.24136392772197726 4.5000000000000009 -0.88993984460830677 0.73322540521621715 0.6233954429626466 0.88272625207901012 -0.20994251966476438 1.0000000180025095e-35 -2.1175422668457027 0.87587794661521923 0.2029594033956528 0.023382865823805336 1.3020036816596987 0.87083333730697643 0.02514576725661755 0.27830499410629278 0.11437908560037614 -1.1639166474342344 1.0000547766685488 0.57751688361167919 0.87721347808837902 0.88817214965820324 -0.88190791010856617 0.6160244643688203 -1.136940538883209 0.39330939948558813 -1.2657471299171446 0.48529411852359777 1.0977837443351748 0.65657913684844982 -0.086556725203990922 -0.61240980029106129 0.011831153184175493 -0.25409944355487818 0.74928659200668346 -0.60414433479309071 0.52511355280876171 1.7077614068984988 1.080766558647156 -0.44322352111339564 -0.24183954298496244 0.55280494689941417 0.66872319579124462 0.95531958341598522 0.53528937697410595 0.66542723774909984 11.500000000000002
decision_type=2 2 2 2 2 2 2 2 2 2 2 2 2 2 2 2 2 2 2 2 2 2 2 2 2 2 2 2 2 2 2 2 2 2 2 2 2 2 2 2 2 2 2 2 2 2 2 2 2 2 2 2 2 2 2 2 2 2 2 2 2 2
left_child=1 4 -2 -4 -1 61 21 28 58 -9 11 12 16 -14 -15 60 17 -10 -13 24 -17 22 -6 -12 25 -20 -26 54 -8 -3 -31 36 34 37 35 -33 38 -34 45 -40 -41 -39 44 47 49 46 -25 -44 -49 -35 -11 -52 -43 -54 -19 56 -18 -58 -7 -30 -16 -5
right_child=2 29 3 5 6 8 7 9 10 50 23 18 13 14 15 20 55 27 19 -21 -22 -23 -24 31 26 -27 -28 -29 59 30 -32 32 33 42 -36 -37 -38 41 39 40 -42 52 43 -45 -46 -47 -48 48 -50 -51 51 -53 53 -55 -56 -57 57 -59 -60 -61 -62 -63
leaf_value=-0.011492840538161816 -0.0036139288560209002 -0.0027523846819277335 0.025416630151621312 0.0069019934387723218 -0.01113274100447063 -0.012796420698919665 -0.012459815850863667 -0.011825622399686708 0.022262135372118005 -0.0086499543163507126 -0.015716399549130483 -0.01025127179486645 -0.012535243778909548 -0.013763910286128759 0.016198534669877699 0.0062091744549819883 0.0061452634778214194 0.014139366025082974 -0.011322894257488104 -0.016191621313172987 0.030197723706723738 0.0048976820308311688 0.01793322400945108 0.035126191618898114 0.027496885302290427 0.011056701949651464 0.0040706967353191922 0.013757639657670058 0.012697903875234291 0.003915393708948456 0.035566810777206928 0.031251393375730394 0.021244798300967333 -0.010451661797491072 0.002736297621738762 0.0057444959384340454 -0.0060377055790444192 0.02173778874860844 -0.0055506178231773768 0.029012505956514223 0.0051880750236191807 -0.0022863128011040932 0.019218591918465918 -0.0016869815785185767 0.01281693364962066 -0.0046953225655571758 -0.0043724141694444245 0.012075869796670836 -0.0098864068357302111 0.0057657663466599432 0.040977082097459719 -0.003717540899598444 -0.0010646243600957021 0.022123348509025687 -0.0048670439587425798 0.0015815033449551933 -0.0078086990267340539 0.034638778282257095 0.011554956131137439 -0.014959921465903832 -0.0010456741321285272 -0.011489498429387273
leaf_weight=236.85143470857292 429.09934608452022 17.86367617174983 14.663086142390965 17.754752963781357 58.756934030912817 45.629661314189434 142.0881515154615 7.353793338872495 7.377131935209035 3.2657877858728179 11.274759562686084 107.36292322538793 12.016430223360656 10.352815194055436 24.076363379135728 21.85313262604177 117.29366461187601 12.666168306022881 40.904199855402112 18.423066679388285 37.921868151053786 143.89659612346441 6.0310344183817497 7.1180918067693737 11.843183128163217 17.583133827894926 54.757917825132608 17.65945510007441 18.371001867577437 17.871195806190375 10.821378611028193 34.738498305901885 11.2555790618062 48.228380352258682 56.652377547696233 30.968516811728477 22.155660480260849 8.9567860048264247 11.406355306506155 52.180505342781544 23.836189709603786 489.25123346224427 90.560306921601295 35.263459444046021 33.992448959499598 34.359032817184925 9.1883334927260858 31.882571570575237 15.324855122715233 35.792632017284632 6.6026920806616509 3.7461063377559185 32.343382984399796 18.629775770008564 324.59857503883541 338.34618137218058 2.5834382120519868 12.000487539917229 8.0262037590146047 6.3245612587779751 55.89330218359828 68.695720762014389
leaf_count=9022 7889 386 239 286 2727 827 5128 176 188 119 104 2157 147 116 429 269 1751 259 487 182 319 3366 173 120 132 180 462 144 677 388 125 379 176 343 475 240 172 174 89 364 139 5280 601 236 222 378 150 183 98 226 135 75 250 102 3890 3805 29 106 134 195 525 1665
internal_value=0.000269446 -0.00504194 0.00148973 0.00235541 -0.00633301 0.00217196 -0.00314551 -0.00767827 0.00253017 0.00867749 0.00279442 0.00112583 0.00250357 0.00865026 0.0106957 0.0129207 0.00126216 -0.00208848 -0.00427867 0.000384217 0.022584 0.00101683 -0.00733604 0.00459614 0.00335401 -0.00425397 0.00986565 -0.00289684 -0.00992727 0.0114309 0.0193593 0.00486618 0.00389301 0.00256098 0.012698 0.020486 0.0104836 3.07078e-06 0.0132527 0.0185829 0.0223232 -0.000620032 0.00740327 0.0113073 0.00145219 0.00321244 0.0170665 0.014576 0.00468227 -0.00360729 0.0199538 0.0288577 -0.00118667 0.00862937 -0.00395712 0.00383859 0.00936009 0.0270456 -0.00847931 0.00428846 0.00479371 -0.0075415
internal_weight=3654.59 679.844 2974.74 2545.64 633.288 2530.98 396.437 187.752 2444.53 20.9684 2390.87 1245.51 994.639 162.114 150.097 139.745 832.525 362.301 250.874 143.512 59.775 208.685 64.788 1145.36 125.088 58.4873 66.6011 354.924 166.784 46.5563 28.6926 1134.08 973.841 851.481 122.359 65.707 160.244 560.437 138.089 87.4231 76.0167 549.181 291.045 173.031 118.013 50.6655 16.3064 137.768 47.2074 84.021 13.6146 10.3488 540.224 50.9732 337.265 470.224 131.878 14.5839 53.6559 24.6956 79.9697 86.4505
internal_count=59810 22692 37118 29229 21793 28990 12771 6505 27039 505 26078 15577 11977 1805 1658 1542 10172 4481 3600 1443 588 6266 2900 10501 1261 667 594 4293 6000 899 513 10397 8985 7891 1094 619 1412 5982 1240 592 503 5806 1909 1118 791 648 270 882 281 569 329 210 5632 352 4149 5691 1886 135 961 872 954 1951
is_linear=0
shrinkage=0.03


Tree=92
num_leaves=63
num_cat=0
split_feature=4 11 15 32 11 22 21 5 26 5 15 21 16 20 21 0 25 11 16 21 21 15 15 26 6 31 21 18 8 8 18 8 14 15 26 3 21 8 32 17 25 3 27 23 18 6 3 8 16 11 25 30 16 14 23 27 6 21 26 6 6 20
split_gain=24.9149 15.3078 13.7939 13.4604 13.3972 17.3451 13.0742 11.4631 11.068 10.9456 8.94038 8.53103 8.49919 8.24428 7.98678 7.56145 7.4906 11.2806 8.12712 10.937 8.32453 8.0017 7.46638 7.41262 11.783 7.53815 7.39747 7.69743 7.33034 12.6669 7.26346 7.23293 13.259 9.65846 8.81 8.0641 7.83937 8.3983 7.35389 7.25827 7.0847 7.00193 6.83092 8.46386 6.57413 8.21657 6.56929 6.55851 7.23464 6.49332 6.45786 6.40414 7.75399 6.37643 8.97574 9.34179 6.27274 6.21792 6.15369 6.07666 6.3691 6.06169
threshold=-0.037920959293842309 -1.7223862409591673 -0.87416577339172352 12.500000000000002 -0.072313152253627763 1.7625053524971011 1.6731751561164858 -0.11842333897948264 0.93550792336463939 1.4326698780059817 -0.69623205065727223 1.4334087371826174 -1.9418054819107053 0.60778370499610912 1.3020036816596987 -0.16715545952320096 -0.079883679747581468 1.3891112804412844 0.55950063467025768 0.57403382658958446 0.22697945684194568 1.4694843888282778 1.64486300945282 -0.5897393226623534 0.78147754073143016 -0.21428572386503217 -0.010693989694118498 -0.25409944355487818 -1.1225246191024778 -1.609866678714752 -0.59018647670745839 -0.30845902860164637 0.088083058595657363 -1.0000000180025095e-35 1.3097661733627322 1.6522202491760256 -0.84830385446548451 1.4548937678337099 10.500000000000002 1.8017661571502688 0.34611792862415319 1.5103702545166018 3.5000000000000004 0.89679655432701122 -0.27230566740036005 1.4189823865890505 0.51387745141983043 0.65899744629859935 -0.1247006058692932 0.35920882225036627 -0.15544714778661725 -5.7083332538604727 0.30833587050437933 -1.8591957092285154 1.1594591140747073 4.5000000000000009 0.67199891805648815 1.5131462216377261 0.73686978220939647 -0.014521813020110129 1.3410488963127138 -0.36647388339042658
decision_type=2 2 2 2 2 2 2 2 2 2 2 2 2 2 2 2 2 2 2 2 2 2 2 2 2 2 2 2 2 2 2 2 2 2 2 2 2 2 2 2 2 2 2 2 2 2 2 2 2 2 2 2 2 2 2 2 2 2 2 2 2 2
left_child=2 -2 -1 6 5 8 9 13 10 31 -5 16 61 -4 -9 -11 17 23 20 21 -19 -20 53 25 49 -6 27 -27 29 -26 -13 35 33 36 42 -3 -33 -38 47 -40 -24 44 43 -35 45 -32 -29 59 -49 -25 56 52 -51 54 55 -18 -14 -58 -7 -34 -61 -12
right_child=1 3 7 4 11 58 -8 14 -10 15 12 30 50 -15 -16 -17 22 18 19 -21 -22 -23 40 24 28 26 -28 46 -30 -31 41 32 38 34 -36 -37 37 -39 39 -41 -42 -43 -44 -45 -46 -47 -48 48 -50 51 -52 -53 -54 -55 -56 -57 57 -59 -60 60 -62 -63
leaf_value=-0.018002638706584154 -0.014202902761987305 -0.0031853481469082696 -0.012266666169407412 -0.016110215270773737 -0.0024009942687767934 0.029069718346125185 0.019607527092095792 0.0024544328101296633 0.0056449013454707413 -0.0090397076920667504 -0.0073999004916187883 -0.005878975180079694 -0.0045345147364968339 -0.00059260333241697646 -0.011462737567769521 0.023785607605556657 -0.00059100045017581714 -0.0038023725305036324 0.039694429480035397 -0.0068845324490827385 0.022117678133033423 -0.0010681740385192319 0.01545315813910913 0.0036771963915134451 -0.0079413497795799374 -0.011053903894517512 0.023844229396479736 0.029054115708445821 0.0031235328447630742 0.034945803146058642 0.018684875549613036 -0.0012855877416558924 -0.005461249338571404 -0.0095718251852706764 -0.0078227556278512578 0.012117743113106308 0.037521207401580159 -0.0059705398569466963 -0.01029579728386029 0.017085796860934407 -0.0019514128083774286 0.019815391269153649 0.012226532190698658 0.01106120554492991 -0.0041916435331629583 -0.0094158454636241087 -0.0079905641289663258 0.016972199126591068 -0.012297549400773098 0.030941094709329202 -0.0077736528469151888 -0.010690566833313183 -0.0070341149866073992 -0.0016079373419896322 -0.0087451197187177875 0.025984548214186241 0.011890468723422287 -0.0089605117828740598 -0.0055439674827128102 0.023314896685054817 -0.0071206685432013425 0.033023049868776411
leaf_weight=63.778347465209663 50.844876020215452 214.8046028772369 159.48732896149158 62.764738774858415 30.083193380385637 14.731129481457176 47.350045338273048 248.40069489274174 83.394285240210593 4.8715719226747742 2.8232069425284863 23.080285666510463 111.09539403580129 82.168831180781126 38.485902985557914 32.091071477159858 20.180450696498156 29.874061422422528 20.217001397162683 5.9299599751830092 11.775773152709005 4.9229878783226004 45.719742871820927 53.391330108046532 6.9440309181809452 13.847598199732603 33.014512348920107 6.9861481469124538 84.504691574722528 13.5836164355278 34.074676688760519 8.1335896113887447 10.919897263869641 31.966688854619861 28.243265167810023 31.109241668134928 19.85503319371492 3.2753287898376575 76.066636856645346 5.2271254137158385 34.256398465484381 48.676086239516735 156.16076042130589 29.686905439943075 34.737948609516025 8.9108955562114698 3.9942117873579264 5.5184208983555463 24.28943454567343 3.2727256994694462 271.47947100829333 113.21719528548419 8.2728087641298753 894.89948111400008 16.825261749327183 23.283953102305532 47.564705114811659 12.996192440390585 4.1906908210366955 26.596071749925617 5.236424181610345 4.3562552854418746
leaf_count=3445 1712 3357 4486 3178 467 205 317 4849 1828 49 118 132 2419 1537 451 217 194 435 230 41 97 32 263 1085 66 286 357 175 712 118 237 231 229 322 245 195 372 75 1152 34 264 234 1270 180 278 49 62 124 274 83 5244 1925 138 12117 126 225 558 119 56 242 32 100
internal_value=0.000274365 0.00136762 -0.00533059 0.0016542 0.000480674 -0.00327363 0.00508693 -0.00364709 -0.00424553 0.0039944 -0.00589205 0.00190509 -0.00430657 -0.00838969 0.000423067 0.0188977 0.00120003 0.00443695 0.0148426 0.0253709 0.00511121 0.0328592 -0.000202475 0.00222774 -0.00018165 0.00958003 0.0155065 0.00228103 0.00758085 0.0217242 0.00861656 0.00304825 0.00536888 0.00923246 0.00693157 -0.00104654 0.0238887 0.0313961 -0.00166661 -0.00764722 0.00832204 0.0113864 0.00897733 0.000447692 0.00522893 0.0124855 0.0172949 0.00509486 -0.00521915 -0.00484012 -0.00493584 -0.00848629 0.00982771 -0.000955835 0.00810541 0.0148576 -0.00035477 0.00707379 0.0218472 0.0120795 0.0180213 0.0206151
internal_weight=3648.44 3056.12 592.321 3005.28 2243.87 615.396 761.402 528.543 596.474 714.052 513.08 1628.48 450.315 241.656 286.887 36.9626 1479 443.832 72.7198 31.0699 41.6498 25.14 1035.17 371.112 283.186 87.9257 57.8425 24.828 105.032 20.5276 149.48 677.089 431.176 277.322 246.058 245.914 31.264 23.1304 153.854 81.2938 79.9761 126.4 217.814 61.6536 77.7235 42.9856 10.9804 72.5602 29.8079 178.154 443.136 124.763 11.5455 955.189 60.2897 43.4644 171.656 60.5609 18.9218 42.7524 31.8325 7.17946
internal_count=59650 44882 14768 43170 34253 13825 8917 11323 13564 8600 11736 20428 8558 6023 5300 266 19498 6309 835 303 532 262 13189 5474 4127 1347 880 523 896 184 930 8334 4782 2695 2017 3552 678 447 2087 1186 527 798 1772 502 564 286 237 901 398 3231 8340 2146 221 12662 545 419 3096 677 261 503 274 218
is_linear=0
shrinkage=0.03


Tree=93
num_leaves=63
num_cat=0
split_feature=15 7 4 17 11 17 11 20 29 4 9 4 7 12 14 3 17 1 9 4 18 7 15 4 7 17 20 14 20 25 34 20 29 0 29 25 25 9 8 17 0 16 15 7 8 8 13 14 23 23 8 12 22 16 3 4 11 13 18 25 4 15
split_gain=24.5844 13.4132 11.6568 11.7336 13.2916 10.9514 10.0894 10.1537 8.88462 8.42547 8.34594 7.74958 11.4343 7.26881 8.2988 7.09612 7.26917 8.6425 7.03813 7.01155 6.69938 6.68353 8.28974 6.35186 6.32116 7.94312 6.29275 6.09232 8.99915 6.96756 11.688 6.3325 6.07456 6.06922 6.52609 8.97375 6.59305 8.02657 6.58745 6.06441 5.98181 6.26567 7.34932 5.9494 5.85783 8.86301 8.5627 6.03694 5.64473 7.37193 7.30248 7.74199 5.61502 5.59139 6.56243 5.58229 5.52545 5.89068 5.49008 5.46396 6.08532 6.66629
threshold=-0.87416577339172352 -1.3425802588462827 -1.0000000180025095e-35 -0.442232996225357 -0.27547349035739893 0.15071965754032138 0.036560259759426124 0.030055848881602291 0.12916667014360431 1.2340945005416872 -0.4031390100717544 -0.58886259794235218 0.52100068330764782 -1.568534731864929 0.37387238442897802 1.4207482337951662 0.58624929189682018 0.53049299120903026 -1.542561888694763 0.79280021786689769 -0.40024028718471522 -0.21865916997194287 0.73107045888900768 -0.69432437419891346 0.53186443448066723 0.015351164620369675 -0.18348116427659986 -0.90419462323188771 0.24373264610767367 -0.59580814838409413 2.5000000000000004 0.40174445509910589 0.5419580638408662 -1.254937410354614 0.91287881135940563 -0.44565019011497492 -0.13044020533561704 -1.1338272690773008 -1.4068744778633115 1.4656333923339846 1.0000000180025095e-35 0.53880387544631969 0.84062969684600841 -1.0231593847274778 -0.083661079406738267 0.85336914658546459 0.65657913684844982 0.41878192126750952 -1.7717669606208799 0.46940854191780096 -1.0943310260772703 -0.66645434498786915 0.93864980340003978 -0.64327010512351979 0.6160244643688203 0.17242000252008441 1.2457470297813418 0.24136392772197726 -0.262730062007904 -0.35336041450500483 1.0255577564239504 0.70078271627426159
decision_type=2 2 2 2 2 2 2 2 2 2 2 2 2 2 2 2 2 2 2 2 2 2 2 2 2 2 2 2 2 2 2 2 2 2 2 2 2 2 2 2 2 2 2 2 2 2 2 2 2 2 2 2 2 2 2 2 2 2 2 2 2 2
left_child=2 5 -1 -4 -5 -2 7 21 40 10 -10 12 18 14 43 16 -11 -18 26 27 -16 22 -3 -14 25 48 -8 31 44 30 -30 -12 -7 55 38 -36 37 -37 -35 -31 41 53 -43 -13 47 46 -46 -29 -6 50 -50 -52 -22 -9 -55 -15 57 -45 -28 -23 -61 -62
right_child=1 6 3 4 24 32 11 8 9 15 19 13 23 33 20 -17 17 -19 -20 -21 52 59 -24 -25 -26 -27 58 28 29 39 -32 -33 -34 34 35 36 -38 -39 -40 -41 -42 42 -44 56 45 -47 -48 -49 49 -51 51 -53 -54 54 -56 -57 -58 -59 -60 60 61 -63
leaf_value=-0.019111282107972308 -0.012652432367064996 -0.015348103130470605 -0.011673798633975175 -0.009090902219807559 -0.0062078256510614766 -0.005359419924702763 -0.0095193148643063618 0.021692963330656876 -0.0073116151177930527 -0.0044436659083002547 -0.0070604233009149905 -0.010170691066897311 0.014847650387653713 -0.0047429768183841594 0.015605870844249485 0.027395534570305035 0.027300571372321222 -0.0066900562280198987 -0.012465912126402348 -0.013829454118038534 -0.017905369252630452 0.007053831153856059 0.0053601204984431682 -0.010154161938315679 -0.0065900187860580533 -0.0046211107765022144 0.030230611835307772 -0.01124381095360176 -0.010047618220835646 -0.0036614818066576277 0.02821100230326952 0.016877048160003575 0.014159226452822544 -0.0046031168512817404 -0.010622059777815933 -0.010151628216768393 0.0061744728658489857 0.023084756147476536 0.002650131530172429 0.0096841982870723136 -0.0026223731133139185 0.032123031866834295 0.0050333591028599864 0.029395986207990905 0.045334378814324013 -0.0027859076771244939 -0.0081296565231413521 0.01608876016008208 -0.0069227472442599178 0.0012635707204671951 0.0029205424671000135 0.053663257239837413 0.014505407518097868 -0.0077132455406310422 0.019448683246524521 0.030161193072341504 0.0006030983418324297 0.0036363662093809603 -0.0089825762107620787 -0.0059561801259524622 0.019303984428131374 -0.011251926933741111
leaf_weight=65.192010024562478 102.4193670572713 79.393060151487589 81.351382212713361 32.395041240379214 2.4565567160025266 25.946792903356254 7.2914880011230707 7.3864415753632775 144.60321641340852 33.861307810992002 10.004391510970889 3.643624283373355 31.29093598946929 4.2053346689790478 7.517235895618799 11.074773520231245 13.85467989370227 7.917547531425952 84.375295770354569 22.496076548472047 15.920805856585504 43.212914638221264 19.198408465832472 8.3035584632307273 7.3578097512945524 7.5042920857667914 6.0973447896540165 11.120885562151672 8.6949993511661887 289.86830675508827 12.734823385253549 36.21574717387557 22.497026709839702 116.83121000044048 18.743877140805125 4.7420474514365187 179.41204174980521 39.980545775964856 1578.1624069614336 29.381079303100705 27.36840670183301 19.502155225723982 17.72381604090333 34.673325851559639 8.6923850877210516 6.59543462563306 1.6778381802141655 8.2832198422402126 1.4371321871876777 6.1733633819967499 3.9644319284707352 11.326861425302916 2.1824798118323079 29.495020983740687 5.4500849023461333 8.4950572066009027 11.596831539645789 11.95013442263007 1.8975225612521152 181.8270925572142 14.084367716684939 5.7333373501896849
leaf_count=3569 3027 2638 3865 1616 99 437 150 182 2602 361 155 78 507 105 121 68 114 57 1613 289 299 1058 256 117 213 197 95 234 149 5090 215 367 359 1186 241 64 1762 431 16346 287 391 314 144 512 207 154 35 196 53 140 136 388 25 651 65 120 139 140 33 5112 209 45
internal_value=0.000691945 0.00131821 -0.008936 -0.00416203 0.00446333 -0.00728611 0.00172386 -0.000605857 0.00132202 -8.77884e-06 -0.00117881 0.0029075 -0.00383956 0.00337678 0.0116225 0.00970619 0.00421611 0.0159988 -0.00914976 0.000869664 -0.00245155 -0.00485185 -0.0112516 0.00905378 0.0151785 0.020279 0.00771531 0.00180323 0.000477968 -0.00111082 0.0137237 0.0115123 0.00418158 0.00297819 0.00281063 0.00736613 0.0090694 0.0188942 0.00213812 -0.00230286 0.00913505 0.0130956 0.0213485 0.0171987 0.0136958 0.0243172 0.0368535 0.00132971 0.0271952 0.0312485 0.0394769 0.044469 -0.0117044 0.00434954 -0.00157286 0.0205287 0.0195805 0.0237852 0.0210485 -0.00210142 -0.00418661 0.0099781
internal_weight=3654.79 3435.63 219.159 153.967 72.6155 150.863 3284.76 1107.45 764.003 657.077 590.368 2177.31 139.256 2038.06 87.4844 66.7083 55.6335 21.7722 99.6617 445.765 25.6205 343.449 98.5915 39.5945 40.2204 32.8626 15.2864 423.269 377.049 340.679 21.4298 46.2201 48.4438 1950.57 1937.87 242.879 224.135 44.7226 1694.99 319.249 106.926 79.5575 37.226 61.8639 36.3698 16.9657 10.3702 19.4041 25.3583 22.9018 16.7284 15.2913 18.1033 42.3315 34.9451 12.7004 58.2203 46.6235 7.99487 244.858 201.645 19.8177
internal_count=59828 49552 10276 6707 2842 3823 45729 21645 12327 10580 9980 24084 2515 21569 1314 600 532 171 1891 7378 445 9318 2894 624 1226 1013 278 7089 6567 5741 364 522 796 20255 20030 2498 2257 495 17532 5377 1747 1356 458 869 826 396 242 430 816 717 577 524 324 898 716 225 791 652 128 6424 5366 254
is_linear=0
shrinkage=0.03


Tree=94
num_leaves=63
num_cat=0
split_feature=15 11 6 11 21 32 3 32 23 3 22 20 0 8 25 5 13 11 9 11 9 15 15 26 9 8 25 5 23 23 25 18 8 16 25 3 34 25 6 23 13 23 11 31 8 21 5 22 20 20 16 30 11 5 9 11 15 29 9 9 6 6
split_gain=27.2276 14.5168 11.3843 12.1682 8.9912 11.3328 8.36664 9.47006 8.3121 8.22558 8.18571 7.444 7.47398 6.38288 8.7895 8.72199 10.489 9.2296 8.0057 7.84651 7.00364 7.03446 8.79868 6.53066 6.40125 6.51048 6.09038 5.95374 6.60968 8.09759 11.9421 7.62176 6.94932 6.57112 6.06851 6.41032 5.86723 5.67152 13.1705 13.652 8.65252 9.56911 11.3547 8.47831 9.69188 8.34164 7.7074 7.97462 7.6602 7.48593 7.35713 6.71669 5.86196 10.7763 11.0391 7.8539 6.43756 7.56698 5.90667 5.70542 5.64257 5.53357
threshold=-1.0821889638900755 0.86423179507255565 -0.4256902933120727 -1.0813010931015012 1.3856074810028078 7.5000000000000009 -1.1322949528694151 12.500000000000002 0.67899614572525036 1.2784881591796877 0.38923390209674841 -0.31836405396461481 -0.65881773829460133 0.099043894559144988 -0.41258332133293146 -0.10845717415213584 -0.7981724441051482 0.08535808697342874 -0.070403374731540666 -0.33925813436508173 0.8978787660598756 0.39302809536457067 -0.55106520652770985 -1.3405264019966123 -0.18370033800601956 0.51137530803680431 -0.69682997465133656 -0.9246748387813567 0.41017347574234014 0.65309941768646251 0.54386845231056224 -0.61627307534217823 0.82433876395225536 1.4495776891708376 -0.28460356593132013 -0.023729142732918259 1.5000000000000002 -0.025170026347041127 1.0052202939987185 0.53466880321502697 1.2922713756561282 0.54429334402084362 1.2457470297813418 0.6428571641445161 -1.1519594788551328 0.58465006947517406 -1.2055478692054746 1.1397050023078921 -0.84198680520057667 0.98227065801620495 0.57941630482673656 -5.7083332538604727 -0.21636962145566938 0.60079380869865429 0.56281822919845592 -0.73539656400680531 0.43537773191928869 0.17156863212585452 0.46157290041446691 0.95807054638862621 -0.76054051518440235 -1.4999637603759763
decision_type=2 2 2 2 2 2 2 2 2 2 2 2 2 2 2 2 2 2 2 2 2 2 2 2 2 2 2 2 2 2 2 2 2 2 2 2 2 2 2 2 2 2 2 2 2 2 2 2 2 2 2 2 2 2 2 2 2 2 2 2 2 2
left_child=1 -1 3 -2 5 -4 7 -7 11 13 -11 12 -3 14 18 -15 17 -17 -5 -20 21 22 -21 -18 -25 -26 -6 -28 32 30 34 33 -29 -31 -30 -36 -14 38 40 59 41 50 43 44 -43 48 47 -39 -44 -45 -8 -52 53 54 -48 -56 58 -58 -55 -40 -19 -24
right_child=2 8 4 9 26 6 37 -9 -10 10 -12 -13 36 15 -16 16 23 60 19 20 -22 -23 61 24 25 -27 27 28 29 31 -32 -33 -34 -35 35 -37 -38 46 39 -41 -42 42 45 49 -46 -47 52 -49 -50 -51 51 -53 -54 56 55 -57 57 -59 -60 -61 -62 -63
leaf_value=-0.015906029572505927 -0.01449203909911741 -0.010060004943093554 0.014765209163338342 -0.011483412449647715 0.027070258761337868 0.0064195089646454572 0.0015414478620437472 -0.014021670891160633 -0.016387188757778798 0.00077785032514212445 0.026049409259055963 -0.010863637871547581 -0.0051305051422454841 -0.012140902625325847 -0.01202963890997024 -0.0032073796766872234 0.012007085914800758 0.03709464757834325 -0.0088984604842859364 -0.0056293741707099066 -0.0070368043648224793 -0.0048176400313895409 -0.0021035361466082625 -0.010908808560264873 0.013686410918231362 -0.0031613085643099098 0.018727326003545982 -0.010021269974773268 0.0044499393505335319 -0.01465996171260521 -0.0096112062325493276 0.0050564279018061545 0.011335256772183264 0.012907716173062562 -0.00078005852304180521 0.036137746555562143 0.037893772482551331 -0.017218571242449663 0.039990996377644306 0.0067530132039804597 -0.017010579909725206 0.009706712914018199 -0.0041458561445594112 -0.0028181465275048329 -0.013765925938576399 -0.011127426899390792 -0.010841954530137261 0.015808247708602664 0.025246554062664753 0.02374697485681489 0.031658766473197708 0.0077921864745777898 0.0007938021095472308 0.029148999245030983 0.013712954374134823 -0.0048300314881555822 0.022642616413400977 -0.010956042515606501 -0.00082726861424687768 -0.0033565102414953598 0.00089063638493028642 0.054050882315522041
leaf_weight=132.78017287328839 73.525538175366819 2.4068417679518506 44.458328748121858 14.645618537440894 6.3793028760701409 25.10157604701817 212.79317507334054 66.670724241994321 5.3421068862080565 33.237513147294521 12.933580890297888 4.1357298363000163 2.1412278525531283 38.719593960791826 110.50958899408579 11.10510891210288 26.480368505232036 12.461654253304006 7.3783427244052318 2.2914701523259291 3.8736736271530381 3.0437324736267319 1.3939433731138704 52.213708913885057 24.200000233948231 66.1030712435022 20.444054326042533 50.154495388269424 13.823569156229494 29.340550556778908 10.202214319258927 255.43523389101028 13.696331555023788 5.8739590197801581 4.8046479523181906 21.079503446817402 11.138482903130351 35.790396782569587 12.067104777321218 161.72485961765051 19.354930626228452 14.682068504393099 9.6417936757206935 32.548471799120307 111.99122773297131 9.2071442827582342 159.24896406754851 3.7988145798444739 21.373584430664778 8.0321742407977563 8.6192983258515579 80.411634026095271 1406.6452715657651 12.653100200928749 29.725671061314642 46.054892094805837 3.2274041511118439 17.943621296435595 8.4930116795003396 2.3829394504427901 5.3015383388847104 7.3313058326020837
leaf_count=7103 3392 93 373 403 55 449 3770 1766 123 460 178 127 72 1228 3719 353 660 279 260 82 99 51 44 1355 631 1659 243 774 118 191 76 1738 180 27 73 190 350 704 124 1309 284 183 107 381 1289 72 2980 54 199 74 137 1114 15709 238 617 761 32 177 162 23 105 175
internal_value=-3.98785e-05 -0.0120278 0.00051707 -0.00361969 0.00122166 0.000543287 0.000263661 -0.00838779 0.00768031 -0.00163017 0.0097106 0.0161609 0.0241895 -0.00308959 -0.00781164 1.315e-05 0.00263215 0.0178708 0.00389431 0.0132183 0.0222737 0.0300764 0.0382114 -0.00040967 -0.00304554 0.00183482 0.00520365 0.00456426 0.00362831 0.00528493 0.0158889 0.00322611 -0.00494969 -0.00902841 0.0227829 0.0302682 0.0314507 0.000607171 0.00286413 0.00984488 0.000467347 0.00129048 -0.00361798 -0.00705811 -0.01078 0.00988557 -0.000321391 -0.0126322 0.0168022 0.00446807 0.00466857 0.0116633 4.56398e-06 -0.00394146 -0.00646248 0.0028422 0.00926359 -0.00248677 0.0192536 0.0338174 0.0288584 0.0475815
internal_weight=3660.57 157.945 3502.63 506.749 2995.88 2564.64 2520.18 91.7723 25.1644 433.224 46.1711 19.8223 15.6866 387.053 150.468 236.585 197.865 28.8683 39.9581 25.3125 17.9341 14.0605 11.0167 168.997 142.517 90.3031 431.234 424.855 404.411 340.56 49.9099 290.65 63.8508 35.2145 39.7077 25.8842 13.2797 2428.41 704.83 176.175 528.656 509.301 207.476 167.254 126.673 40.2225 1723.58 39.5892 31.0154 40.5806 301.824 89.0309 1683.99 277.347 235.03 75.7806 42.3171 21.171 21.1461 14.45 17.7632 8.72525
internal_count=59754 7868 51886 15133 36753 33088 32715 2215 765 11741 638 642 515 11103 4833 6270 5042 737 1114 711 451 352 301 4305 3645 2290 3665 3610 3367 2413 457 1956 954 218 381 263 422 30500 9066 1456 7610 7326 2305 1927 1472 378 21434 758 306 455 5021 1251 20676 4967 4358 1378 609 209 400 147 384 219
is_linear=0
shrinkage=0.03


Tree=95
num_leaves=63
num_cat=0
split_feature=4 16 32 14 9 3 14 21 15 8 8 12 7 25 8 4 3 1 3 16 5 8 21 23 24 15 22 21 12 22 7 14 15 23 23 24 22 16 12 15 22 22 5 22 3 19 12 23 21 9 10 25 19 24 25 23 14 8 22 7 32 8
split_gain=19.8239 13.8193 13.2359 12.7926 16.9453 8.97491 8.6282 8.81014 8.19312 7.49432 7.36742 7.04402 6.91689 9.10261 13.7321 9.63237 7.92879 7.38073 8.60252 6.92019 9.47823 6.74347 8.7784 10.0488 9.6029 6.73303 6.12502 6.04062 7.8842 8.60252 6.12961 5.87751 5.85482 5.68863 6.72862 5.55268 6.68643 5.54865 5.51019 5.80825 6.66689 5.51003 8.72846 9.72173 8.07036 9.42609 7.32029 6.95228 6.82407 6.69919 6.3625 6.33452 7.54647 6.36525 10.7105 6.34907 7.68217 6.29056 6.31865 5.79695 5.70652 7.84233
threshold=-0.037920959293842309 1.0000000180025095e-35 9.5000000000000018 -1.7817230820655821 -1.542561888694763 0.62921172380447399 0.61778017878532421 -0.43088333308696741 -0.011619723867624996 1.7417139410972597 2.0947523117065434 -0.59396466612815846 -0.048996914178133004 -0.2886137962341308 -1.0279243588447569 -0.30689410865306849 0.46336124837398535 0.70293352007865917 -0.72122421860694874 1.2068328857421877 0.65471684932708751 0.7804735302925111 -0.19741194695234296 0.10523957759141923 0.051901230588555343 -0.1766928285360336 1.071655333042145 1.265677869319916 0.25836312770843511 1.2487248778343203 -0.60572963953018177 -1.5160347819328306 1.7307633161544802 1.080766558647156 0.86667206883430492 0.37908884882926946 0.30590699613094335 -1.4703593254089353 -0.551875740289688 -0.34570795297622675 1.1117325425148012 0.33393457531929022 0.12134637683629991 -0.30691333115100855 -1.4509995579719541 -1.0700013637542722 1.0934068560600283 0.45983290672302252 1.7157173752784731 -0.44791252911090845 0.9929681420326234 0.037765258923172958 0.53628823161125194 -0.091450687497854219 0.51139450073242199 0.25508962571620947 -0.40769925713539118 -0.23700874298810956 0.13925027102231982 0.42972676455974584 14.500000000000002 0.099043894559144988
decision_type=2 2 2 2 2 2 2 2 2 2 2 2 2 2 2 2 2 2 2 2 2 2 2 2 2 2 2 2 2 2 2 2 2 2 2 2 2 2 2 2 2 2 2 2 2 2 2 2 2 2 2 2 2 2 2 2 2 2 2 2 2 2
left_child=1 10 8 21 32 6 41 -8 -2 27 35 -10 19 15 16 17 -15 18 -14 20 26 25 24 -24 -23 -4 -3 -7 29 -29 -30 -20 -5 34 -18 -1 -37 -9 -38 -40 -41 42 44 50 -6 49 -45 51 59 -46 -44 52 55 -53 -55 57 -57 58 -47 -43 -59 -62
right_child=2 12 3 4 5 9 7 37 11 -11 -12 -13 13 14 -16 -17 33 -19 31 -21 -22 22 23 -25 -26 -27 -28 28 30 -31 -32 -33 -34 -35 -36 36 38 -39 39 40 -42 48 43 46 45 47 -48 -49 -50 -51 -52 53 -54 54 -56 56 -58 60 -60 -61 61 -63
leaf_value=-0.015990391885367664 0.019446711778303535 -0.013536801778548962 0.023940276239467238 -0.011023768732813037 -0.013519888606929769 0.0015378846071545571 -0.018533885165236959 0.016508989576262782 -0.005902596521070824 -0.012614570581095186 0.017905709763093046 0.0076686623379774383 -0.0081484682949393775 -0.0076961478981878119 -0.0057318470326879895 -0.0082346615075213504 0.0056399163988983172 -0.0056440492880240846 -0.0083697918339412734 0.014015782726532857 0.0042282191760415417 0.016176146397849294 -0.010691282406859978 0.022527566692259231 -0.014314556724688846 0.0008221351505496978 0.0092239523981667675 0.0070805083487160223 -0.020130077005240259 0.027167668862677116 0.003942577320432808 0.032206456364871912 0.015594769139774605 0.00043905438397382618 0.04211853358996364 -0.012723617716418422 -0.0098041890746494147 -0.0049857594709210177 -0.0071272611944361288 0.036989807709404895 -0.0067286170425830769 -0.00059668577344332817 -0.010195961885837412 0.015534210987045239 -0.0093667560145767586 -0.01145804580072915 -0.010512994044634492 -0.003662623808607525 0.0090314104908703428 0.032617248054326489 0.014543754729682366 -0.0085626704165537131 0.023798989394813955 0.039741041925248577 -0.00097960083299077072 0.024278794056421964 -0.00053871328308854546 0.010835109692110208 0.013068704020108625 -0.009199103371322747 0.014192882601351056 -0.0068086106316512596
leaf_weight=124.66813451051712 40.110194459557533 117.24116635322571 7.467561067081987 139.20083098299801 34.361228005960584 959.55971535854042 42.765389563515782 7.0418884754180899 38.678233904764056 24.575450042262673 3.076719435863196 174.17948652990162 4.407439742237325 9.0220246491953713 150.42579923383892 13.277784600853918 9.3965805377811247 7.4568402823060742 1.5591282993555058 9.7140595056116563 41.998045575805008 11.712601327337326 6.387624883092939 60.27021062374115 15.968861011788247 129.92883300874382 8.2131482427939755 71.814451470971107 5.095273967832326 24.407845953479409 184.86824472434819 27.634126686491079 3.5811950005590907 9.077443325892089 8.9878126755356771 23.539540271274745 6.2249979209154871 110.75095839146525 3.9548158571124086 6.825527617707845 2.4413109142333269 137.50716583058238 31.386825175024569 86.301839201711118 2.1226951181888571 66.804506813175976 7.3849730379879466 252.46409923397005 30.208203956484795 8.2012061187997443 7.8265280919149509 4.5315366936847594 8.0897370446473342 9.2521688360720891 9.4214534983038885 15.25113447755575 24.713592270389199 40.348443386144936 6.6504828976467243 141.30138502269983 15.615361170843242 67.653131881728768
leaf_count=6006 895 2790 179 2975 1364 9224 1531 268 424 211 129 1253 179 214 2312 221 151 104 18 85 774 197 106 398 149 1075 164 493 34 182 1200 573 27 81 94 551 134 2572 120 122 42 3198 574 1163 76 2349 92 3624 432 260 127 155 187 175 147 241 478 1122 237 2812 521 2338
internal_value=0.000253256 -0.00476319 0.00122344 0.000625812 1.36067e-05 0.000610247 -0.00128519 -0.00763227 0.00772769 0.00235116 -0.0118276 0.00512377 -0.00177497 0.0015285 -0.00167928 0.0117747 0.0137067 0.0184371 0.0238202 -0.00619176 -0.00773639 0.00730022 0.0132759 0.0188204 -0.000912274 0.00287512 -0.0117503 0.00269564 0.00648445 0.0132661 0.0027972 0.0291324 -0.0098511 0.0208405 0.0286662 -0.012876 -0.00311855 -0.00308086 0.00873244 0.0177553 0.0271507 -0.000240905 0.00123546 0.00800323 -0.000411309 0.000554942 0.0130524 -0.000126199 -0.00354406 0.0237453 -0.00417188 0.00320724 0.00162312 0.0166868 0.0233284 0.000390285 0.0105786 -0.00188647 -0.00854608 -0.00504169 0.00224916 -0.00228933
internal_weight=3654.9 589.142 3065.76 2812.79 2581.06 2438.28 1167.96 160.558 252.968 1270.32 170.731 212.858 418.411 241.245 186.91 54.3353 36.4839 41.0575 33.6007 177.166 167.452 231.736 94.3393 66.6578 27.6815 137.396 125.454 1245.75 286.186 96.2223 189.964 29.1933 142.782 27.4618 18.3844 167.654 42.9862 117.793 19.4467 13.2217 9.26684 1007.4 698.381 132.9 565.481 531.12 93.6868 520.796 309.017 10.3239 39.2134 268.332 245.126 23.2052 18.6736 237.037 39.9647 197.072 73.455 278.809 123.617 83.2685
internal_count=59929 14864 45065 42493 40389 37387 26043 4371 2572 11344 7104 1677 7760 3947 2852 1095 540 874 770 3813 3728 2104 850 504 346 1254 2954 11133 1909 675 1234 591 3002 326 245 6975 969 2840 418 284 164 21672 15230 1956 13274 11910 1255 11574 6442 336 701 7950 7473 477 322 7286 719 6567 2586 6010 3981 2859
is_linear=0
shrinkage=0.03


Tree=96
num_leaves=63
num_cat=0
split_feature=11 21 32 26 25 7 12 12 13 8 21 25 14 26 9 23 7 14 25 31 6 21 2 9 6 15 16 21 14 29 8 21 23 1 26 27 13 0 12 14 11 30 12 14 8 16 31 32 21 16 32 23 14 13 14 29 14 32 12 2 7 31
split_gain=16.2375 19.088 11.4731 9.47687 13.6858 9.29555 9.08747 11.1962 8.74668 10.3335 8.77021 8.31585 11.1923 8.78986 8.10627 8.50666 6.81343 6.62896 6.50339 7.24097 6.75355 6.6348 6.39231 6.42516 6.26803 7.16853 8.51774 9.00604 6.53513 9.86815 8.72998 7.57937 8.4237 7.47098 6.83135 7.05028 6.76481 6.42581 6.20275 7.56806 7.7664 6.53283 6.28762 6.16122 6.07 9.17103 10.3071 10.1612 11.3457 6.75758 10.0198 14.1704 8.54015 7.831 5.97787 6.21552 5.85477 5.81869 5.81659 6.77663 6.5664 9.34443
threshold=0.22568751126527789 -0.16339561343193051 9.5000000000000018 -1.260078430175781 -1.0000000180025095e-35 0.24135378003120425 0.60550022125244152 -1.6415488123893736 0.61951321363449108 1.2884494662284853 0.062305234372615821 0.30209359526634222 -2.8263701200485225 1.5132408738136294 1.5080313682556155 -0.099222555756568895 -0.56873401999473561 -2.4485961198806758 -0.83276501297950734 -0.92857143282890309 -0.98886486887931813 0.21705467253923419 0.40402494370937353 -0.041099790483713143 1.3273013234138491 1.0804321169853213 0.7060753107070924 1.0691730380058291 -1.2571579217910764 0.12132352963089944 1.0518922805786135 -1.0318311452865598 0.69644734263420116 -0.34545730054378504 0.96498042345047008 6.5000000000000009 -0.7981724441051482 0.91561946272850048 0.8322277069091798 0.53468039631843578 1.1595193743705752 -5.7750000953674308 1.21311891078949 0.39207851886749273 -0.36271837353706354 0.99005034565925609 0.35714286565780645 11.500000000000002 1.9256711602211001 0.47150073945522314 15.500000000000002 0.49687351286411291 -0.40769925713539118 -0.61951321363449086 0.83673620223999035 0.64495798945426952 -0.75554636120796193 11.500000000000002 -0.53867638111114491 1.2661823034286501 -0.56873401999473561 0.6428571641445161
decision_type=2 2 2 2 2 2 2 2 2 2 2 2 2 2 2 2 2 2 2 2 2 2 2 2 2 2 2 2 2 2 2 2 2 2 2 2 2 2 2 2 2 2 2 2 2 2 2 2 2 2 2 2 2 2 2 2 2 2 2 2 2 2
left_child=1 17 -2 4 6 -6 7 -3 9 10 -9 13 -13 24 18 -16 -14 -1 21 -20 -21 -5 23 -15 28 37 43 -28 29 -4 -31 36 33 -33 -34 -36 -30 -26 39 -35 41 -41 -40 -27 58 47 -47 48 -46 50 51 -49 -51 -53 -42 -56 -12 -7 59 -22 61 -60
right_child=2 3 11 14 5 57 -8 8 -10 -11 56 12 16 22 15 -17 -18 -19 19 20 44 -23 -24 -25 25 26 27 -29 31 30 -32 32 34 38 35 -37 -38 -39 42 40 54 -43 -44 -45 45 46 -48 49 -50 52 -52 53 -54 -55 55 -57 -58 -59 60 -61 -62 -63
leaf_value=0.013520644648194944 0.0091801275614348948 -0.011304576667061474 0.02364945485251526 -0.011622540234172042 -0.01530690549005348 0.02086225308574529 7.1775691930925177e-05 -0.0052150813923836619 0.00025523322871796156 -0.0077848879395125007 0.0053671264809424897 0.01043545667390078 -0.013243104598893564 -0.00026068425207985852 -0.012452915218645074 0.023005792683215943 -0.0025691290804380974 -0.0094386257075421923 -0.010854387374645428 -0.011613536396277283 -0.015099152358058985 0.019998900059170637 -0.0075203790128404767 0.027813093485735005 0.014459996240446405 0.023011260461685598 -0.0061366254507275774 0.0071455309938609976 0.008356653320330391 -0.0026140407479575472 0.014946412423942063 -0.0083970763798046199 -0.00049301950138661845 0.0091285747599292501 -0.017596549338555634 0.0053696618119413939 -0.0093334206197935709 -0.003715720578292025 -0.0073444970844111605 0.013665992933745262 -0.0031604174676722048 -0.0092533945269399256 0.010862882942554674 -0.0054704303877842111 0.0050091851706517265 0.022768410903725732 -0.0059758791070207012 -0.00049121726380148571 0.039459992364612777 0.0024003414272496079 -0.0041608010635289551 -0.0023455336345058141 -0.011765374071848749 0.029845085521712403 0.035931754742640355 -0.0011523794497345916 0.054043772505404028 -0.00017015824263735366 -0.0024285471085982407 0.015762557939777426 -0.0032429276188524073 0.032458406618641869
leaf_weight=7.5021197656169525 171.38723959494382 4.0376312732696524 20.934514267370105 4.4150553448125747 23.460929381661117 11.235180421732364 18.322684952989221 2.0884968480095329 6.9392901230603448 2.5222268411889663 3.7875129226595226 42.01997896283865 69.160073958337307 9.8999544624239189 4.7152599263936308 17.810294093564153 209.13041076622903 309.3845471246168 75.526454471983016 50.547388165257871 52.470137161202729 17.674496371299028 6.4929835833609095 22.358075280673802 93.302623279392719 20.742384456098083 104.36385551095009 74.257752254605293 19.206295827403665 78.362121448852122 31.966548010706902 36.946980788372457 499.01237582787871 264.87944684829563 37.900967763736844 14.017190543934701 114.27965023275465 19.128371018916368 59.279000025242567 8.8485631942749006 11.312028249725701 62.177020677365363 18.425204070284963 7.0607018545269957 78.422770330682397 29.254054030403495 14.109591571614144 60.017015353776515 5.0136823598295441 57.667245911434293 124.80477484036237 7.8881873134523621 101.03800397366285 25.183351833373308 6.9081945884972793 5.7199049815535545 17.379439026117321 43.418232863768935 15.361023941077294 3.1341441851109257 304.07239781133831 6.688605614937841
leaf_count=144 1473 106 193 131 500 109 303 51 122 47 41 269 1138 159 163 229 2093 12007 1342 2130 1164 321 66 279 694 115 594 338 558 803 349 824 4804 4318 400 142 2995 129 930 172 172 1190 291 45 884 233 115 1536 36 561 3094 99 1618 316 93 83 324 745 330 37 5165 139
internal_value=0.000169787 -0.00221256 0.00184787 -0.000456121 0.00693585 -0.00126555 0.0177049 0.025434 0.0308655 0.0377256 0.0431657 0.00118771 -0.00320175 0.00204808 -0.00141692 0.0146695 -0.00540872 -0.0086935 -0.00183655 -0.00221503 -0.00146368 0.0127 0.0153276 0.0203185 0.00168177 0.00541415 0.0019941 -0.000570664 0.000742003 0.0069567 0.00290132 1.12392e-05 0.000896798 0.00380684 -0.00162121 -0.011469 -0.00657831 0.0113411 0.00492058 0.00656506 -0.000684085 -0.00568705 -0.00263145 0.0160469 -0.000822068 0.00133782 0.0137648 3.10335e-05 0.00919327 -0.00209274 0.0013395 0.00855 -0.00670201 0.0228673 0.0125769 0.023572 0.0480237 0.00553973 -0.00365087 -0.0122027 -0.00203053 0.0121978
internal_weight=3645.37 1505.89 2139.48 1189.01 133.192 78.1143 55.0773 36.7546 32.717 25.7777 23.2554 1968.09 320.31 1647.78 1055.81 22.5256 278.29 316.887 1033.29 1011.2 935.672 22.0896 38.751 32.258 1609.03 318.856 206.425 178.622 1290.18 131.263 110.329 1158.91 1025.43 474.496 550.931 51.9182 133.486 112.431 437.549 359.845 94.9657 71.0256 77.7042 27.8031 885.125 503.399 43.3636 460.035 83.4365 376.599 217.893 93.0886 158.705 33.0715 23.9401 12.6281 21.167 54.6534 381.726 55.6043 326.122 22.0496
internal_count=59851 34142 25709 21991 2348 1354 994 691 585 463 416 24236 3500 20736 19643 392 3231 12151 19251 18799 17457 452 504 438 20232 1915 1092 932 18317 1345 1152 16972 13419 8073 5346 542 3553 823 7249 6028 1710 1362 1221 160 15327 8492 348 8144 920 7224 5045 1951 2179 415 348 176 365 854 6835 1201 5634 469
is_linear=0
shrinkage=0.03


Tree=97
num_leaves=63
num_cat=0
split_feature=3 4 9 7 11 11 9 11 14 15 26 26 6 25 6 10 13 1 9 21 4 29 26 11 3 2 20 23 13 17 9 10 10 11 12 7 20 15 12 8 12 21 25 10 12 9 16 11 16 23 14 25 21 13 15 11 12 20 21 29 9 12
split_gain=15.6101 10.167 10.6834 9.38856 9.32778 8.88166 8.42857 10.3433 8.70237 8.30385 8.03042 8.17405 7.98833 7.95758 10.2541 8.27088 7.65575 7.81285 7.59345 10.2553 7.73438 9.30466 8.37529 8.27703 7.96201 7.76775 8.24222 7.27764 7.08811 7.66045 7.02903 6.90906 8.24878 7.06151 9.42821 7.29149 6.86288 6.81612 9.24958 7.19335 10.2667 6.70616 6.67088 6.59566 6.52608 6.51791 6.62833 6.50407 7.54951 8.50907 6.6542 6.46369 6.46234 8.71692 6.63205 6.45538 6.34502 6.09865 6.8388 5.98148 5.92745 5.86908
threshold=-0.87155097723007191 -0.063147414475679384 -2.1104872226715083 -0.60572963953018177 -1.7223862409591673 -0.53484097123146046 1.5080313682556155 0.35920882225036627 -0.3753096312284469 -0.87416577339172352 0.90322747826576244 1.1703364849090578 -1.6882053613662718 -0.070419464260339723 1.2137548923492434 -0.58065038919448841 2.5572278499603276 -0.88294306397438038 0.47991286218166357 0.87905642390251171 -0.25772756338119501 0.79285714030265819 1.011988699436188 -0.83507922291755665 -0.49770912528038019 1.1483894586563113 0.98227065801620495 1.1176006793975832 -0.40757127106189722 1.871271073818207 0.48046085238456732 1.1110197901725771 -0.2159721031785011 0.3243370801210404 -0.097801011055707918 -0.26261734962463373 1.448083817958832 0.22739341109991076 -1.9332641959190366 -0.36271837353706354 0.70669826865196239 0.64960786700248729 1.1605503559112551 -0.85411435365676869 -1.4911261796951292 1.2083774209022524 0.9130220115184785 0.27024970948696142 -1.9418054819107053 0.13176772743463519 -0.13370531797409055 -0.37860259413719172 -0.14217275381088254 0.90792819857597362 -1.1449727416038511 0.56066706776618969 0.3561625480651856 0.38096958398818975 0.78259679675102245 0.86190477013587963 0.92312008142471325 -1.1831317543983457
decision_type=2 2 2 2 2 2 2 2 2 2 2 2 2 2 2 2 2 2 2 2 2 2 2 2 2 2 2 2 2 2 2 2 2 2 2 2 2 2 2 2 2 2 2 2 2 2 2 2 2 2 2 2 2 2 2 2 2 2 2 2 2 2
left_child=5 3 -3 27 -4 36 8 51 37 -5 -7 30 -10 18 -15 -16 17 57 19 20 21 22 23 -11 -25 26 -26 -2 29 31 -12 32 33 34 35 -19 -1 39 -39 40 43 -17 47 -6 -33 46 -44 48 49 -30 -49 -8 53 54 -52 -42 -35 -14 -59 -53 -46 -13
right_child=1 2 4 9 6 10 7 -9 12 13 11 61 16 14 15 41 -18 28 -20 -21 -22 -23 -24 24 25 -27 -28 -29 42 -31 -32 44 -34 56 -36 -37 -38 38 -40 -41 55 -43 45 -45 60 -47 -48 50 -50 -51 52 59 -54 -55 -56 -57 -58 58 -60 -61 -62 -63
leaf_value=-0.013854815657036538 -0.015451116525744749 -0.010022854891415085 -0.012709782375964419 -0.016169039771005304 0.013398414539872601 -0.0050010517055077038 0.00043221587513505612 -0.00015072858375490836 -0.017454264019514429 -0.0033039648644666601 0.032984012103235441 0.017189703599889507 0.00088277714351691575 -0.0067996415953419263 -0.0089527515113307435 0.00065305708000119574 0.0098192006160412841 0.021875885549691457 -0.0033565487807906327 -0.0045729701867337387 -0.0060005739017042481 -4.7733552679460288e-05 -0.0079443102935636417 -0.00746897220029984 0.052968411412036155 -0.0012149535733925502 -0.0040279161242125451 0.0065875714541468152 0.034053447792242168 0.026739906070820777 -0.003145235056480759 -0.011939254394769363 -0.003897621560954656 0.0088104644349705982 0.024505124501965188 -0.011267237376209386 0.013199070979644645 0.024237785953436078 0.0019531548465490977 0.012101181395792198 0.030442913658305967 0.020503760162116923 -0.011544951513042341 -0.010130414479997712 0.027156729679862303 0.018624033350881888 0.014763101870780251 -0.0067224578774967405 -0.0033320983715563338 -0.011492840450699768 0.01714634432309986 0.039889125035807431 0.0042345792608812251 0.014012609876712233 -0.0056037481104196677 -0.0041709993183897901 -0.011523697730568546 0.037362636967899029 -0.0030140614645478561 -0.0035159797209766085 -0.0081375924814084417 -0.01030300206052528
leaf_weight=118.03436416387558 73.411064546555281 66.517562375403941 34.781915804371238 26.017548955976963 8.9277471192181093 174.70832299720496 6.8734786454588201 25.580439606681466 17.083290445618331 3.8048161761835209 10.800847372971477 4.9858323307707932 16.012492245994512 182.66479006875306 20.636938693001866 28.496492659673095 74.196797555312514 3.5439844615757492 44.670410368591547 22.357306411489844 7.8122732294723383 12.020138275809584 2.8726926045492283 1.5817909408360744 19.992262086831044 2.9012579228729001 1.7702347449958313 13.342071980237959 5.1605899706482878 8.4776148367673141 5.8269520672038189 2.9228375898674157 116.75667301937938 24.456046994775534 29.501132505945861 14.971175706945358 5.206114604137837 12.270804429426788 650.94099134393036 154.49708768818527 9.0194495311006886 28.992901641875505 97.331962626427412 46.930061050690711 19.448870671913031 3.3442240860313168 5.1745182015001765 75.054876700043678 518.71671973075718 2.7147189527750015 7.5066257677972308 14.183596649207177 501.5263266004622 21.93245248682797 177.02110690996051 5.767302254214882 21.02774347178638 8.3969120290130359 4.2830781806260338 2.4592181053012601 2.8220501635223618 18.684754390269518
leaf_count=5881 2262 1196 925 1288 185 5225 109 278 580 120 290 133 306 3904 200 305 449 99 891 348 152 257 68 54 379 41 34 198 188 80 178 56 1895 387 541 302 180 111 4904 2904 202 239 1208 1056 308 40 54 756 9003 50 226 198 4433 350 2751 85 278 137 57 34 48 450
internal_value=0.000106705 0.000736886 0.00143323 -0.0032153 0.00172784 -0.00598369 0.00193569 0.0136702 0.00169456 -0.00124303 -0.00219984 0.00915599 0.000480183 -2.61897e-05 -0.00295991 0.00588666 0.000702924 0.000274424 0.00622375 0.0117752 0.0184994 0.0229326 0.0302227 0.0344841 0.0396143 0.0433839 0.0484458 -0.0118874 -1.59123e-05 0.0046538 0.022523 0.00331907 0.00135822 0.00778606 0.0152282 -0.00162077 -0.0122419 0.00411067 0.00254374 0.00857091 0.00056077 0.0115037 -0.000834185 -0.00557797 0.0167487 -0.00790078 -0.00959207 -0.000235153 -0.00279864 0.019987 0.0014956 0.0260946 0.00240785 -0.0020248 -0.00425034 0.0192999 -0.000800542 0.0145764 0.0267288 0.0341448 0.0220124 -0.00252421
internal_weight=3649.73 3311.48 2818.13 493.345 2751.62 338.247 2716.83 49.0967 2667.74 406.592 215.007 40.2984 1779.38 380.574 260.791 78.1263 1762.3 1688.1 119.783 75.1128 52.7555 44.9432 32.9231 30.0504 26.2455 24.6638 21.7625 86.7531 1659.41 243.928 16.6278 235.451 210.257 93.5001 48.0163 18.5152 123.24 888.353 663.212 225.142 70.6446 57.4894 1415.48 55.8578 25.1938 105.851 102.506 1309.63 526.592 7.87531 783.041 23.5163 707.987 206.46 184.528 14.7868 45.4838 28.6925 12.68 16.6428 22.2709 23.6706
internal_count=59846 47509 36769 10740 35573 12337 34648 619 34029 8280 6276 1051 24582 6992 4648 744 24002 23553 2344 1453 1105 953 696 628 508 454 413 2460 23053 3994 468 3914 3502 1607 942 401 6061 9447 5015 4432 1528 544 19059 1241 412 1302 1262 17757 9241 238 8516 341 7760 3327 2977 287 665 500 194 232 356 583
is_linear=0
shrinkage=0.03


Tree=98
num_leaves=63
num_cat=0
split_feature=15 32 7 23 23 20 25 17 17 17 32 14 24 25 20 24 10 11 15 12 16 6 6 16 11 3 20 25 6 7 7 3 10 22 5 26 15 16 31 20 5 12 16 20 17 28 1 26 6 26 5 11 7 7 28 26 20 4 2 25 10 14
split_gain=16.8598 13.0648 12.2169 9.2888 10.7128 9.39899 9.9207 9.58152 8.74975 11.8896 8.20964 7.53624 11.2543 13.1649 9.7707 7.94157 9.63518 8.36597 9.63956 7.21962 6.8887 9.42812 6.73239 6.70858 7.26141 10.3387 6.10781 7.84952 11.7191 6.905 11.7795 8.89936 7.514 7.01162 6.0855 10.0519 7.30554 8.63282 6.98159 7.95878 6.20404 6.21207 6.86589 6.57107 6.50539 6.28609 6.07173 6.27024 6.06521 6.02098 5.98437 5.88527 10.0038 8.18192 8.04448 8.10575 6.77858 8.66659 7.0663 5.8726 6.25565 5.85884
threshold=-1.0622653365135191 13.500000000000002 -1.551740229129791 0.33359599113464361 0.54429334402084362 0.93376669287681591 -0.57664090394973744 0.050320535898208625 -0.49992771446704859 -0.11205464601516722 7.5000000000000009 -0.78310251235961903 0.86134296655654918 -0.26715756952762598 0.81382939219474804 1.0256729722023012 -1.1338272690773008 -0.90915584564208973 1.3238772153854372 0.71823149919509899 -0.94213408231735218 -0.014521813020110129 -1.2882640957832334 0.57209491729736339 -0.060633813962340348 0.10645726323127748 0.94490996003150951 -0.65099784731864918 -0.36978991329669947 0.3483444750308991 0.09639254212379457 0.29983514547348028 -0.67641824483871449 0.68251031637191784 0.58829495310783397 0.33117212355136877 0.034697191789746291 0.26113942265510565 -0.64285716414451588 -0.54634428024291981 -1.0000000180025095e-35 -0.86056876182556141 -1.1695284843444822 0.65999874472618114 0.81637004017829906 1.0000000180025095e-35 0.2362223565578461 0.67438921332359325 0.38412374258041387 1.1085847616195681 -0.19092956930398938 0.38465130329132086 -0.34815001487731928 -0.11386926099658011 0.21428572386503222 1.3097661733627322 -0.033229909837245934 0.076210848987102522 -0.53885591030120839 1.665272653102875 2.577406764030457 -1.6036509275436399
decision_type=2 2 2 2 2 2 2 2 2 2 2 2 2 2 2 2 2 2 2 2 2 2 2 2 2 2 2 2 2 2 2 2 2 2 2 2 2 2 2 2 2 2 2 2 2 2 2 2 2 2 2 2 2 2 2 2 2 2 2 2 2 2
left_child=8 10 -3 5 11 23 -7 20 -1 22 -2 15 19 14 -14 16 -5 -18 50 -13 21 -8 -10 34 -25 61 51 49 -29 30 31 -30 33 -33 36 -36 -4 38 -38 -40 -41 -42 -43 44 45 -44 47 -9 -24 -28 -19 52 -12 -54 -53 56 57 -56 -59 60 -6 -26
right_child=1 2 3 4 59 6 7 46 9 -11 26 12 13 -15 -16 -17 17 18 -20 -21 -22 -23 48 24 25 -27 27 28 29 -31 -32 32 -34 -35 35 -37 37 -39 39 40 41 42 43 -45 -46 -47 -48 -49 -50 -51 -52 54 53 -55 55 -57 -58 58 -60 -61 -62 -63
leaf_value=-0.015716011810960023 0.013319542151933253 -0.012985207584247776 -0.011579620255114897 -0.0093257414963832906 0.00020658384898959733 0.024359490406254323 -0.012604330792769637 0.024147533122614216 -0.0078890218039356884 -0.007991157294576029 -0.010933847830015594 0.0042266322415346483 0.053277323500076253 0.004802572916885078 -0.0040928261197236667 -0.0082222369517622601 -0.0097072772704856845 -0.0019492774038464846 -0.006440848338047909 -0.010380696103884398 -0.010104797127919278 0.034645113307739013 0.035075778588907286 -0.0089200929431826042 -0.0086891412450159841 -0.0018840542548329406 0.033482792442772746 -0.014568823948025191 0.024815570790199953 0.011007085099628992 -0.017428835215597373 -0.0044101387248642564 -0.0070388855135352282 0.03139296685469331 0.012002166347235391 -0.011616654959303379 -0.01188214029198114 -0.010251968076887032 -0.0071729628766404917 -0.0045732829779926041 -0.0051769186865856945 -0.0090065590366122383 -0.0032123160761760869 -0.0010432336218390327 -0.004400422934195649 0.049640425253722288 -0.010815274038190818 -0.0046330640922256465 -0.0062209721665917013 -0.0087721246869786572 0.045623667641941042 -0.0048309372620936961 0.013698027035868405 -0.0011882671322993247 0.0060359850989841132 -0.0092346223670708005 0.0023157279648045159 -0.0073049669871761251 0.024957311291893405 -0.0055824227650923151 0.0204628505142633 0.024819482235280983
leaf_weight=85.368886167183518 60.974035776220262 67.854637148790061 231.42104867752641 4.2932941112667349 1299.9420693526044 13.466648405417798 3.4270496126264334 21.52048208098859 4.3665309697389594 60.389157900586724 78.676536565646529 95.848912639543414 6.5483672395348531 28.355160538107157 2.6026843637228012 5.8259636573493472 2.1726952139288214 2.2038665357977285 3.0474198311567298 38.626391110941768 56.306980720721185 3.2680071499198666 9.1698783570900542 37.721893755719066 3.0550164561718729 49.739133082330227 9.785340737551449 20.455404908396304 12.821685021743177 137.9969186950475 20.139826599508524 6.9855296574532968 36.009266316890717 5.9670702144503593 32.577059878967702 23.625977756455541 11.989870512858031 56.777948142960668 13.623376946896313 7.435073464177548 4.2945344820618621 1.8988049551844586 1.6202857494354379 3.9999354667961589 1.8170312866568554 13.468362405896185 5.0766106285154811 7.2566391583532086 2.4120385218411675 1.5988251883536566 18.535628052428358 86.468133538961411 33.874064721167088 224.87409871444106 124.04788590036333 28.439223203808069 188.25744301266968 4.7957379687577477 40.867187939584255 160.07118433713913 8.8693453650921565 22.696732960641384
leaf_count=4714 552 2109 8972 52 13198 243 136 347 244 2760 1899 1619 74 380 26 54 40 38 22 645 1433 86 423 1079 50 795 128 447 195 1039 176 48 277 45 758 607 253 1043 296 168 84 29 35 69 26 250 71 120 61 17 214 877 602 3607 1560 304 1680 59 350 1782 93 527
internal_value=-7.12233e-05 0.000372729 -0.000889196 -0.000505782 0.000661264 -0.00360233 0.00420742 0.000347268 -0.0093923 -0.00178907 0.0030312 0.00694788 0.00405533 0.0175113 0.0412796 0.0185643 0.0241572 0.0303066 0.0350127 -0.000190866 -0.0064596 0.0154107 0.0179974 -0.00529072 0.00112689 0.00638949 0.00238089 0.00641518 0.00493118 0.00702848 7.90223e-05 0.00666372 5.13602e-05 0.0162334 -0.00707851 0.00193566 -0.00853969 -0.00229487 0.00542682 0.0104486 0.0174281 0.0232367 0.0285562 0.0330478 0.0395109 0.044578 0.012216 0.0172785 0.0271928 0.0266824 0.0411717 0.00109578 -0.00191447 0.00098331 0.00324133 0.00508633 0.00633561 0.0106009 0.0211824 -0.000249756 0.000421207 0.0200778
internal_weight=3657.62 3495.92 2372.88 2305.03 1676.94 628.085 110.322 96.8558 161.706 76.3376 1123.03 208.06 171.982 37.5062 9.15105 36.0789 30.2529 25.9596 23.7869 134.475 63.002 6.69506 15.9484 517.762 113.213 75.4909 1062.06 251.76 240.376 219.92 81.9234 61.7836 48.9619 12.9526 404.549 56.203 348.346 116.925 60.1473 48.1574 34.534 27.099 22.8044 20.9056 16.9057 15.0886 33.8537 28.7771 11.5819 11.3842 20.7395 810.3 337.425 258.748 472.876 386.407 357.968 169.711 45.6629 1468.88 1308.81 25.7517
internal_count=59887 51685 37823 35714 18237 17477 2436 2193 8202 3488 13862 3164 2744 480 100 420 366 314 274 2264 1655 222 728 15041 2451 1372 13310 2372 2227 1780 741 565 370 93 12590 1365 11225 2253 1210 957 661 493 409 380 311 285 538 467 484 145 252 10938 6108 4209 4830 3953 3649 1969 409 15073 13291 577
is_linear=0
shrinkage=0.03


Tree=99
num_leaves=63
num_cat=0
split_feature=4 3 2 8 32 3 24 9 16 7 13 32 30 25 8 21 4 25 8 20 29 25 7 24 2 8 26 3 9 8 2 20 9 29 23 9 10 20 9 16 4 3 12 17 9 8 0 29 30 15 23 22 8 3 29 17 10 12 12 9 13 22
split_gain=16.0984 15.6328 10.1795 9.93597 10.151 9.19738 9.59717 9.13036 8.99913 11.0158 8.61649 8.21829 8.04753 7.96611 7.89691 9.2472 7.58099 7.22866 6.76 6.76426 8.31639 8.12832 7.49595 6.70896 11.9309 7.82079 7.67948 9.39954 6.5872 7.48892 6.50929 6.94058 6.42924 6.36753 11.1127 7.50494 6.74634 6.65669 7.22582 7.85557 7.0485 6.3568 8.65794 7.31556 6.76507 7.33168 6.1452 6.10476 5.92695 9.69687 11.1217 7.69103 7.43594 10.4973 8.41255 7.10278 5.9379 5.92027 5.91844 6.55952 6.78087 5.89842
threshold=-0.013657241128385065 0.92317384481430065 1.1659339070320132 0.1623354181647301 14.500000000000002 -0.36640575528144831 0.99246901273727428 -1.2522140741348264 -0.30697529017925257 -0.49957396090030665 -0.29855506122112269 11.500000000000002 -6.5499999523162833 -0.24218232184648511 1.7795041203498843 1.7157173752784731 2.4110674858093266 1.4481509327888491 -1.0279243588447569 0.80165413022041332 0.23303167521953586 -0.37795148789882654 -0.68454545736312855 -0.012708995025604962 -0.35462401807308191 -0.93217954039573658 0.21580513566732409 0.50120428204536449 -0.15546920895576474 0.79562261700630199 1.1483894586563113 -0.36647388339042658 -1.4825731515884397 0.41421568393707281 1.2297234535217287 0.63310286402702343 -0.028835852630436417 -1.3529747724533079 -1.9703051447868345 1.0038824081420901 1.6629860401153567 1.6190043687820437 0.27777877449989324 -0.3014837503433227 -1.0826901197433469 -0.80611619353294361 1.0000000180025095e-35 0.69615384936332714 -1.0000000180025095e-35 -0.067129451781511293 0.76419970393180858 -0.97211927175521839 0.75508347153663646 -1.1322949528694151 0.28991597890853887 0.21753456443548205 1.1333757638931277 0.85379028320312511 -0.80967554450035084 0.81509399414062511 0.82072725892066967 -0.043305888772010796
decision_type=2 2 2 2 2 2 2 2 2 2 2 2 2 2 2 2 2 2 2 2 2 2 2 2 2 2 2 2 2 2 2 2 2 2 2 2 2 2 2 2 2 2 2 2 2 2 2 2 2 2 2 2 2 2 2 2 2 2 2 2 2 2
left_child=1 14 3 5 8 6 12 30 9 32 -4 -11 -2 23 15 61 28 -8 19 20 -9 -22 -23 24 -7 58 27 -26 29 46 31 -3 -5 34 35 -10 -36 -35 -39 40 -40 42 -12 -44 -43 -46 -6 -16 51 -50 52 -30 56 -54 55 -55 -51 -56 -25 60 -60 -1
right_child=2 7 10 4 16 13 17 18 33 11 41 -13 -14 -15 47 -17 -18 -19 -20 -21 21 22 -24 25 26 -27 -28 -29 48 -31 -32 -33 -34 37 36 -37 -38 38 39 -41 -42 44 43 -45 45 -47 -48 -49 49 50 -52 -53 53 54 57 -57 -58 -59 59 -61 -62 -63
leaf_value=-0.014991072627910886 -0.022280851484579867 -0.0034683494803332184 0.022686296035609115 -0.0072859272865732115 0.0035605610083745817 0.02433116856221228 0.024223494966340887 -0.0096552309793812817 0.00076100169313293297 0.018457235226795703 0.011449153088902561 -0.0042729865458310447 -0.0056002696962114979 -0.0014629943878880349 -0.0038263302931799263 0.013428680021502774 0.01501556174624721 -0.0083968337364714197 -0.0039032680462959182 -0.005466421826880688 -0.01016667631613568 -0.0061594870880610584 0.041200586866602745 -0.0074445940039571806 0.015053400354371206 0.0021488868032121309 -0.013620201180034909 -0.0083674453266458677 0.031720787273759453 -0.010473696043763853 -0.0055710038298483573 0.028793734607995693 0.039158101439851663 -0.010041306361061731 -0.0020872199974948896 -0.012863816230719414 0.024173702130104464 -0.012990468810531126 0.012315992763867389 -0.0035955893639602666 -0.0044246439229500998 -0.010124607772487684 0.015750605873696671 -0.010712930636795832 -0.0015434322526882908 0.021517707668997514 -0.014513716445661738 0.024203900859977485 -0.010266745356677293 -0.0034452236640021253 -0.003342697622323441 0.0046763885825436453 -0.009858575429905524 0.013763306036054362 0.027813914793627666 -0.014244955066770839 0.017806616282563949 0.0019918528201344019 0.022718676815926413 0.0010301690413955368 -0.0019064540289006704 -0.006683388448719723
leaf_weight=120.606101334095 26.430327578447759 6.5541024133563068 25.155026953667402 1.4818702954798944 97.388213594444096 8.2746710618957859 10.890683565288784 4.4360344000160721 124.94133860990405 23.027630725875497 31.389330242760479 26.182740768417716 195.2353043127805 955.20021932758391 13.549407800659539 12.162076984532176 24.576309304684401 6.6881175823509684 122.91918189264834 13.112939009442924 2.1928118262439993 2.2111928854137686 12.311301486566657 9.3799043074250203 22.747659485787153 192.89713432453573 50.777732866816223 29.920777032151818 6.867632861249148 101.54713371768594 8.1707557085901481 20.479437403380871 14.475814981386062 15.789916584268211 12.631046358495952 46.045349707826972 19.349130438640714 10.086461143568156 223.51193231157959 37.510125327855349 22.625450570136309 7.5679517276585093 6.636917319148778 53.617625419050455 16.242707386612892 40.070043500512838 15.291437346488236 7.3241007905453435 62.532874625176191 61.41213299985975 158.62243545800447 60.047168998047709 11.882894221693276 13.379536814987661 42.892736704088748 9.682252971455453 9.3999857492744905 10.564537683501838 58.732639942318201 25.184862196445465 11.076418351382015 244.07723117433488
leaf_count=4706 1050 97 198 54 1941 151 158 51 1442 374 259 662 6594 10922 408 228 189 114 1325 135 34 30 133 120 618 2018 1171 528 158 1991 93 256 435 215 85 576 127 112 2521 233 150 45 70 388 85 203 167 197 2259 1076 1467 969 345 238 716 117 166 140 642 286 119 7295
internal_value=0.000206656 -0.00430747 0.00108627 0.000644255 0.00262835 -0.000922817 -0.0062842 0.00266718 0.00554023 0.0156692 0.00789439 0.00708479 -0.0080368 3.69484e-05 -0.00767252 -0.00868725 0.000154311 0.0127015 -0.000577934 0.0103293 0.0192948 0.0274319 0.0342589 0.00351542 -0.00266633 0.00584434 -0.00584811 0.00217622 -0.000506312 -0.0047708 0.0154262 0.0216515 0.0341359 0.00411329 -2.85799e-05 -0.00316929 0.0149217 0.00678655 0.00784407 0.00879713 0.0107197 0.00486979 -0.000290252 -0.00681451 0.0117561 0.0152826 0.000595305 0.00878563 0.00156633 7.21071e-05 0.00223373 0.00946448 0.00772206 0.0132809 0.0172586 0.00156138 0.000364195 0.0233177 0.0122636 0.0144846 0.0189452 -0.00959646
internal_weight=3637.97 590.107 3047.86 2867.18 1263.75 1603.44 239.244 192.388 577.659 65.1681 180.68 49.2104 221.666 1364.19 397.719 376.845 686.087 17.5788 157.183 34.2643 21.1513 16.7153 14.5225 408.992 111.721 297.271 103.446 52.6684 661.511 214.227 35.2043 27.0335 15.9577 512.491 202.967 170.987 31.9802 309.524 293.734 283.648 246.137 155.525 91.6439 60.2545 63.8807 56.3128 112.68 20.8735 447.284 380.369 317.837 66.9148 159.214 88.402 76.5191 23.0618 70.8121 53.4573 104.374 94.9939 69.8091 364.683
internal_count=59652 14988 44664 43416 18925 24491 7916 2154 6986 1525 1248 1036 7644 16575 12834 12229 11939 272 1708 383 248 197 163 5653 2468 3185 2317 1146 11750 4099 446 353 489 5461 2230 2018 212 3231 3016 2904 2671 1050 717 458 333 288 2108 605 7651 6524 4265 1127 2798 1556 1211 355 1242 856 1167 1047 761 12001
is_linear=0
shrinkage=0.03


Tree=100
num_leaves=63
num_cat=0
split_feature=11 4 3 20 14 25 9 20 14 7 3 16 1 18 31 18 9 3 1 11 20 12 15 14 20 13 24 32 15 9 1 31 14 16 24 5 13 15 25 7 25 12 7 13 12 12 25 29 13 7 29 9 7 11 5 9 12 1 34 22 20 10
split_gain=16.6131 14.6232 12.474 10.8242 12.2294 12.6829 9.58079 9.4809 8.77699 8.25131 7.9005 7.73222 7.25461 7.44631 8.0371 7.36519 9.80051 7.62893 6.81951 8.73376 9.41969 7.24326 7.05842 9.80634 8.38421 6.8026 7.04762 6.7754 8.54771 8.13033 8.22481 8.08235 6.73547 7.16954 6.48025 7.48065 7.25605 7.19661 6.45919 7.67042 9.8605 6.48322 6.39763 8.2164 6.39312 6.39221 7.50848 6.91865 6.2724 6.36595 6.47181 6.2403 6.23818 7.84806 6.20045 7.56247 7.41483 6.90529 6.15007 6.3648 5.99531 5.92273
threshold=-1.0492325425148008 -0.037920959293842309 -0.045689577236771577 -0.033229909837245934 -0.90419462323188771 -0.48023346066474909 -2.2353019714355464 1.3237347602844241 -0.74262171983718861 1.4326497316360476 1.4865180850028994 -1.2657471299171446 -0.74472725391387928 1.4487265944480898 0.21428572386503222 0.93061724305152904 0.37818798422813421 -0.79035347700119007 -0.017581360414624211 1.3198862671852114 -0.50443041324615467 0.70716434717178356 0.22739341109991076 -0.90419462323188771 -0.49135123193264002 0.11831674724817277 0.52507355809211742 10.500000000000002 -0.011619723867624996 1.5080313682556155 -0.027302877046167847 -0.35714286565780634 0.25006461143493658 0.36485773324966436 0.17460536956787112 -0.97315979003906239 0.71823149919509899 -0.099351532757282243 -0.3777307122945785 -0.52266526222228993 -0.57634007930755604 -0.78990983963012684 0.5417534112930299 -1.0029851198196409 0.94375747442245495 0.81636804342269909 -0.48014044761657709 0.074175827205181136 -1.0000000180025095e-35 0.28965519368648535 0.14835165441036227 0.51518043875694286 -0.59333956241607655 0.80327495932579052 1.5400419831275942 0.31642414629459387 -0.53867638111114491 1.2667402029037478 1.5000000000000002 1.0197259783744814 -0.23947571218013761 -1.476910352706909
decision_type=2 2 2 2 2 2 2 2 2 2 2 2 2 2 2 2 2 2 2 2 2 2 2 2 2 2 2 2 2 2 2 2 2 2 2 2 2 2 2 2 2 2 2 2 2 2 2 2 2 2 2 2 2 2 2 2 2 2 2 2 2 2
left_child=3 2 9 -1 48 7 -3 -6 10 38 18 -7 -10 15 -15 27 -17 -18 -8 22 -21 -22 23 -20 -25 -13 44 28 58 30 -29 -30 -28 -34 -4 37 -37 -36 39 -2 -41 -42 -24 -44 -27 46 -31 -48 -5 -50 -51 -33 -39 -54 61 56 -56 -57 -14 -60 -58 -32
right_child=1 6 34 4 5 11 8 -9 12 -11 -12 25 13 14 -16 16 17 -19 19 20 21 -23 42 24 -26 26 32 29 31 45 54 51 33 -35 35 36 -38 52 -40 40 41 -43 43 -45 -46 -47 47 -49 49 50 -52 -53 53 -55 55 57 60 -59 59 -61 -62 -63
leaf_value=-0.015911094225333832 -0.01535028603515701 -0.010733290188250092 -0.0072217200507432595 -0.0043677603416394694 -0.001135263459365967 0.008654357142745088 -0.0064762091495377191 0.028653341138063167 0.01231933203942772 0.012716657585899372 0.013506412824435059 -0.016513389900014674 -0.0022133782906189007 -0.013948816329734057 0.0026362148050604888 -0.0055576242416512881 -0.010056824591901992 0.031448232842557926 0.0039033868413735962 0.0231730457917921 0.011073213989670046 -0.0092694275443266395 -0.0028662576927021106 -0.0021413862046780444 0.030982380521667061 -0.016384061832582265 -0.011321724762262637 -0.010680829241612493 0.0097722796471882856 -0.0092841036809500049 -0.0079917312234856399 0.0037602813904084112 -0.0037377919985734807 0.026916777476330245 -0.012061107167314155 0.0022603463786219215 -0.011589788324082377 -0.008002722889361269 -0.01534743131321634 -0.012062512405170442 -0.006626388194857758 0.035395899650187704 -0.016044815173487392 0.0081235889772044642 0.012377036952760448 -0.0062371172446221302 -0.008663520980078351 0.029831797807064287 -0.0018466812436472935 -0.0068498532293413761 0.034884063691532179 -0.010000070613459503 0.0074936309123416634 0.040815925843366137 -0.010398835611236962 -0.0077551525845740753 -0.0035036493561368862 0.016766744413103427 0.027862712180062303 -0.0055712791819053096 0.031870699611185521 0.00045625625409317466
leaf_weight=72.193195877596736 10.773415482603015 48.197638597339392 89.100145481526852 12.07675073854625 26.276362437754869 16.137104708701372 49.085842551663518 9.8464886127039772 46.021370701491833 8.7967336364090425 82.554932832717896 87.809749906882644 10.243677495047448 56.313247014768422 43.659967608749866 12.111826609820129 2.3731491491198566 17.484710705466568 112.94975491892546 39.196173794567585 42.402414778247476 19.114922467619181 199.38089661300182 8.531518032774331 20.862115202471614 32.678741574287415 9.1122966278344411 57.50732060521841 81.20236942730844 4.3844519034028044 73.826608823612332 62.777838877402246 9.8990874737501162 11.536601008847354 4.6331147328019133 189.57908119447529 36.263920554891229 4.1139243263751295 117.5529029564932 6.31783498823643 2.6023884415626553 7.7140247942879752 9.5148404054343683 113.16264586895704 4.6802186807617536 9.2346214512363058 2.6898659095168176 22.306444680318236 7.9494503363966968 2.3068752624094477 13.535315741784869 48.201487198472023 16.744983935728673 9.2113126404583436 3.3571973964571979 27.089887486770749 4.1579016167670551 10.245514523237942 27.006439095363024 4.3308581458404651 18.342511404305693 1417.9972589770332
leaf_count=3635 489 833 2211 309 788 737 623 201 864 317 439 2566 228 1383 932 267 76 245 2549 410 330 139 1794 264 427 981 116 898 642 73 1266 521 155 141 117 2308 405 74 4733 238 115 291 72 764 124 108 32 286 233 38 191 376 238 102 36 223 37 55 592 77 127 19831
internal_value=0.000418613 0.00104889 -0.00363596 -0.00609848 -0.00293201 -0.00576426 0.00189379 0.00948121 0.00213334 -0.0106101 0.00503268 -0.00914624 0.00114426 0.000859423 -0.00692528 0.00128239 0.0145485 0.0254629 0.00379386 0.00473489 0.0125388 0.00453063 0.00292693 0.00836615 0.0224546 -0.0112028 -0.00367416 0.00101949 0.00574336 0.00033538 -1.0283e-05 0.00286659 0.00646019 0.0147309 -0.000462755 0.00194109 -0.000166451 0.0139503 -0.0124024 0.000647995 0.0121625 0.0260928 0.000431753 0.00569417 -0.0117453 0.0131162 0.0192216 0.0249357 0.0121863 0.0198885 0.0286216 -0.00238969 0.0191063 0.0240015 0.000417301 0.00926351 0.0202527 0.000159575 0.0173045 0.0231113 0.0258853 1.28875e-05
internal_weight=3627.26 3311.22 503.404 316.038 243.845 207.977 2807.82 36.1229 2759.62 153.757 696.756 171.854 2062.87 2016.85 99.9732 1916.87 31.9697 19.8579 614.201 565.115 100.714 61.5173 464.402 142.343 29.3936 155.717 67.9069 1884.9 233.763 1651.14 1612.52 192.182 30.548 21.4357 349.646 260.546 225.843 34.7033 144.961 27.4077 16.6342 10.3164 322.058 122.677 37.359 38.6154 29.3808 24.9963 35.8684 23.7916 15.8422 110.979 30.0702 25.9563 1555.02 63.193 25.8576 37.3354 41.581 31.3373 22.5004 1491.82
internal_count=59672 49457 11638 10215 6580 5809 37819 989 36986 6183 7811 4820 29175 28311 2315 25996 588 321 7372 6749 879 469 5870 3240 691 4083 1517 25408 2436 22972 22473 1539 412 296 5455 3244 2713 531 5866 1133 644 406 2630 836 1105 499 391 318 771 462 229 897 414 340 21575 478 200 278 897 669 164 21097
is_linear=0
shrinkage=0.03


Tree=101
num_leaves=63
num_cat=0
split_feature=15 11 14 9 7 13 3 14 26 4 20 9 26 22 9 32 8 0 13 23 15 4 15 24 0 9 29 24 30 8 26 9 16 16 6 14 22 34 15 14 6 14 24 2 15 16 26 17 26 26 4 9 34 9 8 26 26 27 29 24 17 6
split_gain=18.8853 14.3542 9.51583 11.2323 9.1546 10.6253 8.32461 8.54931 9.12947 8.04034 7.79119 7.50619 7.3609 13.3552 10.5566 7.32522 12.8015 11.524 9.04531 8.19381 8.1017 7.2623 7.20535 7.07918 7.04058 7.60364 6.45451 7.8522 7.04168 6.56898 6.5453 7.48459 6.32971 6.77867 7.00646 6.31349 7.32786 6.25541 6.54773 6.18427 6.18117 6.90779 7.76013 6.81072 6.60133 5.97846 5.89275 6.29269 5.81568 5.79004 5.59362 5.59312 6.11532 5.5245 6.74779 12.3856 10.0989 9.53775 7.75923 8.57568 7.01284 7.99277
threshold=-0.98977747559547413 0.63317885994911205 -0.91759115457534779 -1.9703051447868345 0.61493706703186046 -1.1508895754814146 1.0596448183059695 0.50077518820762645 0.33949564397335058 0.63809174299240123 1.0000000180025095e-35 -1.8359406590461729 0.58667337894439708 -0.085836593061685548 -1.4138459563255308 13.500000000000002 0.18539299070835116 0.57196810841560375 1.0000000180025095e-35 0.89679655432701122 -0.12157407775521277 -0.65612351894378651 0.96950614452362072 1.0380676388740542 -0.60030445456504811 0.59586679935455333 0.074175827205181136 -0.28443963825702662 -1.1000000238418577 1.6349026560783388 -0.23350637406110761 -0.61529108881950367 -1.1695284843444822 0.3150652945041657 1.2248637080192568 1.9389622211456301 0.068942103534936919 3.5000000000000004 0.70078271627426159 0.34602554142475134 1.2619948983192446 -0.50440591573715199 1.0380676388740542 0.56257990002632152 0.17189102619886401 -1.1695284843444822 0.69936400651931774 0.63068729639053356 -0.55442753434181202 0.60342898964881908 0.55493766069412243 0.26741011440753942 3.5000000000000004 0.736219882965088 0.22207754105329516 0.5790919065475465 0.64081001281738292 6.5000000000000009 0.78174602985382091 0.42489238083362585 0.23336815088987353 1.7166010737419131
decision_type=2 2 2 2 2 2 2 2 2 2 2 2 2 2 2 2 2 2 2 2 2 2 2 2 2 2 2 2 2 2 2 2 2 2 2 2 2 2 2 2 2 2 2 2 2 2 2 2 2 2 2 2 2 2 2 2 2 2 2 2 2 2
left_child=1 9 4 22 21 -6 7 8 15 -1 -9 -8 37 -14 -15 16 -5 20 19 -19 -17 -2 -4 24 -18 -26 27 -22 -29 -30 -28 -32 -12 34 -34 50 -37 -7 -39 -3 41 -10 -43 44 -42 -13 47 -46 -40 -24 -35 52 -33 54 56 60 58 -57 -23 -60 -56 -62
right_child=2 39 3 6 5 12 11 10 40 -11 32 45 13 14 -16 17 23 18 -20 -21 26 53 49 -25 25 -27 30 28 29 -31 31 51 33 35 -36 36 -38 38 48 -41 43 42 -44 -45 46 -47 -48 -49 -50 -51 -52 -53 -54 -55 55 57 -58 -59 59 -61 61 -63
leaf_value=-0.015588174343783751 -0.01170483639989622 0.014390960519975909 -0.015678255892369545 -3.5780050389267032e-05 -0.013561874048163476 0.010988793681682157 0.0243196549683245 -0.0099392747325649667 -0.010455046399803295 0.0097221592349746311 0.016268250390290249 0.020278041328166945 -0.006611105245187196 -0.0085498462575233167 0.02912107461178183 -0.010109124678316289 -0.0095583188607534248 0.030856013992275277 -0.0023830265642512216 -0.00039670985893310886 -0.010285051544052022 -0.00060366534202985092 -0.007185233614103859 0.0011226664662010088 0.027059735000005015 0.0055245390589342518 -0.0046314913103861766 -0.0091623176412747552 0.028012349946656218 -0.010220229372020469 -0.010761978961703856 0.026804324978694522 -0.012014695779553441 0.0014057670927979978 0.01272454118899813 0.0386023024680692 0.00012903784743976493 0.010939093361559215 0.0038914762234891031 -0.0073735083044909671 0.025316188764836888 -0.00017531044186828545 -0.012675733562728986 -0.011959639060513928 0.025420087921468746 0.0018378145589088102 -0.0046088462784130034 -0.0025265436638731388 -0.020378038962814832 0.019815371268998374 -0.011934539892020053 0.0023646010962529856 0.0012005848685890919 -0.0055489771583716223 0.0080098485480128243 0.02178240028003095 -0.011302956822994521 -0.00045873682666735914 -0.0032045426429483576 0.025753171346005264 -0.0086088804848186672 0.022100084477190685
leaf_weight=128.3121527377516 29.475733640603721 24.570589164271951 59.813627108931541 113.9193081818521 13.111660182476042 82.351287093013525 8.9872732870280725 151.45777865964919 103.47645214106888 9.0357616376131755 11.929889808408914 11.147577125579117 12.951698625460265 5.4138898681849232 48.260674295946956 72.158265241421759 4.668793653137981 21.329567040316764 20.544661313295364 10.409366754814981 8.0801552440971118 92.342532728798687 13.666824530810119 28.637521320953965 50.393077568151057 24.296634120866656 168.58821837510914 4.4751625191420343 23.192233579233292 2.1236458327621213 19.306124252267182 17.900974452495575 79.968842233531177 147.31288093235344 7.6001472026109687 3.1351640969514838 9.9251650981605035 15.870827999897299 13.085061296820642 15.487556665204464 12.000081976875661 335.84608766529709 46.582804184406996 12.973753049969671 11.734209194779398 993.1285309009254 32.339468270540237 11.343539614230393 15.904098652303217 6.8171794377267352 29.790486585348845 64.304196297191083 14.027169125154616 60.336008864454925 66.705801346339285 61.348824577406049 49.647825020365417 23.22376892901957 12.95881983079016 20.077532263472676 61.07640924770385 3.8052951246500006
leaf_count=7359 704 709 1528 1838 135 700 99 4038 1940 280 318 124 173 57 420 2510 106 327 291 107 240 1410 128 255 734 365 3109 70 351 25 407 332 2076 2524 88 46 163 243 79 554 150 7088 562 133 118 8005 289 103 99 62 359 1151 266 850 1016 661 602 253 336 157 517 21
internal_value=0.000269075 -0.00913978 0.00076438 -2.23105e-05 0.00390851 0.00910713 0.000317083 -0.000980353 0.000304586 -0.0136401 -0.00453988 0.00245711 0.010943 0.0187542 0.0249166 0.00267005 0.0070593 0.00043423 0.0130131 0.0219471 -0.00137643 0.00160113 -0.0107404 0.0142139 0.0185915 0.0208405 0.00070518 0.0115598 0.0181113 0.0236485 -0.000916514 0.00447147 -0.00159591 -0.00263738 -0.00929624 0.000588583 0.0174948 0.00629739 -0.00255313 0.00609177 -0.00248612 -0.00376392 -0.0018419 0.00500542 0.0088705 0.00214195 0.00350894 0.0136796 -0.0104624 0.00392545 -0.00110427 0.0079082 0.0172413 0.00258844 0.00389773 0.00738106 -0.00048975 0.0159903 0.00406135 0.0154662 0.00146504 -0.00535542
internal_weight=3634.69 177.406 3457.28 2769.33 687.948 206.949 2689.04 1675.77 1234.65 137.348 441.12 1013.26 193.838 66.6263 53.6746 668.355 221.915 446.44 52.2836 31.7389 394.156 480.999 80.2976 107.996 79.3585 74.6897 321.998 37.8712 29.791 25.3159 284.127 115.538 289.663 277.733 87.569 190.164 13.0603 127.211 44.86 40.0581 566.296 485.905 382.429 80.3911 67.4173 1004.28 55.4172 23.0777 28.9892 20.484 177.103 96.2323 31.9281 451.523 391.187 216.16 175.027 84.5726 125.379 33.0364 131.588 64.8817
internal_count=59760 8902 50858 42425 8433 1906 40707 32479 22867 7639 9612 8228 1771 650 477 12484 3298 9186 725 434 8461 6527 1718 1460 1205 1099 5951 686 446 376 5265 2156 5574 5256 2164 3092 209 1121 421 1263 10383 9590 7650 793 660 8129 510 221 178 190 2883 1749 598 5823 4973 2468 2505 914 1903 493 1554 538
is_linear=0
shrinkage=0.03


Tree=102
num_leaves=63
num_cat=0
split_feature=15 17 9 32 16 7 17 26 30 9 29 7 24 25 16 12 31 20 5 10 24 8 9 7 24 24 16 5 26 12 12 0 3 26 20 31 10 25 26 12 8 24 3 29 29 17 20 17 13 10 8 32 25 12 17 26 24 15 26 13 24 12
split_gain=14.7903 14.3141 8.98918 9.38148 9.00296 8.47493 8.37157 8.26971 7.41293 7.94574 7.26039 7.12995 6.43913 10.7959 8.5864 8.5673 10.7599 8.4898 8.09361 7.54329 8.84361 6.34845 11.0073 7.40813 7.0833 9.34971 7.30724 7.07377 6.75857 6.30805 6.40465 8.19495 9.64852 8.07278 7.07114 9.3906 6.92614 7.82038 10.9058 8.45733 6.24165 6.21868 6.03474 6.02147 5.97157 5.8468 5.85911 5.80812 7.13895 5.79687 6.1729 7.07902 6.9931 6.43328 5.72277 5.59852 5.54149 5.79096 5.52838 5.52306 5.42471 6.83362
threshold=-0.98977747559547413 -0.49992771446704859 -2.2353019714355464 12.500000000000002 -0.96933165192604054 -1.2823532223701475 0.050320535898208625 -1.4997771382331846 -5.0714285373687735 1.1163510680198672 0.55902779102325451 1.2715573310852053 0.56893840432167064 -0.062662757933139787 1.0851001739501955 -0.45182338356971735 -1.0000000180025095e-35 0.14263084530830386 0.8910522758960725 0.73949497938156139 1.2883771657943728 0.71311047673225414 0.66698753833770763 0.25091361999511724 0.99246901273727428 1.368832588195801 0.74300456047058117 0.87654444575309765 0.76058393716812145 -0.34279575943946833 -0.27721859514713282 0.31206576526165014 -0.65262737870216359 -1.1399847865104673 1.0325967073440554 0.5000000149011613 1.1333757638931277 -0.34956590831279749 0.22642578929662707 0.74443757534027111 0.51137530803680431 -0.28443963825702662 1.2597366571426394 0.29705883562564855 0.91287881135940563 -0.019407703541219231 -2.4299429655075069 -0.49992771446704859 -0.21694172173738477 0.76567834615707409 0.58566677570343029 15.500000000000002 -0.41962152719497675 0.33376462757587438 -0.59563481807708729 0.65221968293190014 1.1752741336822512 1.2558429241180422 -1.4723684787750242 -0.26381953060626978 1.1224507689476015 0.82499328255653392
decision_type=2 2 2 2 2 2 2 2 2 2 2 2 2 2 2 2 2 2 2 2 2 2 2 2 2 2 2 2 2 2 2 2 2 2 2 2 2 2 2 2 2 2 2 2 2 2 2 2 2 2 2 2 2 2 2 2 2 2 2 2 2 2
left_child=1 -1 -2 4 7 6 -5 -4 -9 11 -8 -10 14 -14 29 -16 -17 -18 -15 40 59 27 23 -23 26 -26 28 60 43 -7 31 32 -31 -34 36 -36 42 38 -38 -39 47 -41 49 -25 -35 -3 -47 -20 -49 50 -32 52 -52 -54 -43 -42 57 -29 -12 -21 61 -6
right_child=2 45 3 5 21 12 10 8 9 -11 58 -13 13 18 15 16 17 -19 19 20 -22 22 -24 24 25 -27 -28 56 -30 30 34 -33 33 44 35 -37 37 39 -40 41 55 54 -44 -45 -46 46 -48 48 -50 -51 51 -53 53 -55 -56 -57 -58 -59 -60 -61 -62 -63
leaf_value=-0.016108098661395242 -0.010034624240896663 0.012819118694500533 -0.012326994508386181 -0.013268125476667844 6.4930522923087349e-05 -0.0056021758168202894 -0.0082404821644829224 -0.0096073063676545903 0.035195327642500593 -0.01061980377281304 -0.011293604267479586 -0.0041018080644044646 0.0064121014418879636 -0.00077244695668124452 -0.011955701794346487 -0.0037387237012757491 -0.004565407591861215 0.044657664174250308 -0.013397369972647314 -0.0040657785563677018 0.0024508566913271764 0.0039299172526505461 -0.00413107430482161 0.0080282054670913344 -0.0090903917930451553 0.016249170298088329 7.458297142813456e-05 0.017828158734334704 0.0024765451984340102 -0.0098600799002757158 -0.0058561515652824107 -0.013684896302359018 -0.0084082122114377215 0.047569522458988704 -0.00013057080460386391 0.018721285482285424 0.03867656088053472 -0.010202459710328158 -0.0023980837181846082 -0.0064189308509619404 -0.014500230592400883 -0.0061224763550801762 0.0051853230858820674 0.041723948255917027 -0.0055908998523965647 0.020427895675192122 -0.0065509796988934754 0.022935836612511654 0.0035373815651647562 -0.015363996832248235 -0.0098223761726966684 -0.0035759428186312829 -0.0019319134296720566 0.027884373928275096 0.034936630765322316 0.00836270868184745 -0.0033065031447567042 -0.0058987385926061297 0.021210392545519756 0.035345110257893143 0.0051686253189130015 -0.0099515321887845808
leaf_weight=89.850000168196857 63.492461383342743 21.153892822563648 4.3243431849405161 76.00978509709239 304.39082848560065 296.07495966739953 20.077020209282637 3.5074454480782142 24.919716745615013 2.3972058566287151 2.6685021035373238 3.6950357677415004 326.90562571398914 989.01375866495073 5.6370309051126268 8.6631948174908811 2.9204531405121044 9.662326676771043 7.5188292395323506 2.6611085906624821 21.374558951705694 89.107398902066052 58.499077665619552 9.2063636798411626 17.612784866243601 27.928592123091221 9.7967527937144023 47.255094215273857 8.1789872441440803 3.687776407226921 266.88787292130291 3.5821347711607805 1.7584472484886653 8.6569805629551393 71.756893352605402 30.517907219938934 8.2233434515073913 27.0833595758304 9.4090314228087646 6.0200942503288379 24.925559777766466 2.3597176074981689 56.226702140644193 22.151244519278407 1.0804288471117605 3.2511835843324652 61.34098063968122 18.983507908880711 67.930972419679165 38.743163986131549 6.1484155729413024 51.393875976093113 8.2837136285379547 17.615641040727496 6.7265825886279327 10.315914679318665 20.788020271807909 8.7038944177329522 15.717977382242678 15.31679943948984 123.89464971981943 71.738686532713473
leaf_count=5047 1256 938 87 2539 4279 7612 376 96 557 52 49 75 3164 9873 81 114 44 105 89 31 145 1037 638 104 112 156 74 464 95 126 6869 66 35 179 1344 527 162 692 197 181 192 59 684 235 30 144 2811 150 490 938 125 1306 198 398 120 75 121 55 266 128 811 895
internal_value=0.000294355 -0.00807674 0.000728962 0.000943985 0.00364727 2.84267e-05 -0.00777298 0.0169269 0.0216875 0.0260695 0.00336339 0.0302655 0.000410506 0.00164199 -0.00151473 0.013812 0.021624 0.0351836 0.000273654 0.00624094 0.0169459 0.00291877 0.0069406 0.0104771 0.0161217 0.00651947 0.0235703 0.00118283 0.0287302 -0.00203357 -0.000315173 0.014968 0.0234434 0.0338773 -0.000905708 0.00610506 -0.00237114 0.00684088 0.0210707 -0.000708603 0.00248378 0.0146168 -0.00367092 0.0342957 0.0417754 0.000762851 -0.0038229 0.00643997 0.0087915 -0.00500033 -0.00365413 0.00332191 0.0133734 0.0195784 0.0258853 -0.00760024 0.00936436 0.0139565 0.015087 0.0298962 -0.000153201 -0.00195099
internal_weight=3645.72 175.596 3470.13 3406.64 858.096 2548.54 114.473 38.8437 34.5194 31.012 38.4635 28.6148 2434.07 1484.95 949.12 26.883 21.246 12.5828 1158.04 169.027 39.3525 819.252 242.481 183.982 94.8747 45.5414 49.3333 576.771 39.5366 922.237 626.162 18.7658 15.1836 11.4959 607.396 102.275 505.122 59.8221 17.6324 42.1898 129.675 15.1064 445.299 31.3576 9.73741 85.7461 64.5922 94.4333 86.9145 389.073 350.33 83.4416 32.0478 25.8994 9.0863 35.2415 76.747 55.959 18.3865 17.9779 500.024 376.13
internal_count=59898 8940 50958 49702 9943 39759 3230 867 780 684 691 632 36529 14337 22192 344 263 149 11173 1300 304 9076 2451 1813 776 268 508 6625 434 21848 14236 436 370 244 13800 1871 11929 1411 359 1052 996 360 10518 339 209 3893 2955 729 640 9834 8896 2027 721 596 179 267 640 519 315 159 5985 5174
is_linear=0
shrinkage=0.03


Tree=103
num_leaves=63
num_cat=0
split_feature=21 11 32 4 15 10 10 20 17 15 6 18 17 11 12 10 25 8 24 32 16 14 4 10 17 15 14 18 20 17 17 5 16 15 11 26 32 34 24 20 12 25 16 14 21 20 22 11 0 24 12 18 18 4 14 20 19 26 27 8 17 24
split_gain=15.5662 15.3496 14.3802 12.5338 9.91135 9.20963 8.5901 9.47448 8.44556 8.37084 8.14493 8.20909 10.0798 8.02209 7.92468 8.00561 7.87156 7.76533 9.64341 9.04082 8.33891 7.91521 7.8896 7.69057 7.37666 10.2428 8.20955 7.30899 7.21871 7.13985 7.11045 6.83502 8.3593 6.83366 7.31908 7.07743 6.78659 6.67741 6.65774 6.61097 6.56799 6.47807 7.69044 7.24489 7.11992 6.75957 7.9688 6.42142 6.31087 5.88985 7.1138 6.17229 9.64686 8.79834 5.87834 7.98656 5.73467 7.66369 7.0618 8.8867 6.79144 9.38144
threshold=-0.84830385446548451 -0.61370083689689625 14.500000000000002 2.3550682067871098 -0.73911282420158375 -0.24364149570465085 -0.67641824483871449 -0.16088905185461042 1.768602252006531 1.2558429241180422 -0.95771890878677357 -0.29509323835372919 -0.56061458587646473 1.3539066910743716 0.052217373624444015 -0.65108084678649891 0.96852681040763866 0.1623354181647301 0.60168081521987926 13.500000000000002 0.49818708002567297 0.42620393633842474 1.8828417062759402 2.577406764030457 -0.67045855522155751 -0.22392101585865018 0.71398851275444042 1.8142587542533877 -0.61636608839035023 1.1604977846145632 0.8023381531238557 -0.15857170522212979 0.55950063467025768 0.45527216792106634 1.117392957210541 -1.4997771382331846 7.5000000000000009 2.5000000000000004 1.6401560306549074 -0.84198680520057667 -0.34279575943946833 -0.27617515623569483 0.67458313703536998 -0.18275956064462659 1.2468935251235964 0.45125491917133337 1.0063431262969973 0.39533019065856939 -0.16715545952320096 1.2430869936943056 0.30965116620063787 -0.51111647486686695 -0.40024028718471522 -0.23698300123214719 0.65493202209472667 1.0325967073440554 0.16484405100345614 -1.117840528488159 1.5000000000000002 -1.2036213278770445 1.7323476672172549 1.0380676388740542
decision_type=2 2 2 2 2 2 2 2 2 2 2 2 2 2 2 2 2 2 2 2 2 2 2 2 2 2 2 2 2 2 2 2 2 2 2 2 2 2 2 2 2 2 2 2 2 2 2 2 2 2 2 2 2 2 2 2 2 2 2 2 2 2
left_child=1 -1 13 4 -4 10 9 8 23 49 39 -12 -13 17 15 -15 -17 19 20 22 24 -21 41 -8 -19 26 -26 33 47 30 -16 32 -9 35 -35 -14 -30 -10 -31 -3 -23 42 43 48 -43 -44 -47 -20 -2 51 -51 53 -53 -6 -45 -56 58 -58 59 -33 61 -61
right_child=2 5 3 -5 6 -7 7 31 37 -11 11 12 27 14 29 16 -18 18 28 21 -22 40 -24 -25 25 -27 -28 -29 36 38 -32 56 -34 34 -36 -37 -38 -39 -40 -41 -42 44 45 54 -46 46 -48 -49 -50 50 -52 52 -54 -55 55 -57 57 -59 -60 60 -62 -63
leaf_value=-0.019309339549309107 -0.012123443967155558 0.0045044202907698781 -0.010229307893303405 0.011779964420620371 -0.013842121832900503 -0.0065883937060097616 -0.0086445370757208071 -0.013054344914523322 -0.010339421176691722 0.011712010933471344 -0.0029753575777250406 -0.007886047695597035 -0.0049881970974295286 -0.0013688637916568723 0.0039635412376936539 0.030262357153931212 -0.0012322140959833594 -0.00073355380523525777 -0.0030945659323009284 -0.010103921613986459 0.0027076532401972817 -0.013582718561782489 0.017479799840971748 0.021993730608637654 0.039965462860136185 0.011784586331513454 -0.0048110705704267863 -0.0080523577806644112 0.0165319739351436 -0.0098255596330479224 0.024605614068550778 -0.011213511336662655 0.00092172374310209228 -0.0097399627112473037 0.020564451064068373 0.035475922552602894 -0.0013212394285350751 0.016912296377377133 0.012832083027005258 -0.018057326273554199 0.0084100127028483625 0.0012955502868400213 0.0032675635897444163 -0.0054073031666844965 -0.0097266485228389883 0.038266535590196972 -0.0028160103873457781 0.021538594928318919 0.0220636188137549 0.0067721051608630456 -0.017773287046654439 -0.014166928799131336 0.0031952072909951072 0.018677222758505686 -0.0026219958823443146 0.028316850676130031 0.012073088671899731 -0.0088725312224250952 0.00061323599784439116 0.0067954833073422607 -0.0075913573279738217 0.02983719037928264
leaf_weight=52.937515489757061 2.6854445952922132 18.651045899838209 93.951736059039831 66.844734601676464 5.4518510391935697 209.18342151772231 265.8094801614061 71.982667832635343 8.1100530326366442 81.449563678354025 41.931859106756747 13.100502644665537 3.1603535553440443 13.465859411284326 50.671825610101223 32.797705490142107 8.336570790037511 23.179742428474128 12.668017985299228 108.51629600301385 90.604645806364715 11.257681767456232 24.777603395283222 2.9266213336959472 19.872323577292267 88.664955785498023 3.1548172188922754 5.5690056644380084 15.701403457671402 37.308151124045253 17.990189956501126 12.282610941678284 75.851204045116901 9.8025170452892798 9.6335164941847307 25.254884908907119 252.8469162452966 19.274907173588872 11.369111277163027 20.425517570227385 46.006460015662014 259.4586315266788 18.278953100554645 73.827406359836459 60.938824028708041 12.581694230437281 4.747931368649005 23.244893928989768 19.0623350283131 13.329449059441684 24.251260362565517 28.713079980574548 193.07461985945702 33.255584745667875 16.559741443954412 7.6874351724982253 14.285129113122819 91.240356747061014 684.20610841922462 44.975374741479754 9.595523424446581 23.689640823751688
leaf_count=3163 38 704 4593 454 132 5312 4655 1733 86 579 922 404 80 123 464 282 71 710 153 1708 1203 264 160 56 623 1451 114 160 85 218 122 148 915 151 113 567 1988 177 55 749 752 3827 228 1350 543 120 51 201 216 143 225 497 3517 518 410 111 157 967 9275 831 62 185
internal_value=0.000504275 -0.00496939 0.00120448 -0.000510044 -0.000998432 -0.00260379 -0.000460963 -0.00160207 -0.00628217 0.00348962 0.00307679 0.00724428 0.013444 0.00353424 0.00951077 0.0184922 0.0244377 0.00263926 0.00533153 0.0004745 0.00996543 -0.00549722 0.0024869 -0.00791524 0.01457 0.0176413 0.034067 0.0189021 0.00179421 0.00474659 0.010675 -0.000230206 -0.00608789 0.0225041 0.00641488 0.0309025 5.69388e-06 0.00849141 -0.00383126 -0.00799932 0.00334288 0.00153253 0.00645529 0.00251736 -0.00091809 0.0177649 0.0289006 0.0135331 0.016365 0.00108669 -0.0092944 0.00273116 0.000684687 0.0130374 -0.00119821 0.010351 0.000782365 -0.0056192 0.00168474 0.00932591 0.0130293 0.0162306
internal_weight=3642.47 409.65 3232.82 1864.55 1797.71 356.713 1703.76 1324.23 296.121 379.525 147.529 108.453 66.5208 1368.26 171.939 54.6001 41.1343 1196.32 529.938 666.386 225.476 165.78 500.606 268.736 134.872 111.692 23.0271 53.4203 304.461 117.339 68.662 1028.11 147.834 47.8513 19.436 28.4152 268.548 27.385 48.6773 39.0766 57.2641 475.828 155.431 119.822 320.397 35.6086 17.3296 35.9129 21.7478 298.076 37.5807 260.495 221.788 38.7074 98.0746 24.2472 880.275 105.525 774.749 90.5431 78.2605 68.665
internal_count=59871 12325 47546 29905 29451 9162 24858 19247 4974 5611 3850 2397 1475 17641 1335 476 353 16306 6528 9778 4101 2724 7054 4711 2898 2188 737 1071 2427 859 586 14273 2648 911 264 647 2073 263 273 1453 1016 6894 2524 2125 4370 399 171 354 254 5032 368 4664 4014 650 1871 521 11625 1124 10501 1226 1078 1016
is_linear=0
shrinkage=0.03


Tree=104
num_leaves=63
num_cat=0
split_feature=4 11 21 16 14 9 25 6 29 21 3 4 16 29 8 31 10 11 1 7 31 13 31 4 11 21 25 11 10 1 30 11 8 14 3 1 10 24 21 8 24 8 7 24 26 26 18 11 12 24 21 14 14 6 28 11 26 21 7 16 10 7
split_gain=14.9224 11.3411 10.0728 8.81692 8.09576 10.7098 11.5285 8.18778 7.86853 7.60349 7.23252 6.60097 6.5495 7.50989 6.47953 6.46851 6.58578 7.50702 10.3628 6.58108 6.42126 6.75089 6.19931 6.51253 6.08803 6.04736 5.97823 5.94934 5.92754 7.01195 7.77123 5.91491 5.90868 7.57163 5.88834 7.31661 6.832 5.76881 5.81652 5.71418 5.59383 5.52173 5.46877 13.1242 7.28848 5.5505 6.88578 9.04133 5.4012 6.57891 5.89241 5.55531 7.81101 8.04065 6.9502 7.71953 8.76638 7.50795 8.33679 8.10802 9.3763 7.30463
threshold=-0.063147414475679384 -1.7223862409591673 1.4334087371826174 0.41019646823406225 -1.7817230820655821 -1.9703051447868345 1.3380020260810854 1.4763169884681704 0.074175827205181136 0.81812775135040294 -0.80169677734374989 0.14352755248546603 -1.1125821471214292 0.80625000596046459 1.7417139410972597 0.92857143282890331 1.4518521428108218 1.0509038567543032 0.039999959990382201 0.087217409163713469 1.0000000180025095e-35 0.62899938225746166 -0.64285716414451588 -0.53848308324813832 0.66872319579124462 0.93221724033355724 -0.57664090394973744 1.130693316459656 0.72511258721351635 0.19177427887916568 -3.5499999523162837 1.2597640752792361 0.86635097861289989 0.25846868753433233 1.7184820175170901 0.17289623618125918 0.24620061367750171 -0.25826136767864222 -0.96371692419052113 0.89567261934280407 1.4247425198554995 1.6349026560783388 0.6570396125316621 1.2154535055160525 0.33949564397335058 -0.91741299629211415 -0.2830126136541366 0.35920882225036627 1.278964161872864 1.682334899902344 0.32011167705059057 0.57244202494621288 1.4980738759040835 -0.068545993417501436 0.6428571641445161 1.547984302043915 -1.6637870669364927 0.44849950075149542 0.58334979414939891 0.47150073945522314 -0.14485169947147367 -0.24461583048105237
decision_type=2 2 2 2 2 2 2 2 2 2 2 2 2 2 2 2 2 2 2 2 2 2 2 2 2 2 2 2 2 2 2 2 2 2 2 2 2 2 2 2 2 2 2 2 2 2 2 2 2 2 2 2 2 2 2 2 2 2 2 2 2 2
left_child=3 -2 4 9 -3 7 10 -6 25 14 11 -7 13 37 -1 48 17 18 -17 -20 -11 -22 23 24 -10 -5 -4 -26 29 30 -19 40 33 42 -24 -36 -37 38 -12 -40 -25 -18 44 -44 45 -8 -47 -48 49 51 -51 54 53 -53 -14 56 -56 59 61 -58 -61 -59
right_child=1 2 26 8 5 6 32 -9 22 20 12 -13 15 -15 -16 16 41 28 19 -21 21 -23 34 31 27 -27 -28 -29 -30 -31 -32 -33 -34 -35 35 36 -38 -39 39 -41 -42 -43 43 -45 -46 46 47 -49 -50 50 -52 52 -54 -55 55 -57 57 58 -60 60 -62 -63
leaf_value=-0.012485846786681326 -0.012741799430852489 0.0059848033589600044 0.021649669595051501 0.018244843221041748 -0.014551269440822029 -0.0067915717411647855 -0.0063895502727472752 0.016221457785902785 -0.012585025669978643 -0.0079040867072879186 0.00022550479546339601 0.0055328815059288959 -8.2858071765881539e-05 -0.0062954146990443641 0.009756126870291643 -0.0048858431901039915 0.031792836898358087 -0.0077719844620999295 0.030255680808844485 -0.001692482010869522 0.017635379973815209 -0.010862146674250202 -0.0069615556462316449 0.02615618553312863 0.025354877320169777 -0.0061718267750800098 0.0048978294838115891 -0.0075069462145507283 -0.0092449587322007143 -0.00388102461629745 0.030491917305039966 -0.0082848770565855778 -0.015947487998599987 -0.012378339604248537 0.025452132043046381 -0.015435264219123968 0.013613336080045677 0.0054172951269333483 0.038713670607330559 -0.0016994946155342852 -0.0084396953799889662 -0.0085703735148892901 -0.011705523858049873 0.031284655174258817 -0.0111017222110731 -0.0067955471522329119 -0.0056301197271010125 0.039660671123373646 -0.0069083366915966343 -0.0033187146854120309 0.015840427031692618 -0.014121652479484411 0.0051688896824672696 -0.0021394416354833588 0.018607503654450755 0.016334285859509249 -0.00037592467798637741 0.0039751762197353883 0.0042930627546655864 0.019622945979465133 0.0026536771991248014 -0.012999025485784058
leaf_weight=183.84817039221525 48.127928329631686 225.17585357744247 15.990067911334334 25.728025611490011 61.258597164414823 171.32275172602385 11.878033271059396 4.6479113399982444 19.713710500858728 30.98484637401998 6.6701460853219059 46.163309642113745 756.4128347877413 16.467734227888286 8.9964996604248864 78.38107078243047 9.8193922229111177 3.6030136514455107 9.441412456333639 8.8614307362586242 21.695763190276924 6.5445729047060004 184.17509208060801 19.231822559610016 5.4952368792146427 10.069249123334883 341.75866023916751 6.0851569510996342 4.9658143110573283 8.1749870404601079 24.168773328885436 4.9838387332856646 43.297224342823029 46.787307601422071 7.2281326986849335 11.8713341280818 7.9999438337981692 32.5967110497877 13.909054371528329 3.288679612800478 2.6110909022390834 1.5771053228527296 7.3927733339369324 10.457605745643376 33.117538599297404 5.5856157373636988 4.1470170058310014 7.7479300536215305 74.667237005196512 18.436179928481579 43.440099980682135 58.655335466377437 92.105348565615714 254.57566343061626 26.197688535787165 40.496144473552704 103.06723336409777 29.86486089322716 88.860370210371912 54.084430095739663 61.764195068739355 70.805360672064126
leaf_count=7500 1722 2000 149 498 1432 6355 148 38 420 775 293 1132 10017 540 371 1326 137 38 100 89 567 126 3394 297 86 121 2783 98 46 56 221 63 532 645 70 88 58 598 513 106 23 21 70 88 371 63 55 78 830 129 237 1624 1162 2941 372 361 2181 348 920 699 809 839
internal_value=0.000185389 0.00100431 0.00124311 -0.00430977 0.000605617 9.98689e-05 0.000440798 -0.0113903 -0.000847246 -0.008404 0.00102547 -0.00411005 0.00159409 0.0101256 -0.0112279 0.001245 0.00714418 0.00480637 5.98689e-05 0.0177435 0.000949219 0.0103907 -0.00266197 0.00568321 -0.00353041 0.0114621 0.00593467 0.0110305 0.0147951 0.0188395 0.0250993 0.0152973 -0.00696418 -0.00341656 -0.00503602 0.00709643 -0.00335491 0.0150372 0.0249614 0.0323435 0.0212189 0.025297 0.00222283 0.0148147 -0.00220605 0.00798387 0.0169995 0.0268774 0.000730699 0.00108575 0.0103106 0.000706706 -0.00232087 -0.00456984 0.00170852 0.00453151 0.00325858 0.00206097 -0.00228166 0.00578769 0.01106 -0.00801363
internal_weight=3637.48 3080.21 3032.09 557.262 2674.34 2449.16 2383.26 65.9065 305.193 252.07 2212.84 217.486 1995.36 72.9323 192.845 1922.43 148.993 137.597 96.6839 18.3028 59.2252 28.2403 269.395 58.1209 31.2941 35.7973 357.749 11.5804 40.9126 35.9468 27.7718 26.8268 170.411 127.114 211.275 27.0994 19.8713 56.4646 23.8679 17.1977 21.8429 11.3965 80.3265 17.8504 62.4761 29.3586 17.4806 11.8949 1773.43 1698.77 61.8763 1636.89 405.336 313.231 1231.55 475.14 434.644 408.446 189.531 218.916 115.849 100.67
internal_count=59769 45214 43492 14555 40560 38560 37090 1470 5216 9339 35040 7487 27553 2050 7871 25503 2034 1876 1515 189 1468 693 4597 987 604 619 2932 184 361 315 259 383 2050 1518 3610 216 146 1510 912 619 320 158 873 158 715 344 196 133 23469 22639 366 22273 5727 4565 16546 6529 6168 5796 2107 3689 1508 1187
is_linear=0
shrinkage=0.03


Tree=105
num_leaves=63
num_cat=0
split_feature=15 5 4 10 11 21 15 2 11 26 14 9 15 9 10 31 12 3 10 21 1 0 0 10 32 14 13 2 4 4 4 26 32 11 7 0 1 16 11 24 29 19 18 24 16 12 9 29 19 13 24 24 22 3 11 22 9 26 10 10 7 21
split_gain=16.9567 12.7241 9.46968 14.4036 9.11621 12.5292 8.88464 11.7626 8.83549 8.17001 8.14364 9.4222 7.18176 6.32053 9.93293 7.38593 7.36218 6.02605 7.77013 10.4146 8.5678 7.97591 6.4681 6.42616 6.38769 6.01645 5.93795 6.26976 6.65582 5.86327 6.41951 5.81514 5.71113 5.79669 5.787 5.56299 6.85234 6.36826 5.44152 7.17797 7.57656 6.80361 6.76006 6.35828 5.90765 5.7727 8.51261 5.67677 5.6111 5.59673 5.80596 7.00129 5.43891 5.43469 6.28849 5.37572 10.065 10.7141 5.61094 5.21177 5.2634 5.20387
threshold=-1.2060262560844419 -0.20125912874937055 0.4327028095722199 1.219083368778229 -1.0492325425148008 0.41548287868499761 0.57750803232193004 1.182564437389374 1.4427454471588137 0.98986387252807628 -2.2773716449737544 -1.9703051447868345 0.88642296195030224 0.47991286218166357 -0.036831563338637345 -0.35714286565780634 0.85924696922302257 0.057279193773865707 -0.52494600415229786 -0.40558201074600214 -0.90127521753311146 0.49462532997131353 1.4499322772026064 -0.70273095369338978 11.500000000000002 -3.7366889715194698 -0.27392549812793726 1.2661823034286501 -0.23698300123214719 0.089077860116958632 0.70580422878265392 -0.045175466686487191 6.5000000000000009 -1.0170989036560056 -1.551740229129791 1.8553283810615542 1.7329459786415102 0.68423041701316845 1.0367280244827273 0.92642220854759227 0.68990385532379161 1.0742237567901614 -0.52837771177291859 0.88272625207901012 0.25193978846073156 -1.0198027491569517 0.70002666115760814 0.44949495792388922 0.054910035803914077 0.89479723572731029 -0.67135798931121815 1.6081447005271914 1.059057414531708 -0.58610415458679188 0.63317885994911205 1.7625053524971011 0.72971028089523327 0.73686978220939647 -1.6494186520576475 -0.62513908743858326 -0.48710039258003229 -0.51700475811958302
decision_type=2 2 2 2 2 2 2 2 2 2 2 2 2 2 2 2 2 2 2 2 2 2 2 2 2 2 2 2 2 2 2 2 2 2 2 2 2 2 2 2 2 2 2 2 2 2 2 2 2 2 2 2 2 2 2 2 2 2 2 2 2 2
left_child=53 8 4 6 5 -3 -4 -8 17 35 25 12 -12 14 15 16 -7 24 19 -19 61 23 -22 -21 29 -6 -10 28 -28 -2 -31 -14 -13 -34 -35 37 -37 -9 49 40 44 -41 -43 -42 -40 -46 48 -48 -47 55 59 -52 -24 -1 -55 58 57 -57 -36 -51 -61 -20
right_child=1 2 3 -5 10 13 7 9 26 -11 11 32 31 -15 -16 -17 -18 18 20 21 22 -23 52 -25 -26 -27 27 -29 -30 30 -32 -33 33 34 38 36 -38 -39 39 41 43 42 -44 -45 45 46 47 -49 -50 50 51 -53 -54 54 -56 56 -58 -59 -60 60 -62 -63
leaf_value=-0.016395050811814176 -0.0087318265196551625 -0.016908678287599007 0.0076042678099028137 0.016995381284651102 -0.0055415645520267912 0.02683149000107685 -0.0037014666809176344 0.0033724166584677552 -0.011835470541995919 -0.016357871879218 -0.016431303853237336 0.018624172221985494 -0.01293812795969345 0.006415060725873863 -0.015785314794289265 -0.0062498018688313976 -0.010555637434058527 0.026204983153902194 -0.0084780819979352728 0.0005244217621079055 -0.0091104285104987043 -0.0091219104134370992 -0.0030215218587430629 0.026179854946473628 -0.012881097203488089 0.011092795531522783 -0.0012735718284116548 -0.011721164787031023 0.025604967289371363 0.032323563679885044 -0.0045786033838684775 0.013257722980626248 0.017898311901799059 -0.0079700672104123394 0.0098314555421360281 -0.019653490628396553 0.011870540114478717 0.023499027589969832 -0.0058760659180225024 -0.001254253301582616 0.010453615321488235 -0.010939712321616646 0.022486942680077365 0.037783701092866002 0.023760855712517393 0.0026139407311157607 0.025920065021389407 -0.0013616956307369184 -0.016126963124027175 -0.01221522541411061 -0.010150805698774161 0.010644007707745021 0.025409346078678015 -0.0094609401643871802 0.010454318572629523 0.031985877804213241 -0.012722935339688921 -0.011839385239568286 -0.0002889798626610933 -0.0076409127363551536 0.027680068880647619 0.025479499609805976
leaf_weight=65.076422960497439 12.62778416555375 58.205608582124114 200.38588572107255 68.080739985220134 20.709834119305015 11.973180267959831 241.23919842392206 24.995029289275408 6.9609083458781233 5.8692408427596083 45.981310896575451 10.981295560486613 7.7690996713936356 58.602572898380458 39.725791573524475 21.73034084122628 3.4893743162974706 11.52990506403148 3.0879542212933302 25.053731119260188 181.54431524965912 37.774534646421671 13.929245183244349 8.711257138289513 123.88402356021106 102.10047172661871 11.464875917881725 4.5048755239695302 21.195354426279664 4.4348116489127261 5.7542415503412485 14.376684956252573 12.322779831476508 65.66599088627845 46.383550729602575 6.5706907287240019 8.5876800492405874 34.629680715501308 43.522099692374468 273.59022609889507 75.551477678120136 3.9511252045631435 16.161367941647768 5.0695724524557582 10.48915068246424 78.948071086779237 16.761035412549976 9.3284701313823444 12.357788821682332 3.1119671091437331 115.58971810434014 12.458186794072388 4.6199376843869677 41.485094536095858 15.897842231206594 15.170721864327794 6.6384368464350691 3.7849276494234791 1213.4916354669258 2.8683330789208403 7.7246153336018315 7.4344316413626057
leaf_count=4247 491 2508 2418 616 170 227 1724 153 116 35 1160 84 71 1226 880 523 58 222 75 375 2569 428 131 119 4565 852 199 36 194 88 77 130 264 1822 890 33 42 174 802 2051 1043 25 106 41 144 968 199 111 136 80 1331 87 37 2033 440 152 75 38 19604 90 179 124
internal_value=-6.15672e-07 0.000387919 0.00110977 0.00450301 0.000283471 -0.00587728 0.00272886 -0.00037609 -0.00410179 0.00920589 0.000825085 0.000382828 -0.0102015 -0.000706304 -0.0061923 0.0047104 0.0178768 -0.00539906 -0.00283343 0.00474285 -0.0058623 -0.000202064 -0.0073735 0.00966644 -0.0102726 0.00818065 0.008077 0.0127678 0.0172533 0.00365982 0.0168363 0.00337741 0.000756372 0.000615642 0.000467639 0.0121116 -0.0032796 0.0159755 0.00076791 0.00330105 0.00696221 9.54428e-05 0.0150496 0.0142783 0.00321394 0.00641218 0.00395475 0.0175151 -0.000628136 -0.000208836 -0.00575969 -0.00780364 0.00795107 -0.0107503 -0.00354776 0.000423219 0.0128487 0.0225905 0.000121004 0.0103185 0.0187326 0.0159932
internal_weight=3643.92 3521.46 3036.94 590.358 2446.59 193.727 522.277 321.892 484.512 80.6523 2252.86 2130.05 68.1271 135.521 76.9187 37.1929 15.4626 440.386 293.685 83.0694 210.616 71.5395 200.093 33.765 146.701 122.81 44.126 37.1651 32.6602 22.8168 10.1891 22.1458 2061.92 2050.94 2038.62 74.7831 15.1584 59.6247 1972.95 545.73 252.028 293.703 20.1125 80.6211 171.407 127.885 117.395 26.0895 91.3059 1427.22 141.753 128.048 18.5492 122.459 57.3829 1285.47 25.5941 18.9556 1259.88 13.7049 10.5929 10.5224
internal_count=59888 53168 43322 5195 38127 5422 4579 2161 9846 437 32705 31683 1361 2914 1688 808 285 9301 4080 1144 2936 922 2737 494 5221 1022 545 429 393 656 165 201 30322 30238 29974 402 75 327 28152 5626 3444 2182 131 1084 2360 1558 1414 310 1104 22526 1767 1418 168 6720 2473 20759 265 190 20494 349 269 199
is_linear=0
shrinkage=0.03


Tree=106
num_leaves=63
num_cat=0
split_feature=4 5 23 20 6 3 22 20 2 2 30 6 25 17 14 25 15 8 3 9 21 12 8 12 3 5 12 10 2 9 23 10 4 1 20 6 15 18 23 0 20 12 3 3 14 13 1 0 17 14 14 18 30 21 17 29 5 15 12 2 22 9
split_gain=16.8258 11.9467 9.34245 8.24743 9.885 9.06385 7.89626 7.86724 7.71304 10.2499 9.01587 7.4351 6.65359 6.13318 6.44288 9.66373 7.71642 7.39388 6.97775 6.89076 6.56923 6.34452 6.68016 6.21852 6.09489 6.04345 5.93349 6.31446 5.87085 7.27501 7.03223 7.66557 8.10085 7.02014 5.6131 5.28446 5.26002 6.005 5.25385 5.08806 6.67499 6.02349 5.13368 5.03607 7.49601 7.56768 7.08099 5.88283 7.43361 5.62402 4.9136 4.90839 5.11134 5.68596 5.00471 4.72623 4.68412 4.68502 4.67991 4.54881 4.51676 4.50178
threshold=-0.037920959293842309 0.81595304608345043 -1.5540298223495481 0.61775311827659618 1.177582919597626 1.4207482337951662 0.57499739527702343 -0.8919868767261504 -1.0000000180025095e-35 0.95958691835403453 -5.7750000953674308 -0.55644655227661122 0.058717029169201858 2.7754834890365605 -1.7817230820655821 2.6461292505264287 -0.21246297657489774 0.68613728880882274 0.65529128909111034 -1.542561888694763 0.99842476844787609 0.67441216111183178 0.64679124951362621 0.81130489706993114 -0.93478554487228382 1.9225520491600039 1.0825784206390383 1.6997573375701907 1.2661823034286501 -0.56224769353866566 1.0151652097702029 -0.50426310300827015 1.585507392883301 1.1951304674148562 -0.42950887978076929 -0.88756141066551197 0.023382865823805336 3.0811388492584233 1.2894251942634585 -0.071802720427513109 -0.22707098722457883 1.21311891078949 1.9293065071105959 0.17720785737037661 0.52242934703826915 -0.65279909968376149 -0.93633028864860524 0.82193171977996837 0.23336815088987353 -0.27713291347026819 -3.3850089311599727 -0.5512113869190215 -2.7083333730697627 0.053073350340127952 0.97309765219688427 0.97058823704719555 -0.98788908123970021 0.24768622219562533 0.14079722762107852 0.2646795809268952 -0.19528160244226453 -1.4825731515884397
decision_type=2 2 2 2 2 2 2 2 2 2 2 2 2 2 2 2 2 2 2 2 2 2 2 2 2 2 2 2 2 2 2 2 2 2 2 2 2 2 2 2 2 2 2 2 2 2 2 2 2 2 2 2 2 2 2 2 2 2 2 2 2 2
left_child=1 3 11 43 -5 38 7 -3 34 10 -10 36 25 14 16 19 24 51 20 39 26 -17 -23 58 -4 35 27 50 61 -30 33 -32 -33 -31 -9 -12 37 59 -6 40 -16 42 -41 55 45 -45 -47 56 49 -49 -19 -18 -53 54 -54 -1 57 -48 -15 -2 -35 -21
right_child=2 6 13 4 5 -7 -8 8 9 -11 12 -13 -14 23 15 21 17 18 -20 28 -22 22 -24 -25 -26 -27 -28 -29 29 30 31 32 -34 60 -36 -37 -38 -39 -40 41 -42 -43 -44 44 -46 46 47 48 -50 -51 -52 52 53 -55 -56 -57 -58 -59 -60 -61 -62 -63
leaf_value=-0.014716575743631942 -0.019698869036962961 -0.0092178567575063684 -0.0081071078701523986 -0.00523032249618332 0.029876886753079191 -0.0044237112655155361 -0.0083737807312975702 0.016758487264382733 -0.010351674551840462 -0.0038597401085368418 -0.00019972284105929734 0.014948371597972333 0.0007030785651628616 -0.0041581445473211015 0.031738400831528464 -0.021063389528885527 0.017140292843478337 0.0083519725816583873 0.020338410359594928 0.014055141165484878 0.017443492643720568 0.015127702259956362 -0.01708887911033119 -0.0089878890491889921 0.034788283219977116 -0.00096763290398298792 0.019908159175381079 0.011950073713828302 -0.0092004232323513301 0.0044588120341286976 -0.011140255083450921 -0.0020394598333201741 0.022638739192471842 -0.0013953608832731701 -0.0122216567130571 0.041732240881952862 0.0066292314661292239 0.013178718550363728 -0.0033489387226269536 -0.010296139200697536 -0.008545960632804989 0.014276580187798728 0.0082173065222769931 0.017973902570675476 -0.014480439691206038 0.020711373495925799 -0.011610471210944887 -0.0055599502341481038 -0.0085331743507864911 0.029246301602240829 -0.014011061451987473 0.012559909568361092 0.012434714163446709 -0.0092631182404649196 -0.0071614817324245515 0.0044490689210976448 -0.014462492987510145 0.017567068778578256 0.030025398083658686 0.011284247331611137 0.032889129304091505 0.00094509409987784748
leaf_weight=141.31562834791839 52.425621398724616 15.150770101696251 1.7662081429734815 110.70779660250992 15.388121180236341 15.884784571826456 30.634636268019676 3.8584436634555486 3.5987458601593962 13.849624698981641 2.9294819440692654 5.9604958510026327 6.7851512646302572 3.1614341512322452 2.6420063162222505 24.696803250350058 7.953347483649849 7.6936909537762395 33.808650899678469 18.839599772356451 19.872648328542709 9.3062290102243406 4.8044529482722274 4.0972475335001937 8.0413393061608058 3.7869820529595009 5.6457683928310862 11.735390421003101 15.748921655118464 20.95471169706434 18.024853479117155 23.129229806363583 18.250952333211899 3.5390711054205921 14.457052653655408 24.125809988938279 8.478050157427786 2.5960540091618887 4.2397944629192343 115.94876014627516 4.016697956249117 6.9750483976677051 11.435033382847903 11.807665685191749 48.6302261762321 4.8307736525312057 4.4587659100070578 4.1689678374677896 14.10373307392001 7.7252428336069006 35.714576748199761 13.432282049208878 22.648300807923079 71.948848927393556 16.068384595215321 10.377762804739175 51.606976933777332 5.9794705510139465 12.157488282769917 1.4697538940235961 20.678918560966849 2412.0272535048425
leaf_count=6519 2869 434 66 2571 179 112 499 128 75 149 103 141 94 24 57 323 57 65 187 306 125 99 51 26 137 64 44 103 118 197 104 142 89 30 359 386 191 140 39 2455 69 101 95 213 939 112 130 50 145 119 344 102 291 479 123 455 856 90 68 39 149 35062
internal_value=0.000236095 -0.00447362 0.00111481 -0.00669091 -0.000789491 0.0119913 0.00385283 0.00830459 0.0122791 0.0175099 0.0243298 -0.00928377 0.0284719 0.00137512 0.00125055 0.000818311 0.00575196 0.00439057 0.00979873 0.00104388 0.00445186 -0.0131631 0.00255738 0.0163604 0.0269343 0.0336307 -0.000798157 -0.00439694 0.00140418 0.00773955 0.010594 0.00329945 0.0101122 0.0189021 -0.00383193 0.037869 -0.0124162 -0.0155812 0.023477 -0.00529938 0.0141944 -0.00674009 -0.00838663 -0.00946171 -0.00535861 -0.00065409 -0.00381962 -0.00620626 0.00510265 0.0190117 -0.00959417 -0.000484027 -0.00223366 -0.00449458 0.00441291 -0.0133053 -0.010972 0.00537991 0.0236835 -0.0179677 0.0284976 0.00107534
internal_weight=3648.1 570.402 3077.69 451.226 146.22 35.5127 119.177 88.5421 73.3913 55.0758 41.2262 70.93 37.6274 3006.76 2987.35 2731.02 256.329 246.522 114.471 2692.21 80.6621 38.8075 14.1107 19.4162 9.80755 30.8423 60.7894 55.1437 2551.19 120.327 104.578 59.405 41.3802 45.1727 18.3155 27.0553 64.9695 56.4914 19.6279 141.018 6.6587 134.359 127.384 305.005 153.312 104.682 92.8739 88.0432 25.9979 11.8942 43.4083 132.051 124.098 110.666 38.7167 151.693 62.0452 10.4382 15.3189 53.8954 24.218 2430.87
internal_count=59888 14820 45068 12529 2901 330 2291 1792 1358 871 722 3380 647 41688 41570 39447 2123 1920 868 38974 681 473 150 118 203 553 556 512 36197 829 711 335 231 376 487 489 3239 3048 218 2777 126 2651 2550 9628 2654 1715 1502 1390 314 169 409 1052 995 893 414 6974 1076 220 92 2908 179 35368
is_linear=0
shrinkage=0.03


Tree=107
num_leaves=63
num_cat=0
split_feature=3 4 14 8 24 25 8 19 15 9 7 6 7 7 7 12 3 13 29 6 6 18 14 12 6 25 21 11 12 25 7 31 16 6 18 7 11 9 14 17 9 17 7 11 22 3 4 13 11 21 3 14 8 15 5 8 14 22 20 26 11 11
split_gain=14.4039 11.9813 9.18469 7.75972 8.96007 11.4528 7.998 6.73891 8.65979 6.91082 6.53354 6.41237 6.31585 9.49498 6.66604 6.57289 7.39532 6.31112 7.59262 6.66928 6.60637 6.29498 6.80114 7.58192 6.25797 7.11516 6.47073 6.43354 6.21746 6.74721 6.01981 7.28366 6.91068 7.22636 5.90787 5.76079 8.36019 10.759 8.81508 8.83973 7.78692 7.97733 12.3329 7.45845 7.4315 7.89516 6.89927 6.86211 6.47321 6.47016 6.06321 6.02381 5.95397 8.47525 9.92828 8.46694 6.38384 7.9057 7.09386 6.19383 6.30113 7.54735
threshold=-0.44343279302120203 -0.49911274015903467 0.60173693299293529 0.31552396714687353 0.60168081521987926 0.037765258923172958 0.64679124951362621 -0.59204229712486256 0.50769728422164928 -1.4138459563255308 -0.52266526222228993 0.068752482533454909 0.26012976467609411 0.95443394780159008 -0.72948807477951039 -0.52532643079757679 -1.2942615151405332 -0.26381953060626978 0.64495798945426952 -1.4442479014396665 0.12443699315190317 1.3322582244873049 -0.11489746719598769 -0.27721859514713282 0.68319934606552135 0.37481206655502325 0.72498425841331493 0.33632096648216253 -0.18481257557868955 -0.13044020533561704 -0.54494658112525929 -1.0000000180025095e-35 -1.666665732860565 -0.27249692380428309 -0.43680751323699946 0.69212937355041515 0.79166421294212352 -1.3309161663055418 0.63200756907463085 0.86688977479934703 -0.75471746921539296 0.8333861529827119 0.48178569972515112 0.24782812595367434 0.93864980340003978 0.082465734332799925 -0.25772756338119501 0.71823149919509899 -1.3079199790954588 0.21705467253923419 -0.22708977013826367 -1.716747462749481 -0.53009775280952443 0.86289587616920482 -0.55337172746658314 0.3057944923639298 -1.0100318193435667 -0.37350033223628992 1.8740578889846804 0.23798973858356479 0.7664504647254945 -0.83507922291755665
decision_type=2 2 2 2 2 2 2 2 2 2 2 2 2 2 2 2 2 2 2 2 2 2 2 2 2 2 2 2 2 2 2 2 2 2 2 2 2 2 2 2 2 2 2 2 2 2 2 2 2 2 2 2 2 2 2 2 2 2 2 2 2 2
left_child=1 -1 3 30 5 6 -5 8 9 -2 -6 -7 14 17 15 -8 -17 -14 19 -19 -21 35 23 -23 -12 28 34 -28 29 -26 -3 -32 33 -33 -27 36 37 43 40 44 41 42 46 -9 -40 -46 -39 -42 -48 -43 -50 -45 -37 54 -54 59 -56 -58 -59 -55 61 -61
right_child=7 2 -4 4 10 11 12 21 -10 -11 24 -13 13 -15 -16 16 -18 18 -20 20 -22 22 -24 -25 25 26 27 -29 -30 -31 31 32 -34 -35 -36 52 -38 38 39 -41 47 49 -44 51 45 -47 48 -49 50 -51 -52 -53 53 55 56 -57 57 58 -60 60 -62 -63
leaf_value=-0.014221176476268672 -0.0087895026858865674 -0.01271757199491374 -0.013268268275629621 0.015187154621439094 -0.017156602357085743 0.00047673581754705403 -0.0095938532186657412 -0.015677691914305666 -0.0053656272863337948 0.023388682770522019 -0.015556537888730671 0.043191817539306968 -0.0036890556462096952 -0.0057958275862607924 -0.012092708191772723 -0.0088785983091040563 0.023828436264925801 -0.0070425888835638113 -0.0014555400588079355 0.048237529360611861 -0.0038389676701755457 -0.0095277740241070472 -0.010982083723986558 0.013661677675141683 -0.0053993370844420963 0.011495512185726231 -0.0076490536050053898 0.025720046994433261 0.0023626773242672382 0.044471150740970078 0.0055739703385341991 -0.007413975285752333 -0.0097749998705976004 0.032214365961112899 -0.018861680738429414 -0.00038836589869823681 0.0023372471893928033 -0.003131114126696206 -0.012922412738169676 0.0047553068242094584 0.0012401280841002871 -0.018561156235020665 -0.012454976992331643 0.015606021893278317 0.02487806201660173 -0.004382529363266616 -0.0094803257445626715 -0.0066669702162899039 -0.0023679147308825815 0.0068119886428992743 0.032091002196106042 -0.0063651871443501963 -0.0078028814548806039 4.5760044127459203e-05 0.022384632045830997 -0.0038266963987050339 -0.0074780781319304821 0.011445687821137532 -0.012496983971985079 -0.0080688009504170915 0.00087728847992965065 0.025840700616496796
leaf_weight=84.069854163564742 4.4921283079311243 60.290897103026509 56.180006184615195 37.603800266049802 23.008647484704852 4.5685765473172051 13.371151017025111 71.404339804314077 17.230649415403605 31.179564354009926 12.775052130222319 6.1774390172213316 7.1001996053382781 22.030967702157795 44.558611045591533 6.0594188245013347 14.130191964097323 1.444310132414105 6.1731294747441998 10.075200778432189 1.7489144233986724 18.244072126224637 75.95737945754081 23.474567854776978 1.9737905059009788 3.9526219926774493 6.5309936925768834 6.0073774755001068 13.511643774807451 4.399076126515868 65.831091308966279 5.4348359452560544 85.072121491655707 3.140503913164137 18.32820091210306 276.19367432687432 903.56161205936223 7.8803532849997273 119.07692625559866 50.872118970379233 581.31905688531697 9.7882643369957822 8.6928309118375164 10.447202844545243 5.2504220558330408 38.840074941515923 2.1425062939524642 113.79380112327635 4.4629658116027704 18.798340054228902 34.051324937492609 36.164243616163731 26.230683568865061 61.063200548291206 31.814282319508493 140.9028385579586 22.057480865158141 187.68326725065708 7.8227568529546252 4.6875184662640086 23.19165688380599 29.719569940119982
leaf_count=4469 131 2342 2417 1300 404 136 564 1734 190 689 198 96 213 661 1437 278 520 59 185 295 39 305 1648 337 25 42 64 44 167 51 1989 320 2704 110 231 3085 9063 231 2445 486 8632 123 153 75 160 528 64 1539 129 156 545 592 468 388 280 901 337 2594 88 44 130 199
internal_value=0.000110042 -0.00401223 -0.00231158 -0.00092082 0.00251223 0.00641405 0.00394258 0.000975283 0.0111132 0.0187541 -0.00497621 0.0309498 0.000155145 0.00818194 -0.00502768 0.00470427 0.0141983 0.0188637 0.0261699 0.0359033 0.0416831 0.000774684 -0.00588163 0.00358628 7.4058e-05 0.00472141 -0.00357077 0.0111133 0.0170416 0.0334422 -0.00503231 -0.00182861 -0.00705114 0.0136186 -0.0123564 0.00106156 0.000200283 -0.00153728 -0.000499875 -0.00581997 0.000986023 0.00924752 0.0153013 -0.00990761 -0.00916047 0.0012809 0.0209713 -9.26765e-05 0.0254743 -0.00334578 0.0282847 -0.000405893 0.00318782 0.00501993 0.0086355 0.00109025 0.0104839 0.00827992 0.0101999 0.00684743 0.0134786 0.0207834
internal_weight=3624.04 625.549 541.479 485.299 265.529 175.042 164.296 2998.49 52.9023 35.6717 90.4874 10.746 126.692 48.5727 78.1194 33.5608 20.1896 26.5418 19.4416 13.2684 11.8241 2945.59 117.676 41.7186 67.4788 54.7037 34.8192 12.5384 19.8845 6.37287 219.769 159.479 93.6475 8.57534 22.2808 2827.91 2016.55 1112.98 994.969 214.04 780.929 85.8166 57.23 118.016 163.167 44.0905 48.5372 695.113 40.6568 28.5866 38.5143 46.6114 811.367 535.173 275.608 259.565 249.378 217.564 195.506 118.662 57.5987 34.4071
internal_count=59829 21360 16891 14474 7009 5783 5551 38469 1010 820 1226 232 4251 1452 2799 1362 798 791 578 393 334 37459 2290 642 822 624 381 108 243 76 7465 5123 3134 430 273 35169 26655 17592 15191 3619 11572 1401 1122 2401 3133 688 969 10171 738 279 674 667 8514 5429 3767 1662 3299 3019 2682 761 373 243
is_linear=0
shrinkage=0.03


Tree=108
num_leaves=63
num_cat=0
split_feature=3 11 25 22 32 4 11 26 24 10 17 20 9 24 9 0 5 10 26 23 17 0 3 16 5 16 32 11 5 4 9 26 5 5 5 4 0 16 3 7 32 33 26 26 16 29 12 34 26 12 8 22 4 12 3 7 3 0 11 8 5 25
split_gain=14.9045 13.0087 10.9837 10.2314 9.83921 11.0768 14.2302 12.6431 7.79084 7.62324 9.96316 7.45445 7.27892 7.84911 6.85785 6.55402 8.32042 7.16011 6.51604 6.51326 6.95181 6.24169 6.15641 6.93548 6.78211 6.55052 5.92762 6.56378 6.23208 5.86259 6.92731 6.77076 6.60069 8.24479 5.84897 5.81665 6.73054 6.84045 5.73692 6.89898 5.80998 6.50612 5.75763 5.72535 5.68785 5.6786 5.39432 5.35979 7.78338 6.98307 5.34758 5.28279 5.20349 5.79106 5.19235 5.18064 5.13531 5.10809 5.06727 5.05276 5.03739 5.35002
threshold=-0.88344165682792652 -0.87860956788063038 -0.50881838798522938 -0.032875809818506234 13.500000000000002 -0.62792059779167164 -1.0492325425148008 0.89469203352928173 -0.65787944197654713 -0.78886502981185902 -0.98596006631851185 -1.0735331177711485 0.42645880579948431 0.94705218076705944 -0.79208737611770619 1.6338733434677126 -0.28780815005302424 2.2206721305847172 1.2264904379844668 -0.36394892632961268 -0.65499338507652272 -0.54278397560119618 0.62921172380447399 0.96323463320732128 -0.097621034830808626 0.6605244278907777 15.500000000000002 -0.93835854530334462 2.0900830030441289 0.5391409993171693 0.59013938903808605 1.0511649847030642 -1.0463263988494871 -0.4749594628810882 -0.3408242911100387 0.10340107604861261 -0.26535196602344507 0.32154692709445959 -0.73143267631530751 -1.3124920129775999 15.500000000000002 1.0000000180025095e-35 0.56790068745613109 -1.6637870669364927 0.47688224911689764 0.10555555671453477 0.90281495451927196 2.5000000000000004 1.1703364849090578 1.2566189765930178 0.75508347153663646 1.5032576918601992 0.60094025731086742 0.89577630162239086 -0.10524026304483412 -0.020999608561396595 1.4413411021232607 -0.16715545952320096 -1.2516956925392149 -1.3395147323608396 -1.5183332562446592 -0.66097223758697499
decision_type=2 2 2 2 2 2 2 2 2 2 2 2 2 2 2 2 2 2 2 2 2 2 2 2 2 2 2 2 2 2 2 2 2 2 2 2 2 2 2 2 2 2 2 2 2 2 2 2 2 2 2 2 2 2 2 2 2 2 2 2 2 2
left_child=1 52 3 -3 18 26 7 -7 -9 10 -8 12 13 59 47 16 29 21 60 -13 55 -18 25 24 -24 -22 -6 44 56 -16 31 -31 -32 46 -5 -4 -37 -38 40 -40 -23 42 -42 -19 58 -20 54 49 -49 -11 51 -10 53 -1 -34 -21 -29 -41 -28 -12 -2 -62
right_child=4 2 35 34 5 6 9 8 50 14 11 19 -14 -15 15 -17 17 43 45 20 22 38 23 -25 -26 -27 27 28 -30 30 32 -33 33 -35 -36 36 37 -39 39 57 41 -43 -44 -45 -46 -47 -48 48 -50 -51 -52 -53 -54 -55 -56 -57 -58 -59 -60 -61 61 -63
leaf_value=-0.020619656175611338 -0.012380870360110829 -0.0067452176027998903 -0.0067285184388665631 -0.0079321449144596975 0.00084585990739761312 -0.012446454488333748 -0.016758719305815708 -0.014398296844045838 0.032178423728790623 -0.012145224694759283 -0.0053029406546145647 -0.0084134754386637287 -0.0015957314103695176 -0.0017325744705894406 -0.012182816894231252 0.012991423402437592 0.014993259109556532 -0.0094379536420613041 0.01147732999424112 -0.00081181074749429156 -0.005449411850987072 -0.0064062782809592633 0.028635303119683313 -0.00098800910370376929 0.0084715428554727225 0.010020813489034395 -0.0027257555350939148 -0.018588542949788543 0.015983999342268088 -0.013048017822507632 -0.011867891263124437 0.017607889396499952 -0.0041775824236618252 -0.0056098490406251414 0.033401362769162883 -0.0087522357148689719 0.024388264440039276 -0.0028563957977103759 -0.011398080898595182 -0.012248473599124203 0.037843483368259427 -0.0058524050027128861 -9.4801623317736241e-05 0.023926234171652568 -0.013570365179179252 -0.0072476990900685306 -0.0060183279390855571 -0.0030053843544499514 0.017537293333809375 0.01523610528603575 -0.0080522220471688603 -0.0061315300311411925 0.0065959482980420866 0.0041073315591524124 0.039636844550708761 0.031845651990097368 0.00051830159308683906 0.0013164071125310861 0.029344451426611812 0.04403154376181722 0.014787546713125356 0.0038825366749553488
leaf_weight=66.31554610747844 11.710310478694735 9.9597928952425736 173.97636559419334 1.7050783373415459 52.071014086715877 116.77123279497027 13.133310113102196 4.3873962312936809 11.401220883242788 83.981694151647389 0.98958709184080618 26.451841081492603 8.8687652293592674 4.954171458259224 66.297485101036727 35.932723264209926 24.019297659397125 3.0145015306770828 13.023619250394402 5.7590570757165578 77.5568778347224 7.2107626944780376 15.012314034625886 50.133495280519128 98.764471784234047 30.140058944001794 6.8623000197112569 77.570150554180145 2.027832366526126 30.707189345732331 5.4728286452591446 3.3940106183290473 1.8352995421737457 7.8002567086368773 13.08252557646483 15.964261545799671 14.705878322012724 12.691690917126833 37.018228402361274 20.624126854352653 9.7967164041474479 4.6006510937586418 4.7249372182413927 16.076300140470266 5.383956433273851 77.8929238403216 2.0831085592508325 156.08174663409591 13.51861462369561 5.0127894831821314 2.8450856199488035 2.272829705849289 6.1474431259557596 7.9801516439765683 10.462713919579981 10.440718112513421 14.637498170137404 1040.7133641140535 4.5181233044713744 10.869456027634444 38.197376859374344 932.30501888133585
leaf_count=3903 288 405 5960 66 1292 3244 303 219 242 1402 22 802 190 68 1379 241 446 35 135 123 1315 198 153 341 895 379 344 2228 37 373 72 36 42 80 367 385 298 166 828 298 296 139 128 192 144 951 24 2511 216 65 51 41 177 444 105 163 162 12590 186 257 627 10864
internal_value=0.000453834 -0.00565277 -0.00205509 0.0151236 0.00105516 -7.62457e-05 0.000520833 -0.0086263 0.0109949 0.00118931 0.0051441 0.00622095 0.0204556 0.0297869 0.000297946 0.0011691 0.000792601 0.00159631 0.00341063 0.00475552 0.00608887 0.0012512 0.00469936 0.0082744 0.0122255 -0.00086741 -0.00748504 -0.0112611 -0.0142323 -0.00632154 0.00041202 -0.00813549 0.010584 0.0172877 0.0278354 -0.00430728 0.00509852 0.0132744 0.000892658 0.000529114 0.013552 0.0208459 0.0286368 0.0177925 0.00487293 -0.0041069 0.0279504 -0.00412562 -0.000912634 -0.00987448 0.0195176 0.025874 -0.0157258 -0.0178722 0.0337807 0.0227826 -0.0156848 0.000996615 0.0150772 0.039563 0.00412375 0.00438533
internal_weight=3639.86 322.529 242.086 24.7474 3317.33 2244.2 2081.13 137.678 20.9065 1943.45 353.074 339.941 25.682 16.8132 1590.38 1331.78 1295.85 1167.8 1073.13 314.259 287.807 1148.71 271.607 163.91 113.777 107.697 163.071 111 94.2355 128.053 61.7554 34.1012 27.6542 22.1814 14.7876 217.338 43.3618 27.3976 1124.69 1098.36 26.3331 19.1223 14.5217 19.0908 16.7644 90.9165 14.3811 258.595 169.6 88.9945 16.5191 13.6741 80.4431 74.2957 12.298 16.1998 92.2076 1061.34 11.3804 11.859 982.213 970.502
internal_count=59933 12171 7647 838 47762 34897 30504 3797 553 26707 5011 4708 537 347 21696 17502 17261 15150 12865 4171 3369 14923 3083 1389 1048 1694 4393 3101 2427 2111 732 409 323 251 433 6809 849 464 14477 13716 761 563 424 227 674 1086 171 4194 2727 1467 334 283 4524 4347 147 286 2390 12888 530 279 11779 11491
is_linear=0
shrinkage=0.03


Tree=109
num_leaves=63
num_cat=0
split_feature=6 17 9 14 32 26 25 24 11 11 32 8 3 9 14 15 27 18 11 26 18 32 16 11 10 14 13 25 13 8 12 21 30 21 20 15 21 7 26 3 9 12 13 16 29 14 17 13 17 14 11 14 16 7 18 13 10 18 16 8 16 10
split_gain=12.459 8.05552 7.96048 15.5863 8.94737 10.9681 8.41492 8.14391 11.2379 8.11666 7.72769 9.0953 7.59192 7.29743 8.37073 8.89855 10.9031 8.34294 7.22559 7.14868 6.94862 6.65518 6.55619 7.17506 6.52567 6.19576 6.40154 6.14312 5.95148 8.65645 7.14944 5.9332 5.92883 5.78041 8.43488 8.41217 8.38578 7.8898 10.2251 6.93529 8.64539 6.61439 6.18811 7.09775 6.81586 8.90995 7.59789 6.81007 6.77126 7.28589 6.01617 8.79273 9.41953 8.24656 7.72532 6.77286 6.41196 6.30491 5.99831 5.79447 5.65493 5.62932
threshold=-1.0870629549026487 -1.0173451900482176 -1.0826901197433469 -2.6278655529022212 11.500000000000002 -0.85678783059120167 0.32743325829505926 -0.91622346639633168 -0.60086870193481434 -0.23932254314422605 12.500000000000002 1.2273285388946535 0.64183306694030773 0.49961508810520178 0.49164715409278875 0.27830499410629278 4.5000000000000009 -0.32478055357933039 0.59715119004249584 -1.0938715934753416 0.88817214965820324 8.5000000000000018 -0.091609250754117952 -0.12966374307870862 0.26533120870590216 -0.23849282413721082 -0.65279909968376149 -0.33364337682723993 -0.53413373231887806 1.0000000180025095e-35 0.12244937196373941 0.053073350340127952 -9.3666663169860822 0.7952142357826234 1.0000000180025095e-35 1.6116285324096682 0.7140810787677766 1.6130090951919558 0.35583893954753881 -1.1322949528694151 -0.61529108881950367 0.75697174668312084 -1.7205032706260679 -0.91033002734184254 0.45804196596145635 1.2341661453247073 1.0944492220878603 0.39656206965446478 1.4070138931274416 1.1820206046104433 -0.31456629931926722 1.0000000180025095e-35 0.82979086041450512 0.012041569687426092 -0.43680751323699946 -0.91526693105697621 -0.96095046401023854 -0.62631461024284352 1.1499729752540591 1.822136461734772 1.1066263914108279 -1.5730702877044676
decision_type=2 2 2 2 2 2 2 2 2 2 2 2 2 2 2 2 2 2 2 2 2 2 2 2 2 2 2 2 2 2 2 2 2 2 2 2 2 2 2 2 2 2 2 2 2 2 2 2 2 2 2 2 2 2 2 2 2 2 2 2 2 2
left_child=10 19 3 9 5 6 18 8 -6 -3 11 -1 32 14 15 16 -7 -18 -4 -2 -19 25 -17 27 -10 -15 -27 -24 29 -14 -30 -8 -5 35 -35 36 39 42 60 40 -9 -40 -36 47 48 50 -47 -44 49 58 -46 52 54 56 -52 -55 -53 -57 -45 61 -39 -37
right_child=1 2 4 12 7 13 31 33 24 -11 -12 -13 28 21 -16 22 17 20 -20 -21 -22 -23 23 -25 -26 26 -28 -29 30 -31 -32 -33 -34 34 37 59 -38 38 41 -41 -42 -43 43 44 45 46 -48 -49 -50 -51 51 53 -54 55 -56 57 -58 -59 -60 -61 -62 -63
leaf_value=-0.0032588060627062793 0.0091875990699706311 -0.01236706617936136 0.023520418368489036 0.009518064439035601 -0.011035169879547972 0.0020076682767120268 0.012451585963096486 0.016256996731446496 0.027253500851462772 0.019629476311094098 -0.0090561826934031434 0.02210340082310519 0.022555673381077036 -0.0060459115596248059 -0.0055879245075704147 0.026261361480149865 0.003431693445165807 0.045407345412999053 0.0058863144783115658 -0.008547423815066537 -0.0012923124565241795 -0.005564716282543734 -0.010264543307783966 -0.0018422188067292406 0.0035296176098747523 -0.01131889835749063 0.021043852904758728 0.020288763908811933 -0.011868533268204386 -0.0091182756146686028 0.00073834554768212031 -0.013790900275950401 -0.011220294179509887 0.010657356014580299 -0.017509603647956402 -0.013293974376374973 -0.011083428333368473 0.028388363348680185 -0.011979799656177579 -0.00020330377554840634 -0.013557011873364699 0.015410838856702079 0.028440973746323619 -0.004170396444965834 -0.0014533774380387408 -0.018457296791899554 0.0069096102821346863 -0.0069357962125105648 -0.01058277162145835 0.013143676773766133 0.024552875331988196 0.020164269395648665 -0.0073005078823777242 -0.01307718540502267 0.0025665491161921267 -0.0033544709164489523 -0.0076029474048070877 0.021887565107043063 0.012069188039374562 -0.012769563254036411 -0.0031192493981878353 0.012897036640504619
leaf_weight=48.867515896447003 19.818861496634781 5.2093517985194913 54.334290456026793 9.7550496179610473 11.778703851625322 21.410126275382936 8.615122629329564 5.8329771123826495 24.321833840571344 32.574803097173572 194.02178231067955 11.771750876680015 15.695391239598395 15.825140049681066 40.506281242705882 6.3442345559597006 9.0712111657485384 16.021198780275885 38.947768460959196 132.00001222267747 3.0062132850289336 123.53051145933568 4.2276828698813942 93.328046675771475 18.821775635704398 3.4997250456362989 22.637830233201385 22.490045506507158 52.315606179647148 8.9316441901028139 136.08264298643917 13.330492746084927 149.39612058736384 93.271508402191103 11.889123403467236 4.1497357431799164 69.835950113832951 22.686304449103776 16.739036954008046 1194.6586520150304 59.238995520398021 7.5688046682626 10.446528404951094 180.26341727562249 104.63122706022114 25.112005945295095 13.131398912519215 4.7593188863247624 73.973612051457167 26.20831133145839 15.018937878310679 5.0118910316377905 56.259914599359035 2.8920198213309041 56.218944687396288 8.6626329850405437 24.692474586889148 73.553528357297182 18.150533631443977 6.4389850087463847 5.1590011343359938 71.930831998586655
leaf_count=1810 560 50 636 319 567 343 98 196 585 219 8326 342 191 130 544 49 148 250 304 3574 51 1407 36 632 470 46 215 168 647 104 1411 102 3834 1201 164 36 912 235 176 19363 2014 67 284 2083 1417 246 86 94 479 246 127 46 319 29 436 59 238 573 103 55 25 525
internal_value=0.000143754 0.000629055 0.000950027 -0.00293265 0.00151858 0.00515058 0.0130668 0.000732038 0.0116492 0.0142883 -0.00618964 0.00297336 -0.0048472 0.00262406 0.00619223 0.00898445 0.0191801 0.0299849 0.0168317 -0.00601312 0.0392955 -0.00208656 0.00441277 0.00225421 0.0183452 0.00765484 0.0155889 0.0145982 -0.0010839 0.0114681 -0.00297875 -0.00309008 -0.00969795 0.00044267 0.00238012 -0.000736468 -0.00132486 0.00130553 0.0120299 -0.000742191 -0.00991519 -0.00227698 0.000440213 0.000867715 0.00034733 0.00296786 -0.0099554 0.018392 -0.00302633 -0.000361558 0.00451359 0.00706746 0.00152014 0.0129072 0.00850816 0.0174269 -0.000687748 0.0191881 -0.00242468 0.00827784 0.0229646 0.0107368
internal_weight=3636.88 3382.21 3230.4 409.961 2820.43 497.126 115.228 2323.31 54.9223 37.7842 254.661 60.6393 372.176 381.898 216.405 175.899 49.5087 28.0986 93.2821 151.819 19.0274 165.493 126.39 120.046 43.1436 41.9627 26.1376 26.7177 213.025 24.627 188.398 21.9456 159.151 2268.39 856.3 1412.09 1329.57 763.029 52.1531 1259.73 65.072 24.3078 710.876 698.987 683.781 385.185 38.2434 15.2058 298.596 224.622 346.942 242.31 127.498 114.813 71.2379 85.1082 29.7044 82.2162 198.414 82.5196 27.8453 76.0806
internal_count=60002 49524 45390 6775 38615 5159 1140 33456 1622 269 10478 2152 6506 4019 2221 1677 792 449 940 4134 301 1798 885 836 1055 391 261 204 2353 295 2058 200 4153 31834 8733 23101 22485 7532 503 21573 2210 243 7029 6865 6487 3576 332 378 2911 2432 3244 1827 882 945 563 661 284 632 2186 616 260 561
is_linear=0
shrinkage=0.03


Tree=110
num_leaves=63
num_cat=0
split_feature=6 19 15 3 21 14 14 13 3 13 4 14 6 4 18 17 3 11 13 11 11 14 3 27 9 34 9 12 7 10 9 3 1 6 13 13 10 14 10 5 17 4 26 11 15 18 8 5 11 12 15 17 17 8 7 20 9 29 11 29 8 11
split_gain=13.2283 8.46799 7.33124 12.342 7.29712 7.20484 6.8127 10.3573 7.41815 7.79055 6.10441 5.98968 7.94512 5.76725 5.65947 5.20585 5.22114 5.18227 4.92386 4.82339 6.5047 7.02558 6.19419 5.0395 6.22732 6.37153 7.57891 6.59679 6.09512 5.76637 5.57996 5.86593 5.56526 7.94543 6.01758 4.98106 4.97744 11.37 9.16383 8.22877 7.46359 6.8648 6.58285 5.95071 5.86778 6.9997 5.11968 4.9684 4.94861 4.77908 6.4302 5.98932 8.56657 10.9942 8.42509 6.41655 5.71007 6.9723 10.1654 7.43654 8.88853 9.5815
threshold=-1.0452911853790281 -1.5238690376281736 -0.35810057818889612 1.5103702545166018 -0.54266214370727528 0.45944936573505407 0.059922223910689361 0.52837771177291881 -0.1959760785102844 -0.70229628682136525 0.34615179896354681 -0.96374365687370289 -1.3476952910423277 1.4757307171821596 -0.35935087502002711 0.43828025460243231 0.73322540521621715 1.4427454471588137 -0.65279909968376149 -1.828492999076843 -1.5773954987525938 -0.8340325355529784 0.39892175793647772 1.5000000000000002 0.97077760100364696 3.5000000000000004 -1.1828377246856687 -0.78990983963012684 1.3476807475090029 -1.2851891517639158 0.59013938903808605 0.32627381384372717 0.01062167249619961 -0.38354104757308954 -0.91526693105697621 2.3331983089447026 -0.73838320374488819 -1.0704640746116636 -1.5068955421447752 -0.097621034830808626 -0.88437581062316883 0.15862626582384112 0.78309369087219249 -0.6534120738506316 0.50769728422164928 -0.37155641615390772 0.037891048938035972 0.04810826666653157 -0.61370083689689625 -0.53867638111114491 -0.045666480436921113 1.8419355750083926 1.6713738441467287 -0.74439981579780568 -0.63015946745872486 -0.11604096367955206 1.3470124602317812 0.45804196596145635 1.5019896626472475 0.63961037993431102 -0.27428470551967615 0.80327495932579052
decision_type=2 2 2 2 2 2 2 2 2 2 2 2 2 2 2 2 2 2 2 2 2 2 2 2 2 2 2 2 2 2 2 2 2 2 2 2 2 2 2 2 2 2 2 2 2 2 2 2 2 2 2 2 2 2 2 2 2 2 2 2 2 2
left_child=6 4 3 5 -2 -3 7 8 9 -1 18 -10 -13 -8 -9 -7 -17 -11 -6 47 21 -21 -23 24 25 26 -22 29 32 -28 31 -29 33 -27 -35 -36 37 43 -39 41 -41 46 -42 -25 -43 -46 -40 -4 -26 50 -38 52 -51 -54 -53 -56 57 58 -52 60 -59 -62
right_child=1 2 19 -5 10 15 13 14 11 17 -12 12 -14 -15 -16 16 -18 -19 -20 20 23 22 -24 36 48 28 27 30 -30 -31 -32 -33 -34 34 35 -37 49 38 39 40 42 44 -44 -45 45 -47 -48 -49 -50 51 56 54 53 -55 55 -57 -58 59 -60 -61 61 -63
leaf_value=0.0087151181946768224 -0.0067964481574906335 -0.001629824407790473 -0.01812502232156522 0.019130039808292438 -0.0034400869981214763 -0.013805118911401284 -0.011830338925432839 -0.0069294713041610475 -0.0097230016946665485 -0.017538153815682113 -0.0060662298619507836 0.024805989017468139 -0.0037652976446197212 0.012816403524037075 0.021091135619958064 -0.0098714812856259201 0.02215563672513601 0.011165056076854562 0.042403554921512203 0.033979017274784654 -0.01359699285401578 -0.010240185954238493 0.016187812858991384 -0.0075286618207472487 0.016226005516297368 -0.0091693067756845794 0.016661598466483542 0.012153268245173186 -0.0074620679625434297 -0.015865050293347317 0.016736080678444586 -0.0024739124227570112 0.0020024895689194151 -0.0076761360917367398 0.025129630782169947 -0.0066324244380744314 0.011172693435541487 -0.0064977877618875492 0.0099183644613738183 -0.016535311945408835 0.0049579913857902063 0.034969561629367429 -0.0061377200444877374 0.015048222931349395 -0.010618433718749763 0.020825987816373199 -0.013436400195441065 0.0095256824622729948 -0.011174059616865526 0.00065323284408388396 -0.012947966119324373 -0.011232339203679245 0.0084590347527417516 -0.017784279484598712 0.019908736363335448 0.0049362762266941399 0.013239950287017124 -0.0085664672811063911 0.013366642130607422 -0.0051744121811985819 0.022215377926267901 -0.0044232002281050899
leaf_weight=11.658482940867541 5.0269030574709204 188.18248005863279 16.692124574445192 15.269427184015511 1.6625104062259186 87.652309553697705 131.5314794993028 6.0423139287158874 13.400570405647157 54.101558174937963 2.2555832136422387 13.673605642281471 14.349955591373147 5.1170096788555375 19.720656467601657 5.1107751028612238 3.9948915597051382 2.9075443949550381 8.3724417854100448 6.2440121024847057 18.307292688637972 10.82652476988733 11.4681304320693 8.8633120860904437 2.6090561067685512 5.9687431193888179 1.9195275306701685 34.781765517778695 10.324935765936969 17.425585336983204 34.780305843800306 61.531655970960855 27.469359846785665 3.8338991012424222 59.166681203059852 2.7935228347778311 22.315420256927609 100.02432501409203 19.16899247374386 14.440830934792755 226.73359742946923 12.656564101576807 56.193932269699872 83.852476315572858 7.636196535080674 8.7191906645894033 8.0614075651392323 4.4574407562613478 29.097318645566702 1527.6639603143558 114.29748502932489 18.224786397069693 16.851978853344917 43.849850486963987 29.498091736808419 124.95888019353151 11.856873592361806 20.421267710626125 10.788207571953533 144.49501575157046 30.351662803441286 16.324183324351907
leaf_count=457 176 6874 376 202 55 3674 6025 135 226 3099 37 342 329 80 423 156 70 76 212 110 255 312 146 126 49 153 32 573 108 282 362 508 287 55 722 17 533 1489 376 258 2637 171 682 725 61 82 175 74 340 18488 1776 153 121 305 228 770 165 322 113 1987 439 175
internal_value=0.000413928 0.000933227 0.000808854 -0.00362601 0.0193552 -0.00515434 -0.00588207 -0.00104181 -0.00514036 -0.0109012 0.0289237 0.00455475 0.0118206 -0.0104876 0.0144612 -0.0115922 0.00705243 -0.015292 0.0361903 0.00125235 0.00136141 0.0145079 0.00382919 0.00121183 0.00480233 0.00624886 0.00245905 0.00478747 0.011724 -0.00987848 0.0072351 0.00314751 0.0139825 0.0181391 0.0210891 0.0233093 0.000788054 0.00332883 0.00131402 0.0035835 0.00149447 0.013605 0.00268589 0.0126152 0.0226092 0.00709606 0.00199248 -0.0115903 -0.00701624 0.000130651 -0.00294145 0.000784085 0.000199122 -0.0104093 0.00600769 0.00833031 -0.00399036 -0.00478203 -0.0102519 -0.00138643 0.00656419 0.0133724
internal_weight=3627.98 3355.47 3338.16 300.21 17.3174 284.94 272.503 135.855 110.092 68.6676 12.2905 41.4241 28.0236 136.648 25.763 96.758 9.10567 57.0091 10.035 3037.95 3016.8 28.5387 22.2947 2988.26 310.01 278.303 168.746 150.439 109.557 19.3451 131.094 96.3134 99.2322 71.7628 65.7941 61.9602 2678.25 546.351 453.635 353.611 297.368 56.2424 282.928 92.7158 29.012 16.3554 27.2304 21.1496 31.7064 2131.9 370.85 1761.05 1588.37 60.7018 172.682 154.457 348.535 336.678 125.086 211.592 67.0971 46.6758
internal_count=59766 48574 48094 10976 480 10774 11192 5087 4529 3632 304 897 671 6105 558 3900 226 3175 267 37118 36668 568 458 36100 3743 3354 2012 1757 1342 314 1443 1081 1234 947 794 739 32357 6782 5931 4442 3577 865 3319 851 314 143 551 450 389 25575 5510 20065 18914 426 1151 998 4977 4812 1889 2923 936 614
is_linear=0
shrinkage=0.03


Tree=111
num_leaves=63
num_cat=0
split_feature=6 4 25 22 11 15 17 6 25 12 21 21 20 16 17 4 28 10 25 17 13 9 9 11 11 29 1 14 29 9 10 9 5 23 3 1 15 23 29 13 10 11 3 11 10 13 15 16 24 0 0 17 15 25 14 18 3 10 24 23 22 9
split_gain=13.3267 12.5457 10.3842 13.2573 9.68937 8.75932 7.7856 10.2426 9.93485 8.27011 7.67568 6.55562 6.80333 6.36772 7.0245 7.04654 6.30506 8.31186 6.61229 6.40333 7.80626 7.26068 6.92974 8.25204 6.27446 6.25747 9.96909 8.50397 9.35116 10.6436 7.79651 7.39103 7.76312 7.58281 8.73226 8.81827 7.2622 6.90582 6.40735 6.23714 10.3372 6.18511 6.10488 6.09203 5.93212 8.5235 9.24499 9.0002 7.22676 5.89314 5.82902 5.74789 5.60161 5.45189 10.1262 8.69758 7.77456 8.54731 9.7211 6.85257 6.01546 7.55637
threshold=-0.92880016565322865 -1.0000000180025095e-35 -0.59580814838409413 1.1820375919342043 -1.3079199790954588 0.80649197101593029 -0.62181267142295826 0.98397204279899608 0.037765258923172958 1.0327181220054629 -0.83398863673210133 -0.25300312042236323 -0.46486671268939966 -0.059995567426085465 -0.74536335468292225 0.37602879106998449 1.0000000180025095e-35 -0.73838320374488819 0.32743325829505926 1.7323476672172549 -0.29855506122112269 0.95807054638862621 0.72971028089523327 -0.89264601469039906 0.3243370801210404 0.51470589637756359 0.14273563772439959 -0.47419816255569452 0.82085561752319347 0.42044836282730108 -1.5068955421447752 1.0783375501632693 0.34966263175010687 -0.87565889954566944 0.43804301321506506 -0.33246959745883936 0.57750803232193004 1.3059044480323794 0.2264957278966904 2.3331983089447026 -0.073571242392063127 0.83979991078376781 1.2597366571426394 -0.54803919792175282 -0.23453659564256665 -0.34998176991939539 1.1075673103332522 0.027624747715890411 -0.3384366482496261 1.6338733434677126 -0.21003090590238568 1.5165284872055056 -0.099351532757282243 -0.25848062336444849 0.26755440235137945 -0.27230566740036005 1.1724450588226321 1.3423058986663821 -0.012708995025604962 0.89679655432701122 1.7625053524971011 0.5553458333015443
decision_type=2 2 2 2 2 2 2 2 2 2 2 2 2 2 2 2 2 2 2 2 2 2 2 2 2 2 2 2 2 2 2 2 2 2 2 2 2 2 2 2 2 2 2 2 2 2 2 2 2 2 2 2 2 2 2 2 2 2 2 2 2 2
left_child=1 -1 3 5 -3 41 7 -4 9 13 -6 -12 -13 -9 15 42 18 25 19 20 -8 22 23 -22 -5 31 27 50 29 52 -28 32 33 -18 35 -35 -33 -36 51 44 -41 -2 -15 -23 45 46 47 -19 -49 -47 -27 -34 -29 54 -46 56 57 58 -56 -60 -55 -62
right_child=2 4 6 24 10 -7 16 8 -10 -11 11 12 -14 14 -16 -17 17 39 -20 -21 21 43 -24 -25 -26 26 30 28 -30 -31 -32 36 38 34 37 -37 -38 -39 -40 40 -42 -43 -44 -45 53 49 -48 48 -50 -51 -52 -53 -54 60 55 -57 -58 -59 59 -61 61 -63
leaf_value=-0.015479373733976034 0.0039001972739782023 -0.01670254028010338 -0.0058286826984295659 0.037294876794424822 -0.0065163606987522016 -0.010718954173986276 -0.0031209455347818533 -0.0043352362435051285 -0.0078834690312393711 -0.012748995326978305 0.012885569091988361 -0.016799472845215064 0.0035268050841105758 0.044216125554051806 0.0029213414330849733 0.00042810333482638731 0.024768155206937544 -0.0035877562957777106 -0.0041290815284936175 -0.0050375951269943948 -0.010375200324818713 0.018783124639318121 0.029018168039542616 0.01287507602355749 -0.0062578107429624458 -0.010625204277020399 -0.0027058066513641634 0.014422462502472934 -0.0099311785293096592 0.014290721454152593 0.020629624084932859 -0.0033421386985393571 -0.0072710867662224678 0.021669362248879411 0.0094055363792833972 -0.011292492069488416 0.029588123617565281 -0.0098539490297170785 -0.02033578418158535 0.021191093350476375 -0.00086177574982699949 0.022357509950962948 5.2825389550672037e-05 -0.012528861533467545 0.0095206367270482591 -0.0057968343081046857 -0.011235117344693088 -0.011574507548515129 0.024611506530080401 0.013348124960030443 0.014078497483892932 0.023369064794321815 -0.01049230645461212 -0.00077651939384727428 -0.0056962686572545372 -0.0077070167446881277 -0.0086360463048622323 -0.01161112304270388 0.032737358135585849 -0.0036314074753935645 0.025321716136667859 -0.0066894515541334838
leaf_weight=77.300392233766615 60.934685526415706 29.450675514526665 301.55637471284717 13.712131948210297 83.580442481674254 20.978598475456238 36.534734882414341 8.0478226598352176 26.312827194109559 5.8168471455574027 49.623131236992776 13.342324101366101 72.223135026171803 15.080916715785863 12.979011660441758 5.7003700137138358 6.8203302556648842 20.074711902067065 51.573554005473852 29.640800584107637 11.601749388501046 2.8144348347559598 19.838691471144557 127.29960460588336 2.0003237538039675 6.0863076606765381 14.766507126390932 5.6203967770561567 55.528673297725618 46.99840927682817 59.448782244697213 8.77919690590352 13.642817836254837 3.5472126668319097 77.073940198868513 62.689757275395095 9.4331896062940341 16.704974941909313 25.567657759413123 27.196601413190365 46.222418949007988 18.909976019524038 3.2906685061752787 15.959895806387065 146.00950743816793 385.13747904449701 16.885782025754452 2.78337194956839 30.379585929214954 10.410944277420638 67.251676334999502 2.8661475256085387 34.353825879283249 1155.1977051869035 9.0677275843918306 82.425160670652986 16.928136173635721 6.7655255477875462 21.88356004096568 4.5147538334131232 12.448436325415971 7.9520734921097747
leaf_count=4183 1199 1865 8121 165 3219 195 533 135 435 73 1561 382 1821 182 135 52 248 431 533 199 271 60 263 1629 18 113 175 173 783 648 594 170 158 91 727 1216 86 106 275 172 296 274 27 210 1640 4939 129 63 392 69 764 21 462 14935 225 1267 157 108 300 47 125 76
internal_value=0.0004247 -0.00532051 0.000996874 0.00960477 -0.00191366 0.00485019 0.000668236 -0.00334224 0.00613071 0.0134305 0.000405944 0.00476544 -0.000395189 0.0177425 0.0224832 0.0307141 0.00121291 0.000721628 0.00532312 0.00736635 0.00915978 0.0117036 0.0137529 0.0106401 0.0315781 0.0040925 0.00697398 0.00353938 -0.000798409 0.00525542 0.0161089 0.000341698 -0.0014103 0.00158095 -0.000127889 -0.00813024 0.0164136 0.00564968 -0.012179 -0.000157077 0.00813755 0.00933147 0.0380093 -0.00487181 -0.000493022 -0.00342287 0.00592099 0.0118599 0.0204559 -0.0051326 0.011481 0.00224423 -0.00577531 0.000447907 0.00411268 -0.0015988 0.00684897 0.0133131 0.0189149 0.0269296 -0.000462252 0.0139833
internal_weight=3635.57 325.52 3310.05 116.536 248.22 100.823 3193.51 378.785 77.2285 50.9156 218.769 135.189 85.5655 45.0988 37.051 24.072 2814.73 2519.46 295.263 243.69 214.049 177.514 158.74 138.901 15.7125 517.18 290.055 215.839 142.501 86.9726 74.2153 227.125 208.913 166.836 160.016 66.237 18.2124 93.7789 42.0766 2002.28 73.419 79.8447 18.3716 18.7743 1928.86 465.672 70.1235 53.2377 33.163 395.548 73.338 16.509 39.9742 1463.19 287.594 141.585 59.1597 42.2316 35.466 26.3983 1175.6 20.4005
internal_count=59921 13031 46890 1851 8848 1668 45039 9160 1039 604 6983 3764 2203 531 396 261 35879 32181 3698 3165 2966 2433 2163 1900 183 6810 3712 2943 2066 1283 769 3098 2842 2388 2140 1307 256 833 454 25371 468 1473 209 270 24903 6023 1015 886 455 5008 877 179 635 18880 3744 2104 837 680 572 347 15136 201
is_linear=0
shrinkage=0.03


Tree=112
num_leaves=63
num_cat=0
split_feature=4 32 23 7 25 17 7 35 11 1 26 32 7 6 8 25 14 7 29 7 2 9 26 19 10 8 22 23 6 17 3 11 17 11 17 34 6 12 3 2 18 17 25 3 14 10 7 8 17 26 23 6 14 26 9 12 25 1 8 11 0 0
split_gain=12.2575 11.6963 11.4688 8.93071 8.54684 8.62088 8.87159 9.25906 7.97125 7.82454 7.08764 6.85807 6.66982 7.93239 7.30376 7.55561 6.71403 8.58645 9.73414 8.43229 8.00757 8.31529 7.61559 7.14468 6.87024 8.07401 7.13912 6.575 6.52802 6.27889 6.86296 6.42987 6.23022 6.19186 6.14911 6.12508 8.78188 9.27087 6.00017 6.55646 5.97264 5.82072 5.75946 5.7284 5.71166 5.67871 5.6231 5.59638 5.52585 9.83166 5.64324 10.6254 6.98475 5.5059 5.49831 5.48163 7.00633 5.91776 5.88831 5.37135 7.15447 5.89867
threshold=-0.6493532359600066 9.5000000000000018 -1.236350893974304 0.52100068330764782 -0.83276501297950734 0.69286668300628673 -0.39531698822975153 1.0000000180025095e-35 -0.093796387314796434 -0.17501153051853177 -1.2863872051239011 13.500000000000002 -0.85574060678482045 1.4763169884681704 0.37247663736343389 0.25834591686725622 -0.56972739100456227 -0.33789350092411036 0.68990385532379161 0.53186443448066723 1.2062891721725466 0.25768557190895086 0.31388936936855322 1.6971439123153689 1.0719824433326723 0.82433876395225536 -0.28171184659004206 1.0722395777702334 0.34631314873695379 0.38953115046024328 0.16499041020870212 0.22568751126527789 0.70714652538299572 -1.4638844132423399 1.4070138931274416 3.5000000000000004 -0.05421121604740619 0.48057322204113012 0.28649029135704046 -0.074609309434890733 1.0000000180025095e-35 1.3152562975883486 -0.31618665158748621 0.89577832818031322 -0.74262171983718861 -0.45326262712478632 0.24135378003120425 -0.3322624117136001 0.70714652538299572 0.15459815412759784 0.71306049823760997 0.52198198437690746 0.40704175829887396 -0.67658764123916615 -1.2522140741348264 0.78978860378265392 3.1635932922363286 0.5515711009502412 -1.0279243588447569 1.2597640752792361 0.69482785463333141 1.1033436059951784
decision_type=2 2 2 2 2 2 2 2 2 2 2 2 2 2 2 2 2 2 2 2 2 2 2 2 2 2 2 2 2 2 2 2 2 2 2 2 2 2 2 2 2 2 2 2 2 2 2 2 2 2 2 2 2 2 2 2 2 2 2 2 2 2
left_child=3 10 29 32 5 6 -4 9 -5 -8 41 -10 14 16 42 38 17 18 -14 27 23 22 -22 33 25 26 -21 -19 -20 31 -31 -3 43 -18 -30 36 -28 -38 39 -16 48 -2 -6 -1 -39 -45 53 -33 50 -50 51 52 54 -29 -12 56 -15 58 -57 60 -44 -62
right_child=1 2 4 8 12 -7 7 -9 11 -11 40 -13 13 55 15 -17 20 19 28 24 21 -23 -24 -25 -26 -27 35 46 34 30 -32 47 -34 -35 -36 -37 37 44 -40 -41 -42 -43 59 45 -46 -47 -48 -49 49 -51 -52 -53 -54 -55 -56 57 -58 -59 -60 -61 61 -63
leaf_value=-0.015174401677226997 0.023524576842931445 -0.015645425551070145 -0.0029125716941301493 -0.0063996123569041476 0.0035246921783945949 -0.0061366081010097856 -0.0025513101774968187 3.7775711899176426e-05 0.02524006613716262 0.044222028894093136 -0.0081887146550683309 0.0011335816210848184 0.0038088189908593029 0.0098553318593973347 -0.0081908409625443893 -0.010878181671534768 -0.0108612097667801 -0.0043263327287122481 0.001483646633559478 -0.011682505138035804 0.0075405576581651576 0.013820547109100126 -0.015974259983985606 0.023045604149979741 -0.004859152003490237 0.016700418368332325 0.030809888664512754 -0.0083549382033151105 0.035315052718694048 0.020845115392538326 -0.009001561863041142 -0.014398036863122077 0.0011550220732473287 -0.00081452589117031265 -0.0025771923996035823 -0.0021861529552103898 -0.0050152728016522744 0.01960079013644524 -0.0032508504402995199 0.017225315032077936 -0.01175555947202998 -0.0079633120473883226 -0.016893625778146126 0.014302817705138651 -0.0078326486945007462 -0.0090118583377994613 -0.0056026112191555058 0.0072814761975236123 -0.011267111839629204 0.0093032785778133127 0.015753402814669831 -0.0083561320217021198 -0.0042449014906219334 0.01654460909233639 0.021383551584711613 0.016218891411522978 -0.010305189977301255 -0.0099166276102492824 -0.00045315703121015749 -0.0011911459625579318 0.020633756061436977 -0.011731363984922727
leaf_weight=110.34090856928378 28.393421022221446 72.859808868728578 10.692040321417151 40.193633938208222 32.078965086489916 13.801469990052281 3.2127144727855947 8.1822977904230374 13.901438990607856 14.952551781199871 3.8972079185768953 25.384812259115279 71.233139569871128 194.48019987717271 8.1547739543020707 24.371196121908724 52.392191015183926 226.27444097679108 10.33925435785204 18.517872276715934 23.614611706696451 63.195198916830122 17.098405986092985 6.0358998104929915 44.139893158338964 58.960139359347522 11.673320342786608 6.6797601860016576 20.444993346929554 8.9214174076914805 9.6656455192714912 11.546218160539864 39.642406045459211 1496.851135016419 3.777564860880374 47.614324484020472 34.477299094200134 33.110293844714761 31.418718061409891 42.183862211182714 13.451370201073585 3.7518564760684958 82.706667970865965 9.915416872128846 5.4763688873499623 20.449360672384501 20.773429308086634 25.427832159213722 35.115881908684969 38.697798538953066 64.9420943018049 34.204003753140569 15.690729559399186 35.525147829204798 35.783114072866738 21.761584721505642 12.823056533932684 31.452072642743587 65.40162855014205 43.661357762292027 5.7723045386373979 5.1333259344100952
leaf_count=4832 290 4515 270 1330 709 176 55 169 194 266 78 507 982 1261 251 436 1571 3498 215 234 206 496 165 58 444 554 234 56 193 296 203 451 622 23121 28 492 299 249 412 1175 265 21 2190 154 53 311 148 865 229 246 470 299 394 260 582 157 129 187 426 605 80 59
internal_value=0.000580439 0.00106835 0.000536176 -0.0056353 0.000922458 0.01255 0.0194146 0.0274945 0.00263134 0.0371845 0.00695214 0.0115502 0.000698103 0.00116446 -0.00370238 0.00240362 0.000540467 0.003115 0.0107323 0.00154715 -0.000472938 0.00739393 -0.00300211 -0.00102053 0.00548428 0.00772258 0.00379085 -0.00194418 0.0227171 -0.00806953 0.00670621 -0.0107531 -0.00925113 -0.00118813 0.0299758 0.00630226 0.010928 0.00598157 0.00676158 0.0127399 0.00495688 0.0192722 -0.00748804 -0.012122 0.0152555 -0.000452811 0.00630334 -0.000397234 0.00617225 -0.00057677 0.00931331 0.00405823 0.0117838 0.0121362 0.0178878 0.0055087 0.00839494 0.000328913 0.00436335 -0.010095 -0.0139768 0.00650055
internal_weight=3622.62 3362.79 3088.87 259.828 2960.45 50.8411 37.0396 26.3476 79.4799 18.1653 273.927 39.2863 2909.6 2634.12 275.481 106.129 2308.2 649.017 105.795 543.222 1659.19 103.908 40.713 1555.28 253.97 209.83 150.869 289.253 34.5618 128.421 18.5871 109.834 180.348 1549.24 24.2226 132.352 84.7373 73.064 81.7574 50.3386 241.782 32.1453 169.353 140.706 38.5867 30.3648 62.9783 36.9741 228.331 73.8137 154.517 89.5751 55.3711 42.2049 39.6803 325.919 207.303 118.615 87.1632 137.274 93.6123 10.9056
internal_count=59723 51773 48899 7950 42569 936 760 490 2031 321 2874 701 41633 35716 5917 2274 33556 7939 1418 6521 25617 867 371 24750 2559 2115 1561 3962 436 6330 499 5831 5919 24692 221 1327 835 601 1838 1426 2563 311 3643 5297 302 465 464 1316 2298 475 1823 1353 1054 316 660 2160 1390 770 583 2934 2329 139
is_linear=0
shrinkage=0.03


Tree=113
num_leaves=63
num_cat=0
split_feature=23 7 29 20 0 32 15 8 20 20 22 10 8 14 2 22 17 4 8 24 24 26 22 23 9 26 4 0 10 13 24 16 16 9 25 7 26 9 29 23 20 22 16 9 23 23 14 20 17 20 0 4 30 10 20 9 13 24 26 9 6 24
split_gain=19.3215 9.32565 7.41144 7.43966 7.09922 7.43248 9.68089 8.12143 10.9426 8.31719 7.92549 7.57527 7.1421 7.04558 7.01553 7.53279 7.10329 6.67555 6.62851 6.57515 13.2248 9.41957 7.41114 8.17294 6.56047 7.11238 6.55951 8.28237 6.96469 6.53376 7.37558 6.50001 7.98601 7.68241 6.35427 6.20378 7.50538 6.9587 6.1994 6.17001 10.8613 8.66422 7.4499 6.66562 6.01348 5.93658 6.5135 6.1123 5.80625 8.13768 7.16717 6.79201 7.46191 8.05626 5.752 7.772 5.72438 5.71683 5.62827 5.59418 5.51448 5.45921
threshold=-1.5794074535369871 -0.9095347225666045 0.62019231915473949 -1.3267962932586668 1.1033436059951784 15.500000000000002 -0.11064685881137847 0.53408616781234752 0.82642474770545971 1.0773187875747683 1.1269041895866396 0.20693723112344745 -1.3822491168975828 -0.16549851000308988 -0.29719716310501093 0.26771883666515356 -0.62181267142295826 0.63809174299240123 0.3980348408222199 0.80774500966072094 1.368832588195801 -1.2863872051239011 -0.10675829276442526 1.3245232701301577 -0.51256835460662831 -0.10856774076819418 -0.063147414475679384 0.6356140971183778 0.29455173015594488 -0.12859451770782468 1.6401560306549074 0.15750233083963397 0.42556470632553106 -1.0063593387603758 -0.48031878471374506 1.1338943839073183 -1.117840528488159 -1.8735835552215574 0.074175827205181136 0.61792618036270153 1.5928686857223513 -0.97211927175521839 0.78678208589553844 1.0005955696105959 1.0151652097702029 -0.80263212323188771 0.49766954779624945 -0.657092124223709 -0.99998351931571949 -0.54634428024291981 -0.73816293478012074 -0.013657241128385065 -2.4500000476837154 -0.39586018025875086 0.15260765701532367 -0.75471746921539296 -0.27392549812793726 1.0495475530624392 1.0511649847030642 0.81740686297416698 0.80212673544883739 1.4691410064697268
decision_type=2 2 2 2 2 2 2 2 2 2 2 2 2 2 2 2 2 2 2 2 2 2 2 2 2 2 2 2 2 2 2 2 2 2 2 2 2 2 2 2 2 2 2 2 2 2 2 2 2 2 2 2 2 2 2 2 2 2 2 2 2 2
left_child=17 2 3 -2 5 7 13 8 12 10 18 -12 -3 -7 15 16 -8 -1 38 21 24 -9 23 -22 25 -21 27 28 -14 -24 -31 33 -33 -16 -35 36 -23 -38 -10 40 41 -34 -43 -42 -41 47 -47 -39 49 -28 -50 -52 53 -53 55 -6 -4 -26 -59 -56 -15 -18
right_child=1 4 56 -5 54 6 14 19 9 -11 11 -13 26 60 31 -17 61 -19 -20 20 22 35 29 -25 57 -27 48 -29 -30 30 -32 32 39 34 -36 -37 37 45 -40 44 43 42 -44 -45 -46 46 -48 -49 50 -51 51 52 -54 -55 59 -57 -58 58 -60 -61 -62 -63
leaf_value=-0.01530878533095387 0.0043126946982986825 -0.011036340973806614 -0.0088260597121593062 -0.009981772006384261 -0.004888898532530681 0.0031682930117006283 -0.010480682042659716 0.021094583561398709 -0.0045445024734127992 0.0017905430721177947 -0.020141442393007272 0.013699587330559459 -0.017880970939540913 -0.012462458332746717 -0.0092068566489267017 -0.0050260121122800263 0.022249202953391539 0.0096540325830344158 -0.0096076251172009779 -0.0085802720047449422 -0.013867154580940455 -0.015213552164224629 -0.0022140636799647777 0.017004067226998338 0.00025772044926541525 0.018770421052909388 -0.0091616750450980548 0.0078285671190374238 0.0012456956376444206 0.023891937893553976 0.0051881934751537764 -0.0074415800200996907 0.021980979191205723 0.022683499306494322 0.0046712039143352218 -0.0049754424283181284 -0.012280147655511022 0.015395628527104965 0.019543268929917375 -0.0049227002224170096 0.037382868647186533 0.0036408698526921818 -0.012597230915715364 -0.008411044666079651 0.0012155932884933046 0.015688713536282706 -0.00096081336170753288 -0.013505892083903187 0.019084705608007426 0.02022993663432017 0.02476214150412414 -0.0054268978851037611 -0.0024372263357929388 0.014197501911747634 0.00063404818547066184 0.016830464609307191 0.0051752893922624122 -0.017582485775751031 0.0048331325473417132 0.01349127282279762 0.0012429149958708104 -0.0093907684659341358
leaf_weight=82.3838592749089 37.423184851184487 56.239558205008507 30.184401850216091 167.61093221884221 16.395805240608752 47.946185130625963 5.1753944661468259 41.68231837823987 8.9403797779232246 210.92060008924454 9.0265077231451851 5.832915047183632 49.979003813117743 122.97561380639672 27.08171440847218 20.386371274478734 39.614905955269933 7.4505163608118883 6.069327861070632 10.972635153681042 19.888826884329323 7.3475649328902355 21.129167962819338 6.4103578291833392 44.163227336481214 15.10643029399216 8.5813205670565349 21.145301526412368 23.992762201465666 42.489037774503231 37.435168525204062 153.14219105988741 13.285562954843043 15.576680042780934 162.47185321617872 35.596447938121855 8.379435162059961 5.3283707173541215 80.631281900219619 249.23701973631978 8.2971218135207874 107.93523170892149 27.817908553406596 1.6266304962337006 326.67805209569633 122.61966692004353 24.680311507545412 13.766679999418555 12.346472283825277 24.017865085043013 4.4078744826838365 25.612598588690162 447.7224382571876 48.870888289995492 166.38236497528851 64.706974630244076 99.995654469355941 49.60681663826108 10.08334208652377 32.435802605003119 32.220469196327031 2.7607053071260443
leaf_count=4750 1125 1062 821 3900 164 1687 124 662 96 2226 134 67 1407 5147 755 407 744 181 69 94 179 127 157 45 378 124 238 332 654 278 235 2146 208 240 3521 586 171 187 929 2637 103 1668 416 19 2591 1803 503 466 217 540 62 386 5925 658 1194 603 2290 402 80 231 656 23
internal_value=0.000526338 0.00088309 -0.00384217 -0.00733216 0.0013825 0.000940444 -0.000676147 0.00235088 0.000819665 0.00538054 0.0118589 -0.00675285 -0.00123121 -0.00663431 0.000390262 0.00939888 0.015473 -0.0128386 0.0149424 0.0054083 0.00195056 0.00873609 0.00865719 -0.00482807 -0.00470011 0.00773371 -0.000328067 -0.00741414 -0.0119911 0.0122289 0.0159527 -0.000209853 -0.00132598 0.00453849 0.00682358 0.0059496 0.00816083 0.00953929 0.0170259 -9.86252e-06 0.00512953 0.00259482 -1.58596e-05 0.0295735 -0.00146036 0.0109643 0.0129591 -0.00391985 0.000905244 0.0123035 0.000109061 -0.000511137 -0.000957285 0.00753239 0.00590452 0.0124107 0.00172247 -0.00803423 -0.013715 0.00301112 -0.00966708 0.0194144
internal_weight=3630.22 3540.39 335.214 205.034 3205.17 2925.25 1364.23 1561.02 1044.34 321.421 110.5 14.8594 722.916 203.142 1161.09 67.9374 47.551 89.8344 95.641 516.686 257.285 259.401 127.353 26.2992 129.932 26.0791 666.677 95.1171 73.9718 101.053 79.9242 1093.15 888.02 205.13 178.049 217.718 182.122 174.774 89.5717 734.878 158.962 149.039 135.753 9.92375 575.915 166.395 147.3 19.0951 571.559 32.5992 538.96 526.614 522.206 74.4835 279.921 81.1028 130.18 103.853 59.6902 198.818 155.196 42.3756
internal_count=59830 54899 8136 5025 46763 44571 23092 21479 15002 3521 1295 201 11481 7490 15602 1298 891 4931 1094 6477 1972 4505 894 224 1078 218 10419 2393 2061 670 513 14304 9788 4516 3761 3843 3257 3130 1025 7642 2414 2292 2084 122 5228 2959 2306 653 8026 778 7248 7031 6969 1044 2192 767 3111 860 482 1425 5803 767
is_linear=0
shrinkage=0.03


Tree=114
num_leaves=63
num_cat=0
split_feature=15 1 16 21 21 7 32 5 1 12 17 18 7 24 3 12 16 0 21 8 17 17 15 16 20 15 16 8 7 32 3 5 7 32 0 18 10 5 29 12 21 15 21 8 12 24 3 17 10 21 16 9 21 20 8 12 27 8 23 5 10 18
split_gain=13.6428 8.63977 7.65856 7.37071 8.56821 10.2879 8.32331 7.75781 6.95562 7.51237 6.88805 5.85682 7.09215 7.07179 9.86085 8.08231 6.08514 5.81999 6.23685 5.30164 4.82039 9.61001 6.73907 4.8073 4.5496 4.53806 4.45065 5.86636 4.53019 4.32827 4.73317 4.38605 4.38472 4.20039 5.15483 4.19786 5.70332 4.13753 4.13691 5.55054 7.67038 6.14779 4.79876 4.32159 4.04737 7.53337 9.53525 5.26975 5.02995 4.73643 4.3284 4.72467 5.23256 4.49243 4.29253 4.14797 4.37622 4.37572 4.00059 3.95215 3.88085 4.03651
threshold=-1.0622653365135191 -0.1868328973650932 0.64523237943649303 -0.84830385446548451 -0.66491189599037159 -1.3664271235466001 7.5000000000000009 0.33994349837303167 -0.68501138687133778 -0.23850131779909131 -0.50009769201278675 -0.262730062007904 -0.17414200305938718 -0.54831284284591664 -0.89754065871238697 -1.4911261796951292 0.83715447783470165 -0.31066185235977167 1.4334087371826174 0.061857214197516448 -0.49992771446704859 -0.23785565793514249 -1.6126128435134885 0.9130220115184785 -2.3182213306426998 -0.66536393761634816 0.48183305561542517 -1.0279243588447569 1.1338943839073183 17.500000000000004 -0.36640575528144831 -0.72643765807151783 -1.0231593847274778 9.5000000000000018 -0.72508135437965382 -0.32478055357933039 0.37773296236991888 -0.70398774743080128 0.53589746356010448 0.62557914853096019 -0.098788145929574953 0.39302809536457067 -1.9295984506607053 -0.65156301856040943 -1.5270851254463194 -0.065289530903100954 -1.1322949528694151 -1.1622477173805235 -0.15334291756153104 1.8604154586791994 0.34108865261077886 -0.12380238622426985 0.2371373847126961 -0.3785127848386764 1.0850003957748415 -1.1831317543983457 5.5000000000000009 -1.433250844478607 -0.04272628761827945 0.40654170513153082 0.75266388058662426 -0.49019223451614374
decision_type=2 2 2 2 2 2 2 2 2 2 2 2 2 2 2 2 2 2 2 2 2 2 2 2 2 2 2 2 2 2 2 2 2 2 2 2 2 2 2 2 2 2 2 2 2 2 2 2 2 2 2 2 2 2 2 2 2 2 2 2 2 2
left_child=20 2 33 11 23 -6 7 -7 9 -4 -11 25 13 19 -15 -16 -14 18 -8 -13 -1 22 -22 26 -23 58 27 -5 29 30 -29 -32 -33 34 -2 36 -28 -24 39 41 43 -35 -40 -41 45 46 48 -47 -19 50 51 -49 -53 -52 -48 56 -46 -58 -3 -34 61 -39
right_child=1 3 8 4 5 6 17 -9 -10 10 -12 12 16 14 15 -17 -18 44 -20 -21 21 24 37 -25 -26 -27 35 28 -30 -31 31 32 59 38 -36 -37 -38 60 42 40 -42 -43 -44 -45 55 47 54 49 -50 -51 53 52 -54 -55 -56 -57 57 -59 -60 -61 -62 -63
leaf_value=-0.013350972619485826 -0.0097261386979400639 -0.0052240394794828907 -0.00713784521706617 -0.0091739201747086021 -0.011493647076464461 0.0053195955020917882 -0.012696075466388125 0.031583607685822419 -0.0057206754889227978 -0.010108434706683773 0.023778021600959702 -0.018364351464081718 -0.012153189221785418 -0.011588432843923411 -0.014435666308882074 0.017887515532674307 0.01464341353192395 -0.0059315247673638232 0.018408873382375086 0.0030281855744602546 -0.0095539443142950917 0.0135473024062555 -0.006348239576006014 0.026527383044676774 -0.010228634212987796 -0.0095345729401305219 0.019993883581359024 0.0044472797139611924 -0.0098685380342893609 -0.0071598931976800777 -0.0064685249100082266 0.0016503897483953341 0.041976594470248089 -0.014721183322962761 0.017986916899568998 -0.0077216149724092086 -0.01037241000152796 -0.002137402936217862 0.011547817107540366 -0.0057115679688170863 -0.0065430696450927833 0.0043365064439438959 -0.015427734271051331 0.029447988367571006 -0.011400857673280924 -0.013070435310646005 -0.013441577452728207 0.019197373805208764 0.033623670974575817 -0.010532871179728509 0.00091666763838489532 -0.015731968866932181 0.0080578214951609901 0.027675086018733454 0.0061315747588772283 0.0016185192681152287 0.023918132244178377 -0.0019011795219401626 0.021373137587124891 0.0006810353396674157 -0.003023753723701336 0.045141977996757718
leaf_weight=74.962786085903645 6.8532973006367675 8.0363502791151387 11.349941963329909 5.9860920840874305 49.085261378437281 37.254838448017836 38.314841670915484 10.49062688089907 35.969652876257896 3.6340580973774221 25.330349144525826 11.99800844863057 43.127649450674653 11.842921609058974 4.0986455036327234 57.148560292087495 4.7015234464779487 2.3800719706341624 2.224716003984212 24.007814993150532 3.6583005888387552 3.8651836849749079 1.2808320550248016 10.063778926618395 55.866281032562256 119.60046966560185 10.352042390033601 11.949731181375677 2.2471839804202309 2.7043134029954663 1.2665972048416723 4.119020943529903 14.799270043149603 42.059510938823223 8.1394276954233629 23.824925070628524 4.8784369509667149 1.4123187763616414 2.8694668337702742 2.289797792211175 14.819753234274684 19.746078003197908 76.104237461462617 7.8393377531319874 40.984086819924414 3.2035286147147408 30.83468702621758 12.851963555440305 3.8299832576885811 3.3522460870444766 7.2629346344619981 8.1098829228431004 17.80937478505075 27.408779690042138 10.654699219390748 2513.069433121942 2.030185777693986 33.479714268818498 4.2028098516166201 2.5178207345306864 1.6148098772391675 5.3097697691991934
leaf_count=4632 138 401 195 158 1021 294 752 64 480 87 342 507 1116 334 99 999 70 101 31 908 193 181 59 112 2690 2603 144 403 63 84 32 80 276 1592 115 389 75 69 132 89 314 301 2037 223 679 51 851 211 121 37 83 144 239 262 221 31085 25 512 115 40 74 230
internal_value=0.000527676 0.000910246 -0.00433264 0.00133241 0.0017813 0.00147655 0.00172352 0.0135372 0.00347967 0.0114139 0.0186642 -0.00320469 0.000728719 0.0049155 0.0100545 0.0147982 -0.00838251 0.00149486 -0.00915533 -0.00547035 -0.00824315 -0.00247895 0.016913 0.010432 -0.00776252 -0.00774207 0.00714551 0.0130194 0.0170263 0.0196181 0.0223472 0.0292657 0.0322012 -0.00763519 0.00605475 -0.000410647 0.0101077 0.0268047 -0.00901471 -0.00412716 0.00690425 -0.00876364 -0.0138184 0.022239 0.00167028 0.00678725 -0.0025155 0.0121557 0.0225799 0.0139427 0.01566 0.00731669 -0.000726098 0.0228918 -0.00829623 0.00140535 -0.00526746 0.00234491 0.00745921 0.0374702 0.0323686 0.0385339
internal_weight=3643.08 3495.11 257.005 3238.11 2949.34 2854.63 2805.55 47.7455 76.284 40.3143 28.9644 288.765 156.925 109.096 73.0901 61.2472 47.8292 2757.8 40.5396 36.0058 147.97 73.0075 13.276 94.7092 59.7315 131.84 84.6454 45.59 39.6039 37.3568 34.6524 22.7027 21.4361 180.721 14.9927 39.0554 15.2305 9.61773 165.728 86.7545 24.9489 61.8056 78.9737 10.1291 2717.26 127.698 47.6994 79.9987 6.21006 76.7952 73.4429 38.7712 25.9193 34.6717 41.4894 2589.56 76.494 35.5099 12.2392 17.3171 8.3369 6.72209
internal_count=59965 51837 6045 45792 38640 36784 35763 358 1104 624 429 7152 4033 2847 1432 1098 1186 35405 783 1415 8128 3496 625 1856 2871 3119 1744 1136 978 915 831 428 396 4941 253 608 219 432 4688 2519 626 1893 2169 312 34622 2321 1294 1027 222 976 939 594 383 345 1072 32301 1216 537 516 316 373 299
is_linear=0
shrinkage=0.03


Tree=115
num_leaves=63
num_cat=0
split_feature=0 25 6 3 5 16 8 22 17 21 1 14 22 9 15 15 24 29 24 14 20 22 7 20 16 9 26 20 16 17 26 34 7 6 22 14 23 26 18 8 29 14 23 1 25 8 6 33 17 3 6 14 15 7 14 20 8 24 3 19 15 15
split_gain=10.1482 7.98431 8.43969 8.92031 8.34029 10.4868 9.27486 8.90129 7.88823 7.87953 7.6538 7.09053 6.95376 6.89335 11.5035 6.79 6.71025 8.08417 8.06089 6.91321 8.44781 6.79864 6.40997 7.45229 6.25263 6.10035 6.14832 5.67815 7.298 6.03254 6.2608 6.06411 5.53341 5.51518 5.81891 5.38885 10.0982 8.85505 8.47809 9.22763 8.23653 7.8974 9.20729 8.77302 6.76836 7.70695 6.94496 6.83327 6.6946 7.89801 7.45714 7.09895 10.8735 10.3445 6.90469 6.64394 6.55663 6.80489 5.99522 7.16825 5.94378 7.8806
threshold=-0.11347650364041327 2.4501293897628789 1.3273013234138491 0.99762001633644115 0.40654170513153082 -0.66816750168800343 -0.92239210009574879 -0.28171184659004206 -0.61178603768348683 -0.84830385446548451 -0.65451401472091664 -2.4485961198806758 -0.10675829276442526 -1.6554731130599973 0.96950614452362072 -0.66536393761634816 1.3036496639251711 0.29705883562564855 1.6081447005271914 -0.81105265021324147 0.64915120601654064 0.91502514481544506 -0.45480038225650782 1.0000000180025095e-35 -0.56808936595916737 -0.66642004251480091 -1.2354602813720701 -0.3785127848386764 0.69457966089248668 -0.20483700186014173 0.79860830307006847 3.5000000000000004 -0.13126343488693235 1.3001904487609866 0.75092762708663952 0.31255255639553076 -0.22632978111505506 0.64835512638092052 -1.0000000180025095e-35 -0.89977973699569691 0.12132352963089944 1.3349241614341738 0.91261956095695507 0.65151509642601024 -0.26728245615959162 -0.41784365475177759 0.40864264965057379 2.5000000000000004 1.0391722917556765 -1.0167173147201536 1.091432571411133 -1.0000000180025095e-35 0.39302809536457067 -0.19191205501556394 -1.8591957092285154 1.0325967073440554 0.56005251407623302 0.83990216255187999 0.42494635283946997 -0.039485968649387353 0.86289587616920482 -0.11064685881137847
decision_type=2 2 2 2 2 2 2 2 2 2 2 2 2 2 2 2 2 2 2 2 2 2 2 2 2 2 2 2 2 2 2 2 2 2 2 2 2 2 2 2 2 2 2 2 2 2 2 2 2 2 2 2 2 2 2 2 2 2 2 2 2 2
left_child=8 2 4 22 9 6 -6 -8 -1 11 12 -2 -10 14 24 -9 17 -5 -18 -20 -21 -19 -4 25 -11 -24 -27 28 -13 -30 31 -31 -16 35 -35 44 -37 40 41 -40 60 42 43 -39 48 -46 47 -47 49 -15 -50 52 54 -53 -51 -41 57 -55 -42 -60 61 -38
right_child=1 -3 3 16 5 -7 7 15 10 13 -12 27 -14 33 32 -17 18 21 19 20 -22 -23 23 -25 -26 26 -28 -29 29 30 -32 -33 -34 34 -36 36 37 38 39 55 58 -43 -44 -45 45 46 -48 -49 50 51 -52 53 -54 56 -56 -57 -58 -59 59 -61 -62 -63
leaf_value=-0.014672672864199612 0.014082023833046678 -0.0073028361654748518 -0.0019257320135196928 -0.0051177998535123529 -0.011258317543953813 0.0027761985457747328 -0.004585416683636513 0.0009947550341255244 -0.0062774412537865351 0.0061499467006109632 -0.0068585065549801221 -0.0058089766684136911 0.0094708841499995099 -0.0082750470252285213 -0.0084339550186334281 0.043185775842001152 -0.004681175620452659 0.019010131016270922 0.018455353292141648 -0.0090045276650783639 0.0082530450047103611 -0.0032071146874174832 0.00072042047554750843 0.006871722267755437 -0.01575234489582291 -0.0049361843514952796 0.029748458405914984 -0.012041107376625337 -0.011153008499946332 0.035075755798482232 -0.0063839023517549779 1.888608152574243e-05 0.016476135838336785 -0.017249856308994643 0.0067390160010810914 -0.008693512961537888 -0.0087406619720358097 0.01610479172720565 0.016055070441821442 -0.016174351751246551 -0.0087970145717423103 0.026754926513441538 -0.007618711997584857 -0.01360528780835819 -0.0034037584266644002 0.0080959436074682228 0.00015285324693575659 -0.017069960819106465 -0.0067333215071556209 -0.0011728423088560901 0.016619490397695787 0.018428540634820072 0.0071752930771654781 -0.011998592977703433 0.033597315341150624 0.0073993379603766746 0.011499560377531465 0.011968128375444694 0.020006778288011003 -0.0018171570033465769 -0.0048580106495642855 0.01914096991153209
leaf_weight=55.239499520510435 11.499779774807392 100.7436748361215 31.821618853136897 24.496009755879641 4.1132988827303079 429.04613006580621 5.1271478701382938 4.5020331842824879 35.535109055228531 11.180348730646072 140.57848861720413 123.76801505219191 63.847280585207045 18.321341725066304 8.3138148337602633 13.641787817701688 166.4872197508812 49.314998690038919 23.086803935468197 37.443442489951849 59.272045064717531 14.374542605131863 10.651425398886202 90.442875331267715 68.811878331005573 3.7147381678223601 36.120395572856069 94.052437278442085 5.5915731694549349 9.7188449874520355 5.7873674053698769 6.3672883538529268 18.980475634336472 24.657461412250996 9.9322637841105443 122.47114219143987 8.4913983158767206 58.628302570432425 12.338311532512305 31.017443764023483 114.35671059042215 18.769762301817536 25.500830041244626 6.5208173282444468 251.82327253278345 207.08060030918568 330.47392511367798 5.5994193190708748 54.146993663161993 5.6451063212007275 10.594186645001171 29.224456165917218 55.255656003952026 42.75622175168246 29.755739091895521 11.900024768896399 19.703342990018427 9.3866718523204309 9.2070231046527606 289.10331789404154 19.865815453231335 36.813623781315982
leaf_count=2491 160 1089 391 160 107 4797 172 183 1502 503 3018 4506 1549 568 83 216 959 317 112 229 292 91 95 736 1580 35 317 2977 153 152 104 122 156 203 75 4532 243 990 198 520 2653 234 281 101 4326 4958 3192 144 491 76 65 544 470 757 483 151 299 87 116 3176 176 523
internal_value=0.000338478 0.000812527 0.00107597 0.00445427 0.000381688 0.00405364 0.0205493 0.0271683 -0.00494582 -0.000376108 -0.00245289 -0.00526716 0.00380896 0.00027098 -0.00694994 0.0351935 0.00180062 0.00879368 -0.000467415 0.00534132 0.00145756 0.0141273 0.00999417 0.0126594 -0.0125094 0.0214741 0.0263242 -0.00643751 -0.00267878 0.0101492 0.0166567 0.0244943 0.00875751 0.000702842 -0.0103804 0.000939433 -0.000979634 0.000546505 0.00643826 -0.00297303 -0.0015296 0.0111131 0.00664506 0.0123733 0.00230992 0.000891494 0.00289579 0.00705651 0.00632422 0.00887493 -0.00199435 0.0106824 0.0165965 0.00484543 0.0285938 -0.00954787 -0.00151925 -0.00701445 -0.00311295 -0.000824882 0.00800377 0.0135658
internal_weight=3633.01 3337.81 3237.07 547.226 2689.84 456.43 27.3843 23.271 295.2 2233.41 239.961 256.785 99.3824 1976.63 107.287 18.1438 374.475 88.1856 286.29 119.802 96.7155 63.6895 172.751 140.929 79.9922 50.4866 39.8351 245.286 151.233 27.4651 21.8735 16.0861 27.2943 1869.34 34.5897 1834.75 764.985 642.513 164.675 55.2558 477.838 109.42 90.6499 65.1491 1069.77 794.977 543.154 212.68 274.79 210.049 64.7412 191.727 90.6565 101.071 35.4008 42.9175 71.8462 52.1429 412.667 298.31 65.1708 45.305
internal_count=59986 51426 50337 3734 46603 5475 678 571 8560 41128 6069 8174 3051 32954 2322 399 2160 568 1592 633 521 408 1574 1183 2083 447 352 8014 5037 531 378 274 239 30632 278 30354 13894 9362 2475 869 6887 1606 1372 1091 16460 12620 8294 5102 3840 3284 556 2716 1029 1687 559 671 1143 844 5945 3292 942 766
is_linear=0
shrinkage=0.03


Tree=116
num_leaves=63
num_cat=0
split_feature=15 17 17 9 1 25 14 15 3 34 26 15 21 20 26 26 8 15 20 29 26 34 14 10 20 15 26 25 26 1 3 0 16 9 5 26 21 6 16 20 15 2 5 8 12 0 22 10 22 25 17 14 15 14 26 29 30 20 20 2 15 8
split_gain=13.5544 9.93456 7.03971 6.54 6.69801 7.79497 7.11797 7.63614 10.0189 7.65937 7.49046 10.7705 7.35473 6.53505 9.07134 10.7935 7.86721 7.83194 7.60226 6.85363 6.6526 6.15394 5.89876 5.83358 6.67087 5.71561 5.59876 5.73155 5.40889 7.59329 6.0506 8.28319 6.09431 5.48846 5.29283 6.67841 6.39329 9.89879 6.74381 7.73695 7.69416 6.70434 7.94537 6.54301 6.35766 6.10395 5.48963 5.55191 5.6115 5.39521 10.1469 6.60023 6.55382 5.29347 5.28829 5.24954 6.90806 5.44988 6.23302 6.48609 5.94705 5.50521
threshold=-1.0821889638900755 -0.49992771446704859 -0.22289099544286725 -2.1104872226715083 -0.069728437811136232 2.9170048236846928 -0.91759115457534779 -0.16586381942033765 -0.56408274173736561 3.5000000000000004 1.1392861008644106 1.4694843888282778 2.1238493919372563 0.19276645779609683 -0.41861012578010554 -0.17025147378444669 0.79562261700630199 1.0171946287155154 -0.10596444830298422 0.17914438992738727 -1.4997771382331846 1.5000000000000002 -3.0694205760955806 1.545998275279999 -1.3267962932586668 1.2889174818992617 1.0511649847030642 0.86399954557418834 0.37824055552482611 -0.74472725391387928 -0.72122421860694874 -0.54278397560119618 0.72557228803634655 -1.4825731515884397 1.5400419831275942 0.89469203352928173 -0.84830385446548451 1.4368966221809389 0.43961790204048162 -0.62945547699928273 -0.011619723867624996 -0.22797339409589765 0.95367911458015453 1.5402956008911135 0.56369841098785411 -0.17838940769433972 -0.40130424499511713 0.029748284257948402 1.059057414531708 -0.50881838798522938 0.65851092338562023 0.26755440235137945 1.1075673103332522 -0.54160332679748524 1.0783019661903384 0.86190477013587963 -2.1249999999999996 1.2306004762649538 -0.35423733294010157 -1.0882052183151243 0.74079480767250072 -1.0655541419982908
decision_type=2 2 2 2 2 2 2 2 2 2 2 2 2 2 2 2 2 2 2 2 2 2 2 2 2 2 2 2 2 2 2 2 2 2 2 2 2 2 2 2 2 2 2 2 2 2 2 2 2 2 2 2 2 2 2 2 2 2 2 2 2 2
left_child=1 -1 -3 22 28 6 7 8 -6 26 13 -12 34 16 -15 -16 19 -18 20 -9 -19 -21 -2 24 -22 -24 27 -10 55 30 -30 32 -32 -31 36 -36 37 38 43 40 -40 42 44 -8 46 -43 -38 48 -48 50 51 52 -47 -42 -53 56 -5 58 59 -58 61 -59
right_child=3 2 -4 4 5 -7 12 10 9 -11 11 -13 -14 14 15 -17 17 18 -20 21 23 -23 25 -25 -26 -27 -28 -29 29 33 31 -33 -34 -35 35 -37 41 -39 39 -41 53 45 -44 -45 -46 49 47 -49 -50 -51 -52 54 -54 -55 -56 -57 57 60 -60 -61 -62 -63
leaf_value=-0.016219263870662564 0.013208218606649723 0.015973689277865837 -0.0053295707793296586 -0.012809333118969143 -0.0044718301246101204 -0.01057865122652127 -0.014200066785067807 -0.015765501446785683 0.049600830335763881 0.00091910765821185108 0.018757441048155771 -0.0073341035494828037 0.013112715844221523 0.01464250915926987 -0.018946888438206022 0.0046422290116012194 -0.0024788177684562278 -0.0084396423101153993 -0.0066761685293978412 0.012100752587564059 -0.0035025814936984305 -0.0040277363073725533 -0.013755920243041392 -0.0018909596134968206 0.032885811441108637 0.0058020088315862816 -0.0038754158923784304 -0.0031130165751262991 -0.013949790110100058 0.0097346776078183293 0.028480640630326567 -0.00666704370511909 -0.0051044587338184644 -0.017230138653204479 0.0096405410728276856 -0.0090883151831214204 -0.0029118707802709884 0.017561083510228965 -0.010854144820801718 -0.0082650986794904381 -0.0084858621672292429 -0.01357819313111965 -0.012708927847390722 0.0093849220241047394 0.0019524492994194825 0.022437001148696456 0.050847213436368749 0.0049408375652104765 -0.004905359357089553 6.7201034627587889e-05 -0.0062526424337174735 -9.023692392838132e-05 -0.010462453336663043 0.019942906755399767 0.022168171241480687 -0.010560987272737993 -0.0071494509037992706 -0.0072725093375028771 -0.0024115172266536782 0.019118996592480689 -0.0072005998611326654 0.036074327482075057
leaf_weight=72.204348186962306 6.7540884837508193 13.008861375972627 57.173900212161243 18.611934429965913 10.927126012742521 45.606512524187565 92.421552679501474 33.886160550639033 9.9857886442914623 7.0312700672075144 50.76619665697217 16.077504005283117 36.48206205945462 67.477382113225758 15.22676066868007 123.53454609680921 52.993407445959747 4.5009761936962596 10.783858027309178 20.194045992568135 4.274346772581338 134.49429832957685 62.786983383819461 6.4280826598405829 25.180582365021113 13.776448942720888 1.6624855883419503 1.4732980616390694 12.737257434055207 4.378259213641285 11.892044178210201 17.370104039087892 4.9518097685649982 61.01028005219996 95.353361199609935 16.536412386223674 3.4985736077651373 11.583624776452778 9.9688242822885496 49.713076342828572 4.2895112112164524 23.12179003842175 5.8449880899861446 8.4233325179666263 15.020224787294863 40.032968638464808 7.3907460235059279 5.8068460104987016 0.92319042794406403 1924.9376514535397 40.310111504979432 54.069386431947351 3.2626734152436248 26.496800263412297 6.6716706790029994 30.965422878973186 8.7732037687674147 1.4684853591024865 78.342056055553257 24.766121426597238 3.3054080605506888 7.9772647311910978
leaf_count=4561 50 624 2827 501 391 518 3107 551 179 150 534 109 317 464 106 916 845 38 67 303 41 2008 1522 59 172 110 25 19 556 108 311 304 76 1338 850 153 85 137 315 1011 74 435 87 313 285 620 175 145 28 25846 430 1096 30 455 124 658 326 32 1623 611 28 132
internal_value=0.000119741 -0.00879242 -0.000581147 0.000494917 0.000702608 0.00110681 0.00129676 0.00422395 0.01766 0.0281636 0.00333769 0.0124081 0.000585771 0.00201155 0.00603442 0.00148477 -0.000876401 0.00557985 0.0134037 -0.0044946 0.0189105 -0.00160926 -0.0075668 0.0229538 0.0278633 -0.0100968 0.038481 0.0439366 -0.00364838 -0.00862749 0.000649151 0.00716977 0.0196988 -0.0148614 0.000372535 0.00660221 6.03874e-05 -0.0049619 -0.00673817 -0.000684778 0.00845445 0.00054909 0.0122087 -0.0118798 0.0177663 0.000306049 0.0278358 0.0342232 0.0451391 0.000493545 0.00598646 0.0107979 0.0191313 0.0153497 0.00385466 -0.000286461 0.00221589 0.00486719 0.00230701 0.0122116 0.0203536 0.0291507
internal_weight=3636.92 142.387 70.1828 3494.53 3411.21 3124.66 3079.06 596.898 31.08 20.1528 565.818 66.8437 2482.16 498.974 206.239 138.761 292.736 104.161 51.1678 188.575 40.384 154.688 83.3175 35.883 29.4549 76.5634 13.1216 11.4591 286.55 112.34 46.9512 34.214 16.8439 65.3885 2445.68 111.89 2333.79 202.897 191.313 90.4682 40.7551 2130.89 38.4846 100.845 32.6396 2092.41 17.6194 14.1208 8.31394 2069.28 144.347 104.037 43.2956 30.7863 60.7411 174.21 143.244 124.633 111.881 33.5393 12.7512 9.44575
internal_count=59911 8012 3451 51899 50217 43613 43095 6977 764 373 6213 643 36118 5570 1486 1022 4084 1222 377 2862 310 2311 1682 272 213 1632 223 198 6604 2693 1247 691 387 1446 35801 1003 34798 5412 5275 1855 844 29386 805 3420 718 28581 433 348 203 28146 2300 1870 650 529 1220 3911 3253 2752 2560 937 192 164
is_linear=0
shrinkage=0.03


Tree=117
num_leaves=63
num_cat=0
split_feature=3 5 17 32 9 6 8 24 14 29 9 23 29 1 9 32 8 14 14 10 9 3 8 10 15 3 9 14 1 16 8 9 4 16 4 10 29 9 9 10 17 9 16 14 8 23 1 14 14 31 31 5 8 8 3 3 15 12 24 23 11 5
split_gain=14.188 7.67127 8.10881 6.75432 8.1986 9.83757 7.69209 8.44058 9.18317 7.50512 9.18845 8.38725 8.05047 7.25485 7.4112 7.12019 7.08772 7.87007 7.79609 6.93932 6.80111 6.77402 6.32808 7.00098 7.14943 9.18731 7.00936 6.27111 6.45301 6.23926 6.23598 6.18964 7.02642 6.18039 6.09245 6.04938 5.89526 5.72223 5.99521 5.56855 11.392 11.5937 9.57286 8.15943 7.45318 6.81796 5.91207 8.40855 6.46958 7.25015 14.8871 12.3931 11.4323 9.9952 8.62752 6.52057 7.72319 6.30069 6.29669 6.14085 6.00589 5.49784
threshold=-0.92257183790206898 -0.39321604371070856 -1.5007890462875364 14.500000000000002 -0.2661414891481399 -0.014521813020110129 0.1623354181647301 1.0256729722023012 -1.7817230820655821 0.39230769872665411 0.78497239947319042 0.2062163129448891 0.080128207802772536 -1.126731216907501 1.6135858297348025 16.500000000000004 0.49829734861850744 -0.11489746719598769 0.48763976991176611 -1.2157381176948545 -2.1104872226715083 -0.32214994728565211 -1.4587825536727903 1.1749159693717959 -0.045666480436921113 1.8791651129722597 -0.94600728154182423 0.55246189236640941 -0.17501153051853177 0.41019646823406225 -1.4068744778633115 -0.51256835460662831 1.4478222131729128 0.3956234753131867 -0.98370993137359608 0.23656754195690158 0.97058823704719555 1.4736831784248354 -2.0721325874328609 1.3423058986663821 1.0944492220878603 0.56841701269149791 -0.19081999361515042 0.72971028089523327 1.4815164208412173 -1.5317438840866087 -0.047893766313791268 0.60173693299293529 1.4247081875801089 0.5000000149011613 0.21428572386503222 -0.12708774954080579 -0.6900343894958495 0.76844340562820446 -0.73143267631530751 1.4413411021232607 0.73107045888900768 -1.0000000180025095e-35 -0.64478307962417591 -0.5908086597919463 0.3243370801210404 -0.033235326409339898
decision_type=2 2 2 2 2 2 2 2 2 2 2 2 2 2 2 2 2 2 2 2 2 2 2 2 2 2 2 2 2 2 2 2 2 2 2 2 2 2 2 2 2 2 2 2 2 2 2 2 2 2 2 2 2 2 2 2 2 2 2 2 2 2
left_child=1 -1 -3 6 5 -5 21 9 -9 10 11 27 -13 16 39 20 17 -6 -19 -11 -7 -2 33 24 26 31 29 28 -8 -24 34 -26 -33 -22 -23 -27 -17 38 -21 45 41 42 -41 44 -44 -15 47 -47 49 50 51 -48 57 55 58 59 -57 -51 -53 -54 -55 -50
right_child=3 2 -4 4 13 15 7 8 -10 19 -12 12 -14 14 -16 36 -18 18 -20 37 22 30 23 -25 25 35 -28 -29 -30 -31 -32 32 -34 -35 -36 -37 -38 -39 -40 40 -42 -43 43 -45 -46 46 48 -49 61 52 -52 54 53 60 -56 56 -58 -59 -60 -61 -62 -63
leaf_value=-0.017210169571322747 -0.0075025468668337867 0.021771885255106111 -0.00480102483101052 -0.0099980137408273804 -0.0063450657262602832 -0.012095855937574364 -0.011047517793260225 0.012096939127177308 -0.0019254649565452258 -0.0049021163868991175 -0.014015525200344416 0.013831303921530178 -0.0064149535564936491 -0.016857239223724112 0.015906566524779536 -0.011747465118786906 -0.0036838693685647718 0.048282804720847609 -0.0017030709833910399 -0.011360370020585039 -0.0066490445674585608 0.017579315278527942 0.03406181333230094 0.013560783578383194 -0.0020001582737515329 0.022924794762327338 -0.0026309972873334087 -0.009401614167894496 0.023597166707888174 -0.0030570198609560792 0.0022988243900069383 -0.01856442583710197 0.011543379940081117 0.021306070297453645 -0.011125709302993499 -0.0043480693349592491 0.014150628268996525 -0.010562873009220498 0.014261319191337298 -0.010821892056776599 -0.0085460915690906969 -6.4848974045633742e-05 0.039819865530706315 -0.0044178677451034423 0.0019144056651555267 -0.012597777048318761 -0.0094809959153684259 0.0096853158710006118 0.0063439327347141099 -0.00086974300750450621 -0.0084898511571675772 -0.0079354743366287471 0.012500905057476093 -0.0010520966658606127 0.0027395378630459899 0.024747264596262503 -0.0017957392833517106 0.016115752072298973 0.02892522354736915 -0.0085797894845719737 0.01824400708078161 -0.010537102214848873
leaf_weight=41.207468877546489 79.511905007064342 5.8968793088570228 239.78002473898232 140.15592023544014 3.358162622898818 27.558957561850548 2.5955421198159447 47.087881825864315 213.16563048586249 20.000541030429304 21.368320617824793 19.999088624492288 55.372230025939643 16.639113506302238 23.335461347363889 65.863591261208057 8.9070024741813523 6.6789861023426056 3.2616284973919392 5.00950455199927 6.9989588949829367 3.0626321807503691 9.2684406926855463 29.14624715782702 154.04914339073002 14.290654592216017 14.785083358176051 4.7459690170362583 32.559912150725722 4.631779014132916 653.02705992199481 38.631205590441823 4.8118018209934226 21.915324492380023 49.036218538880348 9.5858389735221845 4.663553185760974 5.8175992183387271 206.51137956324965 3.9462202014401546 26.832643516361713 34.0576047366485 23.340914537198845 4.8018482681363812 6.2151956111192694 60.632822375744581 69.91090882755816 15.809888049960135 18.863423813134432 24.29062372725457 152.4727744506672 3.0117475502193001 9.5223148772492987 22.24666254222393 479.97375913895667 9.7813948541879636 27.855577528476715 88.059809973463416 13.922515328042207 109.48075647186488 34.148423397913575 70.658448000438511
leaf_count=2277 2547 296 8758 4725 82 449 64 254 1594 309 341 206 601 807 338 920 226 177 114 108 130 75 257 363 1955 91 352 140 588 95 7482 497 34 226 681 58 67 79 2880 115 247 547 313 74 77 1219 1243 370 250 374 2115 132 332 435 6278 91 156 1016 365 1654 375 827
internal_value=0.000405837 -0.00593793 -0.00374167 0.000959243 -0.000202131 -0.00329301 0.00252466 0.00496785 0.000791822 0.00782518 0.00211582 0.00556446 -0.000516541 0.00103619 0.000724298 -0.000886062 0.0163774 0.0271489 0.0368006 0.0110007 0.0009727 0.000530849 0.00231609 0.000814649 -0.000907755 -0.00280974 0.0120085 0.0158295 0.0199822 0.0241566 0.00148316 -0.0050118 -0.0143824 0.0145566 -0.00804667 0.0131184 -0.00921155 0.0125415 0.0134062 0.00039848 0.00705706 0.0130213 0.0233207 0.0281188 0.0332793 -0.000166147 0.000131647 -0.00767751 0.000689356 0.00136342 -0.000324159 0.00192742 0.00504239 0.000879117 0.00361095 -0.00305543 0.00719561 0.0125628 0.022055 -0.00645693 0.0111663 -0.00683263
internal_weight=3624.13 286.884 245.677 3337.24 1918.37 546.357 1418.87 634.234 260.254 373.98 136.641 115.273 75.3713 1372.02 1349.81 406.201 22.2058 13.2988 9.94061 237.339 335.673 784.638 308.114 279.2 250.054 221.369 28.6853 39.9014 35.1555 13.9002 705.126 197.492 43.443 28.9143 52.0989 23.8765 70.5271 217.338 211.521 1326.48 99.1944 72.3618 38.3042 34.358 29.5561 1227.28 1210.64 76.4427 1134.2 1044.68 719.292 566.819 325.386 213.035 496.908 156.64 37.637 112.35 16.9343 119.003 56.3951 89.5219
internal_count=59848 11331 9054 48517 30568 10219 17949 7164 1848 5316 1940 1599 807 20349 19750 5494 599 373 291 3376 4507 10785 4058 3702 3339 2635 704 792 652 352 8238 2486 531 356 756 149 987 3067 2988 19412 1373 1126 579 464 390 18039 17232 1589 15643 14566 10133 8018 4433 3043 6775 2233 247 1390 497 1986 810 1077
is_linear=0
shrinkage=0.03


Tree=118
num_leaves=63
num_cat=0
split_feature=3 11 25 14 22 5 22 7 14 7 18 11 1 12 26 31 14 26 2 12 22 4 21 31 16 21 12 21 2 26 8 13 26 11 26 20 7 13 14 22 16 18 22 18 8 22 2 14 13 8 8 7 25 5 7 14 16 5 4 20 11 7
split_gain=8.51213 10.0458 9.74364 9.06679 8.48192 8.38165 7.51155 7.50096 7.00587 11.8687 7.82531 7.45913 8.99562 7.24736 6.45896 7.58223 6.63486 6.05472 6.0376 5.96163 8.24346 7.32632 6.08196 5.77768 5.69969 5.83097 5.65653 5.58436 10.0704 10.4106 13.2949 8.98307 7.21283 8.126 6.93116 5.82394 5.3951 5.40248 5.30465 5.25999 6.28708 5.23274 7.30051 5.06744 6.11237 5.0115 5.397 5.0712 5.88593 4.95176 4.93106 5.52886 4.88561 4.71382 4.98493 5.41468 5.15124 4.63782 4.60898 7.93825 11.1966 7.56647
threshold=-0.88344165682792652 0.16483994573354724 -0.41962152719497675 -1.3718235492706297 0.16019626706838611 1.0556914806365969 -1.0000000180025095e-35 1.654106140136719 -0.91759115457534779 0.6346033811569215 1.4487265944480898 -1.4424275159835813 0.039999959990382201 0.77505582571029674 0.6212579905986787 -1.0000000180025095e-35 -0.84881624579429615 0.93550792336463939 -1.0000000180025095e-35 0.84266176819801342 -1.015711188316345 0.29325987398624426 1.5404807925224306 -0.78571429848670948 0.60180169343948375 0.2475758641958237 0.99326458573341381 0.020264307036995891 0.6982811987400056 0.58667337894439708 -0.34270763397216791 0.82072725892066967 -0.76804760098457325 0.59715119004249584 -1.936114430427551 -0.35423733294010157 0.031166020780801777 0.45278142392635351 1.0000000180025095e-35 -2.3094153404235835 0.43007485568523413 -0.51111647486686695 -0.18447628617286679 -0.88817214965820301 -1.3822491168975828 -0.38815912604331965 -1.0000000180025095e-35 -1.716747462749481 1.2310909032821657 1.9169396162033083 1.0685743093490603 -1.2267602682113645 0.51139450073242199 -1.0463263988494871 2.4018330574035649 0.30128532648086553 1.3169785141944887 0.49199336767196661 -0.037920959293842309 -1.9655183553695676 1.2729757428169253 0.40890003740787512
decision_type=2 2 2 2 2 2 2 2 2 2 2 2 2 2 2 2 2 2 2 2 2 2 2 2 2 2 2 2 2 2 2 2 2 2 2 2 2 2 2 2 2 2 2 2 2 2 2 2 2 2 2 2 2 2 2 2 2 2 2 2 2 2
left_child=1 3 6 4 -1 17 -3 8 9 19 11 12 -10 -11 16 -16 57 26 -7 20 21 -2 27 -21 25 -8 -5 28 29 32 -31 -29 33 -22 -35 -34 -14 -38 -19 40 -13 -32 -43 44 -41 -25 -47 -48 -49 53 51 -46 -6 -18 56 -56 -55 -9 -45 60 61 -60
right_child=7 2 -4 5 52 18 24 14 10 13 -12 39 36 -15 15 -17 49 38 -20 23 22 -23 -24 45 -26 -27 -28 31 -30 30 41 -33 35 34 -36 -37 37 -39 -40 43 -42 42 -44 58 50 46 47 48 -50 -51 -52 -53 -54 54 55 -57 -58 -59 59 -61 -62 -63
leaf_value=-0.0048889995398468502 0.017103292041800677 -0.0041554115215591625 -0.0020385071277545571 -0.018259677218626629 0.033140167846135396 -0.0083959002212717071 0.043069669637588834 -0.014050554112514659 -0.014314923222899225 0.013747238346702825 -0.0085391577582339308 -0.0059754103080260738 0.028161943151277111 -5.1486130397371369e-05 0.014059101116714153 -0.0097924903934474769 -0.010468071537576696 0.011399125835199914 0.0278898618520841 -0.0096276328851700472 -0.013267110156224214 -0.0078587098741041434 0.0095172806927666907 -0.0052014431098485409 -0.0038910673401990913 -0.0062617809958670041 0.0038467350342742978 -0.010622313743564715 -0.021337855310159796 -0.012207311883653956 -0.0062856810881080942 0.0089744614889069076 -0.01870101426649725 -0.0074196910232836337 0.030828281841035844 5.5901201565214253e-05 -0.012940020166246329 0.017930356329197806 -0.01227694226867483 -0.012999532733440598 0.020935964720481686 -0.0022374957208322228 0.038701383128139609 -0.0032382781369044078 -0.0101139357394731 -0.0098114738498048405 0.0038864257037788895 0.027216554377354669 -0.0084388309802069777 -0.011769020704293903 -0.0096266720017509459 0.024198366007290629 -0.0075701066406375639 0.023555473316814027 0.015536090058718713 -0.016291889226131943 -0.0082573090135841364 0.012293360813688916 0.038957312487029869 0.00024111118245965621 -0.011360095207656188 -0.006726245785174759
leaf_weight=21.037573002278808 31.740651737898588 7.3745606476441052 106.5525172688067 109.60331687703729 6.0342378858476868 4.5091510443016887 8.6426252145320159 10.673488108441232 58.503117362037301 117.5972145460546 97.464734701439738 9.1144929835572857 3.1307669626548877 47.488968594931066 13.166983305476604 30.559547839686275 2.2671982776373616 12.743460346013309 3.7117808302864415 10.820545874536036 4.7718145111575749 11.448678848333655 26.934606595896184 11.791286674328147 2.7563487887382498 1.1927672438323487 9.7327910773456079 139.73859189730138 11.37296845577657 7.1685195025056627 2.0768065778538611 20.721605889499187 19.937554177828133 3.6066315229982147 10.534892294555899 36.933643250726163 9.34758746717125 2.97726503945887 11.378675160929559 4.1620018715038887 17.804064531810582 4.1658576717600324 16.191554254852228 355.96821581479162 2.1472552474588218 4.3489614808931938 20.151794280856841 29.64910811372102 2.4327941313385955 2.3452650802209964 2.9385671401396385 23.067117000930011 1.4045336097478864 56.642534068785608 4.3180182771757227 4.9685095716267824 2.5531705543398848 5.0916645675897589 9.9083930868655461 1977.9535049488768 5.4324031043797723 2.500944383442401
leaf_count=725 511 254 2714 5984 121 209 221 99 1914 950 2484 231 86 354 141 438 49 547 126 112 90 105 196 143 49 24 460 1374 107 128 37 154 323 42 104 973 210 60 604 50 264 78 186 7814 44 62 141 277 19 32 38 250 15 707 65 112 13 35 250 25615 93 59
internal_value=0.000113542 -0.00462642 0.00182334 -0.00908284 0.00567254 -0.0119456 0.0187134 0.000559472 0.00026179 0.00319198 -0.00041438 -7.92032e-05 -0.00915272 0.00989305 0.00741733 -0.00190461 0.0118616 -0.013706 0.012339 0.00051385 -0.00120601 0.0103575 -0.00298895 0.00768073 0.0294812 0.036993 -0.0163745 -0.00435114 0.000645865 0.0038773 0.0175306 -0.00789689 -0.00221084 0.0119353 0.0216835 -0.00749967 0.00911023 -0.00246022 4.05152e-05 0.000217498 0.0123153 0.0275259 0.0315345 5.54143e-05 0.0110242 0.0108893 0.0143925 0.0170888 0.0237395 0.0154875 0.0160007 0.0200862 0.0255004 0.0171082 0.0186713 -0.00123475 0.0216471 -0.00463087 -0.000118374 0.000444792 0.0180295 0.0304628
internal_weight=3613.31 306.674 126.519 180.156 28.4763 151.679 19.9663 3306.63 3174.05 591.625 2582.42 2484.96 73.9587 165.086 132.586 43.7265 88.8598 143.458 8.22093 426.539 347.344 43.1893 304.155 79.1945 12.5917 9.83539 119.336 277.22 116.76 105.387 29.6027 160.46 75.7845 18.9133 14.1415 56.8712 15.4556 12.3249 24.1221 2411 26.9186 22.4342 20.3574 2384.08 32.3149 68.3739 56.5827 52.2337 32.0819 73.0947 28.1529 25.2144 7.43877 70.7494 68.4822 9.28653 59.1957 15.7652 2351.76 1995.8 17.8417 12.4093
internal_count=59672 12053 3262 8791 861 7930 548 47619 45928 6466 39462 36978 2270 1304 1691 579 1112 7595 335 5162 4408 616 3792 754 294 245 6444 3596 2068 1961 429 1528 1532 236 146 1296 356 270 1151 34708 495 301 264 34213 382 642 499 437 296 978 332 294 136 946 897 177 720 134 33831 26017 402 309
is_linear=0
shrinkage=0.03


Tree=119
num_leaves=63
num_cat=0
split_feature=4 9 3 5 16 21 7 11 21 11 13 29 10 13 20 13 9 4 21 9 32 9 10 6 26 14 0 30 18 14 20 7 32 29 26 3 32 0 10 9 11 18 7 9 21 11 10 10 22 18 20 15 16 19 24 14 10 26 13 17 3 10
split_gain=10.5321 9.92201 10.4863 8.11946 8.73949 8.82445 17.9191 8.31395 7.73552 11.9974 9.27256 7.47274 12.4548 9.35776 7.36109 7.3067 7.87789 6.62726 6.34162 8.03077 6.33686 6.2701 7.38417 6.11649 14.0817 7.12656 9.57544 6.88686 7.10125 6.58413 9.26242 6.43623 6.96863 6.35716 8.11622 6.03086 10.1749 9.01851 6.30962 6.4433 6.26902 6.02867 6.55439 5.67789 8.58441 10.7138 7.23756 6.81669 7.24192 8.80421 7.0375 6.63878 6.10573 5.55866 5.53639 5.5313 5.52441 5.48554 5.42356 6.32252 5.84574 6.81462
threshold=0.98312342166900646 -2.0064330101013179 1.590842664241791 -0.20125912874937055 0.44504509866237646 -0.36809787154197687 -0.59333956241607655 -0.36548389494419092 -0.84830385446548451 -0.61370083689689625 -2.0591615438461299 0.67708334326744091 0.050267828628420837 0.49875929951667791 1.5928686857223513 1.0501660704612734 -1.0593020915985105 1.0742965340614321 -0.75422021746635426 0.42044836282730108 13.500000000000002 -0.88454407453536976 0.97548171877861034 0.40864264965057379 -1.2863872051239011 0.27779406309127813 0.20274794101715091 -7.1388888359069815 -1.0000000180025095e-35 -0.75554636120796193 -0.94799533486366261 0.40890003740787512 11.500000000000002 0.41421568393707281 -1.7378582358360288 0.18914813548326495 16.500000000000004 0.72199770808219921 -1.1162142753601072 1.089096784591675 0.69159477949142467 -0.38509836792945856 -1.0860579013824461 0.42044836282730108 1.4086498618125918 -1.0492325425148008 1.1110197901725771 -0.2537566870450973 0.32395619153976446 -0.25409944355487818 1.1064030528068545 -0.88993984460830677 0.93609958887100231 0.28638489544391638 -0.69995611906051625 -0.077876452356576906 1.3155029416084292 -0.48624397814273829 0.49875929951667791 -0.25317540764808649 1.4207482337951662 1.5822163224220278
decision_type=2 2 2 2 2 2 2 2 2 2 2 2 2 2 2 2 2 2 2 2 2 2 2 2 2 2 2 2 2 2 2 2 2 2 2 2 2 2 2 2 2 2 2 2 2 2 2 2 2 2 2 2 2 2 2 2 2 2 2 2 2 2
left_child=1 2 -1 4 14 6 -6 -8 9 -5 -11 13 -13 -12 -3 16 -15 -2 19 -10 23 -9 -23 24 33 27 56 -26 31 30 -25 32 -29 34 -20 36 38 -37 -19 40 -40 -18 -43 44 45 -22 47 48 49 -47 -50 -49 -53 58 -7 -34 -27 -56 59 -48 61 -61
right_child=17 3 -4 8 5 54 7 21 18 10 11 12 -14 15 -16 -17 41 35 20 -21 43 22 -24 29 25 26 -28 28 -30 -31 -32 -33 55 -35 -36 37 -38 -39 39 -41 -42 42 -44 -45 -46 46 53 51 50 -51 -52 52 -54 -55 57 -57 -58 -59 -60 60 -62 -63
leaf_value=-0.014303345300932333 0.015356201695966295 -0.010597419841108843 0.0079965643285407496 -0.020215302035785979 -0.0092266802137725458 -0.020877787741498816 -0.0085065119717093532 -0.0022842412369240214 0.021287632446288066 0.025570221239770076 -0.010692864027105561 0.014063178715651149 -0.0079047671521935373 -0.012894937557726334 0.013257941252293343 -0.011934515123436223 -0.0085831741329178684 -0.013297362873919753 -0.01670647166097038 -0.0035555911590077608 -0.016480065916205478 0.044979701062327154 -0.003198219519225914 -0.014965616005037211 -0.014637648938840498 -0.0092456982284568751 0.019423623145590794 0.020854079639794867 0.016788700846139804 -0.0012359325995827998 0.0086790561974826215 -0.0087398484457690204 -0.013175499162251872 0.031902816446241392 0.018390316597805999 -0.003666050772969789 0.02933258774827914 0.0055669052342678538 0.015868889491990994 -0.014215322669093257 -0.00097635537485115233 -0.00073497384557742816 0.035088338539156619 0.001362131463247642 0.0058045286094086422 0.0017872420493263419 -0.0047102055053625464 0.013970205923510859 0.012564525707872518 -0.011796000949507111 -0.0073477985511171753 -0.0092185463943702355 0.0026835962489349676 -0.013547396701183481 0.0082328132566670091 0.015315862560838975 0.011727940917788249 -0.004792143945154142 -0.0049943843039475496 0.030432869329417023 -0.0083626800395552228 0.005145357854001659
leaf_weight=81.472964563407004 37.431251944974065 169.32219032105058 20.789813350886106 32.495181205682456 18.987349165603518 9.8613815531134588 3.1874867537990239 3.3696209061890903 24.64514565654099 5.6139433784410349 123.25863839499652 44.998280053958297 38.931243505328894 4.5744624836370376 8.3004916459321958 10.326024753972886 3.0321765309199717 10.596081973984836 5.1127893244847646 17.288358482532203 47.732795984484255 14.384348547086118 2.6165061527863136 12.163601228967307 6.8672853615134946 73.475226344540715 10.167712814174591 17.622919266112149 59.264614225365222 363.74618473183364 131.62348712049425 24.110338421538472 12.338559256866576 20.967452346347272 9.8677215809002501 182.9953953512013 13.597946966066955 188.17032204195857 51.793856238014996 6.726197872310876 29.743904063478112 5.9114529164508047 12.917513017542655 754.53050317335874 98.761719175614417 113.63519101124257 12.880807594396172 9.1167852981016022 56.449013836681843 63.000727956183255 17.861360946670175 251.98719303682446 43.38734688423574 7.5514524579048148 33.946728982962668 4.6511982511728993 8.81995224021375 111.22927881218493 18.383806166239083 22.212189937010407 4.4366710260510436 18.550286643207073
leaf_count=2300 394 6404 202 2137 515 328 143 80 567 164 3401 1141 1026 96 193 248 64 154 95 421 1901 261 59 114 144 1823 182 269 951 3164 844 328 259 342 148 1446 163 1147 705 95 310 165 279 11400 1022 1631 313 412 973 1107 241 4016 364 96 447 96 199 1499 263 326 31 291
internal_value=2.17889e-05 -0.000642736 -0.00960839 -0.000321691 -0.00441917 -4.52403e-05 0.011304 0.0265697 0.000271212 -0.00437818 -0.00195951 -0.00309388 0.00400169 -0.00682394 -0.00915017 0.00587534 0.0136238 0.00394735 0.000839003 0.0117576 0.000614986 0.0326531 0.0385232 0.00284557 0.00660554 0.00347735 -0.00275866 0.0080239 0.00988434 0.000923167 0.00624314 0.00214573 0.00987443 0.0227828 0.00522875 0.00291623 0.00884385 0.00102657 0.00474922 0.00751246 0.0100226 0.0205402 0.0260471 -0.000492281 -0.00226992 -0.00346392 -0.00237199 -0.00361859 5.46606e-05 -0.00324884 0.00761687 -0.00659786 -0.00745468 0.00560976 -0.00341557 -0.0036666 -0.00645487 -0.0015738 0.00821707 0.0124633 0.017339 0.0207445
internal_weight=3623.79 3102.74 102.263 3000.47 375.205 197.583 42.5453 23.558 2625.27 282.059 249.564 243.95 83.9295 160.02 177.623 36.7616 26.4356 521.055 2343.21 41.9335 2301.28 20.3705 17.0009 760.799 253.266 217.318 92.4629 124.855 117.988 507.533 143.787 58.723 34.6127 35.948 14.9805 483.624 112.458 371.166 98.86 88.264 81.5378 21.8611 18.829 1540.48 785.947 687.186 639.453 555.438 250.946 176.636 74.3104 304.491 295.375 84.0152 155.037 16.9898 82.2952 145.176 76.4638 58.08 45.1991 40.7625
internal_count=59899 55485 2502 52983 9929 3332 1058 543 43054 8721 6584 6420 2167 4253 6597 852 604 4414 34333 988 33345 400 320 8958 4836 4251 2204 2047 1903 4122 958 952 624 585 243 4020 1427 2593 1264 1110 1015 508 444 24387 12987 11965 10064 8744 3952 2738 1214 4792 4380 1320 2274 355 2022 1946 1224 961 648 617
is_linear=0
shrinkage=0.03


Tree=120
num_leaves=63
num_cat=0
split_feature=5 7 23 16 17 11 5 3 18 5 32 1 3 17 20 24 33 14 1 25 32 9 3 20 7 31 8 24 24 24 22 11 9 9 20 14 7 22 5 21 3 11 11 13 11 26 4 5 21 30 7 26 31 17 15 24 14 15 13 20 26 34
split_gain=12.9787 9.62027 7.2501 6.70939 6.52426 7.7013 8.22674 9.3523 6.91534 7.00182 6.51535 8.90098 7.83444 8.31123 10.4614 8.21639 7.19198 8.89569 6.69238 6.76848 6.20778 7.98987 6.137 5.71539 6.98593 6.83897 5.6646 8.49911 11.3421 8.54629 7.06214 7.31196 8.45837 6.85737 5.85996 5.82136 7.03194 8.31311 5.70045 5.64131 6.79463 5.61126 9.94188 5.96088 5.45302 7.90297 6.5073 5.69089 8.86845 7.4876 6.24488 5.83713 9.68332 6.5157 5.65254 8.52571 7.92134 6.43246 5.677 5.55236 5.34361 5.31969
threshold=-1.0918197631835935 -0.92921462655067433 -1.6313511729240415 0.12092900648713113 1.8419355750083926 0.58385959267616283 0.66897583007812511 0.15257247537374499 -0.27230566740036005 0.069892220199108138 15.500000000000002 -0.93633028864860524 1.8791651129722597 -0.95004791021347035 -0.77797907590866078 1.4463245868682864 1.0000000180025095e-35 0.45624482631683355 -0.45599137246608729 -0.49999682605266565 16.500000000000004 -0.94600728154182423 1.1724450588226321 -0.12623994797468183 -0.020999608561396595 0.35714286565780645 0.54657480120658886 0.8192451298236848 1.368832588195801 1.5766292810440066 -0.85668149590492237 1.3354479670524599 -0.51256835460662831 -0.83916664123535145 1.0481646060943606 -1.4402555823326109 -0.38533312082290644 1.0197259783744814 0.56331628561019909 -0.40558201074600214 1.5333920121192934 1.117392957210541 1.1595193743705752 0.52837771177291881 -1.0325360894203184 0.89469203352928173 -1.0590589642524717 0.7562253773212434 0.54333114624023449 -2.1249999999999996 -0.49957396090030665 1.0000000180025095e-35 -1.0000000180025095e-35 0.11687675118446351 0.52866318821907055 -0.11820696666836737 1.0250630378723147 1.0424850583076479 -0.26381953060626978 0.59839507937431347 0.42623396217823034 2.5000000000000004
decision_type=2 2 2 2 2 2 2 2 2 2 2 2 2 2 2 2 2 2 2 2 2 2 2 2 2 2 2 2 2 2 2 2 2 2 2 2 2 2 2 2 2 2 2 2 2 2 2 2 2 2 2 2 2 2 2 2 2 2 2 2 2 2
left_child=3 41 -3 22 10 6 7 -6 23 -10 12 -12 13 14 -4 -14 17 18 -16 -20 21 -9 -1 39 -25 -26 -15 30 34 33 38 -32 -33 -30 -29 -31 -37 -38 -28 -7 -41 -2 -43 -44 45 -13 -46 -48 49 -49 -51 52 -50 -53 55 -52 -57 -56 -59 -60 -8 -47
right_child=1 2 4 -5 5 8 60 20 9 -11 11 44 15 26 16 -17 -18 -19 19 -21 -22 -23 -24 24 25 -27 27 28 29 35 31 32 -34 -35 -36 36 37 -39 -40 40 -42 42 43 -45 46 61 47 48 51 50 54 53 -54 -55 57 56 -58 58 59 -61 -62 -63
leaf_value=-0.020693262637389024 -0.0071307744745666788 -0.0094696010577253638 -0.010804318602803297 -0.0036244415567890298 -0.0084693331819927723 -0.004079675204031615 -0.016889450456928311 -0.0031405153673077987 0.0020852806856752181 -0.017387319796158519 0.014024122458775599 -0.010839068265457562 0.01614188290077909 -0.00030010933384471089 -0.0093524416907424836 -0.0034045121628603781 -0.0011177013549282788 0.00170558501329012 -0.0013463472509420257 0.034655041667137385 -0.0023104413124231627 0.028499200468289628 0.011858330592289029 -0.0077552095414371415 0.0011134759048146443 0.022158309351256657 -0.012766317282576069 -0.002831390654055934 -0.0051003367596049228 0.010433801167160283 0.0075132148857604119 -0.0089832290696682544 0.034463068750004107 0.020246175714181646 -0.018386079892516703 0.013611158403867877 -0.018421429038174092 0.013325725653265025 0.013951405928811769 0.036150136300684012 -0.0049866551366779142 0.027307946618375489 -0.0060024445503315191 0.0085919188708298844 -0.016134502994985766 0.021426122739123896 -0.0010130927847525873 -0.0087276050168787461 -0.0069068687999749596 -0.0049888687622525463 -0.00062425421825864735 0.002791977983593443 0.021994228958537275 -0.016232819631065792 -0.0057272586116304224 0.038955752907125434 -0.0086792049369486656 -0.0091851561252320867 0.032420528951636801 -0.004689079616716752 0.011476084215002996 -0.0062556620278941552
leaf_weight=41.242437911219895 208.72045157430694 52.012619726359844 13.937721423804758 89.642830181866884 8.6032242560759169 5.3852216042578247 9.1574969924986345 7.2604813948273579 40.324288472533226 22.216067973524332 31.2886803438887 90.498322116211057 62.777082495391369 901.98135279491544 2.0203420203179112 24.95943109691143 19.176105938851833 18.372895649634302 4.9883966110646716 30.878771746531129 8.1330376565456373 46.691353505477316 2.6404931135475627 31.299379721283913 38.425969492644072 17.290400460362434 20.968555071391169 98.415557790547609 10.022670008242129 21.641388777643442 188.07527362369001 2.8941686078906086 13.681748747825621 39.62014233879745 23.974045097827911 7.5564333405345669 30.390796739608049 5.5284340120851985 5.3540245201438657 10.330835986882446 3.2901887744665137 6.7084294240921727 79.491222912445664 31.018749248236418 18.304527731612325 8.6005195342004317 985.24153058603406 10.863102895207701 17.73775864765048 10.097145233303307 7.8025428988039485 28.673814261332154 15.36103882268071 28.848889760673046 15.257013220340012 21.236439220607288 1.7364017963409413 2.898613844066861 10.738030105829237 3.2318366244435301 5.8439032845199099 8.3118052352219802
leaf_count=2037 6908 2725 425 1733 116 51 68 57 290 137 879 2823 399 12444 58 119 477 551 112 620 66 333 34 181 218 85 440 822 69 132 3066 36 146 276 170 69 228 38 92 71 20 124 1321 427 490 243 15611 148 159 146 205 285 120 205 152 321 23 25 79 21 42 263
internal_value=0.000276806 0.000632772 0.00113926 -0.00873001 0.00133109 0.00589004 0.0129501 0.0170318 0.00203134 -0.00560703 0.000916803 -0.000633292 0.00223377 0.00169019 0.0103048 0.0106975 0.0146341 0.0196561 0.0271472 0.0300959 0.0209334 0.0243361 -0.017722 0.00658667 0.00283389 0.00893122 0.00109281 0.00375151 -0.000254115 0.00637939 0.00778248 0.0096519 0.0265535 0.0151304 -0.00648035 -0.000895238 -0.00702914 -0.0125039 -0.00597236 0.0195992 0.0275426 -0.00423626 0.000998618 -0.0017114 -0.00104302 -0.00735678 -0.000438684 -0.000122749 0.00479287 0.0115338 0.0149152 -0.00172208 0.00763223 -0.0072845 0.0182423 0.0267111 0.0344475 0.00762464 0.0182493 0.0248624 -0.00573294 0.00949841
internal_weight=3629.67 3496.15 3170.21 133.526 3118.2 254.252 85.6895 70.6881 168.562 62.5404 2863.94 1316.73 1547.22 1459.48 89.3742 87.7365 75.4365 56.2604 37.8875 35.8672 62.0849 53.9518 43.8829 106.022 87.0157 55.7164 1370.1 468.123 237.149 114.76 230.974 204.651 16.5759 49.6428 122.39 65.1171 43.4757 35.9192 26.3226 19.0062 13.621 325.939 117.218 110.51 1285.44 107.411 1178.03 1159.72 174.483 83.8611 72.998 90.6215 33.0988 57.5227 62.9009 30.7754 22.9728 32.1255 16.8685 13.9699 15.0014 16.9123
internal_count=60031 56227 47447 3804 44722 1735 682 572 1053 427 42987 22198 20789 20271 2243 518 1818 1341 790 732 456 390 2071 626 484 303 18028 5584 1804 812 3780 3248 182 345 992 467 335 266 532 142 91 8780 1872 1748 21319 3329 17990 17500 1889 1120 972 769 279 490 826 549 344 277 125 100 110 506
is_linear=0
shrinkage=0.03


Tree=121
num_leaves=63
num_cat=0
split_feature=15 17 17 13 32 22 5 3 8 13 21 15 21 10 26 16 17 10 17 16 8 13 24 13 26 20 4 31 20 7 15 3 8 7 29 9 27 7 31 15 13 34 21 29 20 14 10 14 34 24 23 15 33 26 8 13 10 24 10 5 20 10
split_gain=10.1866 7.53495 9.45901 7.01493 6.51517 5.46023 6.17626 8.08685 5.65706 5.4928 5.41925 7.10924 7.57846 6.62396 6.12463 10.2864 11.3959 5.31837 9.37329 7.08854 8.705 6.381 5.87156 5.8674 11.546 7.07909 10.4436 6.47691 6.06622 6.03409 5.87695 7.30719 5.78741 9.79679 7.13534 6.60224 5.95005 7.03133 6.04527 6.24547 5.71098 7.58001 10.9066 11.7879 6.59228 5.87835 8.5887 5.71069 5.6891 8.92992 22.8121 6.89935 6.77556 6.82597 5.83861 5.67296 5.6288 5.59579 5.55594 5.4297 5.41293 5.40991
threshold=-1.0622653365135191 -0.48381713032722468 -0.11205464601516722 2.5572278499603276 13.500000000000002 -2.2338159084320064 -0.9246748387813567 0.68077734112739574 -0.45916798710823054 -0.89714235067367543 -0.84830385446548451 -0.22392101585865018 -0.26371635496616358 1.3696413636207583 0.72301873564720165 0.55950063467025768 0.080233335494995131 -0.67641824483871449 -0.98596006631851185 -0.66816750168800343 -0.15617907792329785 -1.4520226716995237 0.48140758275985723 -1.5797746181488035 0.3923786878585816 0.11265872418880464 2.4956405162811284 1.0000000180025095e-35 0.13220300525426867 0.35869343578815466 -0.14339940249919889 1.0287997722625735 1.3302729129791262 0.79741230607032787 0.31009615957736975 0.76432299613952648 5.5000000000000009 -0.46614019572734827 -0.78571429848670948 1.4251330494880678 -0.074961155652999864 3.5000000000000004 -0.72306516766548146 0.39230769872665411 -1.0365051031112669 -0.13370531797409055 -0.94676041603088368 -1.1186898946762083 3.5000000000000004 0.49190737307071691 0.54429334402084362 0.22739341109991076 1.0000000180025095e-35 -0.99181425571441639 0.61037188768386852 -1.1770888566970823 -0.51519581675529469 -1.3919847607612608 -1.2415233850479124 -0.13803075999021527 1.395794749259949 -0.70273095369338978
decision_type=2 2 2 2 2 2 2 2 2 2 2 2 2 2 2 2 2 2 2 2 2 2 2 2 2 2 2 2 2 2 2 2 2 2 2 2 2 2 2 2 2 2 2 2 2 2 2 2 2 2 2 2 2 2 2 2 2 2 2 2 2 2
left_child=1 -1 -3 4 10 8 7 -7 9 -6 14 12 -12 -14 15 -2 -17 18 -8 20 -20 -21 -22 24 27 26 30 -19 -27 -26 31 -25 48 34 35 57 -36 -38 -39 -40 41 42 -23 58 45 46 -42 -29 49 -32 52 54 53 -51 -50 -45 -55 -34 -44 -49 -57 -46
right_child=3 2 -4 -5 5 6 17 -9 -10 -11 11 -13 13 -15 -16 16 -18 23 19 21 22 40 -24 25 29 28 -28 47 -30 -31 32 -33 33 -35 36 -37 37 38 39 -41 44 -43 43 55 61 -47 -48 59 51 50 -52 -53 -54 56 -56 60 -58 -59 -60 -61 -62 -63
leaf_value=-0.014150177811476526 -0.0083740180414758891 0.017434547737743264 -0.0063701759980470795 0.0082347887689511855 -0.0085811659579016018 -0.01417819160464383 -0.015362375119259157 0.0020149777372379476 0.00069667187591506189 0.030495556036893433 0.024474780111536445 0.0019498316316836851 0.00088667859741721499 0.027051313867502699 -0.01446500256316193 0.028622918147482072 -0.0034846171927036991 0.0030988511079998973 -0.0035955352962863808 -0.015121456420449814 0.036389145396095571 -0.012891655851702918 -0.003023916506573614 -0.014943361410588827 0.0065039321550740261 0.01768398600691231 0.017138407226730486 -0.0051306021151498139 -0.00032012414303503127 -0.019973346450777058 -0.013674371484095471 0.0079328269899206841 -0.0054451779074760126 -0.015709620992432741 -0.010869122516447454 -0.0056788646959999465 -0.0097511074274333857 -0.0027171554750831726 0.039380522694343764 -0.0061743355043829056 0.037273862377805791 -0.00093213707949250891 -0.015278596325930561 -0.0067101098987673892 -0.0016723497921605128 -0.0027342233823967766 -0.0058531698593328454 -0.0055211148262733836 0.0098075297147634227 -0.0060178995481576158 -0.0080572759955065756 -0.004939241201251417 -0.0033672257875103674 -0.0070222597122009001 -0.0088992912720611723 0.033300825954618522 0.036770976499467069 0.035520133872993694 0.010515725527390876 0.045192353448718206 -0.003224676138475486 0.016545687434185979
leaf_weight=71.656413656193763 45.65964066516608 14.930472780950366 56.05578504409641 95.351985457353294 1.7852432001382101 64.179289166815579 20.989433762617409 44.498011990450323 23.847386172041297 9.7522725770249945 21.288655733689666 915.51661998964846 59.271895146928728 5.2854212159290901 30.668547519482672 14.156288563273845 18.71557876560837 11.949150714091958 10.215311905369164 13.526204199530182 11.490128854289649 7.9402122450992456 3.375309318304061 76.799540996551514 12.854843514971437 12.159054261632262 15.563250944018362 1.8022086983546604 909.19992541335523 9.4522931743413192 114.38625487778336 11.605343224480746 2.1554365213960436 12.740777241997419 15.796693061478434 4.3295796895399681 7.2618034556508055 6.1394418822601411 7.1611004201695359 1.9264154285192487 8.3341254405677301 46.725701219402254 7.4606022471562055 2.3285614028573027 266.48499531112611 9.6759320786222798 4.2931212196126607 1.0379421487450589 63.73723878711462 3.3101827893406215 135.2055908869952 136.71348263695836 7.7323794476687899 1.3716069515794611 14.995170381851493 33.917200843803585 16.65974214114248 12.963975493796168 13.941212489269672 8.9280151380225998 3.107391281053423 10.516055520623921
leaf_count=4651 1282 682 2794 604 39 2172 578 576 491 161 609 8982 1501 129 713 256 241 251 364 237 433 210 48 2913 254 182 111 23 11573 160 3028 203 75 240 288 78 160 83 131 16 130 762 125 41 3829 226 69 22 1713 49 1413 1672 130 22 438 480 258 192 207 171 34 140
internal_value=8.99218e-05 -0.0076276 -0.00054559 0.000418611 0.000185232 -0.000741273 -0.000938212 -0.00775089 0.0101957 0.0236827 0.00206083 0.00275595 0.0107724 0.00481937 -0.004155 0.000496153 0.0122959 -0.000569871 0.00221197 0.00318438 0.0172877 0.00216843 0.0289314 -0.00138072 0.0086467 -0.00169718 -0.00403478 0.0213713 1.16402e-05 -0.00631827 -0.00466581 -0.0116764 -0.00347521 0.00434191 0.00966626 0.0223379 0.00139236 0.0104156 0.0200661 0.0309596 0.00290576 0.00842395 0.0144193 0.0186975 0.000674321 0.0147416 0.02511 0.0334684 -0.00462249 -0.007415 -0.0027815 -0.000924297 0.0193351 0.0266384 0.00592602 0.0275213 0.0326384 0.0297782 0.000333313 0.0398306 0.0302164 -0.000699622
internal_weight=3602.88 142.643 70.9863 3460.24 3364.88 2254.32 2218.94 108.677 35.3849 11.5375 1110.56 1001.36 85.846 64.5573 109.2 78.5315 32.8719 2110.26 474.321 453.332 25.0808 428.251 14.8654 1635.94 46.0245 1589.91 668.555 23.7173 921.359 22.3071 652.992 88.4049 564.587 70.4752 57.7344 19.449 38.2855 22.4888 15.227 9.08752 414.725 115.421 68.6952 60.755 299.304 22.3032 12.6272 11.7682 494.112 278.666 164.28 215.446 29.0739 21.3415 78.7324 39.3532 18.0313 15.1194 21.4018 9.96596 37.0246 277.001
internal_count=59645 8127 3476 51518 50914 37201 36510 2748 691 200 13713 11221 2239 1630 2492 1779 497 33762 7913 7335 845 6490 481 25849 881 24968 13213 467 11755 414 13102 3116 9986 1263 1023 345 678 390 230 147 6253 1859 1097 887 4394 425 199 216 8723 4900 1872 3823 459 329 2151 555 280 267 332 193 514 3969
is_linear=0
shrinkage=0.03


Tree=122
num_leaves=63
num_cat=0
split_feature=25 14 11 21 6 5 17 15 14 34 8 5 3 16 17 5 17 2 6 3 8 23 22 22 8 11 26 27 14 12 5 11 16 4 14 25 8 3 21 18 32 6 17 15 7 14 18 7 26 7 8 14 26 5 11 4 22 33 5 8 23 25
split_gain=8.78633 15.0833 9.67702 9.7288 9.29119 14.9295 8.55042 8.44581 9.23236 9.18606 7.86815 8.01384 10.7642 12.3902 8.84023 7.63617 7.38673 7.33887 7.20921 7.63827 7.14083 7.02624 7.97566 7.65243 7.61942 6.84044 7.5066 6.14736 6.1222 6.00573 6.92302 5.92108 6.58192 5.91877 6.34201 6.6418 7.55703 5.84027 5.7484 6.08037 5.73362 7.81456 7.87819 12.3779 10.8571 6.81044 6.39409 5.80058 5.68989 6.96384 6.62114 7.40617 6.16501 7.61867 5.97357 5.93015 5.67496 5.66152 5.6287 6.95518 9.08394 7.33026
threshold=-0.025170026347041127 0.23911408334970477 -0.58741253614425648 0.54333114624023449 0.72543650865554821 0.24459843337535861 -1.0354461073875425 0.41327223181724554 -0.077876452356576906 2.5000000000000004 0.59749394655227672 0.2582035511732102 1.2230356931686404 -1.0000000180025095e-35 1.4070138931274416 1.4835093617439272 -0.62181267142295826 -1.0412654876708982 1.0480196475982668 -0.76712700724601735 0.75508347153663646 0.19507638365030291 -0.021890838630497452 0.44344043731689459 0.3057944923639298 0.57219555974006664 0.18367972224950793 7.5000000000000009 -0.99842306971549977 0.67441216111183178 1.5400419831275942 1.2010232806205752 0.15750233083963397 2.4956405162811284 -1.8591957092285154 0.66088703274726879 0.94081631302833568 1.2597366571426394 0.7952142357826234 -0.72282785177230824 15.500000000000002 1.3273013234138491 1.8419355750083926 0.12986619025468829 0.55190867185592662 1.6905227899551394 -0.59018647670745839 1.1141515970230105 0.5790919065475465 0.61493706703186046 0.33667333424091345 -1.1684371829032896 0.068319011479616179 -1.0000000180025095e-35 0.6085207760334016 0.72386312484741222 0.14861109852790835 1.0000000180025095e-35 -0.14900672435760495 -0.34270763397216791 -0.21276343613862989 0.66088703274726879
decision_type=2 2 2 2 2 2 2 2 2 2 2 2 2 2 2 2 2 2 2 2 2 2 2 2 2 2 2 2 2 2 2 2 2 2 2 2 2 2 2 2 2 2 2 2 2 2 2 2 2 2 2 2 2 2 2 2 2 2 2 2 2 2
left_child=1 7 3 15 5 6 -3 8 17 -10 11 12 13 -6 -15 -2 38 -1 19 57 -8 22 -7 29 -23 26 -20 37 -19 30 -24 32 -13 34 -18 40 48 -11 39 -4 -36 45 43 -43 -44 -42 -47 -45 52 50 -50 -52 55 -54 -55 -37 -57 -9 -5 -60 -61 -62
right_child=2 4 16 58 10 21 20 18 9 27 -12 31 -14 14 -16 -17 33 28 25 -21 -22 24 23 -25 -26 -27 -28 -29 -30 -31 -32 -33 -34 -35 35 36 -38 -39 -40 -41 41 42 44 47 -46 46 -48 -49 49 -51 51 -53 53 54 -56 56 -58 -59 59 60 61 -63
leaf_value=-0.0099597746619209757 -0.01272949880325442 -0.016174113945925099 0.014988858642943822 -0.01111400289451833 -0.0032009328868013573 -0.0020769596602948342 -0.0054974375306081286 0.024839315883553665 -0.010671309185332574 -0.0015863819503251237 -0.0076406222646384376 0.0081934920058177353 -0.000601815764905301 0.024985544519958578 -0.003039515069628513 0.016351668911925056 0.0064786526332161242 0.0096485096127981122 0.017252141007403278 -0.0010134430344113648 0.0050970658903038606 -0.010482237398218269 0.051229839049149482 0.0071265768824316372 0.012828567686030374 0.019871794363229618 -0.0091553656568505622 0.028426018545851472 0.023952234476395474 -0.0008236674213557214 -0.0037025153518741136 0.013644506856276108 -0.016382116630558288 0.010495766562582895 0.0028105007888430539 -0.0055756106719730665 -0.012785693729807047 0.024810809002421531 0.0038404292806470319 -0.0094683500684776701 -0.0039044736043446233 0.0223830161314253 0.024081713446887826 -0.0057717226620415899 -0.003308862815963166 0.028734716100249899 0.0013969595653953613 0.010702391754188715 -0.017363695670214348 0.0064022114300593359 0.019174313195273626 -0.010136190574621503 -0.011814054281978244 0.0015678848178654922 0.025722829291738372 0.023356809395510294 -0.0092930178736158661 -0.0089288587936840313 -0.005768023375702043 0.023093179382556086 -0.0035691686078987723 0.015162465178399512
leaf_weight=6.2914966149255624 129.7350440765731 49.636431260034442 5.3754068091511717 34.610852257348597 22.698569756001234 15.399959377944468 264.37714651273564 13.171478575095536 25.904003927484155 35.738280341029167 35.200111009180546 10.691000817343591 54.465026196092367 66.846543207764626 10.613574262708424 4.4646548181772223 147.40659300517291 63.051923530176282 10.601174727082254 211.67872004956007 68.473416138440371 25.412342229858041 9.0665660537779313 18.648198802024126 16.589724153280258 34.918027378618717 20.600605789572001 7.5458142030984154 63.370370636694133 2.9889022652059785 1.6693289279937733 8.8963940218090993 26.023515785112977 51.298297870904207 714.68806008994579 70.943811684846878 63.340594136156142 4.3932870887219897 44.76036623865366 138.8474573707208 472.03918419312686 14.925391862168906 29.301129132509232 106.31848213449121 19.250160910189152 5.8631497016176573 28.382585514336824 18.489821657538414 46.320623584091663 23.293460380285978 7.9095607995986965 14.546112259849904 6.7888730242848387 15.572148447856305 20.304085185751319 9.0555439516901952 3.9569406397640696 3.0891722310334435 68.256356608122587 17.708454539999366 64.120917517691851 20.895027643069625
leaf_count=204 6141 2251 130 870 361 466 6972 180 623 967 372 116 427 784 94 127 1144 1121 69 1899 1753 363 222 459 251 194 139 182 1233 65 36 59 225 312 8389 930 761 45 601 3499 8480 141 163 701 100 81 410 99 576 204 70 183 98 192 212 83 32 48 1248 685 886 203
internal_value=0.000615403 0.00269915 -0.000428745 -0.00508362 -0.000126817 -0.00254868 -0.00513587 0.00665789 0.0112498 0.00248494 0.00468322 0.00698304 0.010169 0.0157762 0.0211941 -0.0112094 0.000342426 0.0158427 0.00330223 0.000684936 -0.00327478 0.00816345 0.0154533 0.0229547 -0.000889836 0.0116425 0.000960471 0.00996739 0.0174569 0.0368151 0.0442259 -0.00375526 -0.00910155 0.000912398 0.00061729 8.88444e-05 -0.00407221 0.00373195 -0.00523438 -0.00808511 0.000933039 -0.00100508 0.00414247 0.000379236 0.0139266 -0.00294122 0.00914198 -0.00301292 -0.0013191 -0.00680507 -0.0114089 0.00179959 0.00277687 0.0114103 0.0167126 -0.00200523 0.0136048 0.0178329 -0.000913811 0.00140808 0.00622272 0.00162114
internal_weight=3626.82 1208.05 2418.77 339.791 707.697 472.262 382.487 500.354 206.295 73.5814 235.435 200.235 154.624 100.159 77.4601 134.2 2078.98 132.714 294.059 227.939 332.851 89.775 47.773 32.373 42.0021 66.1198 31.2018 47.6774 126.422 13.7248 10.7359 45.6109 36.7145 1889.99 1838.7 1691.29 282.032 40.1316 188.983 144.223 1409.26 694.57 188.285 139.734 48.5513 506.285 34.2457 124.808 218.691 92.0698 68.7763 22.4557 126.621 42.6651 35.8762 83.9563 13.0125 16.2607 205.592 170.981 102.724 85.0159
internal_count=59931 22180 37751 10160 15276 12838 10976 6904 4375 1817 2438 2066 1666 1239 878 6268 27591 2558 2529 2127 8725 1862 1248 782 614 402 208 1194 2354 323 258 400 341 23361 23049 21905 3341 1012 4230 3629 18564 10175 1204 941 263 8971 491 800 2580 1033 829 253 1547 502 404 1045 115 228 3892 3022 1774 1089
is_linear=0
shrinkage=0.03


Tree=123
num_leaves=63
num_cat=0
split_feature=11 21 32 34 15 8 11 21 25 12 15 4 10 22 32 23 13 12 15 7 1 29 33 4 22 7 4 23 11 20 12 7 7 12 13 12 21 9 20 7 25 10 13 25 9 9 11 4 21 1 25 20 24 5 2 34 23 29 4 5 7 12
split_gain=10.0712 11.2344 7.01561 8.29926 7.88313 7.81348 7.27213 6.15707 6.03606 6.74353 5.60264 5.04875 8.39827 6.84499 5.29957 5.87748 6.3002 9.8274 6.11079 5.85872 5.62305 6.54558 8.59628 6.58256 6.15531 5.03287 9.19383 7.46843 7.42644 8.82981 7.59538 7.47457 6.66425 8.4763 7.39683 6.80439 6.3625 7.24918 9.97324 5.54452 5.93261 5.45744 5.44316 5.34446 5.50176 5.50026 5.33124 5.49931 5.31939 5.31715 6.26719 5.09752 5.15347 5.06486 5.02927 5.01019 5.00555 4.99002 4.95603 5.35019 6.70207 4.95473
threshold=-1.0492325425148008 0.40454058349132543 15.500000000000002 3.5000000000000004 1.1367890834808352 -0.56865093111991871 -1.3079199790954588 1.7577928900718691 3.1635932922363286 0.96430805325508129 1.4694843888282778 2.4956405162811284 0.85535001754760753 0.010055993217974903 9.5000000000000018 -0.19759795069694516 0.20425720512866977 0.20916330814361575 -1.2713531255722044 -0.61790248751640309 1.0860191583633425 0.074175827205181136 1.0000000180025095e-35 -0.47678935527801508 -0.3209592849016189 -0.55664002895355214 -0.013657241128385065 0.8891386389732362 0.63317885994911205 -1.1593247056007383 3.4766189387366945e-16 -1.3124920129775999 -0.49957396090030665 0.3561625480651856 0.77618724107742321 -1.1831317543983457 0.26795932650566107 -0.1684572100639343 -0.85677713155746449 -0.63015946745872486 0.037765258923172958 -0.10876778885722159 -0.097365859895944581 -0.51871934533119191 1.3728389739990237 -0.22546086460351941 0.036560259759426124 1.3776036500930788 -1.7234339118003843 1.0000000180025095e-35 -0.28460356593132013 0.61775311827659618 0.89307221770286571 0.52078905701637279 1.0000000180025095e-35 2.5000000000000004 1.3059044480323794 0.77350428700447094 -1.0186025500297544 -0.10845717415213584 -0.49957396090030665 0.77505582571029674
decision_type=2 2 2 2 2 2 2 2 2 2 2 2 2 2 2 2 2 2 2 2 2 2 2 2 2 2 2 2 2 2 2 2 2 2 2 2 2 2 2 2 2 2 2 2 2 2 2 2 2 2 2 2 2 2 2 2 2 2 2 2 2 2
left_child=1 -1 3 7 -4 -5 -7 57 11 -10 -6 14 -13 -14 15 16 17 -2 -19 -18 25 23 58 -22 -25 26 -16 28 30 48 -28 -31 33 34 35 -27 37 38 -32 40 -40 55 -43 44 45 53 -29 -48 -30 50 -37 52 -44 -34 -50 -33 -26 -3 -23 60 -60 -17
right_child=8 2 4 5 10 6 -8 -9 9 -11 -12 12 13 -15 20 61 19 18 -20 -21 21 22 -24 24 56 32 27 46 29 31 36 41 43 -35 -36 49 -38 -39 39 -41 -42 42 51 -45 -46 -47 47 -49 54 -51 -52 -53 -54 -55 -56 -57 -58 -59 59 -61 -62 -63
leaf_value=-0.013326167760061396 0.0020608496297927596 0.0075555705637467127 -0.0100151065629048 -0.0039249547761775801 0.026244886056786272 0.03244000496304459 -0.00050801827258859455 -0.01727596477500494 -0.015586529458548505 0.012879381872348329 -0.0084300143762760568 0.0024528076131859304 0.034288316943283145 -0.0045368864909002722 -0.011481849254712741 0.0054291576288914732 0.01880006336348811 -0.0057581017459904186 0.04687511983395419 -0.010783073408856628 -0.0091644861046959996 0.01692360460542738 0.012028010579027202 -0.0069025581574307998 0.035600765301585444 -0.0035530010471044515 -0.01132738647151405 0.0096615045731093599 -0.0019191872132719801 -0.010639678718671988 -0.0056780818874305021 -0.014011426455959418 -0.0067554137626702126 -0.00013608654723133723 -0.0092625848497055498 0.00026217300975632025 -0.010716836296367049 -1.3584112970897933e-05 0.044955528389539957 -0.0065633423360690179 -0.0059357561824233277 -0.0018946912852219765 0.031671685250798429 -0.00015147024601940809 -0.014379117940992069 0.01100591284446838 -0.0099483782223215422 0.0096037198302719035 0.027265681457160271 -0.00094599017339360564 0.050319727429973676 -0.0055451222735692311 0.0015262700596214826 0.015389205002445486 -0.0068937449705592426 0.0059687440337995177 0.0011872286035144693 -0.010088106597904782 0.013186558142199765 0.0010700571135417584 -0.015639627741888387 -0.0042535848273779087
leaf_weight=93.589963078033179 10.998759141191842 44.380028414539993 81.889438295736909 12.237241935916243 5.6952103115618211 16.311831759288907 8.1950798062607664 13.078362139873205 32.28250421397388 5.3473691940307608 3.7850795537233353 59.161798056215048 10.870646860450504 4.0749510489404193 84.956193967722356 164.51410674955696 4.5746331149712196 1.1504533607512701 8.3036376591771823 11.253292275592683 4.2788210185244706 7.8096442557871333 58.190593083389103 3.3140901764854851 14.247181863524018 3.7697073332965418 53.220710949972272 12.82379808090627 8.3928549252450448 26.499660688452423 6.9922765027731684 13.189236287027596 34.794863698072731 30.58611418120563 3.0836150748655191 2.729924542829397 18.649752750061452 41.734445611946285 9.1672970503568632 1.2988558057695598 1.1619072565808899 13.856576286256312 17.047141690738506 1986.2701941444539 6.8876395029947153 95.813109080307186 122.40683072432876 10.449421271681784 25.845183681696657 2.7352564586326489 9.413684579543764 4.2204633913934222 7.3261429369449607 7.1758146779611698 2.4175962507724753 25.041880456730723 5.1822448447346678 15.575027347542344 4.8460485795512787 108.46375437639654 35.779712562449276 61.876658736728132
leaf_count=5381 292 997 2440 320 56 351 161 175 404 51 34 380 68 29 3129 1379 111 61 176 204 63 120 488 37 104 99 1891 209 232 636 290 227 631 472 53 62 354 1288 281 36 35 239 296 28722 122 1558 1422 85 538 39 160 58 80 90 33 379 26 312 70 818 369 479
internal_value=0.000237982 -0.00502837 -0.000937987 0.00409668 -0.00688568 0.0147804 0.0232031 -0.00188112 0.000714305 -0.0105052 0.0142702 0.000859307 0.00834792 0.0252189 0.000672823 0.00471385 0.0151622 0.0244046 0.040694 0.000227736 0.000303397 0.00463429 0.00268214 0.0173279 0.0230654 -9.42845e-05 -0.00277263 -0.000904265 0.0019961 0.00660934 -0.00308023 0.00195698 0.000532231 0.0106271 0.0229674 0.0291283 0.00281893 0.00750141 0.0207824 0.0336167 0.039162 0.00647377 0.0132818 0.000260088 0.00572689 0.0072003 -0.00628427 -0.00811802 0.0183451 0.0362195 0.0424251 0.0198238 0.0244128 -0.00173416 0.0237467 -0.00174746 0.0285436 0.0025484 -0.00104847 -0.00250849 -0.0111328 0.00274796
internal_weight=3601.22 294.737 201.147 109.778 91.3697 36.7442 24.5069 73.0334 3306.48 37.6299 9.48029 3268.85 74.1074 14.9456 3194.74 262.672 36.2808 20.4529 9.45409 15.8279 2932.07 242.112 215.09 27.0223 22.7435 2689.96 506.698 421.742 276.062 143.837 132.225 107.181 2183.26 52.3183 21.7322 18.6486 79.0045 60.3548 18.6203 11.6281 10.3292 80.6814 42.4503 2130.94 144.671 137.784 145.68 132.856 36.6556 14.8789 12.1436 28.5937 24.3733 41.9707 28.2628 38.2311 19.4294 59.9551 156.899 149.09 40.6258 226.391
internal_count=59702 10227 4846 2316 2530 832 512 1484 49475 455 90 49020 477 97 48543 2702 844 529 237 315 45841 2095 1865 230 167 43746 11738 8609 6893 2718 4175 1915 32008 885 413 360 2284 1930 642 352 316 1279 673 31123 2401 2279 1716 1507 803 261 222 434 376 721 571 606 130 1309 1377 1257 439 1858
is_linear=0
shrinkage=0.03


Tree=124
num_leaves=63
num_cat=0
split_feature=15 17 23 11 23 14 32 21 6 4 18 3 10 9 8 7 7 35 1 14 17 21 10 20 26 3 29 11 20 9 34 27 10 19 15 3 26 23 2 11 26 7 5 21 10 8 1 12 29 10 17 4 29 8 3 3 11 11 9 9 11 2
split_gain=13.8095 9.41678 6.64989 6.57844 10.345 6.20857 9.653 8.09668 9.82427 11.332 7.9066 7.71986 7.69483 9.30446 7.38481 7.34129 11.3771 6.91153 6.30837 6.30413 6.40288 10.5508 7.88559 7.68618 6.32294 7.3103 6.28605 5.85365 7.95285 9.66542 8.63924 5.81645 5.47261 5.4238 6.06363 5.89425 5.38739 5.36709 5.3241 5.14184 5.74693 5.14145 5.10291 4.91938 4.87725 5.83386 5.91006 4.86171 4.83728 4.78286 4.75546 6.00391 4.89303 5.29146 4.85921 4.7713 4.7441 4.58461 7.26108 4.49239 4.48731 4.96962
threshold=-1.0622653365135191 -0.49992771446704859 -1.4597578048706052 0.17783386260271075 0.57205942273139965 -0.91759115457534779 14.500000000000002 -0.84830385446548451 1.4368966221809389 0.23875342309474948 -0.2830126136541366 1.1403037309646609 -0.11755844205617903 0.6535150706768037 -0.54912319779396046 0.61493706703186046 0.33826826512813574 1.0000000180025095e-35 -0.093031797558069215 -0.98038837313652027 -0.33374078571796412 0.031016836874186996 -0.91108465194702137 -0.27228479087352747 -1.0000000180025095e-35 0.22567437589168551 0.86190477013587963 -1.3079199790954588 1.5622845292091372 1.0525641441345217 3.5000000000000004 3.5000000000000004 0.47461172938346868 -1.0865150690078733 0.50769728422164928 -0.40996974706649775 0.54002156853675853 -0.82136693596839894 -0.13327855616807935 1.3713554143905642 0.69936400651931774 -0.087962977588176713 -0.60328003764152516 1.0244275927543642 -1.5068955421447752 0.52249017357826244 0.6825527846813203 -0.34279575943946833 0.5313725769519807 -2.1284071207046504 0.29890263080596929 -0.69432437419891346 0.74166667461395275 -0.83072337508201588 0.73322540521621715 -1.0590053796768186 -1.5071221590042112 0.43058872222900396 -0.99846389889717091 1.9660120010375979 -0.1658813804388046 0.97366338968276989
decision_type=2 2 2 2 2 2 2 2 2 2 2 2 2 2 2 2 2 2 2 2 2 2 2 2 2 2 2 2 2 2 2 2 2 2 2 2 2 2 2 2 2 2 2 2 2 2 2 2 2 2 2 2 2 2 2 2 2 2 2 2 2 2
left_child=1 47 -3 -4 41 6 38 8 9 11 -11 59 13 31 -13 16 18 -10 -8 20 21 -20 -22 37 -21 -26 39 28 29 -9 -30 -12 -32 34 35 -29 -28 -24 43 40 -25 42 -5 -2 -17 -46 -47 -1 -41 -35 51 -40 53 -53 -52 -54 -31 -57 -59 -7 -56 -62
right_child=5 2 3 4 -6 7 15 27 17 10 12 14 -14 -15 -16 44 -18 -19 19 24 22 -23 23 26 25 -27 36 33 30 56 32 -33 -34 49 -36 -37 -38 -39 50 48 -42 -43 -44 -45 45 46 -48 -49 -50 -51 54 52 55 -55 60 57 -58 58 -60 -61 61 -63
leaf_value=-0.0032183626776988105 -0.011448626174250475 -0.014521728645433522 -0.0045059154558343383 -0.0056936547422202551 -0.0095973294383535652 -0.012577706349793613 -0.014075440907548963 -0.012737934910222551 0.029116113600961741 -0.008841093273388681 -3.1715634878869668e-05 0.020490370887108336 -0.00079198350884371468 -0.004359607004873322 -0.0068382891043117624 0.025601852179898143 -0.016433401752690618 -0.0043982497732090384 0.03128256395151352 -0.0059119210292776884 0.011732156707267251 -0.0059768698942231349 0.012241972775501367 -0.010931575018157828 -0.0021521749631473724 0.037685741614463662 0.022887531303957213 -0.0012728125925237325 -0.0059928132729547088 -0.0038792260306088396 0.038505612649607543 0.04819480448664186 -0.0053180434613239579 -0.011125197902563043 -0.0066681123461900717 0.03242965871332841 -0.0071478783828012923 -0.015366923118204555 -0.012579797314255728 0.021714666288187461 0.008220038126914346 0.0009836695264205809 0.041607206648896597 0.011040309007886679 -0.0025673769247411067 0.014593674981482126 -0.01354115185600396 -0.021023455120297223 -0.0074430936312096137 0.00088049989965505561 -0.00075878056443263553 -0.0033850730511082684 -0.015727483624211641 0.019245620107485102 -0.0057656266695070976 -0.0031822973969600527 0.02598962892641345 -0.009906445885246893 0.025439516033275954 0.01655638937186138 0.016548236493401664 -0.0038931231575404989
leaf_weight=21.352488690055907 21.58381583169103 17.573444481939077 29.370262964628637 1.122421661391855 7.5003831684589377 169.12380618136376 20.704979376867414 86.54393944516778 7.6680784747004491 16.626137067563832 2.7647869791835564 9.7463224083185214 16.009694064967334 5.0215146206319323 18.16196751780808 6.0618380140513173 39.851871129125357 7.8155976589769125 9.2470667213201541 6.2892362903803614 26.716086736880243 10.589043272659181 3.3888827050104728 53.642829772084951 5.3852437343448383 7.73230891674757 12.478866644203665 6.2613533446565315 11.165771801024677 7.0751279387623072 4.7579939588904372 6.9531959621235728 2.0043631363660097 25.268222272396088 6.7468000892549744 9.9488520510494709 4.9668080713599911 54.099536045454443 4.6336949132382861 8.0018233023583871 14.531760846264659 5.4148902427405128 8.6692670369520766 8.437656566500662 53.535857024602592 44.040959271602333 3.7921612076461306 48.591122913639992 5.1957204565405837 2342.5476105008274 80.391572801396251 8.8412778433412296 4.5228752130642524 85.406479757279158 11.211366068571804 16.23681409843266 4.9549217661842686 4.1786369122564819 13.752212544903157 0.76986873522400756 49.966013938188553 11.219135694205759
leaf_count=1378 365 1203 1585 50 169 5941 490 2639 96 282 53 139 282 87 252 71 449 102 222 113 341 154 110 1137 151 62 249 251 219 206 83 115 35 446 84 190 50 628 109 56 160 171 293 79 539 469 25 3269 40 31554 617 127 78 947 73 210 118 43 108 20 258 56
internal_value=0.000301929 -0.00878321 -0.000783909 0.00471793 0.0153086 0.000678597 0.00316939 3.45543e-05 -0.00494613 -0.00650128 0.006192 -0.00961914 0.0144201 0.0269584 0.00436879 -1.1945e-05 -0.00255114 0.015255 1.12745e-05 0.00160431 -0.00012571 0.0141935 -0.00201381 -0.00465412 0.0160093 0.0252504 0.000527293 0.000561169 -0.00586482 -0.00921272 0.0105377 0.0391246 0.0287772 0.000885893 0.014026 0.0221805 0.014649 -0.0128901 0.00698517 -0.00317306 -0.00656658 0.0269282 0.0360933 -0.00445419 0.0064889 0.00419623 0.0112928 -0.0161653 0.0113445 0.000729208 0.00822331 0.0122089 0.0134976 0.0170591 0.00436145 0.00386278 0.0124417 0.00813267 0.0168384 -0.0119761 0.00972885 0.0127891
internal_weight=3618.16 139.594 69.6507 52.0772 22.707 3478.57 710.634 2767.94 260.661 245.177 47.3753 197.802 30.7492 14.7395 27.9083 390.253 282.822 15.4837 242.97 222.265 202.858 19.8361 183.022 156.306 19.4068 13.1176 98.8178 2507.27 116.502 98.574 17.9281 9.71798 6.76236 2390.77 22.957 16.2102 17.4457 57.4884 320.382 81.3721 68.1746 15.2066 9.79169 30.0215 107.431 101.369 47.8331 69.9436 13.1975 2367.82 290.36 137.572 132.938 94.2478 152.788 38.6905 12.03 34.1677 17.9308 169.894 72.3965 61.1851
internal_count=59898 8118 3471 2268 683 51780 8586 43194 7369 7171 819 6352 537 255 391 5516 4412 198 3963 3473 3147 376 2771 2430 326 213 1692 35825 3300 2963 337 168 118 32525 525 441 299 738 3070 1393 1297 514 343 444 1104 1033 494 4647 96 32000 2626 1622 1513 1074 1004 439 324 361 151 5961 387 314
is_linear=0
shrinkage=0.03


Tree=125
num_leaves=63
num_cat=0
split_feature=15 11 14 11 12 5 7 4 3 29 22 20 25 11 23 24 24 9 2 9 14 2 6 25 7 10 17 20 10 30 6 15 29 18 30 23 10 4 14 10 14 3 14 0 30 20 0 12 26 15 22 33 17 25 14 23 24 3 6 7 3 15
split_gain=10.4697 8.71349 7.4196 6.72022 6.38361 6.29637 6.03408 10.106 5.46622 5.22378 4.76921 4.76675 4.57868 9.04994 8.89213 12.3845 8.33992 8.45885 7.63792 7.36482 7.9604 6.97543 6.79802 8.37483 7.73721 7.41019 6.75074 6.59869 6.61693 6.1204 7.5792 6.23069 8.30449 6.20845 6.11335 9.418 6.96953 8.04777 6.79861 5.87126 5.8602 8.82034 7.47006 7.4222 5.79306 5.78942 7.48195 7.09287 6.73678 8.24706 6.24436 5.75283 5.64467 5.57676 5.57047 6.79788 5.563 5.50542 6.15719 5.41879 5.2857 5.22068
threshold=-0.70932689309120167 0.82725638151168834 0.35321031510829931 -1.7223862409591673 0.57717359066009533 -0.5306764245033263 -1.551740229129791 1.0255577564239504 1.4207482337951662 0.56696429848670971 0.50091245770454418 0.38096958398818975 -1.0000000180025095e-35 1.3891112804412844 0.67064848542213451 0.89307221770286571 1.201741695404053 1.3031242489814761 -1.0000000180025095e-35 0.27842929959297186 0.25846868753433233 -1.1602971553802488 0.35825350880622869 -0.11852892860770224 1.3235239386558535 -0.73838320374488819 0.29890263080596929 1.4197192788124087 1.618324398994446 -4.4642856121063224 1.401394307613373 0.61679020524024974 0.25833334028720861 0.76526281237602245 -1.2916666865348814 0.78844082355499279 0.16890142858028415 0.77264773845672619 -0.043234279379248612 0.36677497625350958 -1.0000000180025095e-35 0.18914813548326495 -1.4765514731407163 -0.22050561010837552 -1.0000000180025095e-35 -0.18348116427659986 0.14842694252729419 -0.37465462088584894 -1.260078430175781 0.33014042675495153 -0.6660916507244109 1.5000000000000002 1.2315276861190798 -0.48042084276676172 1.6905227899551394 0.8266209363937379 0.064364314079284682 1.1403037309646609 1.0693199038505556 0.26012976467609411 -0.1959760785102844 -0.52348729968070973
decision_type=2 2 2 2 2 2 2 2 2 2 2 2 2 2 2 2 2 2 2 2 2 2 2 2 2 2 2 2 2 2 2 2 2 2 2 2 2 2 2 2 2 2 2 2 2 2 2 2 2 2 2 2 2 2 2 2 2 2 2 2 2 2
left_child=1 5 4 -2 9 -1 7 8 -5 -3 -4 -6 13 14 15 40 17 27 19 20 60 -14 23 53 25 26 -24 28 51 30 33 -32 52 54 35 57 38 -38 -37 -35 41 42 -8 -44 -36 46 48 -47 49 -42 -50 -17 -33 -20 -23 -56 -48 58 -31 -28 -16 -45
right_child=3 2 10 6 11 -7 12 -9 -10 -11 -12 -13 21 -15 18 16 -18 -19 22 -21 -22 29 24 -25 -26 -27 59 -29 -30 34 31 32 -34 39 44 36 37 -39 -40 -41 45 -43 43 61 -46 47 56 -49 50 -51 -52 -53 -54 -55 55 -57 -58 -59 -60 -61 -62 -63
leaf_value=-0.019365966056103037 -0.010168578872704934 -0.0098394442549992189 -0.013243824421348917 -0.011924850328089581 0.035833417344963238 -0.0053550281575467044 0.0015711085181064099 0.019228310441646797 0.011791592403062255 0.015749779442852045 0.017210801383740322 -0.0064728169083902417 -0.013200562493430573 0.01124889768131886 -0.0011982089034971212 0.037227249759812363 -0.0050238066852125529 -0.0096963254340740913 -0.00071277553222913069 -0.0047277702088206882 -0.0044240800829403529 -0.010163519949923804 0.021516312017370667 0.016049181004715529 0.014380107882902247 -0.0046291466475598753 0.0090257749067072599 -0.0042984128205578818 -0.0068922504726396938 -0.0028013096711741927 0.023349865921604849 0.029675865111869891 -0.011593382265918408 -0.0059811637661161855 -0.015613483755419121 -0.0048104564897507741 -0.014065719905280823 0.014386710505935953 0.017663650788406718 0.025227169668603749 0.024169184027833381 0.0012074491856840879 -0.0048276413723491044 -0.0072721253941656541 0.0011114802590955917 -0.004644009971149483 0.025285082832225865 0.0059016975024220319 0.00097418863347950265 -0.014734868165026206 -0.017982348148057985 -0.0012221077020993342 -0.0076127933703779094 -0.015946599801656459 -0.012320284243275062 0.022503295106439107 -0.0047016960784961905 0.033181422099180471 0.028804876032075738 -0.014511057168694427 0.040451096924540526 0.032105312565742825
leaf_weight=32.246918498538435 42.394327396526933 10.538665664382284 16.9082360919565 75.905880823731422 7.9713427796959859 163.19722742121667 20.37432820443064 7.7611459195613852 5.8028687294572583 8.4812491061165911 1.3101267218589772 1.2765005212277172 27.280243934132159 104.10019538551569 3.0616579242050674 30.019573416560888 10.256538847461341 4.0528493896126738 31.574273051694036 12.970375703647731 5.9740736791864029 141.89571948628873 15.841679956763981 6.7496793065220109 24.836726251989603 174.50940696895123 15.653084602206947 4.3121285755187264 2.3323699887841931 15.862899200059479 9.6968378946185094 5.2144474871456641 18.16145334392786 8.03413546271622 13.846586078405378 16.407712329179049 28.71793326176703 7.6909295767545691 27.824931694194674 5.5911009395495048 6.9676571907475573 72.842671763151884 5.2981938188895574 1.525031186640265 1827.8966707708314 73.907858591526747 6.6629491783678523 211.57168721221387 21.631355685181916 4.0231277104467154 47.156136364676058 3.5452233385294667 3.0913089625537395 67.167159490287304 4.6321185640990716 6.7633094899356365 8.1545057790353876 12.561164595186709 2.9565021358430377 10.376622784882782 8.983677642419936 28.521116396412253
leaf_count=2213 1308 298 565 2422 210 8658 353 101 65 242 40 30 690 1049 55 287 94 37 430 176 102 2295 160 89 181 1462 118 37 27 251 102 37 132 206 144 111 233 47 227 130 208 727 138 53 23574 1642 156 3844 556 60 1212 36 21 1005 104 61 124 113 34 73 88 547
internal_value=0.000618491 -0.00534545 0.005867 0.0010551 0.0145371 -0.00809215 0.00121356 -0.00626689 -0.0096577 0.0024744 -0.00781909 0.0297716 0.00143019 0.00305866 0.00209779 0.00447102 0.0174441 0.0226319 -0.00145294 0.011739 0.0220442 0.000645875 -0.0027822 -0.00894477 3.97823e-05 -0.00189384 0.00878393 0.0266024 0.030386 0.000851134 -0.00404428 0.00768085 -0.000857861 -0.00673415 0.001369 0.00802061 0.00216181 -0.00704405 0.00968518 0.0101596 0.00292422 0.00833247 0.0167808 0.0242671 0.000943806 0.00101043 -0.00524723 0.00313857 -0.00891327 0.009774 -0.0123591 0.0335342 0.0181519 -0.0113445 -0.00850922 0.00890753 0.0117598 0.0207102 0.00716822 -0.00118341 0.0326186 0.0293543
internal_weight=3602.87 241.93 46.4861 3360.94 28.2678 195.444 3318.55 89.4699 81.7087 19.0199 18.2184 9.24784 3229.08 1044.95 940.854 563.155 54.5187 44.2621 377.698 30.9898 18.0194 2184.13 346.709 105.491 241.218 216.381 41.8714 40.2093 35.8972 2156.85 203.08 36.164 26.4672 166.916 1953.77 112.022 80.6415 36.4089 44.2326 13.6252 508.637 128.561 55.7187 35.3443 1841.74 380.075 94.5957 285.48 79.7783 10.9908 68.7875 33.5648 8.30576 98.7414 153.291 11.3954 14.8175 31.3806 18.8194 26.0297 12.0453 30.0461
internal_count=59790 12256 1385 47534 780 10871 46226 2588 2487 540 605 240 43638 15126 14077 10138 518 424 3939 421 245 28512 3518 1524 1994 1813 351 387 350 27822 3088 292 190 2796 24734 1016 618 280 338 336 9620 1818 1091 738 23718 7802 2316 5486 2036 268 1768 323 58 1435 2460 165 280 398 285 191 143 600
is_linear=0
shrinkage=0.03


end of trees

feature_importances:
Column_11=495
Column_14=484
Column_4=403
Column_3=387
Column_7=374
Column_15=374
Column_9=358
Column_21=344
Column_8=328
Column_25=314
Column_32=313
Column_6=294
Column_20=276
Column_26=267
Column_17=249
Column_23=240
Column_5=232
Column_10=227
Column_16=227
Column_12=222
Column_24=213
Column_22=204
Column_13=156
Column_29=144
Column_18=114
Column_1=110
Column_31=100
Column_2=96
Column_0=94
Column_30=39
Column_19=34
Column_34=33
Column_27=30
Column_33=20
Column_35=10
Column_28=7

parameters:
[boosting: gbdt]
[objective: binary]
[metric: binary_logloss]
[tree_learner: serial]
[device_type: cpu]
[data_sample_strategy: bagging]
[data: ]
[valid: ]
[num_iterations: 800]
[learning_rate: 0.03]
[num_leaves: 63]
[num_threads: 0]
[seed: 0]
[deterministic: 0]
[force_col_wise: 0]
[force_row_wise: 0]
[histogram_pool_size: -1]
[max_depth: -1]
[min_data_in_leaf: 20]
[min_sum_hessian_in_leaf: 0.001]
[bagging_fraction: 0.8]
[pos_bagging_fraction: 1]
[neg_bagging_fraction: 1]
[bagging_freq: 1]
[bagging_seed: 103]
[bagging_by_query: 0]
[feature_fraction: 0.8]
[feature_fraction_bynode: 1]
[feature_fraction_seed: 203]
[extra_trees: 0]
[extra_seed: 6]
[early_stopping_round: 0]
[early_stopping_min_delta: 0]
[first_metric_only: 0]
[max_delta_step: 0]
[lambda_l1: 0]
[lambda_l2: 5]
[linear_lambda: 0]
[min_gain_to_split: 0]
[drop_rate: 0.1]
[max_drop: 50]
[skip_drop: 0.5]
[xgboost_dart_mode: 0]
[uniform_drop: 0]
[drop_seed: 4]
[top_rate: 0.2]
[other_rate: 0.1]
[min_data_per_group: 100]
[max_cat_threshold: 32]
[cat_l2: 10]
[cat_smooth: 10]
[max_cat_to_onehot: 4]
[top_k: 20]
[monotone_constraints: ]
[monotone_constraints_method: basic]
[monotone_penalty: 0]
[feature_contri: ]
[forcedsplits_filename: ]
[refit_decay_rate: 0.9]
[cegb_tradeoff: 1]
[cegb_penalty_split: 0]
[cegb_penalty_feature_lazy: ]
[cegb_penalty_feature_coupled: ]
[path_smooth: 0]
[interaction_constraints: ]
[verbosity: -1]
[saved_feature_importance_type: 0]
[use_quantized_grad: 0]
[num_grad_quant_bins: 4]
[quant_train_renew_leaf: 0]
[stochastic_rounding: 1]
[linear_tree: 0]
[max_bin: 255]
[max_bin_by_feature: ]
[min_data_in_bin: 3]
[bin_construct_sample_cnt: 200000]
[data_random_seed: 303]
[is_enable_sparse: 1]
[enable_bundle: 1]
[use_missing: 1]
[zero_as_missing: 0]
[feature_pre_filter: 1]
[pre_partition: 0]
[two_round: 0]
[header: 0]
[label_column: ]
[weight_column: ]
[group_column: ]
[ignore_column: ]
[categorical_feature: ]
[forcedbins_filename: ]
[precise_float_parser: 0]
[parser_config_file: ]
[objective_seed: 5]
[num_class: 1]
[is_unbalance: 0]
[scale_pos_weight: 1]
[sigmoid: 1]
[boost_from_average: 1]
[reg_sqrt: 0]
[alpha: 0.9]
[fair_c: 1]
[poisson_max_delta_step: 0.7]
[tweedie_variance_power: 1.5]
[lambdarank_truncation_level: 30]
[lambdarank_norm: 1]
[label_gain: ]
[lambdarank_position_bias_regularization: 0]
[eval_at: ]
[multi_error_top_k: 1]
[auc_mu_weights: ]
[num_machines: 1]
[local_listen_port: 12400]
[time_out: 120]
[machine_list_filename: ]
[machines: ]
[gpu_platform_id: -1]
[gpu_device_id: -1]
[gpu_use_dp: 0]
[num_gpu: 1]

end of parameters

pandas_categorical:null
