tree
version=v4
num_class=1
num_tree_per_iteration=1
label_index=0
max_feature_idx=27
objective=lambdarank
feature_names=Column_0 Column_1 Column_2 Column_3 Column_4 Column_5 Column_6 Column_7 Column_8 Column_9 Column_10 Column_11 Column_12 Column_13 Column_14 Column_15 Column_16 Column_17 Column_18 Column_19 Column_20 Column_21 Column_22 Column_23 Column_24 Column_25 Column_26 Column_27
feature_infos=[-3.9905214309692383:3.2175517082214355] [-3.9109416007995605:2.9676697254180908] [-3.9079253673553467:3.2470386028289795] [-3.345733642578125:3.2393357753753662] [-3.4599771499633789:3.6952447891235352] [-3.4641015529632568:3.4048402309417725] [-3.7619295120239258:2.7836794853210449] [-4.035773754119873:4.0959377288818359] [-3.5972683429718018:3.3519802093505859] [-4.123105525970459:3.872983455657959] [-3.6996760368347168:3.5498850345611572] [-2.9398791790008545:3.0666441917419434] [-4.123105525970459:3.872983455657959] [-4.123105525970459:4.123105525970459] [-4.123105525970459:3.872983455657959] [-3.779984712600708:2.8088884353637695] [-4.1142840385437012:2.4390368461608887] [-3.3166248798370361:3.6055512428283691] [-1.8257418870925903:4.123105525970459] [-3.071666955947876:2.6456985473632812] [-3.7573122978210449:2.9662013053894043] [-3.542633056640625:3.3351151943206787] [-3.5828750133514404:2.9195456504821777] [-4.0098056793212891:2.7074906826019287] [-3.3968524932861328:2.9662940502166748] [-4.123105525970459:4.123105525970459] [-3.872983455657959:3.6055512428283691] [5:18]
tree_sizes=3503 3491 3487 3512 3477 3505 3488 3494 3498 3498 3484 3501 3510 3502 3493 3508 3499 3491 3486 3495 3509 3511 3503 3498 3505 3504 3507 3510 3507 3490 3494 3518 3494 3505 3498 3504 3512 3495 3509 3500 3514 3502 3498 3511 3515 3497 3511 3498 3506 3510 3509 3513 3508 3524 3503 3518 3500 3508 3508 3519 3503 3512 3506 3518 3518 3493 3500 3487 3513 3485 3493 3509 3530 3503 3508 3514 3513 3515 3505 3508 3508 3519 3515 3510 3493 3518 3512 3527 3511 3507 3511 3511 3511 3513 3526 3518 3524 3509 3533 3515 3521

Tree=0
num_leaves=31
num_cat=0
split_feature=15 3 3 15 24 15 5 15 3 24 24 7 6 5 14 3 3 3 5 23 14 15 1 5 3 17 16 5 5 11
split_gain=902.101 208.384 167.978 50.1111 43.4235 40.3642 35.9749 20.0601 19.3043 19.2997 15.93 15.2146 14.8518 13.7801 12.8084 11.5382 10.5197 10.3668 9.59906 8.30169 7.28948 7.03841 6.81691 6.56558 6.53484 6.3106 6.07084 5.88673 5.86039 5.81102
threshold=0.045959351584315307 -0.045169588178396218 0.6671678125858308 -0.48061653971672053 0.3847384005784989 0.78425070643424999 -0.39909645915031428 -0.35860098898410792 1.012526333332062 0.47808530926704412 0.52031508088111889 -0.51252371072769154 -0.34139987826347346 -0.38751579821109766 -1.2091784477233884 -0.47044216096401209 0.55384665727615368 0.14143419265747073 -0.077450398355722413 0.16500242054462436 -1.6114215850830076 1.1100774407386782 0.31889823079109197 0.45226377248764044 -0.23691431432962415 0.21336959302425387 0.51846766471862804 -0.054102662950754159 0.02941115386784077 0.78148701786994945
decision_type=2 2 2 2 2 2 2 2 2 2 2 2 2 2 2 2 2 2 2 2 2 2 2 2 2 2 2 2 2 2
left_child=1 6 4 8 14 12 -1 20 -3 16 15 22 -4 26 -2 -9 -5 -16 -11 -7 -8 -15 -6 -12 -22 -14 -13 -18 -19 -10
right_child=2 3 5 9 11 19 7 10 29 18 23 13 25 21 17 -17 27 28 -20 -21 24 -23 -24 -25 -26 -27 -28 -29 -30 -31
leaf_value=-0.028659588821562026 0.0078472015974212078 -0.01731846152900765 -0.0022940489452291522 -0.0070845719221240104 -0.0058447940855584279 0.0043266111797534545 -0.00068598969448492315 -0.018281955716519645 -0.0051453519271855534 0.0012561725078318608 -0.0087308851972570899 -0.0035181125722720283 0.0086197311223339193 0.0098245635509849431 -0.010361135510234496 -0.0048230127451220281 -0.0032574523408679069 -0.0059810570035705272 0.014813932001620858 0.023821142342960268 -0.0255010603763598 0.01931951600798917 0.0060846903124479879 0.0079846785656584526 -0.0085956136045534509 0.017051747594483992 0.0078434150250608313 0.0094171135705799075 0.0056734261986869164 0.012512768971876802
leaf_weight=228.0325371096842 25.656108656199649 79.292634817189537 24.462318289093673 60.723903987440281 36.600265468470752 11.479031989583744 5.9446300945710382 103.95627702446654 11.663695183349775 32.178658607183024 11.138098317664118 33.123880312079564 79.457893261918798 124.26429479697254 93.853578501148149 39.109503307146952 20.792392558185384 27.61600501742214 60.284941109828651 373.69720501475967 126.63919374463148 54.125959038967267 30.536247982410714 17.633646546630189 16.913696018513292 109.43899613455869 32.887929337099195 32.410104561364278 31.659055184340104 9.0364013141952437
leaf_count=5151 354 1684 406 1126 608 158 96 2038 222 517 191 517 1102 1508 1620 745 388 494 696 3300 2727 521 400 206 335 1167 415 449 423 91
internal_value=0.000272871 -0.0150447 0.0123249 -0.00177737 0.00358879 0.0193926 -0.0223611 -0.0175208 -0.0130478 0.00386244 -0.012242 0.00805077 0.011961 0.0103259 -0.00419385 -0.0148898 -0.00165941 -0.00639562 0.0104021 0.0233031 -0.0229959 0.0131536 -0.000373153 0.00117917 -0.0238656 0.0138186 0.00229605 0.00460938 0.000200766 0.0034978
internal_weight=1944.61 855.75 1088.86 306.383 490.323 598.535 549.368 321.335 99.9927 206.39 171.838 311.539 213.359 244.402 178.785 143.066 113.926 153.129 92.4636 385.176 149.498 178.39 67.1365 28.7717 143.553 188.897 66.0118 53.2025 59.2751 20.7001
internal_count=29655 16662 12993 5173 6860 6133 11489 6338 1997 3176 3180 3969 2675 2961 2891 2783 1963 2537 1213 3458 3158 2029 1008 397 3062 2269 932 837 917 313
is_linear=0
shrinkage=0.02


Tree=1
num_leaves=31
num_cat=0
split_feature=15 4 4 3 3 3 21 3 4 3 6 3 11 1 15 21 15 14 21 15 15 4 21 3 6 14 14 6 14 21
split_gain=1926.64 517.861 444.191 244.986 228.242 186.961 91.6184 87.7325 79.9055 55.6983 49.3932 48.5249 48.3365 43.7344 39.6538 39.4585 36.0011 35.7688 35.0807 33.4607 32.3966 31.439 29.3329 28.3127 26.9294 24.5567 24.3122 24.1426 34.2864 23.8531
threshold=1.0000000180025095e-35 0.11291028186678888 0.42488689720630651 0.42844749987125402 0.98413211107254039 1.1822354197502138 0.020263244397938255 -0.033948425203561776 1.1855123043060305 1.5298111438751223 0.39967900514602667 0.14143419265747073 -0.8909546136856078 1.1446853876113894 -1.0000000180025095e-35 0.11668751016259195 -0.67656511068344105 -0.24231784045696256 0.20624809712171557 1.0822007060050967 1.3286693692207339 2.2007699012756352 1.261285185813904 -0.48234651982784266 0.93016132712364208 -2.6344400644302364 -2.1668300628662105 1.2253286838531496 0.36979033052921301 0.82228827476501476
decision_type=2 2 2 2 2 2 2 2 2 2 2 2 2 2 2 2 2 2 2 2 2 2 2 2 2 2 2 2 2 2
left_child=2 4 3 10 6 8 26 21 12 15 23 -8 -3 22 -9 25 -5 -10 -18 -13 29 -4 -7 -1 -11 -6 -2 28 -17 -14
right_child=1 5 7 16 9 13 11 14 17 24 -12 19 20 -15 -16 27 18 -19 -20 -21 -22 -23 -24 -25 -26 -27 -28 -29 -30 -31
leaf_value=-0.02987993929486521 0.0028952322744310701 -0.011291523962514037 -0.011250602428245757 -0.018704255542886933 0.018202850123926969 0.01242505126002077 -0.010547191354220399 -0.00015658552190831468 0.016788288589645633 0.0035293222381514297 -0.015172894736729782 -0.0028494341922707285 0.00085967790422735531 0.02273704183553343 0.013695937442307064 0.0078472090679455528 -0.011143715089336717 0.0080985797040915471 0.0023351027901737458 0.0087200563909515631 0.012595027116940244 0.012891264145295775 0.02138911484968823 -0.022198848187373239 0.015275618104573847 -0.0097373567773542998 -0.016533869095472064 0.01254658200816409 -0.0070645399390479981 0.0086383309881355314
leaf_weight=636.57778718322515 26.251955460757017 72.847862061113119 240.00128976069391 75.75550202280283 9.315125957131384 625.85970858298242 222.47998218424618 179.71662418544292 386.20898222923279 113.67335046455264 190.0615840293467 317.26805248856544 517.4152007214725 464.03028870373964 147.87786773219705 141.0770340077579 132.52045149728656 402.71249865368009 173.02783752605319 140.01839785650373 182.25208347290754 19.524917917326093 208.52311667427421 413.61374212242663 272.72556751966476 126.16501052118838 358.69445607997477 116.12339415028691 101.91371430270374 222.63587296754122
leaf_count=6509 78 326 1761 553 10 1073 1158 843 813 261 1317 1133 1839 600 403 292 688 1074 685 286 350 84 280 3366 398 358 1930 185 293 578
internal_value=-1.5643e-06 0.00683741 -0.0155512 -0.0209338 -0.00124081 0.0119302 -0.007456 -0.000633947 0.00769368 0.00627017 -0.025234 -0.00299808 0.00389434 0.0176996 0.00620841 0.00178957 -0.00680099 0.0124315 -0.00359614 0.000749075 0.00514821 -0.009225 0.0147794 -0.0269743 0.0119092 -0.00723678 -0.0151887 0.00524749 0.00157668 0.00324206
internal_weight=7236.87 5028.19 2208.68 1621.56 1945.71 3082.49 1064.71 587.121 1784.07 880.993 1240.25 679.766 995.151 1298.41 327.594 494.594 381.304 788.921 305.548 457.286 922.303 259.526 834.383 1050.19 386.399 135.48 384.946 359.114 242.991 740.051
internal_count=29524 13315 16209 13118 6382 6933 4585 3091 4980 1797 11192 2577 3093 1953 1246 1138 1926 1887 1373 1419 2767 1845 1353 9875 659 368 2008 770 585 2417
is_linear=0
shrinkage=0.02


Tree=2
num_leaves=31
num_cat=0
split_feature=6 15 15 3 3 0 3 1 3 5 17 3 21 3 5 8 0 7 5 15 5 22 3 18 14 26 5 10 1 1
split_gain=1631.01 499.437 284.123 111.139 106.15 97.0625 75.7228 55.4854 51.5127 46.0449 45.4741 40.8511 39.1444 34.7398 31.361 29.7556 28.016 27.7375 27.059 26.62 40.5544 26.4829 26.0129 25.431 24.7038 27.7734 24.2861 26.4167 23.9769 22.826
threshold=0.51397523283958446 0.045959351584315307 0.94581279158592235 0.44294597208499914 0.082759179174900069 0.42032903432846075 1.2017881870269778 1.3225269317626955 0.15194967389106753 0.039686739444732673 -0.22951881587505338 1.1353627443313601 -0.19298362731933591 1.2172027230262759 -0.45587609708309168 0.037779074162244804 1.4424465298652651 -0.43063458800315851 0.24353619664907458 1.0822007060050967 0.039686739444732673 -0.011060884688049553 0.36240860819816595 -0.43680751323699946 0.2429747357964516 -1.18525093793869 -0.032827442511916154 0.35375536978244787 0.020717710256576542 0.69910565018653881
decision_type=2 2 2 2 2 2 2 2 2 2 2 2 2 2 2 2 2 2 2 2 2 2 2 2 2 2 2 2 2 2
left_child=1 3 5 9 -3 8 12 -8 26 -1 -7 24 22 16 17 -10 -5 -14 23 20 -16 -11 -4 -13 -6 -26 -2 -28 -12 -27
right_child=2 4 6 13 11 10 7 -9 15 21 28 18 14 -15 19 -17 -18 -19 -20 -21 -22 -23 -24 -25 25 29 27 -29 -30 -31
leaf_value=-0.025498025547143605 -0.015402503731089213 -0.011746547474109643 -0.0095000850614273252 -0.014131502469824348 0.0030967252545642822 -0.0016650572662668028 0.013663279244388734 0.023685604195898553 -0.0027623491950440164 -0.022942363569525739 -0.0043884671586816902 -0.01472827556611817 -0.018235171723240247 0.0023005920041884544 -0.01662336729155196 0.0064871864854204042 0.014378846306220956 0.0057731690772070479 0.012854005809758064 0.01455754753335111 0.0097502272600538172 -0.013255196320747214 0.0064984172212087703 0.0051261513100950944 0.0074709127550470246 -0.011195631212108186 -0.010768360054694722 0.0046190490442074702 0.009441707230834458 0.0045285896306054866
leaf_weight=712.62349353916943 129.25855234265327 318.80338786356151 62.422785406932235 220.41543156653643 234.23732506670058 212.83717205189168 715.70427701622248 344.35620079189539 321.18548811413348 207.55507852882147 50.599916156381369 27.368501670658588 17.961426988244057 84.392590772360563 24.733192943036556 237.83387544378638 10.762321546673773 115.33457568660378 164.23998256400228 560.44246266596019 106.0093503408134 320.44280443526804 97.390303291380405 122.65999291464686 49.896912779659033 196.93931637145579 93.880914300680161 77.372956000268459 815.02981010824442 42.293580403551459
leaf_count=7583 925 1973 277 1357 834 906 1069 395 1218 2054 180 100 66 341 92 701 33 324 348 1007 245 2695 256 312 178 997 535 338 2111 160
internal_value=-4.29106e-05 -0.0119912 0.00810065 -0.0193708 -0.00202005 0.0026031 0.0132931 0.0170149 -0.00240355 -0.0220679 0.00658605 0.00172957 0.00921911 -0.00858831 0.0109654 0.00119547 -0.0125279 0.00199576 0.00737024 0.0126684 0.00433247 -0.0172427 0.000150793 0.00114606 -0.00169519 -0.00556399 -0.00900853 -0.00388247 0.00861271 -0.00837997
internal_weight=6694.98 2712.63 3982.35 1556.19 1156.44 1938 2044.35 1060.06 859.532 1240.62 1078.47 837.636 984.294 315.57 824.481 559.019 231.178 133.296 314.268 691.185 130.743 527.998 159.813 150.028 523.367 289.13 300.512 171.254 865.63 239.233
internal_count=29610 18965 10645 14063 4902 6914 3731 1464 3717 12332 3197 2929 2267 1731 1734 1919 1390 390 760 1344 337 4749 533 412 2169 1335 1798 873 2291 1157
is_linear=0
shrinkage=0.02


Tree=3
num_leaves=31
num_cat=0
split_feature=23 24 17 0 23 17 11 21 11 21 24 6 0 25 11 0 5 5 14 5 5 1 21 25 2 13 14 16 1 16
split_gain=1327.05 243.543 178.13 118.334 106.873 78.6939 74.8239 60.1255 60.0324 48.9085 47.8983 40.6055 39.8683 38.9458 40.3282 36.884 35.4263 34.3543 32.4727 32.2736 26.9264 28.9463 25.6391 24.7143 23.3583 22.905 22.4626 21.979 21.8361 21.7129
threshold=0.24861048161983493 0.83131542801857006 0.15275914967060092 -0.24187847971916196 1.1176842451095583 0.70718213915824901 0.050302686169743545 0.77624437212944042 0.35376153886318212 0.64234766364097606 -0.14382530748844144 -0.7313140034675597 -0.019004900008440014 0.2592733651399613 -0.46092481911182398 1.2562676072120669 0.41691403090953832 0.82814058661460888 -1.1606945395469663 1.4851300120353701 -0.34722575545310969 -1.0000000180025095e-35 0.12507396936416629 0.64042353630065929 0.70756036043167125 0.11360832676291467 0.24233795702457431 0.3275244683027268 0.80410701036453258 0.73561865091323864
decision_type=2 2 2 2 2 2 2 2 2 2 2 2 2 2 2 2 2 2 2 2 2 2 2 2 2 2 2 2 2 2
left_child=2 5 3 17 9 7 10 8 22 15 -5 -4 29 14 -14 19 -8 -1 -15 23 -11 -22 -2 -3 25 -7 -9 -18 -12 -6
right_child=1 4 11 6 12 24 16 26 -10 20 28 -13 13 18 -16 -17 27 -19 -20 -21 21 -23 -24 -25 -26 -27 -28 -29 -30 -31
leaf_value=-0.027579426393765098 -0.019017324495479576 0.0020229146306001487 -0.013383295086195528 -0.023521763507980079 -0.016320135975227058 -0.0043054328783656819 -0.010709961008900487 0.0080634862705100448 -0.001572490883672297 0.0027424846246658792 -0.014272690251972583 0.0021366495520854525 0.00037021116656559688 0.014713973906244833 0.018273020155425441 0.012365147954357489 -0.005002989644289065 -0.013165291220728305 -1.3351389215571007e-05 0.010979024608181117 -0.0023409181429210066 0.012975821598649852 -0.0072584127106471502 -0.0064731728722147172 0.010945786595794475 0.006652148804956912 -0.0011589271733584224 0.01032688262150286 -0.00057265629562758573 0.0064461009863668421
leaf_weight=422.48107490967959 142.81237560324371 419.48251436464489 83.933199869468808 280.32881014421582 19.036175051704049 116.94635627046227 233.82383999228477 196.6746520306915 470.3244622386992 175.73921874910593 237.24117482826114 274.83989301603287 53.950626507401466 120.52622348070145 790.92324143275619 132.57096915319562 79.591085316613317 95.142144121229649 114.50782189145684 106.13933820649981 52.417730778455734 574.53149004653096 169.60130659490824 197.26342606544495 234.28441948629916 200.90070580691099 219.5611277166754 62.300398901104927 58.133139584213495 50.354800470173359
leaf_count=4947 1090 1380 656 2913 85 449 1798 657 2230 521 1990 1210 133 230 1279 287 549 838 354 259 144 1158 913 758 520 622 939 261 313 124
internal_value=8.45089e-05 0.00585762 -0.0142903 -0.0173666 0.00950332 2.27186e-06 -0.0130602 -0.00287366 -0.00612611 0.00622427 -0.0175736 -0.00162821 0.0141867 0.0151268 0.0171387 0.00287138 -0.00600448 -0.0250813 0.00768805 0.00105732 0.00975768 0.0116868 -0.0128486 -0.000724724 0.00621722 0.00261626 0.00324272 0.00185031 -0.0116308 -0.00047655
internal_weight=6386.36 4558.55 1827.81 1469.04 2807.44 1751.11 951.418 1198.97 782.738 1658.14 575.703 358.773 1149.3 1079.91 844.874 855.456 375.715 517.623 235.034 722.885 802.688 626.949 312.414 616.746 552.131 317.847 416.236 141.891 295.374 69.391
internal_count=29607 14132 15475 13609 6712 7420 7824 5829 4233 4507 5216 1866 2205 1996 1412 2684 2608 5785 584 2397 1823 1302 2003 2138 1591 1071 1596 810 2303 209
is_linear=0
shrinkage=0.02


Tree=4
num_leaves=31
num_cat=0
split_feature=15 4 4 3 3 15 3 6 15 24 3 4 5 16 11 11 1 25 23 0 1 4 10 5 8 0 7 24 4 10
split_gain=1219.27 326.543 300.637 184.766 153.452 82.3606 58.9841 57.5852 52.7966 48.3224 47.4652 33.193 31.4393 28.0447 27.6674 27.1358 24.969 23.681 22.7146 22.6938 22.4847 22.0546 18.0009 17.7384 17.674 16.9289 29.7395 17.7351 16.4727 16.0125
threshold=0.087022006511688246 0.42488689720630651 0.42488689720630651 0.15194967389106753 0.76135557889938366 1.0162237882614138 1.1530465483665469 0.51397523283958446 0.79436439275741588 0.92398118972778331 1.1068951487541201 1.5498609542846682 0.7967929244041444 0.63577497005462658 0.11145713552832605 0.037107579410076148 1.1136044859886172 0.77740329504013073 0.28373110294342047 1.2972162365913393 1.4098049402236941 1.0151001214981081 -1.5729402899742124 0.65175855159759533 0.74546882510185253 1.004774332046509 0.64557260274887096 0.87204316258430492 -0.6631491184234618 -0.39364854991435999
decision_type=2 2 2 2 2 2 2 2 2 2 2 2 2 2 2 2 2 2 2 2 2 2 2 2 2 2 2 2 2 2
left_child=1 3 4 14 9 12 18 11 23 28 22 15 13 19 -1 -3 -15 -11 -5 24 29 25 -7 -6 -4 26 27 -12 -2 -10
right_child=2 7 5 6 8 10 -8 -9 20 17 21 -13 -14 16 -16 -17 -18 -19 -20 -21 -22 -23 -24 -25 -26 -27 -28 -29 -30 -31
leaf_value=-0.026615860107945147 -0.015353849840294934 -0.015982070641895676 -0.0044266850812162755 -0.018206425319199658 -0.003709646712066987 -0.010850349818032731 0.003196223555542126 0.0066313529510061454 0.0010421360617378205 0.0049472920503001927 0.0085067778151036895 0.0050381104681334879 0.01108266722558204 0.0048876325249507602 -0.018092824412979807 -0.0028526625954693658 0.017608354087068831 -0.0063303716551287902 -0.0075969430423322402 0.01216131087302838 0.015781040101877863 0.02029836303448089 0.010405028600452707 0.0055697227109273205 0.0062152308843745107 0.017427419831204011 0.015598623475951945 -0.015130111691119314 -0.0074939505589628561 0.0085503977754696342
leaf_weight=597.30867154337466 163.86205714941025 124.8042619638145 235.28145066648722 156.70721242949367 269.84260113537312 12.577719576656817 126.70770347677171 245.77151412330568 158.7251218855381 166.16687202826142 16.542270615696907 79.094640638679266 433.02339747175574 227.65408520773053 276.61001625563949 127.43311568535864 83.14823829010129 126.8441549167037 186.65342243947089 50.604376114904881 127.89229038357735 492.5368878915906 500.10349862650037 112.78876740857959 79.559032760560513 90.026745900511742 45.031035803258419 27.958600096404552 353.98366234265268 408.74896911531687
leaf_count=7621 1175 1168 946 1455 1018 48 538 832 379 557 28 459 1071 693 2953 848 146 523 1088 104 195 672 1078 329 285 123 64 62 2067 863
internal_value=-5.44413e-05 -0.0132241 0.00600261 -0.0186104 9.04526e-05 0.0108597 -0.0083759 -0.000628231 0.00502494 -0.00646032 0.0145281 -0.00603169 0.00689408 0.00415033 -0.0240364 -0.00953333 0.00851568 4.09045e-05 -0.0126308 0.000372864 0.00828926 0.0180481 0.0097838 -0.000937794 -0.00168239 0.0114927 0.00491901 -0.00637185 -0.0101041 0.00647775
internal_weight=6103.99 1921.09 4182.9 1343.99 1888.85 2294.05 470.068 577.104 1078 810.857 1184.78 331.332 1109.27 676.247 873.919 252.237 310.802 293.011 343.361 365.445 695.366 672.096 512.681 382.631 314.84 179.559 89.5319 44.5009 517.846 567.474
internal_count=29388 16962 12426 13655 7106 5320 3081 3307 2784 4322 2075 2475 3245 2174 10574 2016 839 1080 2543 1335 1437 949 1126 1347 1231 277 154 90 3242 1242
is_linear=0
shrinkage=0.02


Tree=5
num_leaves=31
num_cat=0
split_feature=15 6 15 5 5 0 2 14 2 14 26 0 14 7 17 9 22 6 15 0 6 7 1 9 22 26 23 20 26 20
split_gain=1081.2 225.805 225.805 84.6247 74.4234 51.0592 50.245 48.9161 48.5299 43.7921 30.7059 29.8203 27.5627 33.4956 26.9663 26.0725 25.6256 25.1667 24.0757 23.9354 23.3618 21.4796 21.0275 20.7411 20.2942 19.3609 18.751 18.721 18.3413 18.0224
threshold=1.0000000180025095e-35 0.16527557373046878 0.9584641456604005 -0.26280769705772394 -0.14879624545574185 0.70308890938758861 0.45007914304733282 -0.70650210976600636 0.42561294138431555 -1.6629610061645506 0.52267366647720348 0.39238671958446508 -1.0498251914978025 0.95714327692985546 0.26044294238090521 0.24268146604299548 -0.10698215663433074 0.22035264223814013 1.0822007060050967 0.15787329524755481 -0.745724856853485 0.66866299510002147 -0.1468330919742584 0.31642414629459387 -0.097394209355115877 1.2521565556526186 0.62167993187904369 0.59030294418334972 1.3586635589599612 0.034897333011031158
decision_type=2 2 2 2 2 2 2 2 2 2 2 2 2 2 2 2 2 2 2 2 2 2 2 2 2 2 2 2 2 2
left_child=1 4 3 26 -1 12 9 11 20 -5 17 -3 -4 25 16 18 -11 -8 -7 -9 -6 -22 -18 -12 27 -14 28 -20 -2 -19
right_child=2 7 5 6 8 15 10 19 -10 14 23 -13 13 -15 -16 -17 22 29 24 -21 21 -23 -24 -25 -26 -27 -28 -29 -30 -31
leaf_value=-0.025060904520993334 -0.010440471535143912 -0.0034555130107814243 0.011620400432084099 0.014497616068548333 -0.021925002174336489 -0.0028910947896820067 -0.00030418630790794677 -0.012057099600501863 -0.0023416272118233611 -0.01463280460131783 -0.0055747397937469289 0.015093797407953895 0.0027722264271602694 0.011796899165835055 0.0023990694500723225 0.015532323100202293 -0.012963835229148362 0.0035751819548096838 -0.0073582744662243939 -0.0033411321924630556 -0.015779460775816233 -0.0018964146214224588 3.801172405110437e-05 0.0060760220166652971 0.01300071279595159 -0.013897862154285019 -0.0022864935707522295 0.012576353486496607 0.0096619723230910101 0.013737568276076821
leaf_weight=498.88123842282221 280.34753402508795 63.171178469434381 302.10762317851186 65.82616650685668 216.9909558231011 57.872452951967716 86.078562006354332 220.95691891387105 113.11268007382751 88.338253205642104 106.85428043827415 67.922491734847426 521.88525564968586 178.94417210295796 308.89652768336236 625.60872872918844 57.343197075650096 93.897749502211809 41.15006459876895 297.52808995917439 172.24804944731295 61.552330182865262 246.27127137035131 129.86659470200539 295.53938679024577 24.496704263612628 329.44206896051764 26.871805861592293 15.57790797203779 326.49611108005047
leaf_count=6629 1833 398 681 190 2640 151 346 1756 812 555 370 201 1487 367 1132 1070 388 301 108 1606 1818 494 1121 395 516 89 1409 42 66 752
internal_value=-0.000345465 -0.0137214 0.00510521 0.000535498 -0.0193808 0.00979617 0.00309672 -0.00438459 -0.0141796 -0.000498378 0.00678396 0.00635673 0.0065761 0.00440991 -0.00199957 0.0129097 -0.00545268 0.00954074 0.00887993 -0.0071352 -0.0170917 -0.0122407 -0.00258788 0.000810414 0.0107675 0.00190558 -0.00562377 0.000838739 -0.0092393 0.0115364
internal_weight=5922.08 1712.36 4209.71 2135.24 1062.79 2074.48 1509.87 649.579 563.904 766.675 743.193 131.094 1027.43 725.326 700.849 1047.04 391.953 506.472 421.434 518.485 450.791 233.8 303.614 236.721 363.561 546.382 625.368 68.0219 295.925 420.394
internal_count=29723 16354 13369 8858 12393 4511 5550 3961 5764 3386 2164 599 2624 1943 3196 1887 2064 1399 817 3362 4952 2312 1509 765 666 1576 3308 150 1899 1053
is_linear=0
shrinkage=0.02


Tree=6
num_leaves=31
num_cat=0
split_feature=15 15 3 3 3 24 5 5 15 5 3 0 5 5 0 1 7 14 1 14 9 25 0 3 3 25 7 8 14 6
split_gain=1011.13 223.455 214.618 85.3704 80.4188 79.5159 43.7519 43.1201 38.5825 37.3113 31.4106 28.9226 28.405 27.8202 26.984 26.22 25.2558 24.0013 22.8728 21.3317 21.3241 20.5173 21.5227 19.4345 19.3465 17.81 17.4212 17.3696 17.2424 17.1957
threshold=0.045959351584315307 0.89577513933181774 0.47892756760120397 0.92478802800178539 1.4089094400405886 0.127661868929863 0.50212416052818309 0.45226377248764044 -0.64941024780273426 0.092526465654373183 -0.68847122788429249 -0.090111415833234773 0.73814851045608532 -0.14879624545574185 0.82179147005081188 0.82451894879341137 0.54117020964622509 -0.56758543848991383 0.72872439026832592 -1.6114215850830076 0.25889298319816595 0.059387797489762313 0.7123180925846101 0.65521666407585155 1.1530465483665469 -0.27617515623569483 0.98383182287216198 0.89974620938301098 -1.3740949034690855 -0.3119931817054748
decision_type=2 2 2 2 2 2 2 2 2 2 2 2 2 2 2 2 2 2 2 2 2 2 2 2 2 2 2 2 2 2
left_child=2 3 5 9 6 13 10 25 -4 -2 -3 -8 21 -1 -11 -9 -12 23 -6 -15 -20 22 27 -10 -19 -7 -23 -5 -27 -14
right_child=1 4 8 12 18 7 11 15 17 14 16 -13 29 19 -16 -17 -18 24 20 -21 -22 26 -24 -25 -26 28 -28 -29 -30 -31
leaf_value=-0.024688524053273264 -0.0073603330666743927 -0.013426865482909386 -0.014328461919998883 -0.0030866086557231006 0.0099450408245566023 -0.0036317170146322885 0.00014343380607750855 -0.0066726865793454264 -0.010641506194866425 -0.0022210957546605239 0.0015397372673192104 0.012067584639185055 -0.0057432855988224178 -0.001261885181005335 0.0078984300039650398 0.010820640940733803 0.0093705796333168508 -0.0053150494177322252 0.011244301375366585 -0.018067931092345529 0.020556933635418186 -0.013268091217573717 0.0081147750280182087 0.015596085357947011 0.0041318781821082715 0.0040482279359129979 0.0084932569211715516 0.013547302776482863 -0.019382290651825503 0.011528608778111005
leaf_weight=410.85954349860549 487.07096889987588 36.710112614557147 75.764417741447687 176.86448853090405 269.80806598067284 48.590376352891326 93.894365333020687 96.231132347136736 10.073626186698673 451.77685953117907 443.43367833271623 610.7555850353092 22.161147957667708 33.512577885761857 132.01938718557358 46.836876867339015 259.48558017984033 203.26020287163556 171.54118050634861 396.66545732319355 332.35897607728839 49.533209577202797 226.95661843568087 57.620084568858147 143.88983778655529 11.888665713369845 16.257875002920628 24.148996338248253 162.98476267233491 275.27964818477631
leaf_count=6012 3044 198 671 695 484 397 295 692 52 2216 1343 1253 84 286 413 178 600 1241 299 4707 481 190 640 149 563 66 41 63 1638 591
internal_value=8.61884e-05 0.00548358 -0.0128597 0.000371676 0.0097647 -0.017376 0.00693702 -0.00941174 -0.00168021 -0.00330349 0.00350351 0.0104909 0.0053354 -0.0207707 0.000114968 -0.000773802 0.00447629 0.000772915 0.0149647 -0.0167882 0.0175283 0.00235146 0.00396291 0.0112282 -0.00139633 -0.014804 -0.0076705 -0.000807977 -0.0177211 0.0101681
internal_weight=5778.23 4080.06 1698.18 1862.07 2217.99 1207.57 1444.28 366.532 490.608 1070.87 739.629 704.65 791.202 841.038 583.796 143.068 702.919 414.844 773.708 430.178 503.9 493.761 427.97 67.6937 347.15 223.464 65.7911 201.013 174.873 297.441
internal_count=29582 12930 16652 7977 4953 13976 3689 2971 2676 5673 2141 1548 2304 11005 2629 870 1943 2005 1264 4993 780 1629 1398 201 1804 2101 231 758 1704 675
is_linear=0
shrinkage=0.02


Tree=7
num_leaves=31
num_cat=0
split_feature=3 15 6 15 5 15 3 15 3 3 21 16 5 25 1 26 5 16 15 1 26 8 2 25 22 13 0 26 3 15
split_gain=890.574 226.998 225.572 87.0646 59.1995 49.9742 47.9794 46.9325 35.1174 34.708 29.228 27.2674 27.2598 27.556 22.957 26.5962 21.8144 24.112 20.9133 19.3913 18.7259 17.9513 19.0175 17.4795 17.2761 17.1632 16.6994 21.4169 16.5823 16.7189
threshold=0.15194967389106753 0.94581279158592235 0.26037923991680151 -1.0000000180025095e-35 -0.45587609708309168 -0.34612917900085444 1.7009050250053408 -0.73466420173645008 1.4089094400405886 1.012526333332062 0.54607570171356212 0.37855410575866705 0.67867252230644237 0.19916451722383502 -0.048924935981631272 0.1825431510806084 1.0000000180025095e-35 0.51207357645034801 1.5047794580459597 -0.26408290863037104 0.90774729847908031 -0.15947815775871274 0.41561076045036321 1.0094205737113955 -1.2040191292762754 -0.3644759058952331 1.0202893614768984 -0.57874861359596241 0.82974115014076244 1.0408740639686587
decision_type=2 2 2 2 2 2 2 2 2 2 2 2 2 2 2 2 2 2 2 2 2 2 2 2 2 2 2 2 2 2
left_child=2 3 7 9 20 -6 12 -1 10 -2 21 26 18 24 15 -13 17 -9 23 -8 -4 22 -5 -3 -14 -24 -7 -28 29 -26
right_child=1 6 4 8 5 11 19 16 -10 -11 -12 14 13 -15 -16 -17 -18 -19 -20 -21 -22 -23 25 -25 28 -27 27 -29 -30 -31
leaf_value=-0.024967855940007281 -0.011707090945156148 0.0055483124888228387 -0.017560315625139187 -0.01119730842240883 -0.020110908258542753 -0.0069992420014788215 -0.0024905478760406737 -0.021671035148492709 0.007808313891994551 0.0004011303959444043 0.0042078754918321547 0.0069047090575616015 -0.0038450443159367413 0.003856468050891185 0.0069420168785858417 -0.018658427576392373 -0.011287795465222256 -0.0085501972237055565 0.011547537408349882 0.017310453304796122 -0.0014199070312728808 0.0013077419489531427 0.011845632597069283 -0.004183879241571339 -0.0087103145093821721 -0.0039449846364971496 0.022365117480720346 -0.0054676250577933355 0.017619438660949858 0.011223258263037904
leaf_weight=288.90894071664661 258.13726759701967 474.59788787178695 126.3351271674037 124.00095954723656 43.139484819024801 174.81482414528728 19.527002274990082 264.6678010225296 430.33950728178024 147.42758810333908 642.35447749309242 27.579563245177269 18.075074188411236 134.07873705029488 282.41955125331879 28.798604441806674 356.57039814069867 82.489347661845386 204.90276759117842 415.80268646031618 38.003359727561474 337.44080883450806 29.034061249345541 83.460607722401619 16.275616616010666 139.64757912419736 14.815639857202767 21.601680364459753 309.43825410678983 97.88013007864356
leaf_count=4546 2291 1172 1181 735 496 1071 42 3567 1076 744 2297 115 50 271 973 166 3468 784 397 651 236 1430 96 243 53 633 26 85 494 209
internal_value=2.06558e-05 0.00535954 -0.0118044 0.000917822 -0.00354976 -0.000567348 0.010621 -0.0180543 0.00290379 -0.00735433 0.00122105 0.00113284 0.00868633 0.0119797 0.00462363 -0.00660946 -0.0150599 -0.018719 0.00613926 0.0164041 -0.01398 -0.0018329 -0.00541497 0.00406858 0.0143749 -0.000964279 -0.00444354 0.00718857 0.0151882 0.00813501
internal_weight=5632.57 3882.42 1750.14 2108.38 757.508 593.169 1774.04 992.636 1702.82 405.565 1272.48 550.03 1338.71 575.748 338.798 56.3782 703.728 347.157 762.961 435.33 164.338 630.123 292.683 558.058 441.669 168.682 211.232 36.4173 423.594 114.156
internal_count=29598 12884 16714 9302 4349 2932 3582 12365 6267 3035 5191 2436 2889 1077 1254 281 7819 4351 1812 693 1417 2894 1464 1415 806 729 1182 111 756 262
is_linear=0
shrinkage=0.02


Tree=8
num_leaves=31
num_cat=0
split_feature=3 4 4 6 15 4 16 1 4 15 25 15 6 24 21 14 5 17 14 21 3 26 21 6 11 10 9 8 11 14
split_gain=850.417 334.52 242.077 119.264 85.2433 65.0736 61.0022 49.3782 45.2654 36.2304 42.6792 35.7287 33.3732 29.9734 29.1296 26.0844 24.6942 24.4999 23.0159 22.9691 22.0231 21.9928 20.7994 19.4904 17.6842 17.0512 18.8587 16.9692 16.9517 18.4412
threshold=0.105923879891634 0.1394266486167908 -0.037392873317003243 0.84452986717224132 1.0162237882614138 0.9946403205394746 0.25882773101329809 1.2854744195938113 1.5498609542846682 1.4570878148078921 0.81964668631553661 -0.70496022701263417 -0.25120829045772547 -0.050127364695072167 1.361117482185364 -1.0930974483489988 -1.1231044530868528 1.4143499732017519 -1.1808492541313169 0.04459913261234761 1.1353627443313601 0.064487710595130934 1.2111738324165346 1.2866571545600893 0.78148701786994945 -0.51740965247154225 -0.22439773380756375 1.5903704762458803 1.070047974586487 0.24233795702457431
decision_type=2 2 2 2 2 2 2 2 2 2 2 2 2 2 2 2 2 2 2 2 2 2 2 2 2 2 2 2 2 2
left_child=1 6 3 11 8 13 -1 22 12 10 -5 -2 -4 24 20 -7 -10 -15 -8 21 25 -13 27 -17 -3 26 -14 -6 29 -21
right_child=2 5 4 9 7 15 18 -9 16 -11 -12 19 14 17 -16 23 -18 -19 -20 28 -22 -23 -24 -25 -26 -27 -28 -29 -30 -31
leaf_value=-0.024105249628324256 -0.023505907117823487 -0.018684550628712701 -0.005496896752518834 0.0043821471915398303 0.0073163191229294981 0.011872185994489684 -0.0024937523129431906 0.019881917938852127 -0.011705962690318341 0.013629696111379335 -0.0098928555309910956 -0.0051196971117403517 -0.0082262609520094114 -0.0050983848106070997 0.013196492205425219 -0.0018029143640786451 0.011976611424509159 0.015812372074213502 -0.015612582713755653 0.00056694868944017363 0.0069825142344211765 -0.019072897832682893 0.01519058552048059 0.016050289769420335 -0.0011777574062134372 -0.0025959456316457042 0.0093645832050437729 0.020055637032145631 0.0060363430446251911 -0.0091168285825201003
leaf_weight=563.90757699124515 51.50920088775456 102.0373620223254 151.55859674140811 433.9144139289856 630.48811584711075 121.69035339355469 68.128017591312528 281.45022124052048 14.614411871880291 120.69799944758415 98.643463240936399 93.964983109384775 26.711363554000854 209.19997018016875 127.63593021407723 192.12818385567516 383.50246846675873 20.153965342789888 286.36019607447088 124.73604858666658 314.57836004719138 92.043562719598413 247.21929459646344 22.927929989993572 30.320406585931778 299.88192770071328 110.92298008129001 42.168740518391132 55.769543558359146 205.40807607397437
leaf_count=8166 666 1299 947 1399 1317 412 400 427 65 221 422 624 139 1360 356 1242 1021 54 3114 558 824 757 403 59 248 1402 394 65 181 1232
internal_value=0.000101903 -0.012075 0.00514957 -0.00199149 0.00861232 -0.00161905 -0.0199751 0.0125356 0.00528288 0.00396697 0.00167063 -0.00821688 0.00304399 -0.00746056 0.00453815 0.00467287 0.0109728 -0.00296274 -0.0131611 -0.00664812 0.00299131 -0.0123428 0.0101925 0.00042192 -0.014863 7.51329e-05 0.00578195 0.00825703 -0.00378057 -0.0055042
internal_weight=5524.27 1616.85 3907.42 1276.69 2630.73 698.458 918.396 1201.33 1429.41 653.256 532.558 623.431 1031.29 361.712 879.731 336.746 398.117 229.354 354.488 571.922 752.095 186.009 919.876 215.056 132.358 437.516 137.634 672.657 385.914 330.144
internal_count=29774 16354 13420 6060 7360 4674 11680 2212 5148 2042 1821 4018 4062 2961 3115 1713 1086 1414 3514 3352 2759 1381 1785 1301 1547 1935 533 1382 1971 1790
is_linear=0
shrinkage=0.02


Tree=9
num_leaves=31
num_cat=0
split_feature=6 4 4 3 15 3 4 15 4 1 3 4 3 11 25 8 11 21 5 7 15 13 21 11 17 11 1 23 4 4
split_gain=763.476 268.242 235.17 126.064 96.2943 77.5973 45.1547 44.741 42.5165 36.5211 34.6126 25.6243 25.0213 24.9908 24.7543 24.25 23.8989 25.0906 23.4979 19.8656 19.4366 19.2494 17.9203 25.3093 21.7358 17.0326 16.6712 16.1491 15.9848 15.8185
threshold=0.18859852850437167 0.42488689720630651 0.45412245392799383 0.15194967389106753 0.024421155452728275 1.1822354197502138 1.5498609542846682 0.9584641456604005 -0.083578925579786287 1.1446853876113894 1.1353627443313601 -0.19459632784128186 1.8119850754737856 0.26620122790336614 0.41334822773933416 -0.47596746683120722 -0.13993568718433377 0.97123154997825634 -0.38751579821109766 -0.86358335614204396 0.76171872019767772 0.63573259115219127 0.70785579085350048 0.81655728816986095 0.29358084499835974 0.087061673402786269 1.4601169228553774 -0.026131763122975823 -0.79807755351066578 1.6222538352012636
decision_type=2 2 2 2 2 2 2 2 2 2 2 2 2 2 2 2 2 2 2 2 2 2 2 2 2 2 2 2 2 2
left_child=1 4 3 8 10 18 13 14 -2 16 -1 -6 19 27 22 -15 -7 -18 -4 -9 -10 25 23 24 -5 -16 -25 -3 -14 -20
right_child=2 6 5 7 11 9 -8 12 20 -11 -12 -13 28 15 21 -17 17 -19 29 -21 -22 -23 -24 26 -26 -27 -28 -29 -30 -31
leaf_value=-0.022774055920909683 -0.015581298621767704 -0.014459402984875839 -0.00028958202374102822 -0.012592455387891164 -0.013083375415121114 -0.0017503058059372162 0.0085310285284145582 -0.010206787302252877 -0.0078139318939491522 0.019120252920798903 -0.0025156512933979655 -0.0019174207356822163 -0.0027656794669146168 -0.013054777588901247 -0.015720590618398953 0.0049546999604269462 0.0083226781894348272 0.01815449984425839 0.0053066417329389551 0.0052428421468275659 0.0071158470363141052 -0.021318677113856894 0.0042372622468016749 0.0052373737905387196 0.001220645737850529 0.0022374517366387536 -0.017800859525330646 -0.0022842128206654721 0.016803139137459028 0.01063450110988394
leaf_weight=663.79671262297779 241.31415164563805 96.743866613134742 191.25874177366495 113.8365101069212 201.61724659334868 55.356875732541084 166.26177357509732 31.24186710268259 76.623073568567634 346.60264952853322 36.921351727098227 139.80152521468699 18.028793677687645 32.464287081733346 26.510931827127934 143.9518061671406 303.89543423801661 168.69666820764542 607.50927689112723 466.18375329300761 56.05088733881712 31.634423013776541 295.91482852958143 148.16577982902527 72.577752664685249 61.053309787064791 8.8147099241614324 80.070437200367451 109.66952395439148 369.52387504465878
leaf_count=10206 2329 1023 849 780 1591 143 695 114 633 551 229 828 39 228 153 759 640 277 1991 1108 211 166 1144 606 322 262 35 532 176 876
internal_value=8.71823e-05 -0.0116639 0.00492476 -0.000440658 -0.017493 0.00953086 8.48213e-05 0.00235091 -0.0106633 0.0140314 -0.021732 -0.00860489 0.00629011 -0.0039543 -0.000915508 0.00137211 0.0105424 0.0119856 0.00611647 0.00418058 -0.00147717 -0.00908687 0.000666728 -0.00242678 -0.00732311 -0.00375501 0.0034342 -0.00916031 0.0140403 0.00736558
internal_weight=5362.09 1561.63 3800.46 1757.62 1042.14 2042.84 519.492 1383.63 373.988 874.552 700.718 341.419 625.124 353.23 758.508 176.416 527.949 472.592 1168.29 497.426 132.674 119.199 639.31 343.395 186.414 87.5642 156.98 176.814 127.698 977.033
internal_count=29496 16091 13405 8078 12854 5327 3237 4905 3173 1611 10435 2419 1437 2542 3468 987 1060 917 3716 1222 844 581 2887 1743 1102 415 641 1555 215 2867
is_linear=0
shrinkage=0.02


Tree=10
num_leaves=31
num_cat=0
split_feature=15 3 4 3 4 4 24 3 3 3 4 21 23 23 5 24 16 16 14 26 21 21 10 1 14 5 15 26 23 24
split_gain=747.396 229.381 213.248 121.829 90.8447 67.6371 59.947 37.7112 36.9721 32.5536 31.9189 27.6017 26.7899 25.3412 24.3147 23.0844 19.8598 18.9613 18.6999 18.4845 18.3777 16.7073 16.1376 14.61 22.2146 15.1941 17.9328 15.1625 14.408 13.951
threshold=0.045959351584315307 -0.079676091670989976 0.97556951642036449 0.80215862393379223 0.82356494665145885 0.1665444150567055 1.0747876167297366 -0.53988453745841969 1.2172027230262759 1.7009050250053408 -0.012588249519467352 0.15483544766902926 0.12580373138189319 0.34540328383445745 1.6564006805419924 1.0000000180025095e-35 0.48381459712982183 0.23383629322052005 -0.70650210976600636 0.55113458633422863 1.0236717462539675 1.7988312244415285 -1.5074806809425352 1.1446853876113894 -1.795169949531555 0.14489305019378665 1.436624348163605 0.81467732787132274 1.1176842451095583 0.74799284338951122
decision_type=2 2 2 2 2 2 2 2 2 2 2 2 2 2 2 2 2 2 2 2 2 2 2 2 2 2 2 2 2 2
left_child=1 5 3 7 8 -1 21 28 13 12 11 -9 -5 -3 -7 -13 -8 -11 -6 20 -15 23 -18 24 -4 26 -26 -25 -2 -27
right_child=2 4 6 9 18 14 16 10 -10 17 -12 15 -14 19 -16 -17 22 -19 -20 -21 -22 -23 -24 27 25 29 -28 -29 -30 -31
leaf_value=-0.023301516066299745 -0.015108290376403818 -0.015938934724761589 0.015077752080353319 -0.0084898413416720532 0.016851568699000039 -0.012462039129288664 0.0068078481141333573 -0.012511347755082692 0.0016001742433712385 -0.0085386924357170151 0.0014111455387243862 -0.015536770042409069 0.0041697270677130199 -0.0056427052168192271 0.0064698485980434909 0.00036600033892535865 -0.00099332614494041026 0.011546429952095578 0.0034312718270134122 -0.013795914090254463 0.010506009836278831 0.018718990705576425 0.017092345575827016 0.015234295151392019 -0.0038903189040926101 0.002293577305442687 0.014530167389013499 -0.0036908968328945701 0.0020710848794248697 0.01031719778157765
leaf_weight=535.23759730067104 138.50072107464075 207.64484558999538 68.326305590569973 67.653946924954653 52.055939495563507 208.43136044964194 110.64772541075945 164.89078731462359 116.66794149577618 16.46349835768342 441.17563216201961 38.370916342362761 888.18888252228498 97.997420428320765 27.945272345095873 229.51946717128158 19.881920605897903 320.62401011586189 166.85079842619598 69.211525777354836 33.866483887657523 40.868411056697369 571.3905460126698 101.80623695813119 156.51973982155323 216.08827287703753 19.367240965366364 18.081334039568901 21.307522378861904 144.20741339027882
leaf_count=8789 1194 2478 133 358 139 2351 255 1274 518 48 1914 336 2559 766 192 1125 48 647 764 538 158 76 1010 192 638 671 31 51 103 320
internal_value=9.486e-05 -0.0117529 0.00483809 0.00106641 -0.00379045 -0.0193597 0.0107954 -0.00404087 -0.00827943 0.00514978 -0.00237094 -0.00619847 0.00323417 -0.0110848 -0.0101362 -0.00215475 0.0150151 0.010455 0.00692766 -0.00580694 -0.00126295 0.0068526 0.016481 0.0060594 0.00472147 0.00327465 -0.00151643 0.0123465 -0.0128244 0.00560227
internal_weight=5309.79 1515.91 3793.88 2326.7 744.295 771.614 1467.19 1033.77 525.388 1292.93 873.957 432.781 955.843 408.72 236.377 267.89 701.92 337.088 218.907 201.075 131.864 765.265 591.272 724.397 604.509 536.183 175.887 119.888 159.808 360.296
internal_count=29676 16693 12983 9558 5361 11332 3425 5946 4458 3612 4649 2735 2917 3940 2543 1461 1313 695 903 1462 924 2112 1058 2036 1793 1660 669 243 1297 991
is_linear=0
shrinkage=0.02


Tree=11
num_leaves=31
num_cat=0
split_feature=15 3 15 3 6 3 5 5 15 5 0 1 0 3 21 21 16 26 24 25 1 17 2 17 15 1 25 20 23 1
split_gain=692.76 184.086 149.134 64.8188 57.5343 54.5648 39.4715 33.415 29.5811 28.7216 26.4812 22.4976 22.4928 21.9213 21.665 20.2071 19.8163 19.3492 18.5126 25.9999 18.2967 18.0799 17.891 16.9306 16.652 15.5456 15.1729 18.2343 17.3987 14.9089
threshold=0.036514159291982658 0.42844749987125402 1.0162237882614138 0.033549906685948379 -0.92959371209144581 1.4089094400405886 -0.10814125835895537 0.10207857191562654 -0.35860098898410792 0.91919147968292247 1.3379098773002627 1.3225269317626955 -0.10129535943269728 0.99798411130905162 -1.0266246199607847 1.75008100271225 0.68789848685264599 -1.1644423007965086 0.76894453167915355 0.77740329504013073 0.81512928009033214 0.26044294238090521 -0.61191123723983754 1.7695462703704836 -0.27257613837718958 0.67840716242790233 -0.49931316077709192 -0.36924374103546137 0.9166453778743745 1.1446853876113894
decision_type=2 2 2 2 2 2 2 2 2 2 2 2 2 2 2 2 2 2 2 2 2 2 2 2 2 2 2 2 2 2
left_child=1 4 3 16 -1 9 -6 15 -8 14 13 -7 22 24 -4 18 25 -10 -5 -20 -19 29 -11 -16 -3 -2 -23 -28 -29 -9
right_child=2 10 5 7 6 11 8 21 17 12 -12 -13 -14 -15 23 -17 -18 20 19 -21 -22 26 -24 -25 -26 -27 27 28 -30 -31
leaf_value=-0.024114648990590994 -0.010800500910535787 -0.014049520090264014 -0.012412713674324366 -0.005034652744973769 -0.018600855661919932 0.010889891574712608 -0.016328607574551467 -0.00014957694386929512 0.0073850059459599337 0.0069768355782137493 0.011532232970076217 0.019494646723425164 0.012442652054460537 0.0017360975473889571 0.0029379292504776019 0.011923806985037142 0.0024233898394395107 -0.0098840046784454821 0.0045959539521454821 -0.010787447870134734 0.0044203215058475562 0.016656475278121686 -0.015990348421534299 0.011035962148699237 -0.0026586894397722717 0.00089915043246581808 -0.004371906333918046 0.0035454898381630691 0.011529282034808956 0.0093742073147460754
leaf_weight=289.46823631972075 251.34201011061668 84.450387342832983 27.070202652364969 326.60343565791845 310.31423375289887 433.93981701135635 133.26481611002237 331.22165531851351 40.259966384619474 30.175529256463051 51.959060985594988 187.83262875676155 327.70554834976792 199.3082971861586 560.20408924482763 41.081701129674911 77.620761960744858 173.24022286664695 240.2961636800319 48.646180970594287 41.635578414425254 58.296598354354501 17.184824824333191 123.62989481538534 127.53926644474268 54.322308428585529 56.293185781687498 235.06344504281878 210.03768390789628 76.985976498574018
leaf_count=5005 2095 898 155 1867 4589 801 1849 1382 279 95 171 303 681 952 1635 117 444 1792 849 250 230 138 74 268 785 320 204 694 492 207
internal_value=-8.22041e-06 -0.0117016 0.00456925 0.000868701 -0.016558 0.0089048 -0.0132783 0.00261646 -0.00884343 0.0061527 -0.00127612 0.0136241 0.0106045 -0.00301327 0.00374632 -0.000863589 -0.00647735 -0.004695 -0.00180622 0.00186657 -0.00707483 0.00496965 -0.00208801 0.00447145 -0.00741563 -0.00874025 0.00729019 0.00604747 0.00739917 0.00173826
internal_weight=5166.99 1451.44 3715.55 2007.81 988.183 1707.74 698.715 1624.53 388.401 1085.97 463.257 621.772 375.066 411.298 710.904 656.627 383.285 255.136 615.546 288.942 214.876 967.899 47.3604 683.834 211.99 305.664 559.691 501.394 445.101 408.208
internal_count=29621 16550 13071 9059 13744 4012 8739 6200 4150 2908 2806 1104 850 2635 2058 3083 2859 2301 2966 1099 2022 3117 169 1903 1683 2415 1528 1390 1186 1589
is_linear=0
shrinkage=0.02


Tree=12
num_leaves=31
num_cat=0
split_feature=23 4 4 21 6 24 4 17 25 17 0 11 2 4 2 4 17 26 20 6 9 13 16 23 14 26 26 10 10 12
split_gain=594.316 205.665 181.119 62.3119 51.2008 48.1912 41.7059 45.7122 40.9694 33.9152 32.7824 28.5279 28.1105 26.4621 23.8672 22.4521 23.6764 19.283 17.5597 17.2197 16.4736 15.4861 15.388 14.2798 17.5959 14.0974 12.6942 18.303 15.2572 17.1213
threshold=0.35810749232769018 -0.012588249519467352 0.11291028186678888 0.91977447271347057 -0.35494881868362421 0.76894453167915355 1.2139769792556765 0.35123734176158911 0.64042353630065929 1.0000000180025095e-35 1.0202893614768984 0.79341930150985729 0.58176198601722728 0.9946403205394746 1.4778443574905398 1.9749553203582766 1.2013190984725954 -1.4598066210746763 1.0000000180025095e-35 -0.1357978358864784 0.48046085238456732 1.0459582209587099 0.6104433834552766 1.1721067428588869 -1.0930974483489988 0.68620237708091747 -0.49757827818393702 -1.2428186535835264 1.2207007408142092 0.51122894883155834
decision_type=2 2 2 2 2 2 2 2 2 2 2 2 2 2 2 2 2 2 2 2 2 2 2 2 2 2 2 2 2 2
left_child=1 4 5 10 -1 12 7 11 17 -6 15 -3 -2 -5 18 16 20 -7 -10 -9 26 -18 -22 24 -19 -26 27 -4 29 -29
right_child=2 6 3 13 9 8 -8 19 14 -11 -12 -13 -14 -15 -16 -17 21 23 -20 -21 22 -23 -24 -25 25 -27 -28 28 -30 -31
leaf_value=-0.022639829322421506 -0.010735695659270983 -0.012601152045526944 0.01852628986678069 0.0074001132599725876 -0.015465573882691055 -0.012369206507030155 0.0040486552002594409 -0.0069443319492763769 -0.016376734302272943 -0.0019819946375721894 0.0099666074556514304 0.00072522175480650166 -0.00042549814202776413 0.014925738663366245 0.0074416344312004598 0.0092569159298739791 0.0088936576228246158 0.013641614884311273 -0.0028664589802665868 0.0087266606743418174 -0.0014311666804725895 -0.0075605526619608116 0.0079697278073670285 0.0090478150635789033 0.0028836954464448051 -0.0068459456800053862 -0.0054828520091144929 -0.015312852880695702 0.014282960895423476 0.0039060082290202696
leaf_weight=389.93539953231812 279.20583092235029 280.91987545974553 18.253991596400738 317.2147288993001 304.22186263650656 23.105161597952247 240.4165680333972 35.433420633897185 78.235743956640363 100.47966668009758 422.38161066174507 82.203409645706415 169.16556758619845 521.09910547733307 35.154918737709522 203.32707074657083 212.8879163376987 43.103082597255707 76.342168448492885 90.382144991308451 131.45561985857785 21.754245713353157 140.08210357651114 192.08103039767593 256.74126883409917 72.157568112015724 243.8815095834434 31.688840843737125 14.378538958728312 34.240528246387839
leaf_count=6586 2322 3078 51 874 3798 119 1153 281 530 651 945 596 924 1066 108 519 538 112 366 311 649 64 436 491 1020 350 1126 190 46 132
internal_value=4.79403e-06 -0.0104167 0.00450231 0.0077906 -0.0174237 -0.00171053 -0.00271597 -0.00604952 0.00130551 -0.0121829 0.0052855 -0.00961547 -0.00689336 0.0121388 -0.00666285 0.00336767 0.00191067 0.00391478 -0.0100032 0.00421651 -0.000168907 0.00724223 0.00347502 0.00468459 0.00234155 0.000678546 -0.00306676 0.0028877 -0.00154445 -0.00575977
internal_weight=5061.93 1523.99 3537.94 2312.65 794.637 1225.29 729.355 488.939 776.921 404.702 1474.33 363.123 448.371 838.314 189.733 1051.95 848.623 587.188 154.578 125.816 613.981 234.642 271.538 564.083 372.002 328.899 342.443 98.5619 80.3079 65.9294
internal_count=29432 16454 12978 6636 11035 6342 5419 4266 3096 4449 4696 3674 3246 1940 1004 3751 3232 2092 896 592 2630 602 1085 1973 1482 1370 1545 419 368 322
is_linear=0
shrinkage=0.02


Tree=13
num_leaves=31
num_cat=0
split_feature=15 3 3 6 15 17 14 21 3 23 11 26 11 14 8 1 21 22 15 12 7 7 11 0 9 25 6 9 13 7
split_gain=615.649 167.467 149.263 59.3854 46.4368 36.8119 35.8202 32.6438 32.5849 29.4278 27.5207 27.4138 24.8992 24.5697 17.5799 16.9786 18.7019 16.7899 16.6882 21.8684 16.6792 17.44 16.5226 15.7508 15.2494 14.249 14.0864 13.8885 13.8856 13.8716
threshold=1.0000000180025095e-35 -0.23691431432962415 1.0424450039863589 0.26037923991680151 -0.69128316640853871 1.7695462703704836 -1.6629610061645506 0.3211523443460465 -0.48234651982784266 0.88697460293769848 0.22028704732656482 -1.0098257064819334 0.050302686169743545 0.20436123013496402 0.15047103911638263 1.1446853876113894 1.2291149497032168 -0.23278988897800443 0.8286140263080598 -0.75570601224899281 -0.63401782512664784 0.80158981680870067 -0.40882807970046992 1.585563659667969 -1.6162987351417539 -0.48000714182853693 0.74317610263824474 -1.1053734421730039 -1.0386824607849119 -1.5431374311447141
decision_type=2 2 2 2 2 2 2 2 2 2 2 2 2 2 2 2 2 2 2 2 2 2 2 2 2 2 2 2 2 2
left_child=1 10 3 12 -3 6 -5 -6 -8 13 -1 -9 -2 28 -14 16 -11 -10 19 -19 -7 -22 -17 24 -15 -26 -13 -21 -4 -16
right_child=2 4 9 5 7 20 8 11 17 15 -12 26 14 23 29 22 -18 18 -20 27 21 -23 -24 -25 25 -27 -28 -29 -30 -31
leaf_value=-0.022067563896404248 -0.011831033556742128 -0.015620190080230599 -0.0099070642463445231 0.0093294388483986228 -0.0075048920135653572 -0.0079362595225334794 -0.010140080864306476 0.012266508031698084 -0.0041973395530374774 0.0064658758217610302 -0.012145330611198647 -0.0059129954100026116 -0.0084075930714347762 -0.015598118709462405 -0.019528767210314078 -0.0042744744772289017 0.014385121272862282 -0.015517566126649698 0.0048514987999630976 -0.010878877203640351 0.017529903173134513 0.0001142134836056704 0.014673143860610782 0.013214415123752106 0.010019801574757056 -0.00090114980416733609 0.0035894863543964686 0.0018305032157076783 0.010682846321141784 0.0035409318645118698
leaf_weight=438.10473420377821 175.16337661258876 133.10063081048429 10.063009299337862 182.9093197081238 289.2619694294408 12.553291007876394 110.98786696046591 70.67970697209239 198.18957559671253 516.44099213182926 180.1324369776994 128.91936618182808 101.13829628936946 18.309268735349178 6.2117678858339778 17.245551150292158 159.23915684595704 31.067375220358372 452.70853891223669 32.757968729361892 101.86099382862449 29.391710080206394 380.57005405798554 35.640918739140034 53.99137756228447 248.24237916991115 112.27663995698094 382.83058399893343 237.43532896414399 152.01402572914958
leaf_count=7596 1501 1755 36 474 2500 57 785 341 928 1253 2466 1090 745 89 62 47 321 187 1346 211 219 80 705 78 150 837 454 1774 561 886
internal_value=-0.000165069 -0.0116649 0.00410979 0.000372285 -0.00515144 0.00222174 0.00120603 -0.00272377 -5.67979e-05 0.0084852 -0.0192972 0.00175913 -0.00611307 0.0048909 -0.00210068 0.0104744 0.00842418 0.00100421 0.00216733 -0.000576804 0.0116789 0.0137773 0.0138089 0.00148494 -2.17533e-06 0.0011811 -0.00150653 0.000711291 0.00966608 0.00206477
internal_weight=4999.44 1352.48 3646.96 1969.78 734.238 1535.26 1391.45 601.138 1208.54 1677.18 618.237 311.876 434.527 603.682 259.364 1073.5 675.68 1097.55 899.364 446.656 143.806 131.253 397.816 356.184 320.543 302.234 241.196 415.589 247.498 158.226
internal_count=29534 16202 13332 9255 6140 6061 5705 4385 5231 4077 10062 1885 3194 1751 1693 2326 1574 4446 3518 2172 356 299 752 1154 1076 987 1544 1985 597 948
is_linear=0
shrinkage=0.02


Tree=14
num_leaves=31
num_cat=0
split_feature=6 4 4 3 3 21 5 3 7 6 3 3 4 8 4 5 21 16 7 11 6 12 8 12 4 3 2 25 8 23
split_gain=546.832 198.735 164.892 115.744 81.91 43.2477 40.0723 34.4757 31.0765 30.1568 29.9888 29.7425 22.6487 21.7297 20.372 19.0158 20.597 18.8276 23.3394 18.206 17.5217 17.5199 17.4711 14.5785 14.3545 14.2339 15.7646 13.7867 13.2715 13.2571
threshold=0.20269072800874713 0.42488689720630651 0.95617982745170604 0.77448034286499035 -0.23691431432962415 1.320881247520447 1.0000000180025095e-35 -0.022056564688682553 -0.60760891437530506 0.92130836844444286 1.059853792190552 1.7009050250053408 -0.86389890313148487 -0.72006455063819874 -0.47009001672267908 -0.31547516584396357 0.15483544766902926 0.48698960244655615 -0.67558324337005604 -0.2630809992551803 1.1816347837448122 0.64890921115875255 -0.55245864391326893 -0.32439854741096491 2.4815859794616704 0.23450369387865069 -0.73409250378608693 -0.47019761800765986 1.2430629134178164 0.90218478441238414
decision_type=2 2 2 2 2 2 2 2 2 2 2 2 2 2 2 2 2 2 2 2 2 2 2 2 2 2 2 2 2 2
left_child=1 4 3 8 -1 9 -6 24 -2 21 -8 14 -13 -9 23 25 20 18 -11 -19 -17 27 -20 -5 28 -10 -27 -4 -3 -25
right_child=2 7 5 11 6 -7 10 13 15 17 -12 12 -14 -15 -16 16 -18 19 22 -21 -22 -23 -24 29 -26 26 -28 -29 -30 -31
leaf_value=-0.021883034539176532 -0.01178576929571919 -0.011415255561068443 0.016642718108451394 -0.011843567928831598 -0.015686214039533949 0.01654215873016918 -0.0084947648258450678 -0.0092067071875458362 -0.012302936398071751 -0.014342143050446185 0.0065780073564552137 -0.0057203541451279804 0.011801279346626193 0.0060725465488093112 0.0047978435721481002 -0.010855127455491602 0.0019914581722022939 6.4755746939125568e-05 -0.0034894074043029526 0.012839581846691546 0.0036674147829827194 -0.0034668769241735721 0.011050332734338806 -0.0054159121785219326 0.012137781260421691 0.016844080586437906 -0.0048688080186844746 0.0036751978033584009 0.0014027477101327889 0.0046744547690287311
leaf_weight=457.06666288152337 184.54804678820074 129.14091156143695 35.41411130130291 43.076792232692242 237.040403470397 283.41179944947362 173.67606087587774 38.622136723250151 113.67505230754614 19.45876245573163 70.676813015714288 29.890500076115131 284.28418960794806 265.86968752555549 635.70282616838813 107.56578406319022 369.84576524607837 48.829692639410496 44.358243282884359 519.39029084518552 44.21879717707634 114.65389741957188 105.38384571298957 85.5983224529773 10.465059438720344 10.289184149354694 105.46577818319201 202.02695896849036 41.226354196667671 117.55384623631835
leaf_count=8270 1504 1422 86 206 2769 566 1710 239 1183 80 297 86 594 1148 1946 855 1795 136 137 1060 197 432 259 446 43 32 635 721 347 346
internal_value=-4.2344e-05 -0.0104729 0.00420404 0.000716933 -0.0158227 0.00959614 -0.0099029 -7.22885e-05 -0.00453881 0.00772198 -0.00409062 0.00482982 0.0100708 0.00401708 0.00291656 -0.00269195 -0.000560014 0.0100121 0.00399973 0.0117519 -0.0066423 0.00285258 0.00676963 -0.00193927 -0.00688092 -0.00742378 -0.00232127 0.00591264 -0.00836193 0.000394903
internal_weight=4928.43 1423.78 3504.64 2131.71 938.46 1372.93 481.393 485.324 935.608 1089.52 244.353 1196.11 314.175 304.492 881.932 751.06 521.63 737.421 169.201 568.22 151.785 352.095 149.742 246.229 180.832 229.43 115.755 237.441 170.367 203.152
internal_count=29547 16245 13302 9825 13046 3477 4776 3199 6201 2911 2007 3624 680 1387 2944 4697 2847 1672 476 1196 1052 1239 396 998 1812 1850 667 807 1769 792
is_linear=0
shrinkage=0.02


Tree=15
num_leaves=31
num_cat=0
split_feature=15 4 4 0 24 4 24 0 21 7 17 21 21 4 2 24 25 4 12 25 13 15 17 14 24 10 9 16 15 8
split_gain=543.188 216.907 131.049 67.2302 63.1014 55.8534 39.8613 37.5625 33.1672 30.4402 28.1444 28.6419 25.2953 25.2665 24.3046 23.7621 19.5744 18.4382 17.082 17.0775 16.6095 16.1956 15.8998 15.0944 19.7495 14.4025 15.0667 13.259 12.6863 12.6521
threshold=0.30729536712169653 0.1394266486167908 0.42488689720630651 0.70308890938758861 -0.45026040077209467 2.3442298173904423 1.291646480560303 0.87758493423461925 1.361117482185364 -0.71931546926498402 0.70718213915824901 0.6972995698451997 -0.19298362731933591 2.0265146493911748 0.74050816893577587 0.77940210700035106 -0.29096181690692896 -0.64747110009193409 0.59190076589584362 -0.72236588597297657 -0.33231395483016962 -0.11873451247811316 0.99986651539802562 -0.77831232547759999 0.68961757421493541 0.31221127510070806 -0.20552120357751844 1.1112722754478457 1.5303599834442141 -0.27183429896831507
decision_type=2 2 2 2 2 2 2 2 2 2 2 2 2 2 2 2 2 2 2 2 2 2 2 2 2 2 2 2 2 2
left_child=1 4 6 12 22 8 10 16 14 -8 11 27 -4 28 19 23 -6 18 -11 -3 -17 -21 -1 -14 -25 26 -16 -2 -5 -23
right_child=2 5 3 13 7 -7 9 -9 -10 17 -12 -13 15 -15 25 20 -18 -19 -20 21 -22 29 -24 24 -26 -27 -28 -29 -30 -31
leaf_value=-0.022377031103038778 -0.0097716271140008085 0.0078116851694105781 -0.0019309214226653697 0.0085285931849116235 -0.0059435773631728254 0.015103203055890274 -0.011834338073898908 -0.00058352379294213249 0.0086252050335132221 -0.01143531662449849 0.0020444723029046808 0.00040955388323384202 0.0088025675175000626 0.01775091010726965 -0.017004165320821118 -0.00072135179330004909 -0.01555333597585277 0.011198611132404522 0.0074502784304248714 -0.012619733716934357 0.010265306501699942 -0.010257086208047599 -0.001536423524122579 0.00065999022523218441 -0.019192112041001446 0.00954906920162173 0.0014923397442470621 0.0044835980674617273 0.016090293474562613 -0.0014953162713512386
leaf_weight=363.34501472581178 299.08044249378145 26.881724311038852 185.48190433345735 504.54065922647715 120.02355639636517 72.301156116649508 28.980167845264077 114.00067423656583 84.883574126288295 28.478383049368858 421.66227907314897 246.69395563006401 72.563310012221336 254.83571325242519 17.275955421850085 62.416761569678783 378.76925550214946 212.33976848237216 39.816705200821161 159.44323150068521 424.03487600386143 97.872667418792844 16.046892124228179 170.93515114672482 17.665078308433294 61.287754064425826 81.102347606793046 25.704529186710715 115.60090237855911 189.4644378349185
leaf_count=6654 2104 186 759 1182 1271 226 163 729 390 105 1556 1107 211 457 110 180 4815 536 115 1877 973 778 176 663 85 256 359 100 211 1302
internal_value=-0.000107845 -0.00889575 0.00493436 0.00841119 -0.0150987 -0.00106432 9.5216e-05 -0.0109768 -0.00278505 0.00630241 -0.00186177 -0.00473671 0.00463877 0.012385 -0.00436992 0.0062707 -0.0133229 0.0083497 -0.000667698 -0.0066271 0.00886261 -0.00757268 -0.021527 0.00136713 -0.00164708 0.00232408 -0.00242111 -0.00859255 0.0100556 -0.00460414
internal_weight=4893.53 1782.7 3110.83 1808.07 992.185 790.513 1302.76 612.793 718.212 309.615 993.141 571.479 933.097 874.977 633.328 747.615 498.793 280.635 68.2951 473.662 486.452 446.78 379.392 261.164 188.6 159.666 98.3783 324.785 620.142 287.337
internal_count=29636 19129 10507 4721 13645 5484 5786 6815 5258 919 4867 3311 2871 1850 4868 2112 6086 756 220 4143 1153 3957 6830 959 748 725 469 2204 1393 2080
is_linear=0
shrinkage=0.02


Tree=16
num_leaves=31
num_cat=0
split_feature=3 4 4 15 4 3 15 6 17 14 1 17 4 21 6 3 16 27 4 16 15 9 23 2 5 3 17 15 9 11
split_gain=546.259 198.191 162.04 96.66 51.5352 41.9443 40.5112 35.5899 32.8016 29.2146 27.1161 26.5734 19.3733 19.9603 16.4976 16.3009 15.9584 16.0485 15.7326 16.5517 15.507 14.9807 15.9286 13.8177 13.6887 16.729 14.5223 13.1408 15.4351 15.1194
threshold=0.095092352479696288 0.1394266486167908 0.76778557896614086 0.78425070643424999 2.1366919279098515 1.4089094400405886 0.012750413734465839 -0.32698601484298701 0.74104136228561412 -0.054883811622858041 0.24555910378694537 -0.61877822875976551 -0.60837629437446583 0.98409923911094677 -0.34139987826347346 1.5566391348838808 0.34767371416091924 8.5000000000000018 -0.28477597236633295 0.47397507727146154 1.3286693692207339 -0.040927965193986886 0.13754820078611377 0.58176198601722728 -0.68195274472236622 0.82974115014076244 0.65522184967994701 1.1398773789405825 0.24268146604299548 1.2291301488876345
decision_type=2 2 2 2 2 2 2 2 2 2 2 2 2 2 2 2 2 2 2 2 2 2 2 2 2 2 2 2 2 2
left_child=1 6 3 7 8 9 -1 -2 14 -4 16 -9 27 24 -3 -13 -11 -18 -8 -20 -7 23 -23 -12 -14 26 -26 -5 29 -29
right_child=2 4 5 12 -6 20 18 11 -10 10 21 15 13 -15 -16 -17 17 -19 19 -21 -22 22 -24 -25 25 -27 -28 28 -30 -31
leaf_value=-0.020988775544060475 -0.011804586739793215 -0.013225759343227931 0.0105302722581005 -0.0062209891161649038 0.011621151170841521 0.010866608885851024 -0.01428070915887083 -0.011108918949114619 0.0054257831190219112 0.0057532781115732937 0.0079696740707229461 -0.0020157445184617075 -0.0045778877173840212 0.010938478009527944 -0.004472108091138822 0.006077705111118388 0.015636647599485985 -0.0070376387855540122 -0.013214277958893902 0.0040352886986523388 0.018547425770375731 -0.0063395006633805628 0.010429387997219748 -0.0086240479558304089 -0.0089405742328533856 0.0077450498340598242 0.0049620233334989293 -0.0091082581070771121 0.011592055590104603 0.0095168422742222952
leaf_weight=497.24897398706526 182.59414877276868 120.85240057297051 446.62773477099836 85.639914950355887 86.135604487732053 335.68190209567547 147.61786306835711 108.02275628782809 100.10858678631485 73.537348443642259 32.125342048704624 582.90259021800011 60.933030787855387 258.76032495871186 303.22261055000126 114.87705001421273 8.9299776107072812 145.30533289536834 32.978539706207812 49.693594571202993 182.53044636547565 21.449763989076018 266.85290407389402 38.794661410152912 49.056160151958466 298.00315198302269 62.884068099781871 43.474198509007692 50.877704802900553 22.438994791358709
leaf_count=9299 2017 1620 1081 392 274 714 1574 921 425 292 104 3432 242 607 2230 360 18 588 353 314 319 113 682 140 244 727 210 142 129 61
internal_value=9.93789e-05 -0.0107351 0.00428328 0.000395019 -0.00229718 0.00907846 -0.0177495 -0.00395262 -0.00467248 0.00669483 0.00371226 -0.00211154 0.00500189 0.00651155 -0.00709176 -0.000649541 -0.00166742 -0.00527506 -0.0104579 -0.00320689 0.0137234 0.00709942 0.00909498 -0.00107759 0.00398946 0.00530271 -0.00125236 -0.00046529 0.00383735 -0.00254371
internal_weight=4810.16 1337.86 3472.3 1920.46 610.319 1551.84 727.539 988.397 524.184 1033.62 586.995 805.802 932.068 729.637 424.075 697.78 227.773 154.235 230.29 82.6721 518.212 359.223 288.303 70.92 470.876 409.943 111.94 202.431 116.791 65.9132
internal_count=29624 16089 13535 9484 4549 4051 11540 6730 4275 3018 1937 4713 2754 2030 3850 3792 898 606 2241 667 1033 1039 795 244 1423 1181 454 724 332 203
is_linear=0
shrinkage=0.02


Tree=17
num_leaves=31
num_cat=0
split_feature=24 4 4 15 15 25 6 15 5 2 0 4 2 4 17 15 5 17 24 11 11 2 17 7 14 4 7 14 14 0
split_gain=457.1 198.74 90.3345 47.9455 47.4342 46.112 51.6859 33.3444 25.4148 24.0623 18.9447 18.9005 18.5993 18.0102 18.397 17.8694 17.2266 17.0116 21.0508 18.8119 15.4288 15.4207 16.148 15.8747 15.3383 15.1085 14.8319 16.6367 14.1204 13.7088
threshold=0.45378361642360693 0.0116571132093668 0.42488689720630651 0.036514159291982658 -0.14185988157987592 0.72667622566223156 0.84452986717224132 1.0822007060050967 1.0720123052597048 1.4480401277542116 0.97601816058158886 2.3442298173904423 0.59127250313758861 1.3854932785034182 0.19935918599367144 -0.88584199547767628 0.46447333693504339 0.69232475757598888 1.2340836524963381 -0.3675838410854339 0.29861862957477575 1.0777068138122561 -0.22951881587505338 -0.30666916072368616 -1.6114215850830076 -0.42048531770706171 -0.56072804331779469 -0.36187434196472162 0.71506568789482128 0.13205233216285708
decision_type=2 2 2 2 2 2 2 2 2 2 2 2 2 2 2 2 2 2 2 2 2 2 2 2 2 2 2 2 2 2
left_child=1 3 5 15 24 6 12 11 10 26 -9 21 -2 14 20 -1 29 18 -8 -20 -6 22 -4 28 -3 -21 -7 -28 -23 -13
right_child=2 4 7 -5 13 9 17 8 -10 -11 -12 16 -14 -15 -16 -17 -18 -19 19 25 -22 23 -24 -25 -26 -27 27 -29 -30 -31
leaf_value=-0.024252658806831699 -0.0080233900260788821 0.0091867843047118824 -0.0043010872054501008 -0.0084163216474770468 -0.0092871133263642599 -0.019257615724329765 -0.0011333172385697477 0.0042067898554283027 0.015252254919280341 0.0058645318597061657 0.012215343529062103 -0.014237191386937504 0.0020826492305400946 0.0055622043570691905 0.0032749276120244203 -0.015740471046577033 0.016237591020295424 0.00866465456529498 -0.0084725163131171011 0.0016059574366959354 0.00033172706335735347 -0.008843327330464253 0.003770538425826031 0.011469765561961063 -0.011959425349408177 0.016070204482002859 -0.00014491393065336922 -0.012528645754224499 0.012970085607955885 0.0080233807368249744
leaf_weight=171.84568487573415 195.65944784320891 11.291263325139878 118.16915998980403 300.11136224679649 136.21254022978246 46.250286119058728 243.73065712209791 285.5639381185174 292.45004815608263 45.244651269167662 207.34456017613411 11.709789883345364 111.65071489755064 221.43364748358727 195.22882257960737 389.92464373074472 95.082016866654158 331.13163362536579 19.202302347868681 45.303105093538761 125.78660879470408 31.368473757058382 513.41339185833931 156.98773125186563 170.30905735678971 81.043086864054203 84.013532526791096 85.012338342145085 12.695941336452959 27.787995472550392
leaf_count=3683 1577 82 614 2548 1343 431 1281 675 553 142 396 54 574 824 855 6289 193 922 105 170 821 104 1735 366 2168 199 330 545 24 76
internal_value=-0.000102741 -0.00832183 0.0045581 -0.0150807 -0.0015022 0.00053283 0.0024421 0.00750697 0.0105686 -0.00690315 0.00766447 0.00497941 -0.00437714 0.00094657 -0.00132475 -0.0185353 0.0118231 0.00536115 0.00247685 0.00835917 -0.00474935 0.00380929 0.00223842 0.00856997 -0.0104337 0.0111424 -0.00965874 -0.00655438 -0.00187713 0.000565648
internal_weight=4762.96 1722.14 3040.81 861.882 860.262 1288.24 1027.72 1752.57 785.359 260.521 492.908 967.215 307.31 678.662 457.228 561.77 134.58 720.411 389.279 145.548 261.999 832.635 631.583 201.052 181.6 126.346 215.276 169.026 44.0644 39.4978
internal_count=29679 18613 11066 12520 6093 6276 4828 4790 1624 1448 1071 3166 2151 3843 3019 9972 323 2677 1755 474 2164 2843 2349 494 2250 369 1306 875 128 130
is_linear=0
shrinkage=0.02


Tree=18
num_leaves=31
num_cat=0
split_feature=3 4 15 4 3 4 3 15 24 4 24 15 21 14 1 26 8 24 24 18 14 22 6 21 14 14 26 12 12 0
split_gain=463.836 201.406 120.241 60.5495 57.6554 44.7461 37.6098 33.4184 31.8658 27.9938 22.891 22.3075 19.549 18.5278 17.8452 17.0781 16.6126 16.3858 15.3657 14.2421 16.6169 14.5263 14.0071 13.7635 13.4192 12.8202 12.592 12.8613 12.3073 12.0285
threshold=0.105923879891634 0.21982406079769137 0.90794688463211071 0.48582239449024206 1.012526333332062 1.3854932785034182 1.3273620605468752 0.045959351584315307 0.3373339325189591 1.5836356282234194 0.26278162002563482 -0.10871868208050726 1.75008100271225 -0.56758543848991383 0.22904334217309955 -0.45915128290653223 0.78359103202819835 1.3898784518241885 -0.68785130977630604 -0.32478055357933039 -0.054883811622858041 0.29226049780845648 1.0588693618774416 -0.095987264066934572 -1.4089167118072508 0.35399699211120611 0.62395650148391735 -0.2862629741430282 0.55626124143600475 0.94938451051712047
decision_type=2 2 2 2 2 2 2 2 2 2 2 2 2 2 2 2 2 2 2 2 2 2 2 2 2 2 2 2 2 2
left_child=1 7 3 4 8 10 13 -1 -2 29 -3 -7 16 17 15 28 -5 -4 -6 20 -17 -21 -13 -11 -9 26 -20 -28 -15 -8
right_child=2 5 6 12 18 11 9 24 -10 23 -12 22 -14 14 -16 19 -18 -19 25 21 -22 -23 -24 -25 -26 -27 27 -29 -30 -31
leaf_value=-0.019881991886663061 -0.01314661719278298 -0.010486521214643545 0.0055272162063280438 0.0020307328247933078 -0.011201559253593766 -0.011490820643731556 0.0048121530151247604 -5.7655403758540683e-05 -0.0031747018397719844 0.00033052398653392713 -0.00070272176406117263 0.0040722024510259072 0.016516245986633253 0.012468340749530647 0.005585305816632225 0.0029451646952112116 0.0090832089751286954 0.015160446316651935 0.010169346964756788 -0.0081124625921847483 -0.020777596847071027 0.0077421314935300191 0.015498600505663263 0.01857010119331726 -0.012520895685982622 0.00017576387797283468 0.010506455415315042 -0.01082962640445017 -0.0043257881531388528 0.011333749406458631
leaf_weight=502.86892203893512 220.77455279696733 180.91711877845228 223.26500829309225 675.57048218697309 25.502076270058751 22.079229397699237 214.69439706392586 42.133066583424807 306.69894243963063 18.121185414493084 198.61748350411654 132.66109504550695 43.985420674085617 39.96140580996871 326.80964110605419 15.225022729486225 163.0793658643961 106.1497153416276 138.5788179654628 44.44629156216979 34.613999664783478 38.444645706564188 62.567013490945101 210.80815215408802 188.33637796156108 207.01734782196581 13.938746593892573 23.423932543024421 25.226752992719412 267.07167234271765
leaf_count=9739 2556 2211 578 2509 242 238 503 267 1988 41 1113 590 106 112 915 34 521 218 480 185 159 108 123 370 2001 991 47 123 89 539
internal_value=1.00689e-05 -0.00997394 0.00394419 0.000442508 -0.00309359 -0.00132276 0.00799928 -0.0169582 -0.00743271 0.0113959 -0.00544219 0.00583254 0.00418845 0.00512319 0.00274632 -0.00196363 0.00344782 0.00881166 0.00253193 -0.0060139 -0.0139229 -0.000737016 0.00802973 0.0171642 -0.010292 0.00357906 0.00746795 -0.00256928 0.0061241 0.00850675
internal_weight=4713.59 1330.18 3383.41 1818.57 935.934 596.842 1564.84 733.338 527.473 710.695 379.535 217.307 882.635 854.142 524.728 197.918 838.65 329.415 408.461 132.73 49.839 82.8909 195.228 228.929 230.469 382.959 175.941 37.3627 65.1882 481.766
internal_count=29696 16282 13414 9563 6427 4275 3851 12007 4544 1453 3324 951 3136 2398 1602 687 3030 796 1883 486 193 293 713 411 2268 1641 650 170 201 1042
is_linear=0
shrinkage=0.02


Tree=19
num_leaves=31
num_cat=0
split_feature=3 4 3 4 4 1 23 16 3 14 14 21 4 12 5 11 20 7 23 14 11 27 4 12 21 4 23 26 1 4
split_gain=440.866 211.956 99.8567 64.5851 46.6729 40.5626 39.8509 27.9563 23.8204 27.5346 23.7877 22.7852 21.5542 18.5221 18.3602 19.6708 18.2386 14.9357 15.0631 14.6417 14.5308 13.5982 13.5982 15.8694 14.0951 16.0097 15.147 13.4171 13.3716 19.822
threshold=0.1295014172792435 0.1394266486167908 1.1822354197502138 -0.012588249519467352 2.2702635526657109 1.1446853876113894 0.2625990509986878 0.30066041648387914 -0.67708626389503468 -1.117912709712982 -0.72527956962585438 0.82228827476501476 0.82356494665145885 0.92338827252388012 0.14489305019378665 0.64478081464767467 0.87421661615371715 -0.79813799262046803 1.029793977737427 -1.1808492541313169 -0.42225083708763117 17.500000000000004 1.5119113326072695 0.86611202359199535 0.1742077246308327 -0.50834998488426197 1.2604547739028933 0.68620237708091747 0.23651441931724551 2.3442298173904423
decision_type=2 2 2 2 2 2 2 2 2 2 2 2 2 2 2 2 2 2 2 2 2 2 2 2 2 2 2 2 2 2
left_child=1 7 3 6 8 14 -2 -1 -3 -10 17 13 20 -8 15 16 -4 18 -5 -9 -7 22 23 24 -16 -26 -27 -13 -12 -30
right_child=2 4 5 10 -6 12 11 19 9 -11 28 27 -14 -15 21 -17 -18 -19 -20 -21 -22 -23 -24 -25 25 26 -28 -29 29 -31
leaf_value=-0.020739311801358368 -0.013543024827803727 -0.0093843918124863878 -0.0091422656358726116 0.004627537174052029 0.012125464580660376 -0.0085774351071547308 -0.0077956427159864483 -0.0014601950852399794 0.0089225560418592451 -0.0037435375718604565 -0.0012994276065394284 0.0070456865699636871 0.016574155453660658 0.004666036359584228 0.00066554536317850704 0.0058369267241328059 0.0033998678795050452 0.0090945825841307389 -0.02143087600229792 -0.014116454873878897 0.0091310434852108577 -0.0025644445614938418 0.013289850862861195 -0.0018296166100351396 -0.002844622023449696 0.0090406588369458217 0.022553900642449002 -0.0052549444857696945 0.0021488812240034226 0.014269582427809593
leaf_weight=437.43805642798543 149.6760720917955 188.82018324080855 89.489273760467768 20.997853826731447 80.875898571684957 16.465990148484707 224.52540960535407 45.493641505949199 85.477735349908471 279.85346044879407 390.61836308427155 129.52293070778251 243.17828642576933 56.623057121410966 73.115609467029572 218.96260668337345 87.185656795278192 298.23925240710378 8.8557048812508565 211.16893879137933 201.24887447617948 46.821001570671797 159.79366563633084 76.71088533103466 27.744578428566456 136.30535736493766 46.368039071559906 44.061066780239344 477.59499401040375 56.303975723683834
leaf_count=8418 1818 1937 409 76 237 66 1566 377 358 2156 1889 563 449 306 268 681 302 765 35 3000 501 154 321 228 106 345 85 226 1842 123
internal_value=-0.000301982 -0.00999739 0.00363556 0.00057593 -0.00161972 0.00761129 -0.00476946 -0.0175957 -0.00371626 -0.000699555 0.00316389 -0.00176574 0.012476 -0.00524819 0.00522938 0.00188905 -0.00302974 0.00774919 -0.00506789 -0.0119439 0.00762924 0.00752384 0.0084479 0.00614763 0.0083002 0.0108761 0.0129802 0.00386369 0.00150373 0.00354764
internal_weight=4609.54 1329.13 3280.41 1857.02 635.027 1423.39 604.409 694.101 554.151 365.331 1252.61 454.732 460.893 281.148 962.497 395.638 176.675 328.093 29.8536 256.663 217.715 566.859 520.038 360.244 283.534 210.418 182.673 173.584 924.517 533.899
internal_count=29607 16483 13124 9209 4688 3915 4479 11795 4451 2514 4730 2661 1016 1872 2899 1392 711 876 111 3377 567 1507 1353 1032 804 536 430 789 3854 1965
is_linear=0
shrinkage=0.02


Tree=20
num_leaves=31
num_cat=0
split_feature=24 4 15 3 4 15 3 21 0 16 3 3 26 13 4 0 4 15 13 0 1 21 5 14 26 4 22 26 6 14
split_gain=412.69 174.128 75.0873 60.9711 54.1947 48.3395 38.0667 23.8122 24.008 23.4463 22.5023 21.5951 20.8249 21.0562 20.7837 20.5524 21.2573 17.5338 16.7834 15.3518 14.9384 14.1261 13.5971 13.5035 12.8739 13.3918 12.6451 12.5067 12.4796 12.3401
threshold=0.45378361642360693 0.0116571132093668 1.0677157640457156 1.1530465483665469 0.84116947650909435 -0.11873451247811316 0.92478802800178539 0.77624437212944042 -0.18615216016769406 1.0000000180025095e-35 -0.022056564688682553 -0.56117460131645192 1.3122839331626894 -0.27230566740036005 1.0151001214981081 0.84618648886680614 1.9235444664955141 -0.35860098898410792 -0.30384878814220423 0.81168392300605785 0.34728211164474493 1.7052972316741946 0.50212416052818309 -1.6114215850830076 0.080452114343643202 1.0000000180025095e-35 0.70154622197151195 -1.5160664916038511 1.2253286838531496 0.12649413943290713
decision_type=2 2 2 2 2 2 2 2 2 2 2 2 2 2 2 2 2 2 2 2 2 2 2 2 2 2 2 2 2 2
left_child=1 3 4 9 6 23 11 8 -4 -1 14 -2 13 -10 -7 16 18 -13 -6 -14 -17 29 -18 -3 25 -15 -26 -8 -29 -11
right_child=2 5 7 -5 15 10 27 -9 12 21 -12 17 19 24 -16 20 22 -19 -20 -21 -22 -23 -24 -25 26 -27 -28 28 -30 -31
leaf_value=-0.020561893758261656 -0.015522065053112516 0.0075710736826969018 -0.0070428121245586237 -0.00026096500013059724 -0.011415343749124438 -0.010615424566030325 -0.011380757027030577 0.011066672296776636 -0.0030351343152780867 -0.0080296962520935017 0.002986926724656871 -0.014978663027314452 -0.021035528954384916 -0.0042316952739128132 0.0022709554467930304 -0.0055864376432958763 0.00060459670251760225 -0.0021203274425081863 0.0017250594255848095 0.0059173494812627767 0.010995382279173219 0.0075509105850441365 0.013184676718069745 -0.012290251889797727 0.012497604275250811 0.0075868479352483248 -0.0022785214618684002 0.00098315494700910739 0.0079915841975696095 -0.016590170179621694
leaf_weight=360.57713071163744 63.554877592250705 11.584460906684397 52.712746351957321 100.83169557526708 41.585574302822351 108.75849680043757 18.729048456996679 582.58456788212061 65.75568363443017 124.73326393961906 478.49202021583915 42.467454580590129 14.028252292424442 48.38610147498548 86.766185492277145 20.562307052314281 53.052616536617279 427.33003163896501 230.25822779536247 12.082078170031307 277.72497641295195 10.253955828957258 95.24990201368928 169.66108839958906 282.24308508448303 140.65272210165858 23.663699015974998 276.47828646190464 157.25184009224176 200.80399892944843
leaf_count=7166 832 82 227 574 212 1302 88 1245 220 1520 1955 531 54 179 559 67 190 2785 886 31 632 68 217 2243 660 319 69 1084 462 3118
internal_value=-0.000145591 -0.00812178 0.0043646 -0.0148161 0.00164301 -0.00183213 -0.00140134 0.00813772 0.0054044 -0.0169067 0.000655297 -0.00500006 0.00657258 0.00740482 -0.00498292 0.00580118 0.00289525 -0.00342816 -0.000454971 -0.00961702 0.00977907 -0.0127376 0.00885087 -0.0108516 0.0088083 0.0045307 0.0113363 0.00284907 0.00358623 -0.0134812
internal_weight=4578.82 1652.46 2926.35 797.2 1704.25 855.262 985.812 1222.11 639.524 696.368 674.017 533.352 586.812 560.701 195.525 718.434 420.146 469.797 271.844 26.1103 298.287 335.791 148.303 181.246 494.946 189.039 305.907 452.459 433.73 325.537
internal_count=29577 18587 10990 12446 7986 6141 5782 3004 1759 11872 3816 4148 1532 1447 1861 2204 1505 3316 1098 85 699 4706 407 2325 1227 498 729 1634 1546 4638
is_linear=0
shrinkage=0.02


Tree=21
num_leaves=31
num_cat=0
split_feature=6 4 4 3 3 3 3 0 4 4 21 5 11 11 14 3 5 5 26 20 25 14 22 3 14 8 21 5 4 16
split_gain=360.43 148.211 94.0364 74.3552 48.3276 43.7602 33.7596 31.9632 29.9396 26.8821 24.4542 21.7824 19.7429 19.5789 18.7064 27.4712 19.7904 18.432 17.4268 17.3187 16.9268 16.6933 14.4737 14.4335 14.2135 13.4988 13.4715 12.6329 12.5616 12.4089
threshold=0.26037923991680151 1.0000000180025095e-35 0.9946403205394746 0.1295014172792435 -0.067266266793012605 0.53045126795768749 1.772457003593445 -0.090111415833234773 2.3442298173904423 -0.25432795286178583 0.020263244397938255 -0.32564438879489893 0.78148701786994945 -0.49823394417762751 -1.795169949531555 1.4089094400405886 -0.99184358119964589 -0.30602823197841639 -1.0098257064819334 0.96935361623764049 2.2086921930313115 0.48060341179370886 0.66306629776954662 1.5566391348838808 -1.2091784477233884 -0.99789533019065846 1.1287970542907717 0.02941115386784077 2.5758447647094731 0.99504980444908153
decision_type=2 2 2 2 2 2 2 2 2 2 2 2 2 2 2 2 2 2 2 2 2 2 2 2 2 2 2 2 2 2
left_child=1 5 3 9 13 27 10 -4 21 -2 12 19 23 -3 -9 16 -16 -7 -18 25 29 -6 -13 -5 -11 -12 -23 -1 -15 -20
right_child=2 4 7 6 8 17 -8 14 -10 24 11 22 -14 28 15 -17 18 -19 20 -21 -22 26 -24 -25 -26 -27 -28 -29 -30 -31
leaf_value=-0.020555719214880207 -0.013415893633266777 -0.016508713526642255 -0.0019787888394278965 -0.011627713140085741 0.0032146724001439505 -0.014486979410338508 0.0097889508371795299 0.016400771036413235 0.017462662636576448 0.0061348707181466981 0.0035650607004102416 0.0069052764223413747 0.00085215928268055552 -0.0060890414866449629 -0.0082989634311839977 0.012702046534399387 0.014064669586571923 -0.00071940585001426059 0.0043117340176697817 0.0051090585200278139 -0.010644463140246137 -0.0091718304734707198 0.00075857609896453834 0.0092800965457931466 -0.0052504387837645685 -0.0082925208312901975 0.007962489245089804 -0.01329791402488564 0.012371010847252758 0.013092967462622116
leaf_weight=312.03007545601577 146.19277869910002 79.26821616012603 111.16183261200786 107.45468627102673 267.03045421093702 56.525923116132617 243.52100988849998 127.41863448545337 42.158055424690247 53.974123639985919 49.900976123288274 509.38829219713807 193.72120766714215 163.49255775194615 34.14282120577991 348.14628097042441 98.563628103584051 107.28401154838502 419.72304050251842 99.595823230221868 22.054886739701033 88.455792571417987 220.16350597143173 11.212720677256582 169.58168246503919 133.13239030912519 18.742466123774648 203.73769574891776 11.516740418970583 73.827675104141235
leaf_count=6410 1883 1231 443 778 1393 666 552 251 104 239 234 1683 881 1849 145 711 252 813 1226 417 65 615 837 33 1395 711 82 3477 38 159
internal_value=0.000189119 -0.00844688 0.00387174 0.00111651 -0.00175073 -0.0149941 0.00302107 0.00817291 0.00244403 -0.0068932 0.00174466 0.00325158 -0.00311225 -0.00853444 0.00918133 0.00818089 0.00567438 -0.00575856 0.00651193 -0.00144406 0.00494692 0.000544203 0.00506812 -0.00935683 -0.00242756 -0.00505091 -0.00595474 -0.017844 -0.00456437 0.00574341
internal_weight=4523.12 1350.24 3172.88 1937.84 670.664 679.578 1568.09 1235.04 416.387 369.749 1324.57 1012.18 312.389 254.278 1123.88 996.458 648.312 163.81 614.169 282.629 515.606 374.229 729.552 118.667 223.556 183.033 107.198 515.768 175.009 493.551
internal_count=29573 16678 12895 9643 5312 11366 6126 3252 2194 3517 5574 3882 1692 3118 2809 2558 1847 1479 1702 1362 1450 2090 2520 811 1634 945 697 9887 1887 1385
is_linear=0
shrinkage=0.02


Tree=22
num_leaves=31
num_cat=0
split_feature=15 3 3 4 4 4 6 21 4 4 3 0 23 14 16 17 5 17 14 22 14 26 6 3 3 4 6 21 9 17
split_gain=401.431 151.093 84.7655 64.0999 42.8643 41.3018 36.5052 32.134 25.7451 25.2045 22.3415 21.2546 21.1981 20.4188 19.5203 18.8078 18.0031 17.0382 16.4432 16.0428 15.6875 14.5641 13.7011 13.5872 13.2942 12.9956 12.8264 11.8508 11.689 12.2248
threshold=0.24525921046733859 -0.079676091670989976 1.1822354197502138 -0.061488233506679528 0.42488689720630651 0.11291028186678888 0.90995401144027721 0.64234766364097606 1.868980944156647 0.71715429425239574 0.93774285912513744 1.3379098773002627 1.0695049166679385 0.52983367443084728 0.66821888089180004 0.24323926866054538 0.12222914770245553 0.89696255326271068 -0.4771598875522613 0.8474506437778474 -1.0498251914978025 -1.4070231914520261 0.33675903081893926 1.5566391348838808 -0.24778271466493604 2.3442298173904423 -0.41081513464450831 -0.11591370031237601 0.57655829191207897 -0.074636228382587419
decision_type=2 2 2 2 2 2 2 2 2 2 2 2 2 2 2 2 2 2 2 2 2 2 2 2 2 2 2 2 2 2
left_child=1 4 5 10 26 7 13 12 11 21 -3 18 -2 17 19 -14 20 -4 -5 -15 -7 -8 -9 -20 -22 -18 -1 -27 29 -24
right_child=2 3 6 8 -6 16 9 22 -10 -11 -12 -13 15 14 -16 -17 25 -19 23 -21 24 -23 28 -25 -26 27 -28 -29 -30 -31
leaf_value=-0.021129888477332145 -0.0095646502978531563 -0.01273497415973078 0.0012226918881299983 0.0061204063479357975 -0.0065739223999192117 0.0077470206891345475 -0.009801121434949522 -0.0069142364618265222 0.010723342807954891 0.014166975317167518 -0.0020935313527916726 0.012262685906575395 -0.011680828039382932 -0.023438720414508288 0.0018939075243887455 0.0081367401081833286 0.0045923044233097581 0.012045674753907722 -0.0055090957834840618 0.0038953933687789245 -0.012421779635724911 0.0078887220973362805 -0.0042245337471521682 0.0079783992992142668 -9.6526644350551221e-06 -0.00098533334824116628 -0.013800052955659406 0.014888386173985586 -0.002065338033975028 0.010501249173686208
leaf_weight=274.92501195520163 244.61444829031825 220.10814459435642 121.75915726646781 77.105303704738617 187.70899799559265 89.878030298277736 15.450270827859638 43.80307596269995 104.67751417681575 452.94809795171022 125.01813039463013 43.484710143879056 22.776183724403381 23.009759116917849 76.600880339741707 57.298915829509497 644.60053829289973 108.68917857296765 257.97868891991675 10.559516690671442 34.158153388649225 375.00325752049685 24.617792846634984 29.262881271541119 291.28189080022275 22.567990332841873 222.25276895239949 92.570032801479101 65.217575905844569 120.37026068009436
leaf_count=6194 2163 2921 410 366 2042 278 56 390 299 914 821 136 185 121 240 253 2177 250 1882 38 277 928 156 102 1202 62 3851 180 316 451
internal_value=0.000260313 -0.00798626 0.00459651 -0.00236621 -0.0149557 0.00179579 0.0087199 -0.00256305 0.00212125 0.0109442 -0.00896518 -0.000189766 -0.00668815 0.00313378 -0.00383223 0.00214471 0.00394422 0.00647467 -0.00182185 -0.0154502 0.000584672 0.00707366 0.00273722 -0.00402206 -0.00148067 0.00576492 -0.0180233 0.0118655 0.00486233 0.00794345
internal_weight=4480.3 1542.52 2937.78 857.635 684.887 1753.75 1184.02 578.698 512.509 843.402 345.126 407.832 324.69 340.618 110.17 80.0751 1175.06 230.448 364.347 33.5693 415.318 390.454 254.009 287.242 325.44 759.739 497.178 115.138 210.206 144.988
internal_count=29661 18614 11047 6527 12087 8090 2957 3914 2785 1898 3742 2486 2601 1059 399 438 4176 660 2350 159 1757 984 1313 1984 1479 2419 10045 242 923 607
is_linear=0
shrinkage=0.02


Tree=23
num_leaves=31
num_cat=0
split_feature=15 4 4 3 3 5 6 3 14 14 15 16 7 4 4 11 5 4 3 11 5 15 5 3 11 6 5 0 17 0
split_gain=385.029 160.445 67.3499 55.3483 52.5438 48.4102 38.4205 33.0812 29.5624 25.6426 24.3146 22.6631 22.4207 21.9159 21.6357 20.6418 20.389 19.0166 16.7476 16.5806 15.0004 14.6316 13.5378 19.9644 18.6231 13.7001 13.3835 13.1323 13.0154 12.2785
threshold=0.29557108879089361 -0.025461433455348011 0.9946403205394746 1.012526333332062 -0.21402409672737119 -0.20040152221918103 1.0394741892814638 0.87063464522361766 -0.46406060457229609 -1.795169949531555 1.2620696425437929 0.48698960244655615 0.99978831410408031 1.8228594064712527 -0.64747110009193409 0.54915213584899913 0.0090280319564044493 0.86014646291732799 0.11745148897171022 0.38988901674747473 1.412310838699341 -0.83408939838409413 0.82814058661460888 1.6714404821395876 0.087061673402786269 1.3271549344062807 1.0008841753005984 0.67513769865036022 -0.6636734902858733 0.81168392300605785
decision_type=2 2 2 2 2 2 2 2 2 2 2 2 2 2 2 2 2 2 2 2 2 2 2 2 2 2 2 2 2 2
left_child=1 3 5 16 17 18 9 10 -6 -4 -7 20 29 15 -9 -10 -1 19 -2 -3 27 -18 23 24 -16 -26 -19 -8 -20 -11
right_child=2 4 6 -5 8 7 11 14 13 12 -12 -13 -14 -15 22 -17 21 26 28 -21 -22 -23 -24 -25 25 -27 -28 -29 -30 -31
leaf_value=-0.020066980341234109 -0.010724806735385317 -0.018637413814083067 0.015038347563856832 -0.0019905508294692682 0.0093715424638582522 -0.0025363228392787048 -0.0096192550744385995 -0.0016658332803767106 -0.0073685125896687399 -0.0027468218743767004 0.0073103102163787383 0.013141856170329659 0.010741548922103597 0.0077510063228135653 -0.0094705172986147522 0.0023166464815234751 -0.02143732501486131 -0.0079478816909309274 -0.014602444670943224 -0.0037271169209097221 0.014324943855287185 -0.0094754544241699382 0.011736579478724874 0.012382253569755131 0.00088245614304282888 0.013421829535412284 0.006076416658124504 0.0063326063262906023 -0.00062980468390532601 0.0047269393676770272
leaf_weight=372.56195804849267 91.120189407840371 96.652508722618222 68.526563629508018 118.686597940512 137.60826170817018 362.91692312061787 38.987525474280119 97.610471162945032 204.0124079156667 233.52895417436957 132.91540524363518 511.37169020436704 93.752560779452324 84.697974018752575 42.180512018501759 148.7867224086076 53.583932654000819 69.010259506292641 23.478825360536575 46.427889591082931 25.600113689899445 210.38584835734218 265.88525794446468 102.37398523837328 113.07986572571099 45.891233146190643 38.557055585086346 34.226337559521198 428.62632465362549 134.26474248990417
leaf_count=7497 979 1707 146 752 561 2284 129 364 1573 889 459 1076 239 284 184 813 1196 766 174 565 51 3030 632 224 384 99 273 81 1878 333
internal_value=-9.67005e-05 -0.00799598 0.00429721 -0.0146267 -0.00188011 0.00177287 0.00804995 0.00407015 0.00146158 0.00405472 0.000149847 0.0114595 0.00228028 -0.00110417 0.00696153 -0.00330868 -0.016949 -0.00942614 -0.00313709 -0.0140884 0.00253938 -0.012257 0.00844209 0.00541272 0.00165136 0.00480117 -0.00287432 -0.0022339 -0.00150723 8.3141e-06
internal_weight=4427.31 1580.97 2846.34 755.218 825.753 1706.08 1140.26 1162.85 575.105 530.073 495.832 610.186 461.546 437.497 667.021 352.799 636.532 250.648 543.225 143.08 98.814 263.97 569.411 303.526 201.152 158.971 107.567 73.2139 452.105 367.794
internal_count=29622 19017 10605 12475 6542 7661 2944 4630 3231 1607 2743 1337 1461 2670 1887 2386 11723 3311 3031 2272 261 4226 1523 891 667 483 1039 210 2052 1222
is_linear=0
shrinkage=0.02


Tree=24
num_leaves=31
num_cat=0
split_feature=3 15 15 3 11 21 5 6 6 14 5 26 26 26 9 2 9 11 17 6 1 2 6 7 6 21 11 3 13 25
split_gain=356.731 146.136 81.2577 44.3007 37.4144 35.658 25.5757 22.7015 20.5949 20.5342 19.1838 17.1058 16.5533 16.4951 21.6416 15.5745 15.3142 22.7047 16.2197 16.1285 15.0666 14.474 14.0936 14.0732 13.8933 13.4117 13.2996 12.8719 12.7286 12.2905
threshold=0.36240860819816595 0.045959351584315307 1.1827375292778017 1.1353627443313601 0.11145713552832605 0.97123154997825634 0.5586504638195039 1.0588693618774416 -0.34139987826347346 -2.1668300628662105 0.039686739444732673 1.1468445658683779 0.7291751801967622 -1.3108246326446531 -0.19209566712379453 0.37812045216560369 0.36529944837093359 1.5261548161506655 -0.25985659658908838 0.90995401144027721 1.3039802908897402 0.68075463175773632 0.26037923991680151 -0.49188058078289026 -1.1841174364089964 -0.22776789218187329 -0.63689813017845143 -0.72101956605911244 0.52837771177291881 -0.11606616526842116
decision_type=2 2 2 2 2 2 2 2 2 2 2 2 2 2 2 2 2 2 2 2 2 2 2 2 2 2 2 2 2 2
left_child=1 4 3 5 8 6 -2 9 -1 22 -6 26 15 -11 -15 -8 17 18 -5 -19 29 -18 -3 -9 -12 -23 28 -25 -7 -4
right_child=2 7 20 16 10 11 12 23 -10 13 24 -13 -14 14 -16 -17 21 19 -20 -21 -22 25 -24 27 -26 -27 -28 -29 -30 -31
leaf_value=-0.020972969609753995 -0.0064402600846104746 -0.0059563019942170149 0.012372518904881918 -0.0094786470621486436 -0.013360687551328347 -0.0053277172162581026 -0.002160051617751384 -0.0055076901823575145 -0.012161402752519869 0.0045410908516921719 -0.016268007558609028 -0.010332806715598141 -0.008483032555489791 -0.014165377634667473 -0.0036650895086990458 0.0080980641979105303 0.0029043482339951589 -0.0035750976409053854 0.002286957171732616 0.021073814735567065 0.013933097865384624 -0.0030183868469897397 0.015304931162416751 -0.007723321394669528 -0.00050615670695269756 0.011289061123652466 0.0090255288432875974 0.0082525910002968338 0.0094335615068090722 0.0060055469330061589
leaf_weight=263.89607867598534 425.46719150897115 15.58395412378013 168.06847965717316 48.909491801634431 131.33639165293425 61.519731674343348 103.30222498904914 46.616542965173721 227.37128442153335 62.016957446932793 21.707304960116744 23.237479286268353 51.433628899976611 99.867215879261494 336.64302683994174 128.52007798478007 183.08972522802651 12.716275177896021 355.02613775059581 34.757308766245842 216.40991202369332 26.717482388019562 31.659058336168528 19.006742810830474 139.89683122839779 289.9964552372694 193.17300118040293 159.62558680959046 31.019811701029539 494.49615649133921
leaf_count=5887 3101 111 397 267 2277 374 548 282 3526 416 408 109 283 1009 2512 528 655 67 1208 70 453 108 85 91 1470 760 716 588 132 1215
internal_value=6.15447e-05 -0.00762763 0.00426664 0.00199918 -0.0136781 -0.000901063 -0.00336788 -0.00142517 -0.0170584 -0.00362192 -0.00781821 0.00472126 0.00127868 -0.00483252 -0.00620062 0.00357785 0.00509055 0.00238136 0.000763874 0.0147598 0.00930566 0.0074896 0.0083927 0.00386055 -0.00304803 0.010054 0.00610229 0.00638872 -0.000149716 0.00770119
internal_weight=4403.09 1555.23 2847.86 1968.89 784.208 1017.67 708.723 771.019 491.267 545.77 292.941 308.95 283.256 498.527 436.51 231.822 951.213 451.409 403.936 47.4736 878.975 499.804 47.243 225.249 161.604 316.714 285.713 178.632 92.5395 662.565
internal_count=29653 18662 10991 8926 13568 5791 4460 5094 9413 4133 4155 1331 1359 3937 3521 1076 3135 1612 1475 137 2065 1523 196 961 1878 868 1222 679 506 1612
is_linear=0
shrinkage=0.02


Tree=25
num_leaves=31
num_cat=0
split_feature=6 4 4 4 17 23 23 25 17 1 4 6 20 14 6 5 25 11 5 4 11 24 19 7 25 8 6 14 13 4
split_gain=319.7 122.779 99.6226 37.9762 34.745 30.9514 29.435 26.0961 22.3654 21.8733 21.7362 21.3742 18.697 19.9785 20.8623 16.1928 16.0342 15.7926 15.2404 14.1047 18.355 17.9726 14.8913 14.0392 13.9491 13.6608 14.0426 13.3073 15.3466 13.2764
threshold=0.20269072800874713 0.25864017009735113 0.9946403205394746 -0.48475490510463709 0.12211794778704645 0.94924864172935497 1.1176842451095583 -0.48158437013626093 1.0000000180025095e-35 0.95659077167510997 2.3442298173904423 -0.71825695037841786 0.17918371409177783 0.39173133671283727 1.2253286838531496 -0.18961889296770093 0.69552278518676769 0.27652375400066381 0.45226377248764044 2.399522185325623 1.4249263405799868 0.75794506072998058 0.3326315730810166 -0.93760883808135975 1.479039251804352 -1.3409333229064939 1.3569596409797671 -2.1668300628662105 -0.99497473239898671 1.2448164820671084
decision_type=2 2 2 2 2 2 2 2 2 2 2 2 2 2 2 2 2 2 2 2 2 2 2 2 2 2 2 2 2 2
left_child=1 4 3 8 11 10 7 -5 -2 18 17 -1 27 -14 -15 -6 -10 -3 24 20 22 -21 -20 -8 -4 26 -11 -9 -29 -7
right_child=2 5 9 6 15 29 23 12 16 25 -12 -13 13 14 -16 -17 -18 -19 19 21 -22 -23 -24 -25 -26 -27 -28 28 -30 -31
leaf_value=-0.02100751373060453 -0.0085821973452067189 -0.0090054410282610717 0.003717139443406656 0.010552695298781849 -0.013682485922076418 6.2911822863625872e-06 -0.0079194876637586793 0.0068140454426783639 0.002353956582441244 -0.011281429258916923 0.0094439782107790787 -0.012585838106528561 0.0044814906957052689 -0.0066421481910761641 0.0081348334910831127 -0.0006439778485550318 -0.0094097711474894364 -0.0008372519406713131 0.0087515023868945472 -0.0028333161502355152 -0.0063702711895043552 0.018014761734988363 -0.0067538293847982716 0.0077499666211041972 -0.0087532934634823121 0.012271284602727334 0.011206260064580068 0.0056754695526319036 -0.0070441540304437946 0.014883347613497555
leaf_weight=255.72212041448802 250.96878932137042 203.45996694266796 304.02359048090875 83.750275127589703 57.569951178506017 41.225631561130285 20.521419882774353 35.009983621537685 205.10022272635251 18.504731241613626 40.169909499585629 296.82282571960241 342.11972467973828 162.04780008550733 44.967382598668337 98.768702211789787 54.46724958345294 175.52616460528225 287.38222546130419 18.726630456745625 39.598594162613153 85.331918254494667 23.448117092251778 346.80172064341605 35.805882353335619 392.63728428632021 16.076501026749611 39.620661579072475 295.82675018813461 52.419654734432697
leaf_count=5696 2419 2194 1045 319 775 235 105 112 918 67 140 4985 1418 946 148 858 337 1207 773 57 126 161 87 999 126 872 37 247 2000 158
internal_value=-0.000277771 -0.00892299 0.00313511 0.000243052 -0.0142863 -0.00144254 0.00197739 0.000194271 -0.00438724 0.00756983 -0.00377653 -0.0166369 -0.00080107 0.0015385 -0.00331618 -0.0057205 -0.000245708 -0.00528253 0.00554739 0.00792759 0.00585924 0.014305 0.00749342 0.00677996 0.00229533 0.0112224 -0.00073212 -0.00424335 -0.00548051 0.00866628
internal_weight=4324.42 1221.68 3102.74 1881.2 708.884 512.801 1370.67 1003.34 510.536 1221.54 419.156 552.545 919.592 549.135 207.015 156.339 259.567 378.986 794.317 454.487 350.429 104.059 310.83 367.323 339.829 427.219 34.5812 370.457 335.447 93.6453
internal_count=29567 16248 13319 9968 12314 3934 6294 5190 3674 3351 3541 10681 4871 2512 1094 1633 1255 3401 2375 1204 986 218 860 1104 1171 976 104 2359 2247 393
is_linear=0
shrinkage=0.02


Tree=26
num_leaves=31
num_cat=0
split_feature=15 3 4 4 6 0 3 4 7 13 3 5 15 23 8 4 5 4 6 25 22 25 4 11 11 12 6 3 27 1
split_gain=349.535 111.268 70.4385 43.9477 40.6736 32.2886 29.9199 28.8438 21.6297 22.5653 20.9943 18.1522 15.4047 14.5724 16.1309 14.0909 13.8727 12.3554 18.4253 12.0863 11.9135 11.3541 11.2857 11.2458 10.9396 14.8393 12.2709 10.9132 11.8238 11.0031
threshold=0.045959351584315307 -0.16033779829740522 0.78746104240417492 0.9946403205394746 1.2253286838531496 0.84618648886680614 -0.4489657580852508 0.43908005952835089 0.98383182287216198 -0.89714235067367543 0.81636235117912304 -0.24250917136669156 -0.33388641476631159 0.88697460293769848 0.49304078519344335 -0.083578925579786287 1.6845886111259463 -0.061488233506679528 -0.70454421639442433 2.3734921216964726 -0.097394209355115877 -0.05519746616482734 1.7395676970481875 0.24374800920486453 0.50546398758888256 0.89527660608291637 1.3724496364593508 1.4089094400405886 15.500000000000002 0.46240626275539404
decision_type=2 2 2 2 2 2 2 2 2 2 2 2 2 2 2 2 2 2 2 2 2 2 2 2 2 2 2 2 2 2
left_child=1 7 4 10 6 8 -2 23 13 -10 12 -6 -3 21 24 -14 -9 18 -8 -13 -11 22 -4 -1 26 -26 -15 28 -20 -30
right_child=2 3 5 -5 11 -7 17 16 9 20 -12 19 15 14 -16 -17 -18 -19 27 -21 -22 -23 -24 -25 25 -27 -28 -29 29 -31
leaf_value=-0.020473321586109462 -0.010588571883460298 -0.015426465819212141 -0.001112163831783851 0.0045079858591645372 -0.00038853958002754799 0.010623449537064063 -0.014709543653955661 -0.0098272437535188786 -0.013431327200096335 -0.0013805789787320374 -0.0012761469184759367 0.0093447882625758601 -0.011172865692621088 -0.010964738298035624 0.010947121929537741 0.00041683127067849746 0.0073406899233999694 0.0021131541862152675 0.00013642038899927693 -0.0021085919495587246 0.014275453163477933 -0.0033352317211293252 0.0091344849563734978 -0.011898697738399315 0.008638269153269101 -0.0077175323432661725 0.0071342283704153133 0.0040556378974576663 -0.01246366450571736 -0.0016816970109078725
leaf_weight=295.05556601006538 113.80199795309454 119.68265405436978 89.360993118956685 194.95178698934615 140.34199418500066 575.04437702894211 38.008654562756419 121.79899162519723 10.690032154321669 21.290637888014317 177.59998415410519 319.10134507156909 84.982114943675697 39.278691824525595 134.92947271838784 77.979224424809217 18.359966458752751 541.00474206265062 232.68208201229572 39.72280784510076 149.15525871887803 189.661726327613 76.188522852957249 111.0539936022833 96.373154094442725 24.200990132987499 18.487432833760977 121.59104844555259 70.568328492343426 79.51453048735857
leaf_count=6942 1286 2016 407 819 568 1322 464 1538 44 61 1238 889 1167 155 357 605 132 2413 1376 165 350 798 210 2123 253 70 50 411 746 559
internal_value=0.000172341 -0.00897205 0.0037013 -0.00337147 0.000942166 0.0069718 -0.00106053 -0.0155979 0.00445257 0.0104956 -0.00672165 0.00570821 -0.0100617 0.00274936 0.00585734 -0.00577972 -0.00740296 -1.56192e-05 -0.00213896 0.00806531 0.0123362 -3.49004e-05 0.00373305 -0.0183018 0.00181296 0.00517884 -0.00506546 -0.00105654 -0.00271185 -0.00698972
internal_weight=4322.46 1201.46 3121 655.196 1696.34 1424.66 1197.17 546.269 849.617 181.136 460.244 499.166 282.644 668.481 313.27 162.961 140.159 1083.37 542.365 358.824 170.446 355.211 165.55 406.11 178.34 120.574 57.7661 504.356 382.765 150.083
internal_count=29534 16580 12954 5845 8877 4077 7255 10735 2755 455 5026 1622 3788 2300 885 1772 1670 5969 3556 1054 411 1415 617 9065 528 323 205 3092 2681 1305
is_linear=0
shrinkage=0.02


Tree=27
num_leaves=31
num_cat=0
split_feature=3 4 4 24 21 14 16 4 24 25 23 14 14 21 25 18 16 4 0 4 3 9 21 14 7 9 24 12 10 10
split_gain=288.439 141.684 62.4812 44.1077 35.2625 30.0917 27.9995 25.4653 24.2165 20.2924 17.9621 17.5898 16.24 16.0819 14.3037 13.2159 13.3355 14.4609 13.0603 12.3712 12.0361 11.9412 11.9298 15.9689 12.9031 14.8781 11.474 11.2039 11.1018 10.5862
threshold=0.15194967389106753 0.12420752644538881 0.76778557896614086 0.76894453167915355 1.0793788433074953 -1.8729354143142698 0.30888552963733679 -0.050421897321939461 -0.037020757794380181 0.28910076618194586 0.87863081693649303 -1.1808492541313169 -0.73945489525794972 0.31026491522789007 -0.073597326874732957 -0.40024028718471522 0.74081709980964672 -0.48475490510463709 0.59915742278099071 0.9946403205394746 -0.75668984651565541 -1.3112297058105467 0.41420611739158636 -1.5649492144584654 -0.35219538211822504 -0.060689790174365037 1.2780308723449709 -0.91632449626922596 -0.7497766613960265 -0.41242654621601099
decision_type=2 2 2 2 2 2 2 2 2 2 2 2 2 2 2 2 2 2 2 2 2 2 2 2 2 2 2 2 2 2
left_child=1 6 3 7 10 28 -1 13 14 26 22 20 -9 18 -7 -11 17 -17 -2 -6 -8 -21 24 -24 -4 -26 -5 -28 -3 -29
right_child=2 5 4 9 19 8 11 12 -10 15 -12 -13 -14 -15 -16 16 -18 -19 -20 21 -22 -23 23 -25 25 -27 27 29 -30 -31
leaf_value=-0.018495339376232524 -0.014943968778655845 -0.0082368829331993885 -0.0028188547738890531 0.0029809423133889557 0.0019323865897043879 -0.0032596813007826912 -0.011559639820013614 0.010280141873499529 -0.00028593561934213917 0.0078033308819527736 0.0065621378423984791 -0.011988389129821125 -0.0011494189516497435 -0.0029976433080261726 -0.015002369563636887 -0.011892094948876776 -0.016296315914225205 0.0019106455764705186 -0.0029482840073874685 -0.0040322344561075129 0.0081744284754650138 0.013113316239977029 0.013710839064055465 -0.0050385894628948158 -0.0029818728389239958 0.010042571740758162 -0.009988530266456682 0.0021245085601936387 0.012250140717028398 0.011536911443621683
leaf_weight=381.9849562314339 113.7368119219318 8.745663362555204 79.696333529427648 458.92714423500001 54.181251171976328 84.163103206083179 13.718712244182823 55.305751103907824 357.59223660361022 38.948258012533188 512.20728535763919 191.30240588076413 279.375622455962 226.62546351924539 84.25819119811058 36.604265147820115 26.483816180378199 108.55430765263736 56.494862766936421 14.871641159057615 31.68815472535789 348.72954171895981 15.625261124223469 156.91748896427453 44.803376730531454 129.90068776719272 8.9427116438746435 67.51371406391263 70.228928016498685 183.63111204653978
leaf_count=8416 1504 54 312 1815 164 964 166 200 2298 129 1327 2987 1620 1722 1256 229 122 405 478 39 215 792 33 581 188 428 44 201 243 486
internal_value=-0.000254782 -0.00842554 0.00306651 0.000461589 0.00624204 -0.00151652 -0.0151152 -0.00320004 -0.00326433 0.00334475 0.0040549 -0.00939073 0.000862823 -0.00659447 -0.00939751 -0.00207767 -0.00447724 -0.00185004 -0.0111607 0.0110525 0.00165698 0.0123669 0.0010058 -0.00300235 0.00372974 0.00671238 0.00493629 0.00826523 0.00962605 0.0090975
internal_weight=4241.76 1223.68 3018.08 1661.14 1356.93 604.988 618.694 731.539 526.014 929.605 939.15 236.709 334.681 396.857 168.421 210.591 171.642 145.159 170.232 417.782 45.4069 363.601 426.943 172.543 254.4 174.704 719.015 260.088 78.9746 251.145
internal_count=29418 16599 12819 8955 3864 4815 11784 5524 4518 3431 2869 3368 1820 3704 2220 885 756 634 1982 995 381 831 1542 614 928 616 2546 731 297 687
is_linear=0
shrinkage=0.02


Tree=28
num_leaves=31
num_cat=0
split_feature=15 4 15 3 4 3 3 4 5 11 14 21 24 21 14 18 1 11 3 17 15 5 14 22 15 7 21 8 7 0
split_gain=292.592 108.705 62.9838 51.7091 43.765 34.5767 29.8748 25.1826 21.268 18.8376 17.9118 17.6859 17.2951 15.8367 14.2586 16.3776 13.9027 13.3413 12.9456 12.9052 12.8669 12.4148 12.3923 11.9978 11.9834 11.8352 11.742 14.3561 11.5297 11.364
threshold=0.045959351584315307 0.82356494665145885 0.90794688463211071 0.55384665727615368 0.48582239449024206 0.93774285912513744 0.80215862393379223 0.89958134293556224 -0.20040152221918103 0.20750141888856891 -0.5101061463356017 -0.73298341035842884 1.4937007427215578 0.94611480832099926 -1.6629610061645506 -0.62631461024284352 0.96833515167236339 -0.24054484814405439 0.74739891290664684 1.4873548746109011 -0.18678033351898191 -0.72494736313819874 0.25846868753433233 0.82546013593673717 -0.32143005728721613 0.021042173728346828 1.75008100271225 -1.0101141333580015 0.80158981680870067 0.13205233216285708
decision_type=2 2 2 2 2 2 2 2 2 2 2 2 2 2 2 2 2 2 2 2 2 2 2 2 2 2 2 2 2 2
left_child=1 3 4 9 5 12 8 17 19 23 18 -10 -2 -9 -6 -16 21 -8 -3 -4 -11 -17 -13 -1 -12 -18 27 -23 -19 -24
right_child=2 10 6 -5 14 -7 7 13 11 20 24 22 -14 -15 15 16 25 28 -20 -21 -22 26 29 -25 -26 -27 -28 -29 -30 -31
leaf_value=-0.01924586462739029 -0.0080857342925871305 0.0037522070443676927 -0.0080450676975948928 -0.0037507075862884738 0.01243422996228897 0.001801203000747628 -0.0034329524444021938 0.0077473877837550059 -0.0090367620568519609 -0.014576319853737637 -0.0092414280679444273 0.0074218671541734565 0.008299461556496187 0.015264834994014136 0.013375533225749222 -0.0087706171832573083 -0.00042375592705279916 0.0042633645815603628 0.019356064057470101 0.0055482736141108701 -0.0044851433881762347 -0.0093676119202350961 -0.0083402446542489832 -0.010037628387100064 0.001258059869521439 0.010365519708853506 0.015148381199571997 0.0018156260765953896 0.011328631916004228 0.0055216459108636705
leaf_weight=341.01385492924601 390.42008979618549 89.434305584058166 103.15158853214234 223.36341164261103 61.552050847560167 300.60267549939454 64.124106954783201 272.99824400618672 31.884623615071177 104.35629962477833 58.223852825351059 301.21772717591375 23.617518894374371 215.78990983217955 47.951686840504408 52.595978630706668 62.618828970938921 392.67299185506999 24.46789925545454 33.687814060598612 105.93824685923755 48.017774844542146 40.286801107227802 89.748244125396013 136.15132859908044 109.03455287031829 17.636183973401785 337.9883751757443 121.53603146597743 44.671458812430501
leaf_count=7685 3820 640 637 1882 167 1339 203 642 203 2071 574 935 123 449 159 317 201 1071 51 118 1455 240 186 1582 744 274 43 1398 300 158
internal_value=-4.71754e-05 -0.00852551 0.00319575 -0.0121443 0.000167252 -0.00334792 0.00589802 0.00784957 0.00210845 -0.0150172 0.00165354 0.0043397 -0.00706321 0.0111871 0.00357356 0.00268119 0.00176525 0.00495704 0.00777714 -0.00462097 -0.009715 -7.84021e-05 0.00554552 -0.0174645 -0.00203988 0.00652902 0.00114768 0.000322472 0.00602629 -0.00114981
internal_weight=4246.75 1172.7 3074.06 864.42 1452.04 714.64 1622.02 1067.12 554.9 641.057 308.277 418.061 414.038 488.788 737.395 675.843 627.892 578.333 113.902 136.839 210.295 456.238 386.176 430.762 194.375 171.653 403.642 386.006 514.209 84.9583
internal_count=29667 16684 12983 14675 8081 5282 4902 2665 2237 12793 2009 1482 3943 1091 2799 2632 2473 1574 691 755 3526 1998 1279 9267 1318 475 1681 1638 1371 344
is_linear=0
shrinkage=0.02


Tree=29
num_leaves=31
num_cat=0
split_feature=15 4 15 4 3 6 4 1 2 2 4 7 15 24 0 25 17 26 3 5 9 10 16 11 7 5 26 17 20 6
split_gain=277.023 81.0219 72.3481 45.9038 43.851 32.923 25.8547 25.7579 24.587 24.3319 19.1413 16.9286 15.2311 20.0801 16.8912 14.7428 13.9455 13.1558 12.6378 15.8054 15.3447 12.8071 12.2878 12.6218 13.4308 11.8833 11.3495 11.3358 11.9839 10.9972
threshold=1.0000000180025095e-35 0.19329822063446048 1.168187201023102 0.1394266486167908 0.50476557016372692 0.92130836844444286 2.5758447647094731 0.17343759536743167 0.37812045216560369 1.2550064921379092 2.3442298173904423 0.53161588311195385 1.3286693692207339 1.5210562944412234 -0.019004900008440014 0.31788326799869543 -1.0570374131202696 -0.69449263811111439 0.56524792313575756 -0.18961889296770093 0.88198497891426098 0.5983603596687318 0.30888552963733679 0.42372578382492071 0.70438623428344738 1.0008841753005984 0.47570121288299566 0.63810324668884288 0.85129147768020641 -0.92959371209144581
decision_type=2 2 2 2 2 2 2 2 2 2 2 2 2 2 2 2 2 2 2 2 2 2 2 2 2 2 2 2 2 2
left_child=1 4 3 5 29 -2 7 18 10 11 -3 12 13 27 -14 26 -9 -6 21 -20 22 -5 -21 24 -24 -13 -7 -4 -29 -1
right_child=2 8 9 6 17 15 -8 16 -10 -11 -12 25 14 -15 -16 -17 -18 -19 19 20 -22 -23 23 -25 -26 -27 -28 28 -30 -31
leaf_value=-0.021084875572929276 -0.0069333702442499799 -0.0078322604404097076 0.0071595545111172451 -0.0088623062486192818 0.004157457431340562 0.0072167197248436381 0.012892039407368185 -0.011691039724883031 0.0031108149836993667 0.012628071506929423 0.0089589219830593907 0.005635502078063479 -0.0073274618971976039 -0.018300309025778696 0.0069164882619710943 -0.0061734857615460348 0.004915590283032195 -0.0078386472499065701 -0.0063916476182380479 0.016106433075509585 -0.0094683538040642948 0.0010780356429954644 -0.013840540379997971 0.0081008734759213368 0.0059970951101505701 0.013697055787999457 -0.0018356122296622254 -0.0083554086524164645 0.0086823779494000549 -0.013816973742739278
leaf_weight=157.7900065947324 424.68026936426759 253.55295022018254 59.258469548076391 130.96876018028706 48.1867122836411 151.40103666484356 91.176027189940214 16.205609068274498 189.22060626000166 242.1141834910959 26.163697050884366 199.76462168246508 33.362537415698171 20.835844475775957 294.24242520146072 69.282288927584887 698.58368596807122 118.85843767784536 69.228212790563703 37.137684643268585 22.774647697806358 82.199928177520633 23.69233737513423 77.647700645029545 21.966109205037355 123.94758280366659 83.146763741970062 58.459829203784466 17.819431766867638 320.35579539183527
leaf_count=4158 3941 2902 225 893 387 593 214 98 1039 555 105 549 169 76 816 467 2364 1198 303 97 102 464 110 243 71 278 402 214 39 6430
internal_value=-0.000261618 -0.00877404 0.00285725 0.00062047 -0.0133462 -0.00336848 0.00291005 0.0020879 -0.00240892 0.00709561 -0.00613192 0.00536971 0.0029526 -0.00213695 0.00537757 0.00164595 0.00446049 -0.00435793 -0.00156307 0.00145811 0.00451511 -0.00509235 0.00672619 0.00338347 -0.00464679 0.00888362 0.00403635 0.000910475 -0.00408599 -0.0164088
internal_weight=4164.02 1114.13 3049.9 2000.09 645.191 728.51 1271.58 1180.4 468.937 1049.8 279.717 807.691 483.979 156.374 327.605 303.83 714.789 167.045 465.615 252.447 183.218 213.169 160.444 123.306 45.6584 323.712 234.548 135.538 76.2793 478.146
internal_count=29502 16219 13283 10362 12173 5403 4959 4745 4046 2921 3007 2366 1539 554 985 1462 2462 1585 2283 926 623 1357 521 424 181 827 995 478 253 10588
is_linear=0
shrinkage=0.02


Tree=30
num_leaves=31
num_cat=0
split_feature=6 4 3 4 4 3 11 20 3 23 16 21 16 1 14 5 5 12 5 12 4 8 7 14 3 6 0 8 12 0
split_gain=284.014 105.675 67.836 42.4593 42.3812 38.6478 30.1594 24.9824 22.2651 21.6889 18.4579 18.4218 18.1103 17.7705 16.647 16.5975 15.7937 16.8443 15.0571 14.108 13.897 13.673 13.5023 15.1985 13.3631 13.2085 12.7422 12.7106 12.6195 12.2991
threshold=0.17614600062370303 0.25864017009735113 0.73440423607826244 0.9946403205394746 2.1366919279098515 1.1822354197502138 0.96570587158203136 0.67635858058929454 0.15194967389106753 1.0134770274162295 1.0000000180025095e-35 1.3017651438713076 0.44337096810340887 1.4098049402236941 -1.795169949531555 -0.16844829171895978 -0.77739426493644703 -1.2745903134346006 -0.032827442511916154 0.98222357034683239 -0.96160131692886341 -1.1430450677871702 -0.60760891437530506 -0.92837789654731739 1.4305844306945803 1.1009898185729983 0.47383797168731695 0.24920647591352466 1.1184479594230654 -0.16461326926946637
decision_type=2 2 2 2 2 2 2 2 2 2 2 2 2 2 2 2 2 2 2 2 2 2 2 2 2 2 2 2 2 2
left_child=1 5 3 8 7 10 9 11 12 24 -1 15 -2 20 -5 21 19 -18 -14 -16 -9 -4 -10 -24 -3 -6 -27 -23 -19 -22
right_child=2 6 4 14 25 -7 -8 13 22 -11 -12 -13 18 -15 16 -17 17 28 -20 -21 29 27 23 -25 -26 26 -28 -29 -30 -31
leaf_value=-0.019098507771051237 -0.011146963706409219 -0.0075547505078733725 0.0058399741896230685 0.01280178519953383 0.0064779502002771704 0.00021605995339018616 0.0068759518663867574 -0.007316913121492399 -0.0084512409421415146 0.007278950736655812 -0.011418223481699937 0.011614398060454103 -0.009721027401608226 0.012939536910443732 -0.017009726353736539 0.0028010944348682491 -0.013561548971543259 0.0059345719604037448 0.0020071577353719182 0.010526812143935175 -0.0067225829267848966 -0.010298304721645257 0.010062780704165971 -0.00056732845037982022 0.0065350595532579891 0.0050873766179626821 0.019850734382849507 0.0011813754794576985 -0.008770528843208631 0.0066397275947738454
leaf_weight=300.96285989135504 188.65323034767061 294.18505103327334 42.511154878884554 72.473554968833923 84.905430467799306 69.252918251790106 121.80691602546722 28.94244641251862 59.692034937441349 50.385958690196276 272.65251300297678 66.355160547420382 63.64482070505619 154.55780870467424 23.13032886013389 543.670374808833 16.340725943446159 303.77133994549513 117.31265217624605 6.3147528395056716 25.086560603231192 107.12693163380027 61.886103585362434 272.64374204911292 25.794611997902393 34.007779086008668 119.31743323802948 57.374957740306854 20.88600131124258 556.46067015454173
leaf_count=7204 2499 2930 187 167 222 444 652 137 457 214 4476 157 682 366 145 1788 89 1035 708 19 115 535 217 1724 86 84 229 241 93 1629
internal_value=-7.01285e-05 -0.00858008 0.00312968 -0.000547331 0.00556212 -0.0138881 -0.00157682 0.00435011 -0.00339687 -0.00441136 -0.0155781 0.00190023 -0.00688833 0.00693715 0.00434991 0.000970396 0.00254792 0.00380343 -0.00226825 -0.0104334 0.00532476 -0.00379017 -7.81094e-05 0.00151841 -0.00633585 0.0133562 0.0168403 -0.00637768 0.00486988 0.00601092
internal_weight=4162.11 1135.04 3027.07 1206.75 1820.32 642.868 492.173 1582.09 763.833 370.366 573.615 817.039 369.611 765.047 442.917 750.683 370.443 340.998 180.957 29.4451 610.49 207.013 394.222 334.53 319.98 238.231 153.325 164.502 324.657 581.547
internal_count=29531 16006 13525 7835 5690 12124 3882 5155 6287 3230 11680 2908 3889 2247 1548 2751 1381 1217 1390 164 1881 963 2398 1941 3016 535 313 776 1128 1744
is_linear=0
shrinkage=0.02


Tree=31
num_leaves=31
num_cat=0
split_feature=15 3 15 14 5 3 20 7 5 23 21 1 15 14 24 23 14 17 0 20 0 1 17 21 26 20 25 6 17 15
split_gain=260.315 101.217 53.0271 37.1154 29.9979 29.0781 28.9302 26.5821 25.3152 24.8423 24.0732 18.4285 17.9108 17.3592 15.3921 14.3781 13.8139 13.35 13.0602 15.1318 11.5871 10.9687 10.6514 10.5068 10.2531 11.439 10.2419 10.0723 9.98041 9.88042
threshold=0.30729536712169653 -0.14999370276927945 1.168187201023102 0.25661627948284155 1.0178259015083315 0.99798411130905162 0.011916605290025474 -0.86358335614204396 -0.24250917136669156 1.0134770274162295 1.0366583466529848 0.27098973095417028 -0.11873451247811316 0.14452624320983889 0.75794506072998058 0.97325083613395702 -1.6629610061645506 -1.0000000180025095e-35 -1.0000000180025095e-35 1.4726373553276064 1.4792832732200625 0.20198736339807513 -0.72911062836647023 -1.0266246199607847 -1.5816712975502012 0.25821429491043096 0.96089506149292003 1.3569596409797671 0.19935918599367144 0.18012284487485888
decision_type=2 2 2 2 2 2 2 2 2 2 2 2 2 2 2 2 2 2 2 2 2 2 2 2 2 2 2 2 2 2
left_child=1 4 6 10 -1 12 11 -4 -8 13 20 16 -5 15 -6 18 -2 -15 19 -10 27 -14 -7 -9 -19 -26 28 -3 -13 -24
right_child=2 3 7 5 14 22 8 23 9 -11 -12 26 21 17 -16 -17 -18 24 -20 -21 -22 -23 29 -25 25 -27 -28 -29 -30 -31
leaf_value=-0.015158291269406082 0.0047296383295082336 -0.0006626124338376864 -0.0041969250768595003 -0.01475436693378122 -0.006532726989663673 -0.013676643500831814 -0.0015295118648240714 -0.0045763957892579052 -0.0097805977463800205 0.0099238668272675096 0.011133283662116378 -0.0017918510514904607 -0.010246468797101156 -0.0088251382430125942 0.012474462777512407 -0.012980820083740132 -0.0086399808267565038 0.012410015914905734 0.0092144050337741607 0.014913271283851183 0.012164905927863129 -0.00058492868179166552 0.0035901263507626541 0.0085032192695855199 0.009674464445988129 -0.0023572787268131409 -0.007278444801108821 -0.015582803177828959 0.0072044330591106232 -0.0078830617328237047
leaf_weight=486.62385923461989 33.181423168629408 234.72381519246846 71.880681931041181 140.23541330453008 88.096240839920938 15.322951300069688 324.43539148569107 22.280574794858694 29.992025410756469 272.83015415817499 90.542944910936058 86.178149193525314 84.269419407937676 60.21549473516643 16.059806751087308 10.351111501455305 197.60621701274067 24.618432430550456 210.59805555269122 8.9893432892858964 21.104846762493253 100.63476868439466 159.82952198013663 933.38820109143853 33.601439841091633 169.48526693508029 40.979365771636367 14.662581713870166 105.46673981659114 31.840942617505789
leaf_count=10275 143 1924 312 2191 1349 127 1769 109 180 780 415 507 926 387 93 43 1487 79 714 22 60 736 847 2481 133 706 218 90 393 159
internal_value=-1.37467e-05 -0.00670109 0.00375637 -0.00242708 -0.0130881 -0.00576385 0.00148064 0.00729438 0.0031833 0.00504437 0.00250257 -0.0027158 -0.00944855 0.0025466 -0.00316485 0.0062421 -0.00665823 -0.000839247 0.00727864 -0.00303801 -0.000536057 -0.00514199 0.000110332 0.00817605 0.00141683 -0.000181954 0.0012533 -0.00182888 0.00321632 0.0015322
internal_weight=4120.03 1483.95 2636.08 893.167 590.78 532.133 1608.53 1027.55 1145.12 820.681 361.034 463.412 325.14 547.851 104.156 259.931 230.788 287.921 249.579 38.9814 270.491 184.904 206.993 955.669 227.705 203.087 232.624 249.386 191.645 191.67
internal_count=29655 19192 10463 7475 11717 4986 7561 2902 4813 3044 2489 2748 3853 2264 1442 959 1630 1305 916 202 2074 1662 1133 2590 918 839 1118 2014 900 1006
is_linear=0
shrinkage=0.02


Tree=32
num_leaves=31
num_cat=0
split_feature=3 4 3 15 4 14 15 15 8 21 21 4 5 24 26 14 3 0 17 25 14 25 0 20 0 15 10 10 12 6
split_gain=229.081 114.443 63.2232 39.1676 28.5005 26.5578 25.2266 23.3351 19.4866 15.8894 15.7625 15.7054 15.2734 14.8901 14.366 14.2025 16.2245 14.1697 12.9863 12.3731 11.8612 11.1321 13.6921 11.1097 11.0652 11.0406 12.106 13.5596 13.2439 11.7614
threshold=0.15194967389106753 0.12420752644538881 1.0424450039863589 -1.0000000180025095e-35 0.78746104240417492 0.2429747357964516 -0.30959504842758173 0.012750413734465839 0.12901940941810611 1.261285185813904 1.3846250176429751 2.399522185325623 -0.020392029546201226 1.3382013440132143 -1.1644423007965086 -1.0358090996742246 1.7009050250053408 0.6176263988018037 0.74104136228561412 1.4458166956901553 -2.4485961198806758 1.1633787751197817 1.2562676072120669 -1.055943429470062 1.1042639017105105 1.1250990033149721 -0.37448513507843012 0.12799494713544848 0.31893865764141088 1.0911821722984316
decision_type=2 2 2 2 2 2 2 2 2 2 2 2 2 2 2 2 2 2 2 2 2 2 2 2 2 2 2 2 2 2
left_child=1 7 3 -2 15 8 -3 -1 10 25 -5 18 13 -10 -7 -4 19 -16 20 -17 -8 -14 -23 -20 -22 26 -6 -28 29 -29
right_child=2 6 4 5 9 14 11 -9 12 -11 -12 -13 21 -15 17 16 -18 -19 23 -21 24 22 -24 -25 -26 -27 27 28 -30 -31
leaf_value=-0.016507489880020997 -0.0083392648148279628 -0.010659871060202988 0.010165048934546568 -0.0020489129034034215 0.0095582315915453252 0.0054186744737472516 0.01180080152508344 -0.0077702905236978143 -0.0047852795111594853 0.014075344664473341 0.0096371239974279883 0.010299790705089842 0.01178552304856308 0.01149854416363588 -0.0065686571789278381 0.0010582884947997876 0.0065256009103042568 0.00055444330282146403 -0.0090478488737842731 -0.011128932404317121 -0.0045689140674118897 -0.0066723008138982066 0.012998611766740156 0.0078636898588766851 0.0083839492831427331 0.010318928938545351 -0.0055394177290516823 -0.0099692228066171722 0.0097227573335233394 0.0077816248819715782
leaf_weight=387.87765449145809 193.76335778646171 89.465570263564587 99.508564412593842 238.10447593778372 111.9894094504416 82.492533404380083 16.798108352348208 199.15524797141552 67.005008418112993 168.90103611722589 51.994524337351322 54.035613479092717 200.57956329546869 27.649168603122234 249.74193722847849 472.10801380686462 235.66162588261068 197.66090860683471 14.180943997576831 30.82557107321918 299.90575583186001 31.275537509471178 18.24914825335145 91.72848847694695 24.307274401187897 223.49481720104814 68.76868755184114 30.946004044264555 84.562249258160591 20.866459395736456
leaf_count=9450 2341 1430 250 1152 304 417 69 2342 370 373 166 153 649 75 1674 2080 685 943 86 142 2600 103 42 376 116 502 234 115 224 47
internal_value=3.60731e-06 -0.00741995 0.00301891 -0.000131535 0.0057759 0.00126368 -0.00117897 -0.013634 0.00400878 0.00871741 0.000173377 0.000602836 0.00718748 0.000309609 -0.0020319 0.00324873 0.00225483 -0.00345035 -0.000670573 0.000209117 -0.00257258 0.00973339 0.00110345 0.00529348 -0.00348521 0.00692985 0.00441836 0.0014518 0.00504844 -0.00276472
internal_weight=4083.6 1177.45 2906.15 1358.52 1547.63 1164.75 590.422 587.033 634.857 709.529 290.099 500.956 344.758 94.6542 529.895 838.104 738.595 447.403 446.921 502.934 341.011 250.104 49.5247 105.909 324.213 540.628 317.133 205.143 136.375 51.8125
internal_count=29510 16622 12888 7932 4956 5591 4830 11792 2557 1799 1318 3400 1239 445 3034 3157 2907 2617 3247 2222 2785 794 145 462 2716 1426 924 620 386 162
is_linear=0
shrinkage=0.02


Tree=33
num_leaves=31
num_cat=0
split_feature=15 3 3 24 15 21 10 21 1 1 14 25 24 3 14 3 25 23 14 14 27 7 16 16 9 21 12 15 1 20
split_gain=262.605 79.8581 55.3881 29.288 28.9178 20.585 19.3756 17.5955 23.0579 16.7061 16.1723 14.8644 14.7089 14.6752 14.5899 14.135 13.3078 20.985 14.7279 13.209 13.5184 11.8631 11.5079 10.8269 11.7473 10.5066 10.4825 10.4703 19.4523 9.89784
threshold=0.045959351584315307 0.55384665727615368 1.0424450039863589 1.4079485535621645 -0.56305500864982594 0.020263244397938255 -0.58000400662422169 1.3017651438713076 1.1446853876113894 0.72872439026832592 -1.2772198915481565 2.3734921216964726 -0.61586049199104298 0.057795599102973945 0.30193264782428747 -0.72101956605911244 -0.24212504178285596 1.0534520149230959 -0.86048787832260121 -0.09131296724081038 13.500000000000002 -1.1874104142189024 0.25882773101329809 0.4234339445829392 -0.15775379538536069 0.82228827476501476 -0.83259379863739003 0.98291334509849559 0.60014021396636974 1.3727368116378786
decision_type=2 2 2 2 2 2 2 2 2 2 2 2 2 2 2 2 2 2 2 2 2 2 2 2 2 2 2 2 2 2
left_child=1 4 3 5 -1 14 12 8 16 -6 -7 22 -3 -12 23 -5 27 18 -18 26 -21 -20 -10 24 -2 -19 -8 28 -4 -23
right_child=2 6 7 15 9 10 19 -9 11 -11 13 -13 -14 -15 -16 -17 17 25 21 20 -22 29 -24 -25 -26 -27 -28 -29 -30 -31
leaf_value=-0.017057977656354893 -0.016539209184968838 -0.0090181451991391756 0.0070816653073413026 -0.0080925193942929293 -0.010407824741906702 0.0072845431870175656 -0.0098175443795603997 0.010422000936682189 -0.0065395766385757548 -0.00062296246282333848 -0.0050787375240522806 -0.0089428212320289552 0.010390415502889707 0.0014155037842824506 -0.0095600173484099247 0.0084436142809678552 0.0085712698050236461 0.0021341654703372955 0.012855194276518794 0.0010035795129556479 -0.0098922183608831302 -0.0042839688613896297 0.010993911334344726 0.0011080840087868129 -0.0017175255605406906 0.010373274573094192 0.0087163655898129019 0.011839504311782184 -0.010842860351255448 -0.018074925368052924
leaf_weight=271.30193155584857 29.037519036792219 14.962406987324355 99.31673545204103 18.834118984639645 412.20522430958226 139.16302951425314 11.326067550107835 293.8104386087507 12.598685570061205 84.611221664585173 172.40750716719776 13.403023900464175 82.700792302377522 640.97828246373683 132.0793761247769 220.51659785024822 33.567485880106688 188.65678251162171 9.6907686404883844 72.101633790880442 114.83425336237997 191.61486566625535 299.60403603874147 193.80498494487256 61.213421133346856 89.852756474167109 48.474663588218391 95.070985276252031 26.770412694662809 19.42237575724721
leaf_count=6425 269 167 372 107 7075 492 56 747 46 812 1452 56 428 2981 1276 718 86 560 34 429 1069 778 725 1156 488 215 209 222 113 82
internal_value=5.39405e-05 -0.00821658 0.00314868 0.000624892 -0.011785 -0.000511999 -0.000203212 0.00609071 0.00486931 -0.00876421 0.00111069 0.00928334 0.00712255 1.63475e-05 -0.00419548 0.00700345 0.00291447 0.00117688 -0.0029476 -0.00318677 -0.00577302 -0.0048504 0.0101944 -0.00157888 -0.00710415 0.00492833 0.00471943 0.00698204 0.00300757 -0.00594214
internal_weight=4093.93 1112.52 2981.41 1608.03 768.118 1368.68 344.4 1373.38 1079.57 496.816 952.549 325.606 97.6632 813.386 416.135 239.351 753.963 532.805 254.295 246.737 186.936 220.728 312.203 284.056 90.2509 278.51 59.8007 221.158 126.087 211.037
internal_count=29645 16670 12975 8939 14312 8114 2358 4036 3289 7887 4925 827 595 4433 3189 825 2462 1755 980 1763 1498 894 771 1913 757 775 265 707 485 860
is_linear=0
shrinkage=0.02


Tree=34
num_leaves=31
num_cat=0
split_feature=15 4 4 3 7 15 15 24 4 6 15 3 5 3 15 26 5 16 27 13 11 5 3 17 2 10 2 3 6 13
split_gain=249.761 101.991 60.1052 48.9841 39.9849 29.538 29.2076 23.1908 18.8301 20.2777 15.4749 15.3753 14.8648 14.7866 14.1472 14.0122 13.0464 13.2088 12.9772 12.1673 13.9751 13.2227 12.2479 11.2627 13.8393 11.2263 10.9372 10.6047 10.3261 10.997
threshold=0.045959351584315307 0.43908005952835089 0.45412245392799383 0.93774285912513744 -0.89904585480689991 0.81615686416625988 1.168187201023102 0.62522837519645702 2.1366919279098515 1.0911821722984316 -0.11873451247811316 0.93774285912513744 -0.23213804513216016 1.4089094400405886 0.44105763733386999 -1.0098257064819334 2.0357685089111333 0.95638179779052745 15.500000000000002 0.80468842387199413 -0.61320310831069935 -0.48081095516681666 0.033549906685948379 1.8446061611175539 2.1102864742279057 -0.37448513507843012 0.74050816893577587 1.5050041079521181 1.6304389238357546 0.77618724107742321
decision_type=2 2 2 2 2 2 2 2 2 2 2 2 2 2 2 2 2 2 2 2 2 2 2 2 2 2 2 2 2 2
left_child=1 3 4 7 -2 11 8 -1 12 14 18 -6 19 -14 -10 -12 17 23 -3 20 -4 22 -22 24 28 -19 -15 -20 29 -7
right_child=2 10 6 -5 5 16 -8 -9 9 -11 15 -13 13 26 -16 -17 -18 25 27 -21 21 -23 -24 -25 -26 -27 -28 -29 -30 -31
leaf_value=-0.016791926407663232 -0.012115049216702261 -0.0004171955222538937 -0.019626188552341266 -0.00074028101409472438 -0.005539404654719293 -0.00043464231383805516 0.0088351138636217179 -0.0055909173909984948 0.01369312711310903 0.016864244581590512 0.011540847451229313 0.0012459962591924699 0.0018811234129727744 0.0014389220804198134 -0.00044842694380438017 0.00038513619404889068 0.016381790099136293 -0.00046742354047845026 -0.014512488457532351 0.0064188788430211254 -0.013807848941713885 -0.011518869707617856 0.0042954399039386738 0.0093457788990382856 0.016354016285016076 0.010512276666671818 0.013443231776608331 0.0096136319228450947 0.0099353481187704901 -0.010205373631657166
leaf_weight=491.22273987997323 99.65794727858156 106.23348414991051 18.231343932449818 114.8704022699967 308.95924834813923 293.48205518815666 639.71711333468556 94.504961485974491 35.20757638849318 72.968284629285336 55.281627578660846 229.81211869325489 493.89092049561441 47.843241069465876 94.510842861607671 179.55268931668252 25.979202885180712 50.983607921749353 53.138716985471547 41.590020915493369 12.944219680503009 41.506188241764903 85.53178958594799 52.472827754914761 14.343249851837752 129.23521367460489 84.81982047483325 4.8374677002429953 26.7995616029948 49.770515341311693
leaf_count=11546 945 922 129 812 3029 1407 1584 1140 92 157 276 1071 1938 141 292 1179 60 171 767 169 135 207 353 157 31 351 193 17 70 258
internal_value=-3.95233e-05 -0.00815322 0.00299335 -0.0127234 -0.000265328 0.000780725 0.00548911 -0.0150473 0.00337637 0.00876715 -7.12566e-05 -0.00266026 0.00200936 0.00351828 0.00375557 0.00319712 0.00366192 0.00299905 -0.00470168 -0.00269274 -0.0052112 -0.00272169 0.00136363 0.00108793 -0.000144858 0.00747737 0.00932353 -0.011896 -0.000993853 -0.00197755
internal_weight=4049.9 1099.64 2950.26 700.598 1281.5 1181.84 1668.76 585.728 1029.04 202.687 399.044 538.771 826.358 626.554 129.718 234.834 643.066 617.087 164.21 199.804 158.214 139.982 98.476 436.868 384.395 180.219 132.663 57.9762 370.052 343.253
internal_count=29599 16659 12940 13498 7550 6605 5390 12686 3806 541 3161 4100 3265 2272 384 1455 2505 2445 1706 993 824 695 488 1923 1766 522 334 784 1735 1665
is_linear=0
shrinkage=0.02


Tree=35
num_leaves=31
num_cat=0
split_feature=15 4 24 0 5 21 17 4 10 4 26 26 20 15 11 21 11 16 16 24 5 16 2 11 12 0 9 2 9 20
split_gain=220.403 141.708 60.3855 30.8554 29.0743 20.7793 22.8732 20.4115 17.5576 17.0183 16.5307 15.416 15.2075 14.392 14.3515 12.9475 12.2941 12.2387 15.3891 12.1863 12.0341 11.7631 11.6366 11.4063 16.7358 11.3295 11.281 12.5361 16.9929 12.0836
threshold=0.76171872019767772 0.48582239449024206 -0.45026040077209467 -0.019004900008440014 -0.35565799474716181 0.3312517255544663 0.69232475757598888 1.3854932785034182 0.90373161435127269 -0.24464444071054456 -1.0980835556983946 0.36046506464481359 -0.64308691024780262 1.1250990033149721 0.74605658650398265 1.361117482185364 0.82868126034736644 0.39878740906715399 0.62411886453628551 0.76894453167915355 0.5166178047657014 0.3275244683027268 0.97155311703681957 -0.42225083708763117 0.71823149919509899 -0.14310930669307706 -0.16813962161540982 0.74050816893577587 0.74471125006675731 0.5217651128768922
decision_type=2 2 2 2 2 2 2 2 2 2 2 2 2 2 2 2 2 2 2 2 2 2 2 2 2 2 2 2 2 2
left_child=1 2 21 11 26 6 -4 8 14 19 -9 13 -11 -2 15 -3 -8 20 -19 -6 -12 -1 -10 24 -14 -22 -5 28 29 -28
right_child=3 7 5 4 9 -7 16 10 22 12 17 -13 23 -15 -16 -17 -18 18 -20 -21 25 -23 -24 -25 -26 -27 27 -29 -30 -31
leaf_value=-0.018284913505623678 -0.0055727667948650538 -0.0073971135799034736 -0.010837019983736396 -0.0044932641762852575 -0.0057943845903017759 -0.0025970151687433047 -0.006623578506658425 0.01244835264601203 0.002158372989865077 0.0015659028066967874 0.00059554293501521663 -0.0087292805524337314 0.007589506087988045 0.0075639483411407814 0.0021503524354497313 0.004483752881595509 0.0081870140842478512 -0.0082910990894740338 0.0036383839627787042 0.0049164307205602584 -0.0031707765597098515 -0.010049207002472915 0.017571755548886511 0.010009430261289505 -0.0099559259825299246 0.014624083252965745 -0.0036477511658193746 0.0079203917342753598 -0.01108749920933756 0.010786591996852984
leaf_weight=226.56969006452709 51.889742106199265 222.4637497747317 363.50731908762828 102.96424928866327 51.68941705301404 446.37645936850458 39.348370212130249 87.961974954232574 71.204964512959123 116.03112511150539 72.737425453960896 78.577831628732383 69.573562787845731 76.476135432720184 149.68053554836661 40.264738520607352 40.412006973288953 63.854209257289767 111.50207334384322 168.38194009102881 15.595620218664406 133.44457101821899 22.987227130681276 880.18106437288225 25.901674376800656 72.894492162391543 40.858043968677521 114.03433491103351 40.112984430044889 43.446699859574437
leaf_count=5775 302 1947 5459 461 326 4045 325 307 530 396 412 451 206 274 810 187 222 303 393 552 90 2345 70 2238 101 235 213 344 193 144
internal_value=0.000158388 -0.00415114 -0.00853874 0.00520847 0.00611801 -0.00568685 -0.00873469 0.00175145 -0.00095922 0.00746678 0.00495955 -0.00203038 0.00848738 0.00224381 -0.00274791 -0.00552657 0.000920758 0.00284888 -0.000815041 0.00232788 0.00673852 -0.0154117 0.00661608 0.00929834 0.002571 0.011486 0.000902938 0.00327746 -0.00111958 0.00397847
internal_weight=4040.92 2180.81 1249.66 1860.12 1653.18 889.644 443.268 931.147 506.601 1311.76 424.546 206.944 1091.69 128.366 412.409 262.728 79.7604 336.584 175.356 220.071 161.228 360.014 94.1922 975.656 95.4752 88.4901 341.416 238.452 124.418 84.3047
internal_count=29656 23455 18171 6201 5174 10051 6006 5284 3544 3819 1740 1027 2941 576 2944 2134 547 1433 696 878 737 8120 600 2545 307 325 1355 894 550 357
is_linear=0
shrinkage=0.02


Tree=36
num_leaves=31
num_cat=0
split_feature=23 4 15 15 4 2 5 17 25 24 4 1 7 22 15 12 8 0 16 25 14 9 24 8 1 19 27 13 16 22
split_gain=202.233 88.8841 41.2726 38.1948 34.4574 33.7282 23.8751 20.1938 19.4017 17.9786 16.2619 15.4714 15.3457 14.9782 17.098 17.0304 14.8378 14.6542 14.2151 13.5089 13.3651 13.0831 12.0159 11.3379 11.5227 11.307 10.9113 10.863 10.7957 10.7754
threshold=-0.065789032727479921 0.11291028186678888 0.28451815247535711 -0.70496022701263417 1.9235444664955141 1.1262984275817873 0.7967929244041444 1.0000000180025095e-35 0.28910076618194586 1.2632882595062258 1.3258076906204226 0.29039986431598669 0.15507070720195773 1.2627930641174319 0.79436439275741588 0.44773952662944799 -0.9860994517803191 0.87758493423461925 0.99504980444908153 -0.28026072680950159 -0.20767474174499509 0.57655829191207897 0.48826332390308386 -0.84104031324386586 0.083920884877443327 0.48414543271064764 9.5000000000000018 0.62066161632537853 0.38385067880153662 0.94490456581115734
decision_type=2 2 2 2 2 2 2 2 2 2 2 2 2 2 2 2 2 2 2 2 2 2 2 2 2 2 2 2 2 2
left_child=3 2 17 -1 5 13 10 18 26 27 22 21 -10 14 16 -15 -3 19 29 20 -2 -7 25 24 -18 -5 -9 -6 -11 -4
right_child=1 4 7 6 9 11 -8 8 12 28 -12 -13 -14 15 -16 -17 23 -19 -20 -21 -22 -23 -24 -25 -26 -27 -28 -29 -30 -31
leaf_value=-0.017408429801908175 0.010597712690353974 -0.0093951384649135147 -0.0083060841735165467 -0.012741009821747269 0.0037343774315823659 -0.0092339156405863206 0.00041218292915596466 -0.0090224232682504062 -0.01126520780651892 0.00016127169043841542 0.002221885759874477 0.0099491149437642944 0.0033464014624614534 0.015211477360158925 0.0031169978858921962 -0.0004447631515056118 -0.0072378800906516055 -7.5437706153488741e-05 0.0043734392721146848 -0.012613813851358707 -0.0071040949273985859 0.010161236314402139 0.0030021749164579987 -0.0012529008816832986 0.015618587131686323 0.0030691022796536706 0.0055449363602975343 0.011737241997616499 0.015466401552461151 0.0026621837596784927
leaf_weight=185.81277390010655 17.939124862663448 80.319739467464387 183.26570565905422 291.72142728837207 251.45317756943405 31.297611454501748 135.6901794411242 17.373202864080667 57.969715770334005 20.755776278674603 41.438355032354593 316.30706753768027 49.594240892678499 59.157201503403485 607.55463673360646 48.541848286986351 8.8154122726991755 75.966216852888465 60.501575011759996 206.43297505611554 63.431163769215345 17.678153291344643 21.591497194953263 442.2375955991447 26.86529565602541 17.417684468440711 365.0659539308399 92.491387832909822 167.74577989056706 41.704404767602682
leaf_count=4792 191 585 1499 5224 792 143 1388 72 366 55 266 847 214 197 1921 210 85 604 237 3262 913 58 179 2806 90 177 1551 226 360 263
internal_value=5.71168e-05 0.00211779 -0.0023995 -0.00972198 0.00448809 0.00303521 -0.0067674 0.000218471 0.00267364 0.00888997 -0.00935579 0.00835035 -0.00467888 0.00148394 0.000807225 0.00844827 -0.00171196 -0.00790771 -0.00396923 -0.00993847 -0.00281392 -0.00194033 -0.0108179 -0.000336802 0.00977605 -0.0118156 0.00477528 0.0060238 0.0138289 -0.00625914
internal_weight=4004.14 3310.46 1139.24 693.672 2171.22 1638.77 507.859 775.475 490.003 532.446 372.169 365.283 107.564 1273.49 1165.79 107.699 558.238 363.769 285.472 287.803 81.3703 48.9758 330.731 477.918 35.6807 309.139 382.439 343.945 188.502 224.97
internal_count=29573 17547 9172 12026 8375 6942 7234 4202 2203 1433 5846 1048 580 5894 5487 407 3566 4970 1999 4366 1104 201 5580 2981 175 5401 1623 1018 415 1762
is_linear=0
shrinkage=0.02


Tree=37
num_leaves=31
num_cat=0
split_feature=15 4 4 6 6 15 17 11 0 1 26 20 14 22 5 10 14 16 10 16 10 25 11 5 11 26 23 25 25 14
split_gain=225.663 68.0044 43.624 41.2272 27.0103 25.1215 18.6711 17.4366 14.6445 14.6407 14.6142 14.5503 14.5374 17.6866 14.3785 13.0682 12.8911 12.4975 12.3885 12.1724 12.136 12.0009 11.0962 10.8874 10.8483 13.07 12.4946 11.3609 10.6198 10.3888
threshold=0.045959351584315307 0.84116947650909435 0.45412245392799383 -0.42527255415916437 1.2253286838531496 1.3682829141616824 0.55943617224693309 -0.95271936058998097 1.3379098773002627 1.1446853876113894 0.4600829035043717 0.69725376367568981 0.56841701269149791 1.2237857580184939 -0.032827442511916154 -0.70257338881492604 -0.041257398203015321 0.22115661203861239 -1.3396841287612913 0.64431720972061168 -1.093271732330322 2.0901306867599492 0.24374800920486453 0.5586504638195039 1.3220153450965884 0.52267366647720348 1.4134500026702883 -0.54714444279670704 0.50508627295494091 -0.14025793969631192
decision_type=2 2 2 2 2 2 2 2 2 2 2 2 2 2 2 2 2 2 2 2 2 2 2 2 2 2 2 2 2 2
left_child=1 3 4 -1 6 9 -2 -8 -3 12 22 14 13 20 -5 18 -12 -7 -6 -20 23 -17 -11 -4 25 26 27 -14 -9 -25
right_child=2 8 5 11 15 17 7 28 -10 10 16 -13 24 -15 -16 21 -18 -19 19 -21 -22 -23 -24 29 -26 -27 -28 -29 -30 -31
leaf_value=-0.01608352598298219 -0.0040588471072527657 -0.00089078888518176675 -0.012189335785092443 -0.012994015466104028 0.0089102157961751301 -0.0053060916656894521 -0.012923968869567553 0.0045592890136376416 0.013018529045999172 0.0026364716038379575 0.0087366169379349944 -0.00046900425873209995 0.0086922986546343461 0.01294896906697607 -0.004680861604462485 0.0081802707166014361 -0.0054162456545582298 0.010528513690149168 0.0033587203041762219 -0.015966699041796921 0.0037960762888767773 -0.0021524171000290742 0.014504391610641995 0.010287484447404014 0.0073303201528770812 0.0033323074582483321 0.011495904064629662 -0.012150624383821147 -0.0046158305258888884 -0.0087983058813333303
leaf_weight=324.9538000812754 512.76210832688957 255.04461019858718 33.567975929006934 161.98563607223332 19.305265292525291 18.160213693976402 24.833988282829523 290.5662209559232 29.285461344756186 45.257868967950344 45.320838991552591 114.39344589132816 8.1491228286176902 73.875238357111812 183.86928266845644 259.71102987788618 47.948761278763413 365.5087675191462 19.253587547689676 27.635684283450246 629.89218167681247 51.969853712245822 122.57168443873525 22.773598369210958 35.519446227699518 57.332235706970096 7.7278888747096053 92.720457041636109 56.626666706055403 14.613076459616421
leaf_count=8031 4310 1889 192 2909 69 54 181 1396 75 135 107 1347 28 219 2366 812 164 899 92 111 2346 263 290 66 109 229 15 433 299 66
internal_value=0.000191995 -0.00763309 0.00310252 -0.0106513 0.000312188 0.00526846 -0.00160035 0.00179706 0.000742064 0.00385438 0.00802597 -0.00668435 0.00270337 0.00394306 -0.00870412 0.00475279 0.00155542 0.0097204 -0.00313308 -0.00847233 0.00290876 0.00645061 0.0114729 -0.00469964 -0.00204418 -0.00420664 -0.00815819 -0.0101358 0.00301855 0.00266967
internal_weight=3953.14 1069.53 2883.6 785.202 1262.66 1620.94 884.789 372.027 284.33 1237.27 261.099 460.248 976.171 774.722 345.855 377.875 93.2696 383.669 66.1945 46.8893 700.847 311.681 167.83 70.9547 201.449 165.93 108.597 100.87 347.193 37.3867
internal_count=29502 16617 12885 14653 7533 5352 6186 1876 1964 4399 696 6622 3703 2889 5275 1347 271 953 272 203 2670 1075 425 324 814 705 476 461 1695 132
is_linear=0
shrinkage=0.02


Tree=38
num_leaves=31
num_cat=0
split_feature=23 4 4 1 11 6 23 7 16 8 7 26 0 2 25 11 24 4 24 4 6 10 10 25 13 10 26 9 1 22
split_gain=209.365 77.0391 45.4172 42.105 23.581 22.4538 18.8465 20.236 17.0277 16.4894 13.5396 17.6156 17.842 13.4562 13.0121 12.957 13.2664 12.4924 12.086 12.2226 11.9976 12.2755 11.6672 11.6474 13.0295 11.5764 15.487 12.6848 12.8074 11.4416
threshold=0.4110263735055924 -0.037392873317003243 1.5836356282234194 0.48899078369140631 -0.95271936058998097 -0.42527255415916437 1.0207976102828982 -0.91741743683814991 1.2136466503143313 0.063148133456707015 0.78819692134857189 1.2273957729339602 1.3886062502861025 -1.0395429134368894 -0.33320964872837061 1.6993806362152102 0.61536118388175975 -0.92701116204261769 1.4079485535621645 -0.47009001672267908 -0.43886154890060419 -0.34401199221611017 -1.0549272894859312 -0.026936445385217663 -0.77581268548965443 0.073008272796869292 0.79061767458915722 -0.5217594802379607 0.33768357336521154 -1.2270221114158628
decision_type=2 2 2 2 2 2 2 2 2 2 2 2 2 2 2 2 2 2 2 2 2 2 2 2 2 2 2 2 2 2
left_child=1 5 3 6 -3 -1 23 -8 13 20 11 12 15 -4 -7 16 -5 -18 19 -12 -6 22 -22 24 -2 26 27 28 -15 -27
right_child=2 4 8 10 9 14 7 -9 -10 -11 18 -13 -14 25 -16 -17 17 -19 -20 -21 21 -23 -24 -25 -26 29 -28 -29 -30 -31
leaf_value=-0.016819249130742734 -0.0098693528494869422 -0.011020227135586074 -0.012744964237703509 -0.0065584862195657394 -0.012096115395287037 -0.0016042360606325404 -0.011137266881184949 0.0038139942970696725 0.015832904629693785 0.0026954330032213348 -0.0041155424065404209 -0.0088641477809716044 0.0092230644929665023 0.0047779055426428888 -0.010869837272459795 0.012265237270427051 -0.0085203912409667765 0.0033433951027727342 0.015660503374237241 0.0079976179113488907 -0.0073891080040393003 -0.0058195077147830676 0.0080181183897149108 -0.0057036522659163246 0.001982445155019252 -0.0065083959259375967 -0.0057884760836288676 0.0078619296457646277 -0.017258862297115842 0.010655395333179867
leaf_weight=241.93054545577615 39.954095319844782 95.746658639982343 9.9883836433291417 70.957408741116524 53.964194566942751 83.933785595931113 35.669535655528307 334.71081255655736 86.663587145507336 298.02645697165281 38.214922849088907 41.848165262490511 180.83450122736394 21.516544135287404 233.11465524323285 41.303279206156731 33.76266800519079 448.57586974930018 63.952086951583624 163.28071300499141 23.001974292099476 122.04697016999125 64.320885919034481 362.51438771374524 207.48465362982824 13.281900502741335 50.051615484058857 207.68182439543307 13.078451968729494 262.7797153647989
leaf_count=6344 370 1250 41 543 745 1015 302 1524 182 2341 217 211 528 54 3893 117 234 1800 155 562 191 976 417 2656 1385 59 168 580 41 699
internal_value=0.000103315 -0.00678188 0.00317927 0.00170526 -0.00211014 -0.0122063 -0.00129489 0.00224494 0.00770503 -0.000506546 0.00441514 0.00310679 0.00380549 0.00636189 -0.0084799 0.00209467 0.0012324 0.00243406 0.00831146 0.00565626 -0.00411306 -0.00182133 0.00377927 -0.00344515 -8.88479e-05 0.00680587 0.00392867 0.00601257 -0.00468039 0.00972852
internal_weight=3944.19 1216.09 2728.11 2063.06 657.107 558.979 980.333 370.38 665.042 561.36 1082.73 817.282 775.434 578.378 317.048 594.599 553.296 482.339 265.448 201.496 263.334 209.37 87.3229 609.953 247.439 568.39 292.328 242.277 34.595 276.062
internal_count=29600 17172 12428 10604 5920 11252 6237 1826 1824 4670 4367 3433 3222 1642 4908 2694 2577 2034 934 779 2329 1584 608 4411 1755 1601 843 675 95 758
is_linear=0
shrinkage=0.02


Tree=39
num_leaves=31
num_cat=0
split_feature=3 24 15 5 11 21 3 13 21 14 11 8 14 25 25 5 21 24 25 1 22 9 21 3 11 23 10 26 20 3
split_gain=193.121 68.148 51.7471 23.2355 22.7297 21.8251 19.1269 20.9473 16.3494 16.1812 14.9262 14.6436 14.5715 14.3541 14.8275 14.1841 14.0346 13.9882 14.247 13.071 12.8145 12.925 12.4148 11.6218 11.5912 16.876 11.3542 10.7232 10.6503 10.5964
threshold=0.105923879891634 0.45378361642360693 0.76171872019767772 0.33683511614799505 0.037107579410076148 0.67531907558441173 1.2513520717620852 -1.0386824607849119 1.3397674560546877 0.46517229080200201 -0.24054484814405439 -0.50541177392005909 -1.117912709712982 -0.051678756251931184 -0.27617515623569483 0.53053802251815807 1.4524835944175722 0.88169881701469432 -0.57727223634719838 1.2854744195938113 -0.39740701019763941 0.17856958508491519 -0.16015697270631787 0.50476557016372692 1.3542412519454958 1.0618283748626711 0.31221127510070806 1.269556522369385 -0.46807330846786493 1.3859855532646181
decision_type=2 2 2 2 2 2 2 2 2 2 2 2 2 2 2 2 2 2 2 2 2 2 2 2 2 2 2 2 2 2
left_child=1 4 3 8 22 15 9 -8 17 13 11 -9 -7 14 -4 -3 19 18 -2 -12 21 -15 -1 -5 25 -19 -11 -22 -28 -26
right_child=2 5 6 23 -6 12 7 10 -10 26 16 -13 -14 20 -16 -17 -18 24 -20 -21 27 -23 -24 -25 29 -27 28 -29 -30 -31
leaf_value=-0.018631487101102105 0.0044287762560126379 -0.0080059886702354959 0.0046598961937388932 -0.002387982536293934 -0.0063688596621465235 0.013215453717559826 -0.014347190926658484 -0.013118221486510782 0.0046891887041338983 0.0014468950434765801 0.0055952265452974652 0.0069537696512850808 0.00028759912746645572 -0.013894650146307395 0.015571864368710879 0.00088295992076991507 0.0158369710498476 0.0027474561628729006 -0.0072256622792652141 0.012510094525565956 0.0047064835840880731 0.0029664294021428234 -0.010749395242184946 0.0042119739150490209 -0.0031621582568806162 -0.011384194013142239 0.0080908615388624091 -0.0078932743621911265 -0.013711697814805782 0.018332528756559524
leaf_weight=157.56111782183871 44.071777070406824 151.20549500826746 146.13997718691826 133.13580432999879 264.88369056256488 54.251678746193647 12.400849778205155 21.346206214278936 101.37428576126695 91.067223874852061 394.50645673833787 27.711785145103931 85.324324392713606 30.838154474273324 76.375616371631622 131.23037792090327 102.45046872459352 104.00582991354167 357.89719569869339 157.3299997895956 372.22674189321697 34.003185622394085 228.67426776234061 481.72645305003971 12.489961220882831 44.142317781224847 7.5435570031404486 24.634790688753128 42.534905420616269 19.893372120335698
leaf_count=4164 339 1657 522 993 4213 179 47 80 542 402 1069 84 657 148 217 763 229 557 3501 346 1205 120 4599 2179 77 259 29 95 199 46
internal_value=0.000177112 -0.00703137 0.00290865 -3.43066e-05 -0.0110642 -0.000752388 0.00538085 0.00776971 -0.00256206 0.00327496 0.00825818 -0.00218553 0.00559578 0.0045424 0.00866519 -0.00393233 0.00905187 -0.00385319 -0.00590916 0.0076613 0.00248389 -0.00547324 -0.0141618 0.00277515 0.000760494 -0.00169742 -0.00281429 0.00383589 -0.00999113 0.0107281
internal_weight=3912.98 1073.13 2839.85 1298.74 651.119 422.012 1541.11 715.746 683.875 825.364 703.345 49.058 139.576 684.218 222.516 282.436 654.287 582.5 401.969 551.836 461.703 64.8413 386.235 614.862 180.531 148.148 141.146 396.862 50.0785 32.3833
internal_count=29517 16232 13285 8493 12976 3256 4792 1855 5321 2937 1808 164 836 2307 739 2420 1644 4779 3840 1415 1568 268 8763 3172 939 816 630 1300 228 123
is_linear=0
shrinkage=0.02


Tree=40
num_leaves=31
num_cat=0
split_feature=24 4 3 3 3 15 4 15 16 5 3 9 4 10 26 10 26 5 21 7 15 11 26 26 26 23 21 5 20 26
split_gain=199.426 87.5134 44.307 30.9759 26.8886 26.4191 21.0533 20.0593 17.4771 17.1124 16.9492 15.9382 15.4618 15.0127 14.9888 13.0622 17.9374 14.6479 12.7727 11.5128 11.5062 11.277 11.2274 11.3476 12.8141 17.4363 11.0145 10.3907 10.0682 13.907
threshold=0.48826332390308386 0.059127431362867362 0.42844749987125402 0.49140955507755285 1.1068951487541201 1.0162237882614138 1.1855123043060305 -0.39756743609905237 0.4651200026273728 1.2323153018951418 -0.75668984651565541 -0.85996392369270314 0.45412245392799383 -0.47537979483604426 -1.0746733546257017 -0.029001115821301934 0.57111415266990673 0.78257670998573314 0.64234766364097606 -0.70354816317558277 0.65586099028587352 1.4069105982780459 -1.4070231914520261 0.59360432624816906 0.30178619921207434 0.46058806777000433 0.85428315401077282 0.11308231577277185 1.180487394332886 -0.95454075932502735
decision_type=2 2 2 2 2 2 2 2 2 2 2 2 2 2 2 2 2 2 2 2 2 2 2 2 2 2 2 2 2 2
left_child=1 3 6 27 7 12 10 -3 13 15 -2 -12 22 -8 26 16 17 -7 -13 -17 -20 -16 -4 24 28 -26 -9 -1 29 -24
right_child=2 4 5 -5 -6 9 8 14 -10 -11 11 18 -14 -15 21 19 -18 -19 20 -21 -22 -23 23 -25 25 -27 -28 -29 -30 -31
leaf_value=-0.016492278281338878 -0.013067837939820613 -0.011669552639095469 -0.012738500367889703 -0.004674566075297276 0.0055719387148935318 0.0084981517855466111 -0.017460749302047055 0.00063747413601213598 0.0084603758793436318 0.011987911085183356 -0.011641449278992912 -0.0033687096293377621 0.0049435218963695422 0.0017919767749906884 -0.0045661802688061843 -0.0052361874613891055 -0.0038379821876632432 -0.0042670031106227038 -0.0017605582455252841 0.0091273545064583256 0.010119423398258621 0.0073261007085273977 0.0083390308598698098 -0.0046802948338718351 -0.013919712293661752 0.012000111808601915 0.014357154821582379 -0.0096653483996040589 0.0076664197371765141 -0.0058753462141326856
leaf_weight=284.88696517189965 59.546429605223238 90.258712016046047 22.085803197696805 212.62515893112868 175.61440746486187 174.86331076174974 17.098225206136703 75.999732694588602 129.47154981829226 240.83862316608429 52.009855472482741 190.36248829122633 497.88646968454123 57.840601940639317 336.61989091802388 20.681349102407694 107.21532221511006 41.642894115298986 57.709963323548436 351.94099027477205 66.354925490915775 30.696264361962676 30.918183408677578 111.52102465275675 7.6485562250018111 76.669206703081727 29.14883011393249 172.58906522486359 44.565450200811028 116.22467565909028
leaf_count=7312 721 1565 164 2036 623 466 105 537 394 561 478 1615 1648 231 2889 84 332 122 500 903 266 192 149 669 70 305 119 3566 171 705
internal_value=6.96107e-05 -0.00592624 0.00348659 -0.0111312 -0.00115926 0.00504743 -0.00108464 -0.0032905 0.00412796 0.00739702 -0.00360481 -0.00191185 0.0025938 -0.00341815 -0.00158434 0.00573507 0.00273423 0.006002 -0.000145427 0.00827137 0.00473921 -0.00348731 -0.000287325 0.000575467 0.00274441 0.00900129 0.00491986 -0.0140491 -0.000166361 -0.00271267
internal_weight=3883.53 1408.44 2475.1 670.101 738.338 1844.7 630.394 562.723 204.41 937.182 425.984 366.437 907.519 74.9388 472.465 696.344 323.722 216.506 314.427 372.622 124.065 367.316 409.633 387.547 276.026 84.3178 105.149 457.476 191.708 147.143
internal_count=29498 18839 10659 12914 5925 6349 4310 5302 730 2468 3580 2859 3881 336 3737 1907 920 588 2381 987 766 3081 2233 2069 1400 375 656 10878 1025 854
is_linear=0
shrinkage=0.02


Tree=41
num_leaves=31
num_cat=0
split_feature=3 4 15 4 15 4 1 17 1 21 5 3 7 14 12 8 26 11 16 26 1 8 5 16 4 21 11 11 21 21
split_gain=193.721 93.3724 61.7479 43.0545 38.9348 19.6968 18.8393 16.5209 19.936 16.5024 15.4374 14.6883 13.8604 13.7599 12.8441 12.8405 12.4959 12.0861 13.1235 11.7691 11.0618 10.6004 10.5066 10.1275 9.81999 9.66179 13.8521 10.7567 9.5735 9.6571
threshold=0.095092352479696288 0.9946403205394746 0.9584641456604005 0.1394266486167908 1.0000000180025095e-35 0.95617982745170604 0.9442867934703828 -1.0000000180025095e-35 0.96833515167236339 1.361117482185364 -0.11846662312746047 1.1068951487541201 0.56102085113525402 0.4083890318870545 -0.14569318294525144 -1.3175935149192808 0.51521614193916332 -0.2630809992551803 0.48698960244655615 0.64733907580375682 1.0401996374130251 1.1367594599723818 -0.032827442511916154 0.46043965220451361 2.3442298173904423 0.3211523443460465 0.7577367126941682 -1.1757678985595701 1.1287970542907717 0.52710950374603283
decision_type=2 2 2 2 2 2 2 2 2 2 2 2 2 2 2 2 2 2 2 2 2 2 2 2 2 2 2 2 2 2
left_child=1 4 3 10 -1 12 21 8 -5 15 25 19 20 -3 -6 -9 -12 18 -14 -8 23 28 -16 -4 -17 26 -2 -27 29 -7
right_child=2 13 5 7 14 6 11 9 -10 -11 16 -13 17 -15 22 24 -18 -19 -20 -21 -22 -23 -24 -25 -26 27 -28 -29 -30 -31
leaf_value=-0.014908031130754507 -0.018048588381028931 0.0042891883559130961 0.0057640224517271242 -0.0059268649047766976 -0.011436074557726264 0.0050466839848090864 0.0092382578624841481 -0.0073076950528440238 0.0074073388723678493 0.01062100777819457 0.0011324350950670874 0.016194798011775525 0.011233916020848856 -0.0083644972620816015 -0.0079586939140804964 0.0024143467741561415 -0.0070207080698086611 0.0092731736144408394 -0.0084456813861184116 -0.010386387402368476 0.0056385598725976127 0.013699786573811474 0.00093321676943215574 -0.0030235929531376455 0.010163797624986677 -0.016357465111231043 -0.0037934153333035957 -0.0019577578826417007 0.0097096581966736803 -0.0036131906855429376
leaf_weight=446.35230843117461 62.454222248867154 234.54606475215405 63.80409749224782 157.35802179574966 96.583322489634156 126.01186246052384 32.293797288089991 43.605644669383764 57.242144457995892 119.99771605432034 245.75586536061019 162.63464313000441 16.10392558760941 35.39736009016633 84.590932406485081 523.11624067183584 102.66783449426293 211.06450129859149 33.116606520488858 13.423084076493977 153.27325007878244 51.212473466992378 128.4480790309608 216.86811716482043 70.911845531314611 19.916652619838715 51.323602671734989 135.91896945890039 79.684301614761353 80.374762706458569
leaf_count=11182 977 1321 233 1072 1189 349 80 224 221 353 1782 359 45 322 1057 2265 927 566 124 44 429 111 1020 843 190 271 532 1078 184 221
internal_value=-0.000131611 -0.00755581 0.00256823 -4.3078e-05 -0.0111423 0.00590424 0.0087409 0.00257645 -0.00228245 0.00395868 -0.00415145 0.0134426 0.0036282 0.00250799 -0.00556288 0.002632 -0.00133534 0.00723283 -0.00156474 0.0030203 0.00140834 0.00568259 -0.00269902 -0.000960018 0.00341655 -0.00770017 -0.0120486 -0.00424942 0.00403666 0.00166851
internal_weight=3856.05 1025.92 2830.13 1590.27 755.975 1239.87 545.635 972.232 214.6 757.631 618.037 208.352 694.23 269.943 309.622 637.634 348.424 260.285 49.2205 45.7169 433.945 337.283 213.039 280.672 594.028 269.613 113.778 155.836 286.071 206.387
internal_count=29571 16091 13480 9892 14448 3588 1348 4325 1293 3032 5567 483 2240 1643 3266 2679 2709 735 169 124 1505 865 2077 1076 2455 2858 1509 1349 754 570
is_linear=0
shrinkage=0.02


Tree=42
num_leaves=31
num_cat=0
split_feature=23 4 4 15 11 21 17 0 21 11 25 8 15 9 20 7 11 5 0 0 23 5 21 15 12 10 10 7 16 5
split_gain=175.199 51.4217 49.8774 35.1044 25.0286 24.5766 21.5029 19.9786 18.589 23.0333 14.2404 14.2265 13.5532 15.3405 13.3267 13.1503 14.5017 12.819 16.4298 11.4073 10.9085 10.9292 10.8102 10.7 10.3614 10.2003 12.3822 11.7426 10.0687 11.9846
threshold=0.13754820078611377 1.0000000180025095e-35 0.82356494665145885 0.81615686416625988 -0.047707969322800629 1.261285185813904 0.13855401426553729 0.15787329524755481 0.3312517255544663 0.80462726950645458 -0.10975811257958411 1.5627267956733706 1.2620696425437929 0.27842929959297186 0.45577460527420049 0.80158981680870067 -0.58662220835685719 0.12222914770245553 -1.2392405271530149 0.56165084242820751 1.1501113176345827 1.0350633263587954 1.2111738324165346 -0.5231092870235442 0.8322277069091798 -0.26895780861377711 0.12049081176519395 -0.32436083257198328 0.95638179779052745 0.18658524006605151
decision_type=2 2 2 2 2 2 2 2 2 2 2 2 2 2 2 2 2 2 2 2 2 2 2 2 2 2 2 2 2 2
left_child=1 6 3 8 -3 7 22 11 9 -2 24 17 13 14 25 28 19 18 -4 -17 21 -16 -1 -10 -6 -9 -27 -28 29 -5
right_child=2 4 5 15 10 -7 -8 12 23 -11 -12 -13 -14 -15 20 16 -18 -19 -20 -21 -22 -23 -24 -25 -26 26 27 -29 -30 -31
leaf_value=-0.015585079882268047 -0.010412549733445589 -0.0082744657165845815 0.012647216589774492 -0.0038077906853734252 0.0086227678110467193 0.010487042010978749 -0.0028038532685788877 0.0094371909080215016 -0.011347147411762402 -0.00051180323662079307 -0.003151672246816218 0.0093138473706502484 0.010342137963067075 0.0066659060895371929 -0.0089977274895649013 -0.018174503789926584 0.0095734328288381593 0.0012533204333604858 -0.010076396780200976 0.0055123378034131823 -0.021245998570540797 0.0084668389764103128 -0.0018582665755855175 0.00075347529468034098 -0.0080002657102455667 -0.016236532168130546 -0.01120045030940933 0.0084304003650110121 0.0053854143342584662 0.002817968869379447
leaf_weight=332.70404725009575 207.12797175813466 180.74024764914066 10.319586016237734 189.3703866712749 101.44700261671096 284.77342113293707 77.383721577934921 53.304321188479662 26.311399620957673 169.73917462769896 124.34053262043744 50.656964821740985 189.98555452749133 313.02369469404221 33.619225243106484 10.323045369237663 169.93086367286742 202.9130122102797 91.372230339795351 13.650980263948439 12.627883583307264 18.06744435057044 26.181390633806586 434.75985011179 13.438396389596162 13.177314233034847 12.429500551894305 36.645366307348013 189.92303851246834 244.20199572853744
leaf_count=8612 2671 2339 40 986 674 747 996 181 398 1507 1262 165 453 1006 132 75 529 776 502 43 41 45 451 3024 113 69 51 123 589 941
internal_value=0.000136392 -0.00781002 0.00243021 0.000113653 -0.00276301 0.00531754 -0.0125821 0.00385602 -0.00275485 -0.00601839 0.00148517 4.51725e-06 0.00584512 0.00402531 -0.000626045 0.0030531 0.00753632 -0.00166907 -0.0072858 -0.0060633 -0.00759868 -0.00268453 -0.014623 -5.13803e-05 0.00642577 0.00340887 -0.00207083 0.00288246 0.00160998 -8.63672e-05
internal_weight=3834.49 856.235 2978.25 1655.34 419.966 1322.92 436.269 1038.14 837.938 376.867 239.226 355.262 682.88 492.895 179.871 817.4 193.905 304.605 101.692 23.974 64.3146 51.6867 358.885 461.071 114.885 115.557 62.2522 49.0749 623.495 433.572
internal_count=29541 14447 15094 10763 4388 4331 10059 3584 7600 4178 2049 1483 2101 1648 642 3163 647 1318 542 118 218 177 9063 3422 787 424 243 174 2516 1927
is_linear=0
shrinkage=0.02


Tree=43
num_leaves=31
num_cat=0
split_feature=15 4 4 6 20 6 7 0 11 21 9 24 12 0 7 22 25 12 11 20 21 11 4 23 9 13 10 10 26 4
split_gain=184.373 62.9147 44.1741 31.437 22.2614 20.7795 18.4743 15.9548 13.7675 16.9836 12.749 12.6487 17.4497 11.5068 11.2817 12.4474 14.329 15.9105 11.0448 11.6507 10.7051 13.3621 13.2235 11.7381 11.6746 10.6843 12.2758 12.4089 10.555 10.5284
threshold=0.087022006511688246 0.84116947650909435 0.27177821099758154 -0.92959371209144581 0.17918371409177783 -0.32698601484298701 -0.71931546926498402 0.72069749236106884 1.0445718169212344 0.15483544766902926 -0.040927965193986886 1.4484309554100039 1.1716452240943911 0.85608306527137767 0.52095004916191112 0.3925767987966538 -0.19482749700546262 -0.07038968056440352 1.5817859172821047 -1.2722857594490049 0.73002135753631603 -0.071677446365356431 1.2448164820671084 0.40104067325592047 -1.2590969800949094 0.30384878814220434 -0.88057473301887501 0.053907198831439025 0.96339762210845958 -0.89156442880630482
decision_type=2 2 2 2 2 2 2 2 2 2 2 2 2 2 2 2 2 2 2 2 2 2 2 2 2 2 2 2 2 2
left_child=1 3 5 -1 18 -2 -7 14 9 -5 -11 12 -9 -3 15 -6 -17 -18 20 -20 21 28 24 -22 -23 26 -16 -28 -4 -8
right_child=2 13 4 8 7 6 29 11 -10 10 -12 -13 -14 -15 25 16 17 -19 19 -21 23 22 -24 -25 -26 -27 27 -29 -30 -31
leaf_value=-0.016895214392614648 -0.0089812582903536116 -0.0014063033156515475 -0.013869499152591128 -0.012542301681570684 0.0045740217596523126 -0.0073922927157724465 -0.0034990110631768758 0.0082992669635183966 -0.00020367736533554687 -0.01115675489921791 -0.0018473419594358385 0.014772774739861 -0.0073416817115052324 0.0073193203584227704 -0.0092742894972414544 0.0046450115830687713 0.0060437894415564129 -0.015227365452047382 -0.007915740898878457 0.011363008907062546 -0.010531290354882681 0.0081122207863562786 0.0043092916030354781 0.0098534816007881578 -0.0050404940912466868 0.011040009578349079 0.01209479856625474 -2.8325967267012364e-05 0.0059794330521567452 0.0025339109286187352
leaf_weight=188.66005175886676 96.116447248496115 223.62113028112799 41.465377192944288 239.93242110032588 160.27544365264475 98.972200078889728 133.97104462981224 399.92775847576559 89.54216742515564 85.448685833718628 175.75935938768089 118.79622044041753 26.92290686070919 77.286430553533137 22.218934468924999 41.986702552065253 16.106872705742717 47.486430944874883 11.343651849776505 70.445768108591437 9.028444776311515 27.517368782311678 197.7455785330385 72.344876242801547 163.02627797052264 127.86545967124403 57.176430044695735 73.877403665333986 10.803490236401556 698.09268433507532
leaf_count=5158 1165 1766 265 5011 607 859 885 1139 1008 1456 2364 276 75 293 105 194 70 232 50 193 55 99 654 211 844 383 182 259 43 3612
internal_value=0.000130691 -0.00684217 0.00290387 -0.00982509 0.00488119 -0.000369551 0.000562714 0.00657938 -0.00744408 -0.00872298 -0.00504507 0.0089986 0.00723916 0.000917827 0.00410646 0.00111706 -0.0041003 -0.00979198 0.00177895 0.00838718 0.000673647 -0.000582221 0.00073875 0.00711306 -0.00298219 0.00686443 0.0031423 0.00551089 -0.00960305 0.00154745
internal_weight=3803.76 1080.25 2723.51 779.343 1696.36 1027.15 931.036 1092.64 590.683 501.14 261.208 545.647 426.851 300.908 546.994 265.855 105.58 63.5933 603.721 81.7894 521.931 440.558 388.289 81.3733 190.544 281.138 153.273 131.054 52.2689 832.064
internal_count=29513 17056 12457 14997 5936 6521 5356 3522 9839 8831 3820 1490 1214 2059 2032 1103 496 302 2414 243 2171 1905 1597 266 943 929 546 441 308 4497
is_linear=0
shrinkage=0.02


Tree=44
num_leaves=31
num_cat=0
split_feature=24 4 4 3 15 16 17 5 0 26 4 14 7 14 25 4 11 6 25 3 16 14 9 7 18 11 17 11 25 14
split_gain=179.779 78.1397 39.7607 34.834 25.203 24.4026 23.9461 22.674 16.426 20.9694 12.9313 13.0875 12.5626 12.5156 11.9877 11.1534 10.9374 10.8729 10.4852 16.567 10.4604 10.1754 12.1579 11.9324 17.1904 10.1139 9.92507 10.9305 9.83305 9.77799
threshold=0.45378361642360693 -0.19459632784128186 -0.48475490510463709 1.1530465483665469 -0.28389337658882136 1.2468770742416384 1.0000000180025095e-35 0.45226377248764044 1.585563659667969 0.30178619921207434 2.399522185325623 -2.2927023172378536 -1.0291604399681089 -1.6629610061645506 -0.26615031063556666 2.5758447647094731 1.44291228055954 -0.32698601484298701 -0.0073711557779461137 1.2172027230262759 0.66821888089180004 -0.42719171941280359 0.43797598779201513 0.44856913387775427 -1.0000000180025095e-35 0.25460523366928106 1.1432701945304873 1.1338356137275698 -0.40818123519420618 0.26755440235137945
decision_type=2 2 2 2 2 2 2 2 2 2 2 2 2 2 2 2 2 2 2 2 2 2 2 2 2 2 2 2 2 2
left_child=1 3 6 25 13 7 14 8 12 -10 11 -9 -4 -3 -2 18 20 -15 29 -20 -13 -14 23 24 26 -1 27 -23 -27 -6
right_child=2 4 5 -5 15 -7 -8 10 9 -11 -12 16 21 17 -16 -17 -18 -19 19 -21 -22 22 -24 -25 -26 28 -28 -29 -30 -31
leaf_value=-0.015891827939056011 0.003839404428617937 0.010005042326143899 -0.0093828765045180697 0.0010444147991257333 0.0047778855447259865 0.01149628213508355 0.0020854874168809287 0.012754883376036514 0.017578571463407747 -0.0019367257321829536 0.012059434978278468 0.0028259980451982962 0.004846815946979232 -0.01497307168450693 -0.0099620266234733898 0.011016872161987764 -0.0027438643836469514 -0.0030850793542384529 -0.0057299824066788345 0.0056689416206418385 0.0077845588879962846 -0.0043058919158554653 0.0025615605667650638 -0.0083204972508559537 -0.010020684487617964 0.00010943955629203244 0.012772710180770076 0.010519684908883971 -0.011715196756559805 -0.0019067635176131482
leaf_weight=299.62696775048971 27.349075946491212 8.8319367757067067 41.946330515667796 73.982410845346749 183.69642371777445 180.00200198963284 213.72508432995528 76.082436582073569 48.911893393844366 35.703461911529303 119.21627603843808 401.04378934856504 221.60147206205875 84.381414233706892 148.3836164213717 29.284338377416134 78.133091310039163 51.731088660657406 239.92804835084826 60.109095899388194 303.24563926830888 58.573553316295147 299.61977073550224 105.41054041311145 41.926812721416354 36.502062935382128 32.595944689586759 23.956209225580096 116.31693850969896 159.35778206028044
leaf_count=7704 249 74 345 496 1080 456 1086 190 111 116 291 1677 910 1775 1531 87 297 739 2495 229 903 411 1396 556 276 587 105 94 2321 1137
internal_value=0.000220882 -0.00564871 0.00343539 -0.0116202 -0.00175527 0.00453797 -0.00240244 0.00384594 0.00156147 0.00969547 0.00595398 0.00504123 0.000674509 -0.0091697 -0.00776733 -0.00010105 0.00421493 -0.0107243 -0.000688414 -0.00339085 0.00500083 0.0012689 -0.000171996 -0.00328209 0.000251972 -0.0136798 0.00425447 0.000352673 -0.0089768 0.0016899
internal_weight=3801.18 1343.75 2457.43 526.428 817.32 2067.97 389.458 1887.97 910.246 84.6154 977.721 858.505 825.631 144.944 175.733 672.376 782.423 136.113 643.091 300.037 704.289 783.684 562.083 262.463 157.053 452.446 115.126 82.5298 152.819 343.054
internal_count=29724 18724 11000 11108 7616 8134 2866 7678 4320 227 3358 3067 4093 2588 1780 5028 2877 2514 4941 2724 2580 3748 2838 1442 886 10612 610 505 2908 2217
is_linear=0
shrinkage=0.02


Tree=45
num_leaves=31
num_cat=0
split_feature=6 3 3 4 15 4 4 3 25 14 1 26 25 0 23 4 10 5 1 8 20 11 3 6 4 25 8 2 17 3
split_gain=157.917 67.2893 49.6652 27.4332 26.63 24.341 21.8088 13.7999 13.6417 12.6476 16.5175 15.4959 14.0575 19.674 13.1459 13.0284 12.4611 20.8352 11.6595 11.3765 10.292 10.2676 9.99914 9.95162 15.2168 12.0612 10.3048 15.8914 9.58733 16.4077
threshold=0.26037923991680151 0.082759179174900069 1.4089094400405886 1.0621430873870852 0.79436439275741588 -0.012588249519467352 0.1394266486167908 1.1822354197502138 0.44728620350360876 0.39173133671283727 0.38458888232707983 -0.6458413004875182 -0.051678756251931184 1.1855120062828066 1.0695049166679385 1.3854932785034182 0.70741027593612682 0.81227231025695812 0.19257983565330508 -1.0983290076255796 0.12206560000777246 0.11145713552832605 1.2332633137702944 1.0063160061836245 -0.81514194607734669 -0.48000714182853693 0.41985352337360388 1.2747857570648196 0.31785942614078527 0.22236435860395434
decision_type=2 2 2 2 2 2 2 2 2 2 2 2 2 2 2 2 2 2 2 2 2 2 2 2 2 2 2 2 2 2
left_child=1 3 4 21 6 7 8 -3 -2 12 11 -11 13 28 15 -14 18 -18 -8 -7 -15 -1 -21 25 -25 -4 27 -27 29 -6
right_child=2 5 23 -5 9 19 16 -9 -10 10 -12 -13 14 20 -16 -17 17 -19 -20 22 -22 -23 -24 24 -26 26 -28 -29 -30 -31
leaf_value=-0.01584986534843693 -0.0033812114949333984 -0.010542506947420234 0.012492641055835729 -0.0015490847768358028 -0.016190537354604153 -0.011053666651912051 -0.0054075018699865701 0.00095631633440076264 -0.013053082042179944 0.0046719167839875441 0.0036276676627047294 -0.012839819298636642 -0.0025660701869387411 0.0055210620797526101 0.0060142619902698227 0.0059543365335918965 -0.00081541815798023322 0.013667734830235785 0.0013858389368717034 0.00037224558409641744 -0.01650666514148387 -0.008958299822987131 0.0080461354891788808 -0.0040151344746080092 0.0092962527820048321 -0.0072113482649020589 0.0084795814694035108 0.0074073516321934317 0.014345002883560944 0.0092146660060866848
leaf_weight=292.09105810709298 305.06282212026417 135.00465558515862 38.222340419888496 93.197643241845071 8.7050548270344716 21.29436291474849 147.39165054354817 58.371765617281199 69.124745989218354 25.978578699752688 113.61361427418888 61.365379938855767 231.32743777055293 12.639400146901609 258.74790553934872 98.101451341062784 88.870971139520407 66.093957774341106 295.78975637536496 230.9692823048681 12.768001623451708 158.80536554567516 91.522094020619988 34.241444084793329 481.98479258269072 83.410406989976764 43.272922204807401 40.110911216586828 118.67237310856581 35.418477829545736
leaf_count=7943 3270 2229 104 835 49 181 997 418 834 111 426 305 1087 35 804 277 487 216 1411 1479 42 3228 330 116 1290 356 131 106 329 114
internal_value=-0.000169586 -0.00660062 0.00244133 -0.0115251 0.000776263 -0.00155226 -0.00156344 -0.0071349 -0.00531648 0.0031001 -0.00134542 -0.00766038 0.00425202 0.00894772 0.00268675 2.23304e-05 0.000808987 0.00559591 -0.000908587 0.00164519 -0.00644258 -0.0135475 0.00263967 0.00690604 0.00838326 0.00307542 0.0006166 -0.00236074 0.0114701 0.00306473
internal_weight=3752.17 1081.26 2670.91 544.094 1949.67 537.162 972.334 193.376 374.188 977.338 200.958 87.344 776.38 188.203 588.177 329.429 598.146 154.965 443.181 343.786 25.4074 450.896 322.491 721.243 516.226 205.017 166.794 123.521 162.796 44.1235
internal_count=29540 16643 12897 12006 10794 4637 7215 2647 4104 3579 842 416 2737 569 2168 1364 3111 703 2408 1990 77 11171 1809 2103 1406 697 593 462 492 163
is_linear=0
shrinkage=0.02


Tree=46
num_leaves=31
num_cat=0
split_feature=24 4 3 4 3 15 3 14 11 14 7 11 21 25 6 11 21 21 21 5 16 5 12 16 25 22 13 12 15 14
split_gain=155.819 52.5669 46.1601 46.428 23.8081 20.7667 18.6052 18.1683 17.1176 15.4529 14.0583 23.9798 13.8518 12.9862 12.317 14.6468 12.9177 12.2372 12.2147 11.8866 11.6434 11.4183 11.2103 11.0354 10.7379 10.3054 10.0009 10.3394 9.92955 9.86564
threshold=0.012107304763048889 0.25864017009735113 0.81636235117912304 0.11291028186678888 0.51797866821289074 1.0162237882614138 0.15194967389106753 -0.77831232547759999 0.26620122790336614 0.1623402610421181 0.98383182287216198 -0.05988813750445842 1.0793788433074953 -0.57719016075134266 1.2371528148651125 -0.67839366197586048 1.361117482185364 -0.28251275420188898 0.85428315401077282 -0.14879624545574185 0.49885609745979315 0.91919147968292247 1.2123157382011416 0.88649684190750133 -0.81664595007896412 -0.14136008173227307 0.71042659878730785 -0.53413373231887806 1.5586956739425661 -0.81609457731246937
decision_type=2 2 2 2 2 2 2 2 2 2 2 2 2 2 2 2 2 2 2 2 2 2 2 2 2 2 2 2 2 2
left_child=1 4 3 6 -1 13 -2 12 18 -10 11 -7 20 -4 16 -16 17 -15 24 -9 21 -5 -21 -11 -3 -22 27 -8 -12 -13
right_child=2 8 5 7 -6 10 26 19 9 23 28 29 -14 14 15 -17 -18 -19 -20 22 25 -23 -24 -25 -26 -27 -28 -29 -30 -31
leaf_value=-0.014295636712265086 -0.0096817693795938336 0.0070838601280758893 0.012230578416644914 -0.0084722560236213159 -0.0041484125231850081 -0.0069666214178853306 -0.010089221041448569 -0.0044090488047574764 0.0072220537748639273 -0.0071592055308841761 0.015208580152581027 0.011630460876403402 0.013324915720267741 0.0058090730523902828 -0.010583286940458909 0.0070683050240317718 0.0068203309922424274 -0.002760181212139173 0.0018826348835227994 0.0028545127909167744 -0.0030303966723290803 0.0053658622146942857 -0.012290458922558008 0.0092931076809002183 -0.010894220374929073 0.0099593698741232868 -0.011860184265485829 0.0016817557701031124 0.0031452543113670178 0.0052031227096464294
leaf_weight=355.314731804654 217.39871673565358 11.424414520151911 45.606753258034587 46.100430056452751 131.47871225327253 51.858599539846182 30.251954341307282 155.8943676687777 109.64812905807048 71.417559495195746 115.90226477012038 127.17617693170905 77.412082571536303 75.813802557997406 16.193867404013872 210.62194980867207 89.877820273861289 379.2121397703886 54.476296736858785 361.79940166138113 28.830431858077645 40.110580310225487 15.753210442140697 16.140198349952698 121.65729141794145 105.43371254205704 28.485002232715487 189.77706356626004 39.218118786811829 423.86673619039357
leaf_count=9557 3451 88 143 299 1420 190 307 1119 651 583 263 313 236 379 68 714 321 1821 395 1831 113 156 90 65 1603 334 268 1419 111 1168
internal_value=9.14037e-05 -0.0072913 0.00234013 -0.000454051 -0.011625 0.00463519 -0.00547543 0.00237604 -0.00172963 0.00236078 0.00701216 0.00554794 0.0062881 0.00240146 0.00174559 0.00560696 0.000101938 -0.0012848 -0.00598008 0.00015336 0.00357668 -0.00209272 0.00207022 -0.00378824 -0.00915026 0.00716143 -0.00167737 -0.000124861 0.0123521 0.00677774
internal_weight=3744.15 871.557 2872.6 1297.25 486.793 1575.35 465.913 831.334 384.764 197.206 758.022 602.902 297.887 817.326 771.72 226.816 544.904 455.026 187.558 533.447 220.475 86.211 377.553 87.5578 133.082 134.264 248.514 220.029 155.12 551.043
internal_count=29476 14362 15114 9623 10977 5491 5445 4178 3385 1299 2045 1671 1138 3446 3303 782 2521 2200 2086 3040 902 455 1921 648 1691 447 1994 1726 374 1481
is_linear=0
shrinkage=0.02


Tree=47
num_leaves=31
num_cat=0
split_feature=15 3 4 6 15 14 14 5 10 4 14 11 1 21 12 15 20 15 20 11 5 27 5 2 1 20 12 5 12 3
split_gain=150.537 80.4616 55.6564 29.2515 27.4955 15.9077 15.6472 15.0073 15.5024 14.4599 14.2773 13.0732 14.0845 20.1491 12.3867 13.2698 12.4792 12.387 12.2987 13.3312 12.2442 12.1171 12.103 11.8189 10.6362 10.544 10.4606 10.4531 9.65756 9.49854
threshold=-0.67656511068344105 0.6671678125858308 0.42488689720630651 0.34722687304019934 0.90794688463211071 -1.8729354143142698 -0.72527956962585438 -0.15852414816617963 0.74430817365646373 1.5498609542846682 -1.117912709712982 -0.30542694032192225 1.4098049402236941 -0.19298362731933591 0.86179247498512279 1.3682829141616824 0.16930120438337329 0.99517259001731884 1.2499055266380312 1.3220153450965884 1.3627382516860964 15.500000000000002 -0.93879398703575123 -0.42334622144699091 1.2644734978675845 -0.10336837917566298 0.72973883152008068 1.2966576218605044 -0.96732103824615467 1.7358513474464419
decision_type=2 2 2 2 2 2 2 2 2 2 2 2 2 2 2 2 2 2 2 2 2 2 2 2 2 2 2 2 2 2
left_child=29 2 3 -2 6 27 25 24 23 18 -5 -6 14 -14 16 17 20 -16 19 -8 21 -13 -11 -9 -7 -3 -24 -4 -10 -1
right_child=1 4 5 10 11 7 9 8 28 22 -12 12 13 -15 15 -17 -18 -19 -20 -21 -22 -23 26 -25 -26 -27 -28 -29 -30 -31
leaf_value=-0.015689425763930061 -0.010489623457815343 -0.0020740056715591059 0.011697306267004022 0.0049233254450824068 -0.0011566571436137753 -0.0064371513297264496 -0.0039911226387492858 -0.0079042136660996149 -0.0054505198352125571 -0.012779498361620695 -0.0044394518904085165 0.0039462082291369513 -0.0065759167183551724 0.01435175099771448 0.0080580818632352315 0.0077758423657246422 0.0086234973918666753 -0.0076035271201564678 0.0045334819203314307 0.0044471699507150179 0.011093331414129949 -0.0080131591582008974 0.0091815605343691306 0.0013027893120957385 0.010634499954879233 0.010767781677770242 -0.0019982315883190814 -0.002732063517930546 0.0089678178665768774 0.0075886805753794416
leaf_weight=241.87645924836397 357.09624871890992 32.465517822653055 79.382311597466469 76.974132657982409 93.298939116299152 156.12627051584423 440.33910908177495 64.297755624167621 18.094025472179055 9.6296276375651342 321.56420706445351 78.410754211246967 18.026897288858891 145.94607063755393 22.204119559377432 56.412099380046129 408.69786155596375 78.1751454398036 113.9481007643044 85.702528526075184 40.227542895823717 52.162928877398372 127.39466515928507 281.06799392867833 11.555257197469471 94.721330279484391 42.705359783023596 24.186124496161938 131.84513738192618 4.4291364923119536
leaf_count=6296 7528 156 254 456 316 1316 2808 484 120 50 3250 238 57 351 59 153 1097 272 538 425 103 213 351 1502 45 287 153 93 557 17
internal_value=-0.000181292 0.00090219 -0.00253537 -0.00636894 0.00359835 0.00126036 0.0011499 9.75058e-05 0.00185141 0.000119458 -0.00259252 0.00591439 0.00664954 0.0119245 0.00540229 0.000397545 0.00674141 -0.00392118 -0.00129426 -0.00258743 0.00212072 -0.00095077 0.00505227 -0.000499643 -0.00498685 0.00753535 0.00639785 0.00835701 0.00710813 -0.0151282
internal_weight=3708.96 3462.66 1522.19 755.635 1940.47 766.555 946.906 662.986 495.305 819.719 398.538 993.562 900.263 163.973 736.29 156.791 579.499 100.379 639.99 526.042 170.801 130.574 179.73 345.366 167.682 127.187 170.1 103.568 149.939 246.306
internal_count=29545 23232 15605 11234 7627 4371 4768 4024 2663 4325 3706 2859 2543 408 2135 484 1651 331 3771 3233 554 451 554 1986 1361 443 504 347 677 6313
is_linear=0
shrinkage=0.02


Tree=48
num_leaves=31
num_cat=0
split_feature=24 3 3 4 5 4 7 16 19 4 17 7 11 21 13 11 10 10 3 23 25 16 26 11 17 1 26 16 3 0
split_gain=149.379 62.9941 31.4739 28.8118 26.3477 23.4936 19.4198 17.4981 16.0964 14.4431 14.1256 11.8088 19.7768 12.616 11.4196 11.0022 10.586 13.8129 13.408 13.1226 11.7048 11.3962 10.2449 10.0568 14.3032 10.2048 9.94368 9.92759 9.65243 9.61149
threshold=0.2999932616949082 0.095092352479696288 0.81636235117912304 0.86014646291732799 0.33683511614799505 1.0373611450195315 -0.5825723111629485 1.2136466503143313 0.83051195740699779 1.5498609542846682 0.5929999351501466 0.98383182287216198 -0.023471264168620106 1.3017651438713076 0.44476972520351415 1.3542412519454958 -0.55700919032096852 -0.099958360195159898 1.1530465483665469 1.1082583069801333 -0.29096181690692896 0.94244983792305004 -0.67876207828521717 1.1338356137275698 0.46505638957023626 0.45322117209434515 -0.26708482205867762 1.0086430311203005 -0.48234651982784266 1.2767714262008669
decision_type=2 2 2 2 2 2 2 2 2 2 2 2 2 2 2 2 2 2 2 2 2 2 2 2 2 2 2 2 2 2
left_child=1 3 5 28 8 6 22 11 9 -3 -8 12 29 16 26 -6 21 18 20 -20 -18 -14 -2 25 -25 -19 27 -13 -1 -4
right_child=2 4 7 -5 15 -7 10 -9 -10 -11 -12 14 13 -15 -16 -17 17 23 19 -21 -22 -23 -24 24 -26 -27 -28 -29 -30 -31
leaf_value=-0.016006677739473854 -0.018848064602821759 -0.0089719618253195858 -0.0059311399123861911 -0.0022567302922201411 0.0011325872051529283 0.0037175951407277183 -0.0027924300766010786 0.0097989908845119954 0.0092332055333890131 0.0038722398508641248 0.0038344046016648538 -0.0078794998027219981 0.0094022760805854508 0.010071376746417475 0.012590429451528952 0.012205263805333441 0.0055546991913906149 9.0320465800304784e-05 -0.0049432993240629917 0.0083998221403619421 -0.017510360962246858 -0.0033878608002170818 -0.0056024775397941042 -0.0085321371361641377 0.004099431946969545 0.0089614244322001584 0.0071642013451602418 0.011137425425220147 -0.0091191223038185054 0.0052676548986540072
leaf_weight=266.60260089905933 28.086845798417926 230.66822996828705 137.85169976204634 115.92866325750947 228.43975353240967 412.56440228130668 386.19509385991842 203.67988801002502 22.164186919108033 38.221898589283228 186.81540867127478 39.514526057988405 140.25509736128151 106.34005397930741 96.43173260986805 37.889888261444867 8.830909885466097 78.061411673203111 72.935281625017524 42.423117406666279 33.038719281554222 31.74680675752461 107.16947063617408 52.901820296421647 89.294097783043981 150.19287588074803 103.01067792624235 9.8370776735246164 155.00761061208323 34.843906205147505
leaf_count=7689 376 2780 697 1153 1581 1514 3576 549 158 148 905 158 487 281 269 171 34 335 281 111 181 120 1086 235 282 510 330 27 3368 116
internal_value=-0.000190146 -0.00635303 0.00246124 -0.0112056 -0.00161519 -5.02754e-05 -0.00225573 0.00442145 -0.00572945 -0.00710884 -0.00061744 0.00349303 0.0024802 0.00379424 0.00734995 0.00290375 0.00277552 0.00134156 -0.00355152 0.000108745 -0.012572 0.00701255 -0.00892687 0.00343795 -0.000730143 0.00599454 0.00373854 -0.00341306 -0.013611 -0.00358697
internal_weight=3646.94 1094.92 2552.02 537.539 557.384 1120.83 708.267 1431.19 291.054 268.89 573.011 1227.51 978.716 806.02 248.794 266.33 699.68 527.678 157.228 115.358 41.8696 172.002 135.256 370.45 142.196 228.254 152.362 49.3516 421.61 172.696
internal_count=29508 17048 12460 12210 4838 7457 5943 5003 3086 2928 4481 4454 3670 2857 784 1752 2576 1969 607 392 215 607 1462 1362 517 845 515 185 11057 813
is_linear=0
shrinkage=0.02


Tree=49
num_leaves=31
num_cat=0
split_feature=15 3 4 3 4 4 6 21 2 24 10 15 20 1 6 1 0 19 5 2 3 27 4 15 10 13 15 8 24 21
split_gain=154.111 56.1436 54.3232 28.2967 20.5749 17.1774 17.9566 16.387 15.6774 14.8865 13.465 10.9778 12.0104 11.8622 11.0436 12.7952 11.0085 12.6703 10.5522 10.4488 10.4301 11.633 9.94399 8.45757 8.2367 8.1448 8.47093 9.02217 9.45029 7.89341
threshold=1.0000000180025095e-35 0.81636235117912304 0.86014646291732799 -0.53988453745841969 0.25864017009735113 2.1366919279098515 1.0286656022071841 -0.17165906727313993 -0.43619257211685175 -0.48849479854106898 -1.5074806809425352 0.59135171771049511 -0.65674120187759388 0.47025865316390997 -0.65970852971076954 0.69910565018653881 -0.29427661001682276 1.3764121532440188 -0.57156440615653981 1.092737138271332 1.5298111438751223 9.5000000000000018 -1.3295227885246275 -0.11873451247811316 -0.073305312544107423 -0.48272785544395441 0.83923059701919567 -0.84104031324386586 1.0497223734855654 1.2291149497032168
decision_type=2 2 2 2 2 2 2 2 2 2 2 2 2 2 2 2 2 2 2 2 2 2 2 2 2 2 2 2 2 2
left_child=2 4 3 -1 7 11 -7 -2 -4 -5 -6 14 13 -13 -3 18 -14 22 -16 24 21 -11 -18 -23 -17 -9 -27 28 -28 -10
right_child=1 5 8 9 10 6 -8 25 29 20 -12 12 16 -15 15 19 17 -19 -20 -21 -22 23 -24 -25 -26 26 27 -29 -30 -31
leaf_value=-0.015328601548154132 -0.010128519469813182 -0.012601403461902817 -0.010840929536894592 -0.01259297103137101 -0.0099155074591702145 0.0025205727625859813 0.014870206530192156 -0.0086826790786354441 0.0010683857634268372 0.0049333485007083929 0.0018574210786855071 0.0045095673266531107 -0.0057931863298571855 -0.011163014103214601 -0.0059098815558998319 -0.015002039629697461 -0.010424107440127133 -0.0075016770775003508 0.007400554480611359 0.0032538530725898258 0.0056721822907703986 -0.010167284044881306 0.0065976031744904573 -0.0027422648353313756 -0.0011486040992253225 -0.0033751290169751831 -0.014669851010145996 0.0061868028563508695 0.0074996810749168013 0.010486151075015137
leaf_weight=242.69222455564886 127.12941239029169 18.189456980675459 33.472739806398749 121.66993157286197 36.193953297100961 77.694989275187254 124.67253766953945 51.381036898121238 178.37653544358909 33.528394943103194 697.49066449236125 37.293972257524729 29.044147230684757 31.101832736283541 24.619024569168687 30.793119529262185 9.6542250663042051 23.11950109153986 139.90103996917605 53.194410938769579 32.97024548240006 144.35478179622442 910.23947600834072 112.49462721217424 34.7223613075912 155.92949419748038 14.842285022139551 97.950171021744609 8.6105345133692008 39.933759646490216
leaf_count=7254 1669 165 427 2804 219 227 305 505 1247 255 3172 146 146 136 180 180 49 88 609 206 156 2519 2783 1394 157 1680 120 536 30 147
internal_value=2.67681e-06 0.00240511 -0.00696373 -0.0098558 -0.000859491 0.00491449 0.0103039 -0.00417289 0.000973658 -0.00673403 0.00121346 0.00406648 0.00503627 -0.00289223 0.000691354 0.00174883 0.00560608 0.00598587 0.0052932 -0.00317872 -0.00437123 -0.0055883 0.00636357 -0.00702974 -0.00826195 -0.00175232 -0.000337312 0.00354362 -0.00664288 0.00298732
internal_weight=3673.26 2733.77 939.493 687.71 1189.53 1544.24 202.368 455.843 251.783 445.018 733.685 1341.87 1040.45 68.3958 301.419 283.23 972.057 943.013 164.52 118.71 323.348 290.378 919.894 256.849 65.5155 328.714 277.332 121.403 23.4528 218.31
internal_count=29511 13308 16203 14382 7931 5377 532 4540 1821 7128 3391 4845 3348 282 1497 1332 3066 2920 789 543 4324 4168 2832 3913 337 2871 2366 686 150 1394
is_linear=0
shrinkage=0.02


Tree=50
num_leaves=31
num_cat=0
split_feature=23 3 3 15 11 15 24 5 5 5 3 11 12 14 5 14 3 9 7 24 25 21 20 20 14 21 12 16 5 24
split_gain=155.875 52.2004 33.3828 25.9682 25.6281 22.4041 18.0212 17.2423 16.9956 16.0456 12.9626 12.5287 13.4869 12.5707 12.1337 10.3603 11.4609 10.8013 10.6615 10.3534 11.5567 9.90903 9.84084 9.56341 9.31839 9.22821 10.2805 8.95324 8.90743 10.4135
threshold=0.15240696817636493 0.76135557889938366 -0.48234651982784266 -0.46821077167987818 1.3707507252693178 1.3102952837944033 0.3612071573734284 -0.64695012569427479 0.76587358117103588 -0.23213804513216016 1.1530465483665469 0.09835886582732202 0.89527660608291637 -0.041257398203015321 1.1887307167053225 0.31153969466686254 0.387616977095604 0.88198497891426098 -0.6604996621608733 1.3218129873275759 -0.54714444279670704 1.5057308673858645 1.2499055266380312 -0.614619880914688 0.79677385091781627 1.4524835944175722 0.74732056260108959 1.2468770742416384 -0.336391732096672 1.5806108713150027
decision_type=2 2 2 2 2 2 2 2 2 2 2 2 2 2 2 2 2 2 2 2 2 2 2 2 2 2 2 2 2 2
left_child=2 3 14 -2 7 8 -5 -4 19 25 -9 12 13 -10 -1 17 -17 18 -11 20 -3 27 -13 -7 -15 26 -8 -22 -21 -30
right_child=1 5 4 6 -6 23 9 10 11 15 -12 22 -14 24 -16 16 -18 -19 -20 28 21 -23 -24 -25 -26 -27 -28 -29 29 -31
leaf_value=-0.014396952466776412 -0.012926428742127568 0.0098722334215990571 -0.012745268292277906 -0.0051152800186342311 0.010004103820682616 -0.00083863235158812739 -0.007862135612803297 -0.0053659846265468958 0.014069801134086528 -0.0021537866243234779 0.004261716469915181 0.006365470805624187 -0.013181919506723308 -0.0079618657171812296 -0.0027132974796687977 -0.0068380423810403788 0.0034695645382880921 -0.0041401214984844725 0.006441551215649515 -0.00096863982655189104 -0.0022261617102422708 0.0061412656043742728 0.015822739740413396 0.0093886512828196943 0.010813430972865246 0.006173492809243588 0.0015231854679155273 0.0089479081574995335 0.013613359035571055 4.6727058358148048e-05
leaf_weight=263.98448004573584 62.812375846784562 40.720219247043133 104.2104859566316 229.79795334395021 40.714209538884461 39.381146509200335 139.15683839749545 289.49342515924945 24.141096601262689 65.489023406989872 65.0876688323915 296.88066140189767 19.844132412225008 31.781666103750467 44.013583032414317 79.759632512927055 83.3908282648772 52.490187117829919 376.85649138782173 48.652581350877881 478.38933613710105 71.595061913132668 51.380841940641403 396.01510789245367 10.035866681486366 31.085669090971351 66.936765772290528 25.603156883269548 66.221337601542473 33.222920179367065
leaf_count=7255 1264 163 1904 2506 348 121 1262 3992 71 410 335 967 83 160 746 624 391 248 1620 190 2471 264 133 1044 36 170 491 86 187 102
internal_value=6.30827e-05 0.00228219 -0.00765742 -0.000906843 -0.0043927 0.00459623 -0.000181501 -0.00576438 0.00316155 0.00110643 -0.00356402 0.00629969 -0.000525813 0.00394241 -0.0127973 0.00271047 -0.00162302 0.00414119 0.00515917 0.00135021 0.000192308 -0.000571624 0.00796495 0.00846459 -0.00278232 -0.0033076 -0.00485002 -0.00157619 0.0060052 0.00930015
internal_weight=3629.14 2821.64 807.504 1187.78 499.506 1633.87 1124.96 458.792 1198.47 895.165 354.581 434.064 85.8028 65.9586 307.998 657.986 163.15 494.836 442.346 764.405 616.308 575.588 348.262 435.396 41.8175 237.179 206.094 503.992 148.097 99.4443
internal_count=29644 15064 14580 8986 6579 6078 7722 6231 4913 5216 4327 1450 350 267 8001 3293 1015 2278 2030 3463 2984 2821 1100 1165 196 1923 1753 2557 479 289
is_linear=0
shrinkage=0.02


Tree=51
num_leaves=31
num_cat=0
split_feature=24 4 15 3 17 1 16 26 8 21 26 24 4 21 21 5 25 21 25 14 14 16 26 16 5 8 23 15 26 26
split_gain=136.958 56.0975 36.741 36.6165 21.1921 24.3801 16.784 14.2236 13.689 13.6804 14.5871 12.5077 11.9769 11.9317 11.6334 11.0726 10.1714 10.8137 9.5161 9.91722 8.96 12.7801 12.3501 11.9254 8.87005 9.02388 9.09303 8.82751 8.78496 8.73079
threshold=0.41993965208530432 0.48582239449024206 1.0822007060050967 0.40155543386936193 0.067003417760133757 0.71844401955604564 0.83473113179206859 0.62395650148391735 -1.0983290076255796 0.78611981868743908 1.3586635589599612 -0.63145720958709706 0.97556951642036449 0.83244413137435924 0.26791697740554815 -1.0004584193229673 -0.060603039339184754 0.52710950374603283 1.3960466980934145 -0.14025793969631192 -2.1668300628662105 0.40358255803585058 0.080452114343643202 0.95638179779052745 0.16660565882921222 -0.08186891674995421 0.59317395091056835 -1.2006435990333555 0.1825431510806084 -2.176200151443481
decision_type=2 2 2 2 2 2 2 2 2 2 2 2 2 2 2 2 2 2 2 2 2 2 2 2 2 2 2 2 2 2
left_child=1 3 4 15 5 6 -2 12 -3 10 16 -5 28 14 -10 -1 17 -4 -6 -20 -18 -22 -23 -24 -13 -26 -27 -17 -7 -11
right_child=2 8 9 11 18 7 -8 -9 13 29 -12 24 -14 -15 -16 27 20 -19 19 -21 21 22 23 -25 25 26 -28 -29 -30 -31
leaf_value=-0.019026585208826292 -0.0066755222067842804 -0.011444771121144986 0.011936955070069408 -0.01021285737113012 0.00396855902791026 -0.0029929946175475627 0.0040836260522111876 -0.0037094721156864874 0.0011587523965748672 -0.0062215913042649078 -0.01151196313834303 -0.0046736752475398822 0.010775881411817276 0.0062895075140891408 -0.0071048933846820277 -0.018279227811231587 0.0096819010297636444 -0.0028246294223878751 0.0042013801234618686 -0.0085755560817528404 -0.011464978412894121 -0.0029062075436616023 0.00036335221512604643 0.010294392758791597 -0.001912273565468888 0.014738121679590096 -0.0028871075722063807 -0.0091386525106458578 0.0072418670265718054 0.008730732411622347
leaf_weight=86.297206797171384 345.38024623272941 34.803041104227304 96.329906925559044 67.83981267362833 624.08082315698266 76.505067981779575 65.989845952019095 99.493183905258775 243.88025032356381 12.813476767390965 20.260825254023075 100.50255501549691 87.200719218701124 112.01243608258665 89.007987759076059 52.490546228829771 53.44660035520792 22.596459954977036 40.101866543292999 48.845513039268553 24.419114466756582 109.73050782643259 96.070839614607394 93.185139384120703 56.834325479343534 32.572460233233869 14.927446534857152 324.20385906565934 52.225659924559295 436.56541277840734
leaf_count=2748 3158 326 274 926 2699 521 329 597 1956 37 87 1029 271 598 685 1897 152 76 190 335 145 394 369 247 389 183 96 7331 347 1192
internal_value=-7.5888e-05 -0.00553484 0.00268829 -0.00898574 0.000658634 -0.00173911 -0.00492128 0.00242305 -0.00020448 0.00569632 0.00342288 -0.00309359 0.00526869 0.000792229 -0.00112323 -0.0123858 0.00414206 0.0091314 0.00309776 -0.00289806 0.00246859 0.00114724 0.00234895 0.00539227 -0.000548588 0.00345702 0.00945173 -0.0106351 0.00127477 0.00824061
internal_weight=3620.61 1215.37 2405.24 735.668 1439.82 726.795 411.37 315.425 479.704 965.418 516.039 272.677 215.931 444.901 332.888 462.992 495.779 118.926 713.028 88.9474 376.852 323.406 298.986 189.256 204.837 104.334 47.4999 376.694 128.731 449.379
internal_count=29584 18164 11420 14599 8447 5223 3487 1736 3565 2973 1744 2623 1139 3239 2641 11976 1657 350 3224 525 1307 1155 1010 616 1697 668 279 9228 868 1229
is_linear=0
shrinkage=0.02


Tree=52
num_leaves=31
num_cat=0
split_feature=15 4 3 3 4 4 6 2 14 1 1 7 20 14 15 13 9 11 10 15 4 20 10 12 4 10 20 1 8 21
split_gain=130.669 59.4535 33.8766 26.6509 22.7638 17.906 15.6191 14.9615 13.6806 12.423 15.1904 11.1127 11.051 10.5649 10.4872 10.4237 9.68784 9.44997 8.97799 10.0396 8.97533 8.5986 8.56743 8.47255 8.48676 9.8602 9.64632 8.29038 9.80927 8.09571
threshold=0.024421155452728275 0.86014646291732799 0.81636235117912304 -0.23691431432962415 -0.68529769778251637 2.1366919279098515 1.1009898185729983 -0.43619257211685175 -1.795169949531555 1.0126152038574221 0.85807642340660106 -0.61961111426353443 1.1184927225112917 -0.70650210976600636 -0.69128316640853871 0.88817214965820324 -0.77399295568466175 -0.72089579701423634 -1.5729402899742124 1.4832162857055666 1.1089066267013552 0.069971274584531798 1.3721594810485842 0.58553221821784984 -0.47775855660438532 -0.1206478290259838 -0.070798292756080614 0.63727137446403515 0.60696852207183849 -0.86035627126693714
decision_type=2 2 2 2 2 2 2 2 2 2 2 2 2 2 2 2 2 2 2 2 2 2 2 2 2 2 2 2 2 2
left_child=1 3 4 22 -2 9 -7 -3 15 10 18 20 -12 16 -5 27 -9 -11 -4 23 -10 -19 -1 24 25 -20 -27 28 -6 -22
right_child=2 7 5 14 8 6 -8 13 11 17 12 -13 -14 -15 -16 -17 -18 21 19 -21 29 -23 -24 -25 -26 26 -28 -29 -30 -31
leaf_value=-0.014952849242819507 -0.0078055221870308939 -0.009716457823940941 -0.0097154265818786816 -0.011987172219301193 -0.0052356695841003385 0.0031899005571151611 0.01483268807922059 -0.0076821559276533773 -0.008585433666760834 -0.0063551134977813551 -0.0096089136198749987 0.00087395180131704222 0.0048071341471487327 0.00089336712046866624 -0.0037922115516017354 -0.010295295259578294 0.013040698469831552 0.00084553460628573527 -0.010963863094479265 0.0086490446017740835 -0.009192343238135758 0.0080452769394220389 -0.0043933921487746838 -0.00036621773834928146 0.0055892888061155098 -0.013267484440674542 0.0090050811458153059 0.015888941080956204 0.0084389422295248259 0.0061196673958238256
leaf_weight=272.61090700374916 135.84713876107708 34.015470181591809 17.159178720787168 77.860832327976823 25.796394545584917 83.870916994288564 107.46996564045548 7.2044018004089585 95.147869381122291 19.526902029290795 66.385935232043266 725.79036385752261 26.6913140155375 162.96568376291543 292.50745525024831 9.2889442378655058 56.133233779110014 82.935368686914444 25.087116234004498 113.20121617242694 15.221679400652645 354.12514155544341 40.371816882863641 277.48279611580074 304.59681171365082 5.3588264323770991 29.062706146389246 34.742124414071441 66.291247686371207 38.961700523272157
leaf_count=8163 1631 439 97 1626 134 253 275 51 960 88 284 4437 81 1108 3686 54 296 314 184 295 82 1033 1046 1183 1127 50 128 98 238 152
internal_value=5.24318e-05 -0.00632197 0.00232142 -0.00940202 -0.00027137 0.00428163 0.00994047 0.00178814 0.000774171 0.00342797 0.00199977 -0.000156786 -0.00544058 0.00369004 -0.00565172 0.00655288 0.0102939 0.0060828 0.00292612 0.00327556 -0.00503246 0.00670409 -0.0136813 0.00226791 0.00425314 -0.00248911 0.00429465 0.00813051 0.00453593 0.00140489
internal_weight=3603.71 943.67 2660.04 683.351 1147.09 1512.95 191.341 260.319 1011.24 1321.61 865.026 875.122 93.0772 226.303 370.368 136.119 63.3376 456.587 771.949 754.789 149.331 437.061 312.983 641.588 364.105 59.5086 34.4215 126.83 92.0876 54.1834
internal_count=29593 16415 13178 14521 7786 5392 528 1894 6155 4864 3429 5631 365 1455 5312 524 347 1435 3064 2967 1194 1347 9209 2672 1489 362 178 470 372 234
is_linear=0
shrinkage=0.02


Tree=53
num_leaves=31
num_cat=0
split_feature=6 15 5 20 0 5 20 15 15 10 7 26 1 14 9 17 21 26 23 17 17 1 21 6 10 26 5 25 21 9
split_gain=130.639 45.1765 30.8661 24.1238 23.8545 22.1143 16.3088 15.6954 14.5813 13.9409 13.6747 12.4648 12.4093 13.4708 12.3109 10.6871 10.5989 10.1222 11.8214 9.89009 9.88512 10.8717 10.1818 9.57315 9.54592 11.5341 12.428 9.30117 10.5584 9.25698
threshold=0.18859852850437167 -0.67656511068344105 -0.20040152221918103 0.84107840061187755 -0.12128808349370955 0.16660565882921222 -0.65674120187759388 1.168187201023102 1.0538660883903506 0.78955829143524181 -0.73561611771583546 0.46681976318359381 1.3430303931236269 -1.7288831472396848 0.63003343343734752 -0.37772212922573084 -0.56402385234832753 -1.4070231914520261 1.0134770274162295 -1.0334650278091428 0.65522184967994701 0.72872439026832592 -0.023906978778541085 -0.41081513464450831 -0.43163701891899103 0.75105428695678722 1.2745705246925356 -0.24212504178285596 1.2111738324165346 -1.9856863021850584
decision_type=2 2 2 2 2 2 2 2 2 2 2 2 2 2 2 2 2 2 2 2 2 2 2 2 2 2 2 2 2 2
left_child=1 -1 3 10 9 7 -6 -3 11 20 -2 14 13 -13 29 -14 23 -18 -19 -12 21 -4 -22 -7 25 26 -10 -21 -29 -8
right_child=2 5 4 -5 6 16 8 -9 24 -11 19 12 15 -15 -16 -17 17 18 -20 27 22 -23 -24 -25 -26 -27 -28 28 -30 -31
leaf_value=-0.015174438525418948 -0.011851604626521055 -0.0087757577270804795 -0.012445878045480391 0.0038097414753400301 -0.0012531025734470198 -0.010767588901964095 -0.0083900972893093482 0.0047353072400286647 0.0015102118369325086 0.0062715467449038498 -0.017428258842998798 0.016913384633241338 0.0090128867483419244 0.00089345991626873286 0.00081516322320142884 -0.011448121595656096 0.0087836439746609551 -0.0026183297192154302 0.0084027131841032457 0.0035457996057316633 -0.0098233190244085417 0.0049698082089639018 0.0060978590363331498 0.0016773225758720293 0.0090149782291429476 -0.0061840281388299079 0.014270468182296799 -0.0048678411228300399 0.0057064349653491529 0.0078788197254312433
leaf_weight=178.89427860733122 66.460311380214989 350.30664178403094 78.008017497137189 254.28379164170474 175.32807196769863 62.830705921165645 10.616929558105765 34.953480007126927 89.172581247985363 47.583526249974966 11.698394468985496 17.87152349576354 8.7483576536178571 265.24799248669297 169.22165900841355 47.057451654225588 50.771065283566713 208.9405252779834 42.613226629793644 98.441580806858838 19.613800008781254 14.489443853497503 41.328783227130771 37.016866127960384 452.87930797785521 35.787092376500368 42.555774241685867 261.50648923497647 39.701299331150949 367.53981018532068
leaf_count=5442 748 6223 772 1293 970 999 86 189 263 269 204 47 37 1458 823 188 329 2314 205 627 123 94 157 381 1241 122 107 1982 180 1695
internal_value=3.68095e-05 -0.00622808 0.00235923 -0.00112005 0.00371129 -0.00411266 0.00448887 -0.00750498 0.00515898 -0.00274605 -0.00375592 0.00348075 0.000454293 0.00218066 0.0053336 -0.0077632 -0.000810739 0.00107309 -0.000623988 -0.0023213 -0.00565218 -0.0096028 0.000617464 -0.00629387 0.00750951 0.00329614 0.00600361 -0.00166921 -0.00340366 0.00731854
internal_weight=3581.47 966.327 2615.14 732.092 1883.05 787.433 1682.03 385.26 1506.7 201.024 477.808 886.304 338.925 283.12 547.378 55.8058 402.172 302.325 251.554 411.348 153.44 92.4975 60.9426 99.8476 620.395 167.515 131.728 399.649 301.208 378.157
internal_count=29568 16082 13486 5034 8452 10640 7037 6412 6067 1415 3741 4334 1730 1505 2604 225 4228 2848 2519 2993 1146 866 280 1380 1733 492 370 2789 2162 1781
is_linear=0
shrinkage=0.02


Tree=54
num_leaves=31
num_cat=0
split_feature=15 3 3 14 4 4 14 5 23 15 10 21 24 14 17 5 10 8 4 2 23 20 24 8 2 4 21 17 2 20
split_gain=129.257 42.9209 37.5563 25.4886 22.8654 21.1564 15.1555 14.2424 13.1625 12.9822 12.93 11.6958 11.4638 10.4892 10.416 10.2894 10.2594 11.9425 10.0489 9.78689 9.17926 10.7776 9.09016 8.93482 8.74607 8.65327 9.00714 11.4281 8.60749 8.546
threshold=0.036514159291982658 -0.079676091670989976 1.0424450039863589 -0.30429187417030329 -0.012588249519467352 1.0621430873870852 0.39253468811511999 1.2528099417686465 0.93308421969413768 -0.5367816388607024 -1.5414924025535581 0.34134633839130407 -0.076688010245561586 0.51579996943473827 1.2895627617836001 -0.45587609708309168 0.47289840877056127 0.63011759519577037 2.1366919279098515 -0.010033368598669766 0.62167993187904369 1.1184927225112917 -0.6742260456085204 0.87059512734413158 1.0503437519073489 1.4806064963340761 -0.16015697270631787 0.31785942614078527 0.41561076045036321 1.0791411399841311
decision_type=2 2 2 2 2 2 2 2 2 2 2 2 2 2 2 2 2 2 2 2 2 2 2 2 2 2 2 2 2 2
left_child=1 5 4 -3 11 15 10 8 13 24 -6 14 -13 20 -2 -1 23 -18 -10 -7 22 -22 -4 -8 -5 -11 -27 -28 -20 -15
right_child=2 3 7 9 6 19 16 -9 18 25 -12 12 -14 29 -16 -17 17 -19 28 -21 21 -23 -24 -25 -26 26 27 -29 -30 -31
leaf_value=-0.017203182637437284 -0.0092220382637749204 0.0054986075649207863 -0.01118017603474083 -0.013498835597889489 -0.0076006853453198962 -0.0095925337276604548 0.0020188779618992014 0.0090253248447036642 0.004656836052009462 -0.0042450421462039188 0.0037355587430319775 -0.012113040527904748 0.0011525010164028962 -0.00776454420737103 0.0021048306128283287 -0.0097489715206354414 -0.015353543901831088 0.0008741737757851295 -0.0013819411772495066 0.0047994019309742075 -0.0041868195923530837 0.0076822424008974963 0.008352821615124106 -0.011177991674247208 0.0025062301017179118 -0.010389176178789828 0.012779964233692048 -0.0085905453265597929 0.0164065063915027 0.002905157833228087
leaf_weight=136.16728369286284 164.38189696474001 123.42063360102475 6.0703501757234326 80.138015564065427 37.950620533898473 25.442012671381235 142.05485792458057 267.07751350849867 477.89033058658242 236.84557115193456 746.14112277794629 24.789422617293894 203.49038218148053 76.364884737879038 38.146438149735332 231.49700609780848 39.543553670868278 29.737951641902328 12.608573175966738 44.926248494535685 93.38328973017633 39.436908051371574 116.37856694310904 18.850638564676046 14.580936626531182 8.9890482947230321 36.084521619603038 9.360316585749386 50.657149448990822 44.218087367713451
leaf_count=4601 2096 848 41 1494 217 357 810 749 1544 2579 3294 359 1400 431 266 5944 263 172 37 377 373 112 407 120 150 55 133 45 124 181
internal_value=6.63052e-05 -0.00624795 0.00234926 -0.00226341 0.000182362 -0.010804 0.00182112 0.0049819 0.0037617 -0.00478384 0.00314219 -0.00365249 -0.000516783 0.000868506 -0.0070893 -0.0127035 -0.00265002 -0.00879808 0.00574478 -0.000695252 0.00314884 -0.000511812 0.00698386 0.000182535 -0.0110329 -0.00259985 0.00431338 0.00796307 0.0130198 -0.00389205
internal_weight=3576.62 947.452 2629.17 509.419 1445.09 438.033 1014.28 1184.09 917.008 385.998 784.092 430.808 228.28 375.852 202.528 367.664 230.187 69.2815 541.156 70.3683 255.269 132.82 122.449 160.905 94.719 291.279 54.4339 45.4448 63.2657 120.583
internal_count=29579 16583 12996 5304 8997 11279 4876 3999 3250 4456 3511 4121 1759 1545 2362 10545 1365 435 1705 734 933 485 448 930 1644 2812 233 178 161 612
is_linear=0
shrinkage=0.02


Tree=55
num_leaves=31
num_cat=0
split_feature=4 24 11 20 16 4 14 7 7 17 0 12 1 17 1 2 8 0 23 1 8 8 25 24 26 7 2 8 9 5
split_gain=103.373 59.6072 26.38 24.4563 19.2059 15.2184 15.4699 13.7129 13.0909 14.7736 13.0669 12.7745 13.1078 12.9758 13.0148 11.9712 12.2637 12.215 11.7395 11.0445 10.4934 10.2447 9.85724 12.8704 11.7239 9.21947 8.99212 9.35843 12.2477 10.5219
threshold=-0.073624111711978898 0.62522837519645702 -0.95271936058998097 0.68767061829566967 0.026187554933130745 2.5758447647094731 -1.4801521301269529 0.55010607838630687 -0.35219538211822504 -0.66875591874122609 0.91438654065132152 1.0160399079322817 0.90820628404617321 -0.017186547629535195 1.0126152038574221 0.88768556714057933 -0.94573065638542164 0.7123180925846101 1.1721067428588869 0.36590580642223364 -0.78732591867446888 0.56864920258522045 -0.0073711557779461137 0.47808530926704412 0.65327733755111705 0.54117020964622509 0.051247231662273414 -0.58375582098960865 -0.50667771697044361 0.7967929244041444
decision_type=2 2 2 2 2 2 2 2 2 2 2 2 2 2 2 2 2 2 2 2 2 2 2 2 2 2 2 2 2 2
left_child=1 4 7 5 -1 6 21 -2 -5 -10 -6 13 -13 14 -8 16 -11 -17 -3 -9 -7 -4 -15 -24 26 -26 -25 -28 -29 -30
right_child=2 18 3 8 10 20 11 19 9 15 -12 12 -14 22 -16 17 -18 -19 -20 -21 -22 -23 23 24 25 -27 27 28 29 -31
leaf_value=-0.013641489494350865 -0.011536728890321955 -0.0021835660518808066 0.00073135027820427263 -0.00080515343167820725 -0.0079581052767212605 -0.0059169512583892346 -0.0060596300238464273 -0.0060995371760982457 -0.0052404409233377056 -0.0041844266862131928 0.002425544290689175 -0.010897432847722181 0.0036472690682187829 0.0046171182143523249 0.0066023317704079513 -0.0013509748640557397 0.0063029183819313696 0.011973039342993468 0.0042877538032878634 0.0061583809134271921 0.011461859727041952 0.0097836721967191377 -0.0055851753661450886 -0.0012690192777762214 -0.0074874705403203011 0.0040587616783043495 0.011181517907789351 -0.012339832600593339 -0.00095664556771727694 0.010907669118592605
leaf_weight=255.87746356567368 72.46339965891093 396.55688968580216 92.170817324891686 108.65783962234855 284.67617176007479 13.392310149967669 179.8403629725799 59.080665515270084 36.086180980317295 48.460891138762236 55.81035712454468 77.092490210197866 32.567758087068796 276.23104891274124 35.072040405124426 29.887834947556257 307.4718563342467 242.70033586770296 150.60581734590232 49.355560719966888 79.819226659834385 106.62114383932203 121.96393279731274 97.238181800581515 76.935958703048527 37.874778021126986 79.968209628015757 14.495096281170843 60.226907394826412 52.969445660710335
leaf_count=7378 957 2903 434 522 4905 51 1919 584 271 238 493 554 135 1508 170 109 1215 652 615 249 220 389 1381 503 383 152 269 70 254 149
internal_value=-0.000227701 -0.00515979 0.00213931 0.00274344 -0.00950594 0.00119 0.000631094 -0.00510918 0.00559906 0.00664429 -0.00624561 -0.000273216 -0.00660715 0.000427888 -0.00389016 0.00736262 0.00483686 0.0105141 -0.000379646 -0.000494729 0.00879082 0.00570744 0.00157924 1.98878e-06 0.00167221 -0.00366807 0.00370986 0.00601628 0.00248205 0.00482174
internal_weight=3532.17 1143.53 2388.64 2207.74 596.364 1434.48 1341.27 180.9 773.265 664.607 340.487 1142.48 109.66 1032.82 214.912 628.521 355.933 272.588 547.163 108.436 93.2115 198.792 817.904 541.673 419.709 114.811 304.898 207.66 127.691 113.196
internal_count=29632 16294 13338 11548 12776 8541 8270 1790 3007 2485 5398 7447 689 6758 2089 2214 1453 761 3518 833 271 823 4669 3161 1780 535 1245 742 473 403
is_linear=0
shrinkage=0.02


Tree=56
num_leaves=31
num_cat=0
split_feature=15 4 6 4 3 3 3 2 3 4 14 10 15 8 20 5 10 5 20 21 16 11 20 14 10 16 24 19 15 3
split_gain=125.03 35.3173 32.6923 25.3988 22.9369 16.064 12.9754 12.2053 11.066 11.0155 10.3642 10.3237 9.79047 11.4519 9.65174 9.6029 10.6102 8.99803 13.6349 8.9029 8.84589 10.586 8.48659 8.00406 10.6908 9.17809 11.8187 8.00118 7.95031 7.7645
threshold=0.057101836428046233 0.84116947650909435 0.90995401144027721 0.0116571132093668 -0.29239824414253229 1.5050041079521181 0.095092352479696288 0.36970542371273046 1.2172027230262759 0.97556951642036449 -1.4089167118072508 1.5910288691520693 1.2268747687339785 0.92806577682495128 -0.65674120187759388 0.57233619689941417 -0.71436011791229237 -0.23213804513216016 1.180487394332886 0.10459520667791368 0.61443591117858898 1.3057268261909487 1.5306100249290469 0.35399699211120611 0.44158576428890234 0.4651200026273728 1.2502279281616213 0.62105345726013195 1.6228730678558352 1.0903866887092593
decision_type=2 2 2 2 2 2 2 2 2 2 2 2 2 2 2 2 2 2 2 2 2 2 2 2 2 2 2 2 2 2
left_child=1 4 3 19 11 9 -5 10 22 17 -3 -1 13 -8 20 16 -9 18 27 -2 21 -11 -6 25 -25 26 -16 28 -4 -26
right_child=2 7 5 6 8 -7 12 15 -10 14 -12 -13 -14 -15 23 -17 -18 -19 -20 -21 -22 -23 -24 24 29 -27 -28 -29 -30 -31
leaf_value=-0.014148153850549716 -0.0088949798570236542 0.0078724668992322111 -0.0087467281422843463 -0.0029652076091350003 -0.0078788039285417853 0.0074548781835054338 0.00036843467114299893 0.010673777753589795 0.0013520866412125383 -0.018615067681529048 -0.0062215447152918499 -0.0013734982227162134 0.0083589385378837026 0.0079672591759756637 0.007307878440837438 0.0090566327872001057 -0.0074353251807349379 0.0026073735869598679 0.0092064296298880171 -0.002289910345365128 0.0048815201720257082 0.0041012117790430631 0.0049277362743586758 0.0055345964963046425 -0.015845223438003139 0.010084904103942105 -0.010668540474914659 0.0067532167049867186 0.0055440346673018759 0.0033966781937644396
leaf_weight=260.44158761296421 123.80678143445402 20.581327012740076 112.07025602646172 177.91782831959426 291.85164990834892 429.76179768703878 402.82173597998917 13.795743837952612 76.856717490591109 15.126895075663926 120.62700949329883 29.231589395552874 110.92243683896959 93.952852096408606 34.566020753234625 70.515057623386383 37.143770716153085 425.44800541549921 26.799013197422028 237.04515432566404 29.909064088016748 11.303919345140455 18.97322463337332 70.561737650074065 15.323108503594996 211.81291640549898 18.230052970349789 15.497343320399521 14.498442579060791 11.762343436479567
leaf_count=8189 1673 132 779 1313 5063 1209 1889 68 509 72 1257 760 328 343 104 263 252 1784 123 2011 95 34 228 212 76 588 70 75 59 37
internal_value=-3.79222e-05 -0.0062661 0.00223101 -0.000290723 -0.00866492 0.00422908 0.00172681 -3.37171e-05 -0.00537337 0.00283052 -0.00396835 -0.0129042 0.00311349 0.00187064 0.0052965 0.00451689 -0.00201523 0.00106394 -0.00278781 -0.00464668 -0.00223979 -0.00979286 -0.00703144 0.00648312 0.00149167 0.00826326 0.000714805 -0.00528646 -0.00696124 -0.00826193
internal_weight=3529.16 940.018 2589.14 1146.47 677.355 1442.67 785.615 262.663 387.682 1012.91 141.208 289.673 607.697 496.775 418.596 121.455 50.9395 594.313 168.865 360.852 56.3399 26.4308 310.825 362.256 97.6472 264.609 52.7961 142.066 126.569 27.0855
internal_count=29595 16721 12874 7557 14749 5317 3873 1972 5800 4108 1389 8949 2560 2232 1288 583 320 2820 1036 3684 201 106 5291 1087 325 762 174 913 838 113
is_linear=0
shrinkage=0.02


Tree=57
num_leaves=31
num_cat=0
split_feature=23 4 1 11 14 26 21 6 21 5 6 25 23 4 16 13 16 7 20 7 20 0 8 21 5 25 20 8 5 26
split_gain=117.98 62.205 33.1825 22.3581 22.1728 20.8509 18.8861 15.9872 14.0405 13.7338 13.6478 13.4076 13.0099 12.5327 12.3957 12.3913 11.6583 14.8184 13.9582 11.1387 10.9511 10.6071 10.4444 10.0228 9.92672 13.7551 12.1082 10.1502 9.49946 9.72061
threshold=0.38011009991168981 -0.037392873317003243 0.48899078369140631 0.78148701786994945 0.26755440235137945 0.62395650148391735 0.7536381483078004 -0.81898510456085194 1.4774920344352724 -0.51344317197799672 1.5457704067230227 -0.05519746616482734 1.1948756575584414 0.45412245392799383 0.5340048372745515 -0.16387129575014112 0.7471289634704591 0.69123786687850963 1.0000000180025095e-35 1.0445784926414492 0.5510205626487733 0.84618648886680614 0.49304078519344335 0.55614626407623302 -0.21051463484764096 1.0000000180025095e-35 -1.055943429470062 -1.3409333229064939 1.412310838699341 -0.1256706044077873
decision_type=2 2 2 2 2 2 2 2 2 2 2 2 2 2 2 2 2 2 2 2 2 2 2 2 2 2 2 2 2 2
left_child=1 7 4 9 11 8 28 -1 10 21 24 15 -8 -7 -9 -2 17 18 -13 -15 -11 -3 -18 -20 25 -4 -26 -28 -6 -30
right_child=2 3 5 -5 6 13 12 14 -10 20 -12 16 -14 19 -16 -17 22 -19 23 -21 -22 -23 -24 -25 26 -27 27 -29 29 -31
leaf_value=-0.017127142581256877 -0.0025952742202466307 -0.013313923543116297 0.0024291583661621005 0.005263393435632 -0.0081393295667246748 -0.0038350230140002605 -0.0016155173613725021 -0.010723103475772922 0.012335397523977614 -0.0045525974843650978 0.011371861539311932 -0.0096448247926113409 0.010476749116245132 0.0011895290857174418 -0.0014632772781629695 0.0081922838082184105 -0.00062018926627049648 0.0041422145975869573 0.0068407255271671821 0.011689563265222847 0.0028501193618173815 0.0052916158657954019 0.0085713645839412232 -0.0055987693589126539 -0.0075482123617786568 -0.011939118309461661 -0.0023758298617612989 0.0070313660812727974 -0.0084458234425754813 0.0098269811116135537
leaf_weight=129.38740655872971 51.781920771114528 72.742556203622371 144.34369458444417 150.71628506295383 239.78468488808721 148.2636357722804 127.73168883565813 243.98439850052819 125.92487285193056 200.95589645719156 116.85449806600809 116.05888187326491 43.803360924124718 188.18011972866952 77.594174025580287 191.52768890466541 97.221230786293745 96.235971216112375 46.477653963956982 46.969289820641279 126.32836171239614 11.757828025147317 94.33011928293854 47.20678386464715 23.361422389745712 27.440888128243387 48.69129965826869 443.49753542989492 15.30793836340308 22.707113798707724
leaf_count=4506 381 1226 797 1061 2172 936 775 5513 392 2401 337 949 141 653 1003 955 414 489 280 131 925 97 333 294 117 209 204 1620 79 103
internal_value=6.31929e-05 -0.00567769 0.00239371 -0.00121607 -2.72e-05 0.00457906 -0.00351008 -0.0111684 0.00618972 -0.00362229 0.00515712 0.00209461 0.00168165 0.000642414 -0.0085454 0.00589041 0.000198194 -0.00221365 -0.00515844 0.00348654 -0.00169533 -0.0105741 0.00400912 0.000606486 0.00402605 -0.000138791 0.0054018 0.0060862 -0.00668891 0.00234244
internal_weight=3517.17 1013.47 2503.7 562.501 1190.18 1313.53 449.335 450.966 930.114 411.785 804.189 740.84 171.535 383.413 321.579 243.31 497.531 305.979 209.743 235.149 327.284 84.5004 191.551 93.6844 687.335 171.785 515.55 492.189 277.8 38.0151
internal_count=29493 16732 12761 5710 7365 5396 3270 11022 3676 4649 3284 4095 916 1720 6516 1336 2759 2012 1523 784 3326 1323 747 574 2947 1006 1941 1824 2354 182
is_linear=0
shrinkage=0.02


Tree=58
num_leaves=31
num_cat=0
split_feature=15 4 7 6 3 4 4 3 3 1 26 15 14 1 14 6 20 4 17 7 5 26 6 14 3 9 20 11 12 11
split_gain=103.39 63.129 25.2466 25.8565 24.833 19.5087 18.3753 18.1123 17.2517 14.0153 13.2484 12.8545 12.702 10.7881 9.8887 14.4043 9.33464 10.5454 8.92941 8.55163 8.47091 8.27806 9.59852 8.1024 8.48276 7.68373 7.41518 10.6387 8.47572 8.1855
threshold=0.30729536712169653 -0.061488233506679528 -0.63401782512664784 0.98618388175964367 1.0424450039863589 1.7818886041641238 1.9235444664955141 -0.22484952211380002 -0.72101956605911244 -0.017770027741789814 -1.2822247147560117 1.168187201023102 0.50697287917137157 0.82451894879341137 -0.069421164691448198 -0.64473339915275563 0.24695599824190143 0.33920624852180487 -0.37878198921680445 0.58065566420555126 -0.0099398656748235208 1.3368580937385561 -0.22148309648036954 -1.795169949531555 -1.104962110519409 0.47194749116897589 0.65588906407356273 -0.46092481911182398 1.4238269329071047 0.95402953028678905
decision_type=2 2 2 2 2 2 2 2 2 2 2 2 2 2 2 2 2 2 2 2 2 2 2 2 2 2 2 2 2 2
left_child=1 4 5 10 20 9 8 13 -5 -2 12 21 -4 23 -9 -16 -13 -18 19 -10 -1 22 -12 24 -3 -19 28 -28 -20 -29
right_child=2 7 3 6 -6 -7 -8 14 18 -11 11 16 -14 -15 15 -17 17 25 26 -21 -22 -23 -24 -25 -26 -27 27 29 -30 -31
leaf_value=-0.014439677102284665 -0.015600666267276521 -0.012274849605958411 0.0092753973018698845 -0.014533808818923997 -0.00054190737179745936 0.0079004501072494591 0.010834141522261215 0.0052520698094528345 -0.0084035569233904903 -0.0030697722291451865 -0.0085015526254268031 0.0085517293928286976 -0.0058540027791166892 0.0065762189849371457 -0.010346591232719464 0.0010590888679960419 -0.0091921572383240752 0.0099022235974717751 0.0036545729171913567 0.0057969361974219945 -0.0082775707123904658 0.0072822276355545027 -0.0011606827354711468 -0.008625749012629854 0.012676458434037908 -0.0036612004958069223 -0.0010854688631305848 0.010468917813289891 -0.011096052518812296 0.0034816638391950163
leaf_weight=248.51920216111466 39.856541554443538 3.5012802071869364 110.21097055915743 14.766794314607976 93.025728049688041 48.68193008005619 196.4979294911027 162.51541534345597 36.528942348435521 194.98018278833479 79.034819021821022 94.189426692202687 23.860548469237983 21.386093631386757 47.350437275134027 283.45573612069711 29.842971018515527 35.338858138769865 402.74850647337735 24.173053411766887 182.66187577415258 34.0530936550349 484.21023184247315 165.50908683473244 11.682326742447911 24.994404502213001 54.341606030240655 227.07307108864188 11.439887769520281 103.89466605894268
leaf_count=7344 443 73 463 109 728 156 536 867 219 1183 767 351 155 189 600 1901 142 99 1486 98 4182 184 2764 3087 84 81 219 643 45 318
internal_value=-6.17896e-05 -0.00474741 0.00245977 0.00325636 -0.00995309 -0.00308325 0.00535819 -0.000780229 0.00407384 -0.00547742 0.000781348 -0.000229149 0.00646917 -0.00574722 0.00129164 -0.000703228 0.00431751 -0.000322068 0.00447541 -0.00273776 -0.011954 -0.00165674 -0.0022565 -0.00734357 0.00530732 0.0044331 0.00503669 0.00703103 0.00311967 0.00835999
internal_weight=3490.33 1219.61 2270.72 1987.2 524.207 283.519 1071.46 695.4 874.967 234.837 915.735 781.664 134.072 202.079 493.322 330.806 184.366 90.1762 860.2 60.702 431.181 597.298 563.245 180.693 15.1836 60.3333 799.498 385.309 414.188 330.968
internal_count=29516 19055 10461 8679 12254 1782 3673 6801 3137 1626 5006 4388 618 3433 3368 2501 673 322 3028 317 11526 3715 3531 3244 157 180 2711 1180 1531 961
is_linear=0
shrinkage=0.02


Tree=59
num_leaves=31
num_cat=0
split_feature=15 3 3 11 17 11 21 3 15 21 7 17 26 21 16 26 17 22 5 15 21 11 5 15 3 20 6 11 3 21
split_gain=108.35 38.7056 22.7661 22.6285 16.0662 15.2995 12.8924 12.5358 14.0841 11.8016 10.9518 11.3086 10.7639 9.44143 9.39661 12.8322 9.00042 8.71241 8.90615 8.69508 12.1794 9.76462 9.35899 8.61143 8.47122 8.19677 8.86834 8.18453 8.03609 8.34954
threshold=0.16967397928237918 -0.079676091670989976 0.80215862393379223 0.27652375400066381 0.55943617224693309 -0.24054484814405439 -1.1367552876472471 1.1670100688934328 -0.34612917900085444 1.4524835944175722 1.0630220174789431 0.65522184967994701 -1.0980835556983946 0.82228827476501476 0.67913424968719494 -1.0980835556983946 0.15275914967060092 -0.16421843320131299 -0.12682288140058515 1.0162237882614138 1.0951618552207949 1.3707507252693178 1.3627382516860964 -0.14185988157987592 0.34979343414306646 0.30025646090507513 0.39967900514602667 0.67003685235977184 1.012526333332062 -0.095987264066934572
decision_type=2 2 2 2 2 2 2 2 2 2 2 2 2 2 2 2 2 2 2 2 2 2 2 2 2 2 2 2 2 2
left_child=1 3 4 -1 13 10 -6 8 -3 19 11 16 -10 14 24 -16 -4 -8 -19 20 21 28 -21 -5 -2 26 -17 -26 -7 -30
right_child=2 7 5 23 6 9 17 -9 12 -11 -12 -13 -14 -15 15 25 -18 18 -20 22 -22 -23 -24 -25 27 -27 -28 -29 29 -31
leaf_value=-0.012886226390008693 -0.0083744992962076006 -0.0094307842635332102 -0.0049180321875868646 -0.0082760105425781962 -0.011150876543782147 -0.0045115626134842844 -0.0020163618514577918 0.0025133610568049418 0.0059253253927637898 0.010180672899218677 0.0052769231249924367 -0.011191854138473749 -0.0033020628001788573 0.0014855461040500712 0.013277715811042869 -0.010403927329924541 0.0086927299510934624 -0.0002377251846333044 0.0071898188770683795 0.0041600060699656643 -0.0067327918192409113 0.0090632354574434523 0.010280637820441765 0.0011805885109952717 -0.0067752452002541761 -0.01172032520655769 0.0043488208373689578 0.0045928198996513063 -0.0037713554779852366 0.0046755754465357836
leaf_weight=306.170940074604 183.34433147357777 124.22600860474631 43.201798472553492 66.902723361738026 19.956873061135411 65.654067344963551 81.788498669862747 166.83484731055796 57.60721354233101 137.02096926048398 60.86425641272217 54.253993043676019 261.86749474657699 186.83825778402388 20.881216269917786 16.518401329405606 27.588500447571278 88.121127540245652 233.49200667254627 442.46303199604154 52.341958753764629 82.778151882812381 130.70876666530967 80.638086639344692 43.752755705267191 23.00994794536382 62.446803097613156 47.865030003711581 54.40874439664185 230.4476875429973
leaf_count=8877 1951 2243 241 1649 205 387 483 926 446 393 214 270 2561 1132 98 184 100 531 918 1349 208 330 354 1241 342 208 322 269 294 899
internal_value=-0.000131813 -0.00542517 0.00223193 -0.00981833 -5.50162e-05 0.00389451 0.00289311 -0.00210721 -0.00385323 0.00472177 -0.00141102 -0.00474405 -0.00157253 -0.00219623 -0.00392238 0.000663212 0.000609907 0.0037159 0.00518221 0.0039708 0.001972 0.00308837 0.00563262 -0.00323824 -0.00594653 -0.0024197 0.000826988 -0.000905758 0.00156969 0.00302495
internal_weight=3453.99 1064.25 2389.75 453.712 1008.02 1381.73 423.359 610.536 443.701 1195.82 185.909 125.044 319.475 584.657 397.818 122.856 70.7903 403.402 321.613 1058.8 485.631 433.289 573.172 147.541 274.962 101.975 78.9652 91.6178 350.51 284.856
internal_count=29625 17943 11682 11767 6643 5039 2137 6176 5250 4214 825 611 3007 4506 3374 812 341 1932 1449 3821 2118 1910 1703 2890 2562 714 506 611 1580 1193
is_linear=0
shrinkage=0.02


Tree=60
num_leaves=31
num_cat=0
split_feature=4 3 21 26 5 2 23 15 7 14 6 5 12 4 14 3 5 26 22 26 6 15 23 23 4 17 4 9 10 21
split_gain=91.726 76.5852 25.8317 19.0895 20.5047 18.6637 16.9342 16.4166 13.8919 13.401 12.3406 12.2192 11.9792 11.2393 12.9729 11.9072 10.9398 10.5131 9.88155 9.31898 10.0588 9.3658 9.28604 9.97001 9.05328 8.81506 8.43645 8.43478 14.3712 9.72134
threshold=0.11291028186678888 0.15194967389106753 0.83244413137435924 0.36046506464481359 -1.0936149358749387 1.1409037709236147 0.4888442605733872 -0.5367816388607024 -0.5825723111629485 -1.3740949034690855 0.20269072800874713 0.0090280319564044493 0.69340297579765331 0.97556951642036449 -1.8729354143142698 -0.48234651982784266 0.90367090702056896 1.3368580937385561 1.1614719629287722 0.71319162845611583 1.2038227319717409 0.51146769523620617 1.0618283748626711 0.66667002439498912 0.19329822063446048 -0.73551851511001576 0.27177821099758154 0.27842929959297186 -0.47537979483604426 0.7536381483078004
decision_type=2 2 2 2 2 2 2 2 2 2 2 2 2 2 2 2 2 2 2 2 2 2 2 2 2 2 2 2 2 2
left_child=1 9 5 4 -4 7 -5 -2 -7 -1 11 -3 25 15 -15 -9 27 -12 -11 -18 21 -21 23 -14 -17 -6 -10 28 -16 -29
right_child=2 10 3 6 12 8 -8 13 26 18 17 -13 22 14 16 24 19 -19 -20 20 -22 -23 -24 -25 -26 -27 -28 29 -30 -31
leaf_value=-0.00083179024848204733 -0.0092039391848507193 -0.010157311072350328 -0.010795255690028824 -0.008024687287046561 -0.0033684847155343077 -0.0044884375264980132 0.0038917185000426602 -0.0092376780573361506 -0.0047898754385242897 -0.012701967790972024 0.0012400046685986275 4.7551666011452585e-05 0.0063216860709515025 0.010442411472960253 0.0044258002145621377 0.0080829116016116961 0.0068688976519734749 -0.01194062424845038 -0.00085980721172464962 0.0014221341574668523 0.008594277413959045 -0.020470241276548985 0.010368367746027569 -0.0062316228982482527 -0.0014193914615897873 0.012274241182830468 0.0093168456776956694 0.0027453730048057337 -0.009464007557032925 -0.014264245261511739
leaf_weight=50.896459764335304 68.191717074252665 88.204632708802819 17.58912234660238 52.545931619592011 13.185559772886334 38.620676414109766 278.22015538997948 66.622948352247477 15.58816793002188 370.83788578445092 662.58199259452522 94.448088793084025 47.225697748363018 65.905281398445368 41.002722890116274 40.091648149304092 167.00663999281824 20.134522933512926 31.286561572458595 13.590457353740932 13.096530027687548 11.653879210352896 55.483960662037134 44.105568608269095 358.35215327888727 273.5648193731904 185.56280242139474 187.24365677591413 84.66968441195786 9.4995045745745283
leaf_count=833 1290 1505 117 419 102 178 930 992 67 10292 3775 1064 209 204 198 229 632 147 641 84 35 58 159 168 2217 937 591 936 505 53
internal_value=0.000165111 -0.00397908 0.00271131 0.00559872 0.00825449 0.00104497 0.00190735 -4.21005e-05 0.0060507 -0.0105925 -0.000476001 -0.0050198 0.00914158 0.00058849 0.00240349 -0.00172932 0.00131104 0.000767297 -0.0118025 0.00486125 -0.00366731 -0.0103977 0.00428987 0.000250667 -0.00037494 0.0115095 0.00813399 -0.000989811 -0.00493628 0.00159091
internal_weight=3467.01 1318.39 2148.62 781.921 451.155 1366.7 330.766 1126.93 239.772 453.021 865.369 182.653 433.566 1058.74 593.668 465.067 527.763 682.717 402.124 205.348 38.3409 25.2443 146.815 91.3313 398.444 286.75 201.151 322.416 125.672 196.743
internal_count=29567 18257 11310 3041 1692 8269 1349 7433 836 11766 6491 2569 1575 6143 2705 3438 2501 3922 10933 809 177 142 536 377 2446 1039 658 1692 703 989
is_linear=0
shrinkage=0.02


Tree=61
num_leaves=31
num_cat=0
split_feature=3 6 15 17 15 11 5 20 5 5 25 0 3 23 14 0 7 14 3 17 7 7 5 1 15 21 15 11 26 14
split_gain=94.9133 40.0375 26.6208 24.3764 17.2819 14.0843 12.5059 12.5935 13.5841 12.0967 15.9449 10.8423 10.516 10.2875 10.8606 15.4954 14.2806 10.2522 9.61093 13.3665 9.31505 9.15052 8.8666 10.0025 8.72057 11.0581 10.8945 8.52155 8.45159 7.73564
threshold=0.105923879891634 -0.45594501495361323 0.76171872019767772 0.032146098092198379 -0.69128316640853871 -0.083116248250007616 -0.22207370400428769 -0.41831286251544947 1.1547592282295229 0.45226377248764044 0.023346122354269031 1.1042639017105105 -0.079676091670989976 1.3450398445129397 0.96650943160057079 1.1528735160827639 0.83717355132102977 -0.83064335584640492 1.0424450039863589 1.6204926371574404 0.20635215193033221 0.94519588351249706 0.38245034217834478 -0.48037274181842798 1.3891717195510866 -0.3820310086011886 0.86050814390182506 0.80462726950645458 0.54123720526695263 -2.0506067276000972
decision_type=2 2 2 2 2 2 2 2 2 2 2 2 2 2 2 2 2 2 2 2 2 2 2 2 2 2 2 2 2 2
left_child=1 5 4 22 11 -1 -5 8 -8 10 18 -2 -9 14 24 16 -16 -7 -6 -20 27 -12 -3 -24 25 26 -4 -11 -29 -28
right_child=2 3 13 6 9 17 7 12 -10 20 21 -13 -14 -15 15 -17 -18 -19 19 -21 -22 -23 23 -25 -26 -27 29 28 -30 -31
leaf_value=-0.015489170856057751 -0.012994548947571743 -0.0076154799567076164 0.0088072607428671089 -0.0049356755598986982 -0.0021279859355115361 0.0032804275901895902 0.0044445320585215255 0.012968427064064311 -0.016149189956473423 -0.0039060288507886251 -0.011397723667265271 0.0077863204001743652 -0.0013208059077400942 0.0079584635221246966 -0.015266999540127191 0.0066987123403172378 0.0037146067638547326 -0.0094377764826665475 0.0045570524730216659 -0.012836077459492418 0.0054001339510123493 0.003642578067973606 -0.013344482953095775 -4.3523887853335113e-05 0.0068548925983456565 0.0035175868183338478 0.0068774230879327623 0.0071020417743812648 -0.0055945297497455027 -0.012096842595253185
leaf_weight=155.74188600946218 54.034077792894095 247.25301618454978 13.668494975194333 53.760173526592553 307.09752033278346 32.125659918412566 35.278228526003659 81.170953462831676 13.915330700576304 110.83130588475615 76.680918600410223 8.6276456508785468 25.935442513786256 232.72945845872164 39.933711675927043 37.799831032752991 21.946989480406046 86.671063371002674 216.37180335167795 14.405480297282336 273.68437237106264 17.624453390017152 21.126310059800744 168.53702706610784 291.51340813376009 664.26807861216366 7.0346993356943122 76.645711852237582 24.061768064275384 43.561975893564522
leaf_count=5247 1008 4629 64 595 3017 525 234 385 113 760 592 67 160 703 195 108 75 2168 1181 84 1328 95 353 1823 893 2439 21 348 152 275
internal_value=0.00024424 -0.00523488 0.00224433 -0.00248023 4.70465e-05 -0.011566 0.00306971 0.00589084 -0.00233329 0.000638599 -0.00118176 -0.00976936 0.00960375 0.00415429 0.00333175 -0.00285824 -0.00876046 -0.00600487 0.000176051 0.00322216 0.00299814 -0.00854501 -0.00515306 -0.0018298 0.00394764 0.00274554 -0.00491243 -0.000162447 0.00394735 -0.0090775
internal_weight=3454.04 921.515 2532.52 646.976 1180.07 274.539 210.06 156.3 49.1936 1117.4 632.18 62.6617 107.106 1352.46 1119.73 99.6805 61.8807 118.797 537.875 230.777 485.223 94.3054 436.916 189.663 1020.05 728.533 64.2652 211.539 100.707 50.5967
internal_count=29637 16232 13405 8292 8632 7940 1487 892 347 7557 4969 1075 545 4773 4070 378 270 2693 4282 1265 2588 687 6805 2176 3692 2799 360 1260 500 296
is_linear=0
shrinkage=0.02


Tree=62
num_leaves=31
num_cat=0
split_feature=3 4 3 15 5 6 5 16 26 15 8 11 11 26 27 21 21 5 11 21 11 7 8 27 4 8 26 1 7 18
split_gain=97.2599 48.4346 36.2546 19.7499 17.9453 16.8897 16.8159 11.9761 17.3781 14.0552 11.7828 11.6788 11.1785 11.6835 10.9939 10.7971 10.4597 10.4264 11.9399 10.077 11.5291 11.3629 12.6781 9.51794 9.13096 8.58167 8.53002 8.24474 7.97059 7.93
threshold=-0.72101956605911244 1.0151001214981081 0.81636235117912304 0.29557108879089361 -0.50321868062019337 1.0063160061836245 0.039686739444732673 0.48698960244655615 -0.66217544674873341 0.3578480482101441 -0.17019257694482801 0.26620122790336614 -0.20422074198722837 0.32168924808502203 12.500000000000002 0.21656973659992221 1.6643537878990176 -0.21051463484764096 1.3386384248733523 0.16482441127300265 0.67003685235977184 0.99978831410408031 -0.84104031324386586 15.500000000000002 2.3442298173904423 -1.0983290076255796 0.11826379224658014 -0.17834328114986417 -0.71931546926498402 -0.262730062007904
decision_type=2 2 2 2 2 2 2 2 2 2 2 2 2 2 2 2 2 2 2 2 2 2 2 2 2 2 2 2 2 2
left_child=4 2 3 6 -1 16 -2 8 -7 26 27 -6 13 -4 -10 -16 19 18 -14 -3 21 -21 -23 -24 29 -15 -9 -5 -12 -22
right_child=1 5 12 10 11 7 -8 9 14 -11 28 -13 17 25 15 -17 -18 -19 -20 20 24 22 23 -25 -26 -27 -28 -29 -30 -31
leaf_value=-0.017507034541223501 -0.010058019375178568 0.0046304087003519994 -0.0069146948146036821 -0.012567742257527912 -0.010729482693339672 0.012053835329583573 -0.0024009636829200919 0.0063326498120829322 -0.015673831278814325 0.0096539061284911798 -0.0060697695867611215 -0.0015536887698730884 -0.002862557179720079 0.012328498555401374 -0.010278979685822996 0.0055424651316877205 0.011100018481123233 0.0043953183291139102 0.0072179904089943797 -0.001352927125351831 -0.0033265152155916734 -0.011236838374444771 0.01695704011613456 -0.0006886892872815007 0.0030356978872886804 -0.00091902933469152224 -0.011809791733179293 -0.0023709595800855522 0.0030732796142623614 -0.016722502991381786
leaf_weight=94.020748922135681 236.89633282460272 204.49518485087901 100.31546909362078 34.331588747911155 132.6449301163666 37.033501159399748 226.01258529257029 15.100807141512631 17.39635381475091 390.00654870271683 39.65821710973978 96.207080490887165 192.49172597192228 21.992351997643709 20.555465545505285 48.143248271197081 42.070919152349234 587.28974273521453 56.695772416889668 153.55906622298062 39.621865417808294 7.1970451120287171 37.215088250115514 16.679305972531438 26.909744765609503 68.839969908818603 17.161701429635286 183.98309764172882 265.54555208142847 32.28206218406558
leaf_count=3123 5383 1085 652 365 3315 105 3523 50 62 1096 393 1323 1138 102 83 161 123 2336 249 752 153 40 113 88 81 422 85 1371 1723 137
internal_value=9.16504e-05 0.00117895 -0.000668459 -0.00339877 -0.0102712 0.00453273 -0.00638511 0.00702476 0.00146329 0.00861032 -0.000722744 -0.00698777 0.00195616 -0.00236205 -0.00350377 0.000432307 0.00206512 0.00295111 -0.000472139 0.00123216 -0.00102265 0.00159042 0.00853146 0.0119012 -0.00650219 0.00276435 -0.00360775 -0.00421997 0.00180654 -0.010037
internal_weight=3442.35 3119.48 2014.05 986.427 322.873 1105.43 462.909 545.398 123.129 422.269 523.518 228.852 1027.63 191.148 86.0951 68.6987 560.03 836.477 249.187 517.959 313.464 214.651 61.0914 53.8944 98.8137 90.8323 32.2625 218.315 305.204 71.9039
internal_count=29632 21871 17657 12758 7761 4214 8906 1642 411 1231 3852 4638 4899 1176 306 244 2572 3723 1387 2449 1364 993 241 201 371 524 135 1736 2116 290
is_linear=0
shrinkage=0.02


Tree=63
num_leaves=31
num_cat=0
split_feature=15 15 22 6 5 20 26 25 14 1 11 5 13 14 6 25 20 0 14 20 19 9 11 19 10 0 9 25 14 9
split_gain=85.1464 27.8681 25.2671 24.4727 19.0484 17.4069 16.0818 16.0273 15.2037 13.9129 13.1329 10.6057 10.577 14.2198 11.0884 11.03 10.2744 9.80052 14.3635 11.8277 9.75606 9.4708 8.89065 9.4151 9.03206 8.85717 11.2698 10.7955 10.4944 10.2923
threshold=1.0000000180025095e-35 -1.1622644066810606 -1.0000000180025095e-35 0.88615703582763683 -0.21051463484764096 1.1657369136810305 -1.1205605864524839 0.24301714450120929 -1.6114215850830076 0.38458888232707983 -0.047707969322800629 -0.59175822138786305 0.56048423051834118 -0.09131296724081038 1.3861755728721621 -0.48158437013626093 1.180487394332886 0.70308890938758861 -1.0690222382545469 1.6287410259246828 -0.171429269015789 -1.3412988185882566 -0.093704607337713228 0.017111181281507019 -0.41242654621601099 0.66535967588424694 0.26861792802810674 -0.42639854550361628 0.12649413943290713 0.65484705567359935
decision_type=2 2 2 2 2 2 2 2 2 2 2 2 2 2 2 2 2 2 2 2 2 2 2 2 2 2 2 2 2 2
left_child=1 -1 9 4 5 -2 11 10 -9 -3 22 -4 14 -14 15 -8 -10 18 -12 -20 -6 -19 23 24 -5 27 -27 28 -22 -28
right_child=3 2 6 7 20 -7 12 8 16 -11 17 -13 13 -15 -16 -17 -18 21 19 -21 25 -23 -24 -25 -26 26 29 -29 -30 -31
leaf_value=-0.014965268093445592 -0.0068196080374669753 -0.012508177969213647 -0.0073151342136439446 0.0055994646813803499 -0.011422378503356388 0.0041213784599582791 0.0040524366503830187 0.0060232792807624952 -0.0040809305722014242 -0.0016199604698229203 0.012968962753813172 0.0087225633860156179 0.015090562713491558 -0.0025344377570582321 0.008202118466716677 -0.006764169708301274 0.0065769693859374003 -0.0030684588437615164 0.00067721146241179076 0.016603297381204703 0.011161916651459498 0.0085362697600301438 -0.013512945656513793 0.010206678019418212 -0.0041428081434519521 -0.00026068376650999084 0.013085480217670958 -0.0014582633884192724 -0.0008172864103276748 0.002491003099813371
leaf_weight=103.0970540875569 257.14272882603109 166.0460475073196 16.545029976870865 54.036063922569156 18.522487201727927 71.088038515299559 39.539327942766249 114.75307369418442 234.4982095528394 66.965623684693128 48.41381773352623 77.661276491358876 22.667096618562937 50.812124651391059 21.00351845100522 307.31245660223067 37.995308931916952 27.585494495928288 294.8527779718861 14.953624259680508 56.316131533123553 445.03411968238652 12.230033949017523 34.454050248488784 102.36073013674468 108.80769663490355 75.592878857627511 391.5541406921111 54.723376600071788 72.624243836849928
leaf_count=3532 2598 4084 335 234 185 455 558 380 1221 786 148 760 135 754 100 5235 148 104 1233 36 264 1339 56 116 493 527 295 2710 374 331
internal_value=-4.96931e-05 -0.00542183 -0.00405317 0.00180999 -0.000420382 -0.00442373 -0.00162668 0.00354171 6.80936e-05 -0.00947876 0.00483614 0.00567921 -0.00323232 0.00351762 -0.00460972 -0.00549107 -0.00250311 0.00594457 0.00337834 0.00169742 0.00128575 0.0078339 0.0002675 0.00147301 -0.000707601 0.00166829 0.00464952 0.000112913 0.0054774 0.00814503
internal_weight=3399.19 871.65 768.553 2527.54 1106.37 328.231 535.541 1421.17 387.247 233.012 1033.92 94.2063 441.335 73.4792 367.855 346.852 272.494 830.84 358.22 309.806 778.141 472.62 203.081 190.851 156.397 759.618 257.025 502.594 111.04 148.217
internal_count=29526 16279 12747 13247 7739 3053 7877 5508 1749 4870 3759 1095 6782 889 5893 5793 1369 2860 1417 1269 4686 1443 899 843 727 4501 1153 3348 638 626
is_linear=0
shrinkage=0.02


Tree=64
num_leaves=31
num_cat=0
split_feature=3 17 16 5 7 17 21 11 10 11 24 7 25 27 23 3 21 2 24 5 26 2 11 21 2 10 25 10 16 13
split_gain=80.9886 31.6712 26.5394 17.9034 15.3852 15.3278 13.5282 13.1417 10.9687 10.9246 9.47559 10.372 10.6024 9.86444 9.65428 9.25743 12.0865 10.1973 9.13892 11.6421 10.5369 8.83574 11.8012 10.8396 10.3394 9.13547 8.56545 8.63343 9.53018 9.76845
threshold=-0.13935887813568112 0.13855401426553729 0.95638179779052745 1.1887307167053225 -0.51252371072769154 0.12211794778704645 -0.18316074460744855 0.062125628814101226 0.47289840877056127 1.3386384248733523 0.18806596100330356 -0.1022210121154785 0.35190150141716009 12.500000000000002 1.1176842451095583 1.1353627443313601 1.75008100271225 0.91047221422195446 1.4079485535621645 -0.35565799474716181 -0.16454374045133588 1.092737138271332 -0.24054484814405439 1.1942517757415774 0.99773913621902477 -1.4782880544662473 1.2938809394836428 -1.2428186535835264 0.58257955312728893 -0.11644732207059859
decision_type=2 2 2 2 2 2 2 2 2 2 2 2 2 2 2 2 2 2 2 2 2 2 2 2 2 2 2 2 2 2
left_child=1 3 5 7 -3 6 9 -1 -5 -2 13 12 14 -8 -12 16 17 18 19 -7 -20 22 23 -4 25 -24 27 -21 -29 -30
right_child=2 4 21 8 -6 15 10 -9 -10 -11 11 -13 -14 -15 -16 -17 -18 -19 20 26 -22 -23 24 -25 -26 -27 -28 28 29 -31
leaf_value=-0.012785877546208829 -0.0078670357189330013 -0.0083222498739016319 -0.017395704352301714 -0.0062658181879248678 0.0051156429009955985 -0.0059901666803090234 0.0027200641280983144 -0.0055045576067629109 0.0068473745608351715 0.0024692702085866614 -0.0029953333871303757 0.0029572233153299407 -0.013923639362735822 -0.0069323644266093892 0.010859898213918985 0.0043194415801967303 0.011481527397179052 -0.0047869039290439966 -0.0037769501872456208 -0.0072237695072763647 0.01216325732675688 0.009133750763019137 -0.010041575541532375 0.0027123417526599553 -0.0062081363196395166 0.0067513242564558032 -0.0074875682753098747 0.0070251530369970791 -0.011185418060621361 0.0025188382801975859
leaf_weight=259.40393470181152 165.7941968603991 41.129977359436452 14.439575601369141 50.379199085757136 126.57934811431915 89.564789887517691 60.235219618305564 178.47871507285163 42.319685177877545 51.137459042482078 106.91333103459328 438.40504558291286 24.163477870635688 121.90563041996211 19.535068988800049 506.70873407833278 34.364821782335639 131.64653366990387 20.626671366393566 25.590313812717795 52.008924132212996 189.93692460656166 9.2727039568126184 21.386283338069916 26.276629047468305 282.60963867418468 29.984888818114996 165.10124766919762 21.497856944799423 91.95346979983151
leaf_count=7561 2154 542 145 787 1021 816 522 3386 439 411 770 2451 160 1767 67 1821 119 651 93 159 166 577 51 83 98 1029 163 889 132 477
internal_value=0.000182431 -0.0058644 0.00175363 -0.00824074 0.00167453 0.000752622 -0.00107837 -0.0099137 -0.000235216 -0.00542971 0.00017278 0.00140807 -0.00305138 -0.00375285 -0.000523166 0.0022982 0.000731109 5.6763e-05 0.00137643 0.000217918 0.00768492 0.00568053 0.00372623 -0.00653009 0.00496429 0.0060577 0.00194581 0.00298189 0.00403032 -0.000440514
internal_weight=3399.35 698.291 2701.06 530.582 167.709 2157.14 988.089 437.883 92.6989 216.932 771.158 589.017 150.612 182.141 126.448 1169.05 662.34 627.975 496.328 423.693 72.6356 543.922 353.985 35.8259 318.159 291.882 334.128 304.143 278.553 113.451
internal_count=29507 13736 15771 12173 1563 13788 8302 10947 1226 2565 5737 3448 997 2289 837 5486 3665 3546 2895 2636 259 1983 1406 228 1178 1080 1820 1657 1498 609
is_linear=0
shrinkage=0.02


Tree=65
num_leaves=31
num_cat=0
split_feature=4 3 24 4 16 5 7 25 4 5 2 3 16 26 21 8 5 3 18 14 8 24 3 20 7 26 20 14 14 9
split_gain=91.5773 38.8477 37.2763 21.1125 23.0928 15.4656 12.0571 12.8008 10.9268 13.603 10.7661 10.5549 9.86336 13.1273 9.62526 11.0627 9.47128 9.02932 8.52772 10.039 8.50007 7.85629 10.8337 8.38458 8.64535 7.79018 7.62619 7.51626 7.24913 9.49763
threshold=-0.42048531770706171 0.27032609283924108 0.5110735595226289 1.3854932785034182 0.38385067880153662 0.02941115386784077 -0.63401782512664784 0.96089506149292003 2.399522185325623 0.43886055052280432 0.75958976149559032 1.3859855532646181 0.58257955312728893 -1.1205605864524839 0.86659812927246105 -0.19301847368478772 1.0178259015083315 1.2692392468452456 -0.34344336390495295 -2.8263701200485225 -1.3615675568580625 0.18806596100330356 0.73440423607826244 1.0791411399841311 -0.25844931602478022 -0.51599243283271778 0.76110032200813305 -0.76451182365417469 -2.0506067276000972 -1.1333043575286863
decision_type=2 2 2 2 2 2 2 2 2 2 2 2 2 2 2 2 2 2 2 2 2 2 2 2 2 2 2 2 2 2
left_child=1 -1 3 4 5 -2 7 -4 28 10 -10 21 20 -14 15 -13 -16 26 -9 -20 -5 -3 -23 24 -24 -7 -15 -6 -8 -30
right_child=2 11 6 12 27 25 8 18 9 -11 -12 14 13 17 16 -17 -18 -19 19 -21 -22 22 23 -25 -26 -27 -28 -29 29 -31
leaf_value=-0.011476667466308854 -0.012500470430213462 -0.0099486539882552745 0.0018396738496519367 -0.010863324687920558 0.0057751552149581794 0.0022702964563947399 0.0080539516465123178 0.0029529788153973002 -0.0084586380464012761 0.012846980941432573 0.0085304707033549108 0.010333377142639679 0.010441372605563489 -0.016553925140205508 -0.0098211468027827285 -0.0038256345360723519 0.0077801157590726188 0.0030844762236248804 0.0069071290869122913 -0.017603861053255777 0.0078370459357029951 0.0027439109101500213 -0.00084834284472924877 0.0021594760882422126 -0.012558458111129994 -0.0063358421453633389 0.0023965729837422491 -0.0013801916313351359 -0.0030727617519521063 0.0034568810353210722
leaf_weight=310.84536809939891 130.14964666357264 71.423153237439692 158.08875156473368 6.1563142361119381 69.836613052524626 61.268613062333316 120.94819870777428 15.030842550098894 24.179781675338745 106.95504537597299 25.536178853362799 63.107069147750735 20.423890698701143 28.205342506989837 35.20986207947135 29.472086744382977 13.262559443712233 22.773017719388008 5.3268233984708777 32.320252228528261 136.62249509152025 93.22528623836115 39.380402816459537 37.205995913594961 69.138310516253114 116.0381874172017 9.8703399915248138 267.76061254320666 92.497173149138689 1189.2064882768318
leaf_count=8674 2891 1221 846 42 509 765 349 79 100 284 64 259 67 189 165 169 37 67 18 244 792 771 251 175 479 1805 46 2654 460 5113
internal_value=-8.79723e-06 -0.0060919 0.00175636 -0.00162948 -0.00346146 -0.00737979 0.0034187 -0.00104961 0.00402409 0.0089809 0.000249777 -0.00229891 0.00360527 -0.00188838 0.00218468 0.00586087 -0.00472808 -0.00650545 -0.0091283 -0.0137325 0.00669045 -0.00433885 -0.00249251 -0.00582234 -0.00853351 -0.00338128 -0.0119334 0.000162672 0.0034405 0.00297554
internal_weight=3401.46 762.27 2639.19 869.105 645.054 307.456 1770.09 210.767 1559.32 156.671 49.716 451.425 224.051 81.2726 141.052 92.5792 48.4724 60.8487 52.6779 37.6471 142.779 310.373 238.95 145.725 108.519 177.307 38.0757 337.597 1402.65 1281.7
internal_count=29585 12201 17384 9827 8624 5461 7557 1187 6370 448 164 3527 1203 369 630 428 202 302 341 262 834 2897 1676 905 730 2570 235 3163 5922 5573
is_linear=0
shrinkage=0.02


Tree=66
num_leaves=31
num_cat=0
split_feature=3 4 16 6 14 1 13 1 17 4 13 9 14 26 6 22 7 26 10 16 23 6 9 12 16 7 6 26 4 16
split_gain=87.2389 48.5621 24.019 19.4883 18.898 24.02 16.9905 17.7293 15.4693 14.1742 11.3065 10.8137 10.6761 9.30396 9.2654 8.83598 8.67125 8.70443 11.1921 8.3707 8.19075 8.0133 7.92068 9.00906 8.42179 7.84346 7.90329 7.81013 10.3938 8.74595
threshold=0.105923879891634 -0.083578925579786287 0.95638179779052745 1.0394741892814638 0.24233795702457431 0.19257983565330508 -0.28575892746448511 1.5269559621810915 -0.074636228382587419 1.6603882908821108 -0.27230566740036005 0.49143871665000921 -1.4089167118072508 0.55723619461059581 0.52693885564804088 1.5814617276191714 -0.74873208999633778 0.090878594666719451 -0.021281886845827099 0.12961018830537799 0.43046449124813085 0.95207217335701 0.10300768539309503 0.69340297579765331 0.85138338804245006 -0.18817211687564847 1.1248746514320376 -1.18525093793869 -0.3774015456438064 0.7298952341079713
decision_type=2 2 2 2 2 2 2 2 2 2 2 2 2 2 2 2 2 2 2 2 2 2 2 2 2 2 2 2 2 2
left_child=1 19 4 12 13 27 -7 8 -8 10 -4 -12 -3 15 -10 -2 -5 -18 -19 -1 -14 -22 23 -16 -25 26 -24 28 -6 -30
right_child=2 3 9 16 5 6 7 -9 14 -11 11 -13 20 -15 22 -17 17 18 -20 -21 21 -23 25 24 -26 -27 -28 -29 29 -31
leaf_value=-0.013737339542835004 0.0038357919231912659 0.0036346232434683596 -0.0081994867357143043 -0.0073907587255607424 -0.012376927464861154 0.0078093301874781673 -0.0057703389796471159 -0.010719836404447602 -0.0030117868778425688 0.01103858023606173 0.0011851854737764832 0.008010948341658811 -0.0069780101708597766 0.00013944837228655881 0.0043861770102432349 0.014423719820708742 0.014115251274591425 -0.0093647923287710193 0.0079005760998787661 -0.0071753791450235565 0.0014799920194241013 -0.013820454080998464 0.0057131401128511826 -0.013176591944416168 0.0070277558368566874 0.0094585266223053566 -0.0097627401920559465 -0.0060333670175779465 0.0084301831246728093 -0.011062407313260452
leaf_weight=194.08979125646874 600.47187525872141 68.392539910972118 25.135390102863312 13.479542920365928 12.226347494870422 130.85563266277313 96.087501432746649 51.580037647858262 74.626913827843964 144.71358485519886 186.88928755093366 183.57434140518308 227.50159137975425 295.7159616840072 62.00784582644701 29.230622278526425 43.095017407089472 17.565274691209197 40.690866485238075 163.65886083757505 104.94842870626599 10.644722851924596 30.82013787701726 24.067665999755267 7.8858581036329261 137.12330747954547 15.901579827070234 320.81412376882508 47.468302932567894 6.6713197343051425
leaf_count=6874 2793 515 144 124 191 693 871 260 582 404 742 670 3796 1491 289 101 168 102 175 3415 907 94 144 135 21 513 90 2848 276 53
internal_value=0.000133787 -0.00524408 0.00205458 -0.00134981 0.00101099 -0.000868072 0.00153722 -0.000164991 0.00115362 0.00576479 0.0037219 0.00462917 -0.00338339 0.00307188 0.00309568 0.00443703 0.00577448 0.00779059 0.00236602 -0.0108757 -0.00481447 -0.000443594 0.00476057 1.46943e-05 -0.00791411 0.00712153 1.13835e-05 -0.00475741 0.00140116 0.00529602
internal_weight=3367.93 884.067 2483.87 526.318 1943.56 1018.14 630.956 500.101 448.521 540.313 395.599 370.464 411.487 925.418 352.433 629.702 114.831 101.351 58.2561 357.749 343.095 115.593 277.806 93.9614 31.9535 183.845 46.7217 387.18 66.366 54.1396
internal_count=29481 16170 13311 5881 11351 6966 3598 2905 2645 1960 1556 1412 5312 4385 1774 2894 569 445 277 10289 4797 1001 1192 445 156 747 234 3368 520 329
is_linear=0
shrinkage=0.02


Tree=67
num_leaves=31
num_cat=0
split_feature=15 4 16 24 4 3 5 21 3 4 7 16 5 5 11 21 21 4 11 25 15 23 1 18 25 1 10 17 15 5
split_gain=80.8512 48.258 26.7361 21.9497 15.0745 14.146 14.1314 15.5274 13.4191 11.8348 11.2031 11.1622 10.621 10.0915 9.63633 12.2157 14.3216 9.18517 9.82176 9.36944 11.0519 9.83872 11.079 11.1572 9.15547 9.0619 9.65142 8.96917 8.77962 8.60398
threshold=1.0000000180025095e-35 0.86014646291732799 0.67913424968719494 -0.48849479854106898 2.1366919279098515 -0.53988453745841969 1.3193741440773012 1.75008100271225 0.73440423607826244 -0.8817971646785735 -0.71931546926498402 0.64938539266586315 0.02941115386784077 0.5166178047657014 1.3057268261909487 0.58631530404090892 1.0658974647521975 -0.62586191296577443 1.2291301488876345 -0.21253007650375363 1.1827375292778017 1.0806869268417361 1.0126152038574221 -0.34344336390495295 -0.2886137962341308 0.62757962942123424 1.7539482116699221 1.5415406823158266 1.6228730678558352 1.8050618171691897
decision_type=2 2 2 2 2 2 2 2 2 2 2 2 2 2 2 2 2 2 2 2 2 2 2 2 2 2 2 2 2 2
left_child=1 3 6 -1 10 -5 7 9 25 -2 -4 -10 -6 -3 28 -16 -17 18 -12 20 -19 22 23 -21 -7 26 -8 -15 -11 -14
right_child=2 13 4 5 12 24 8 -9 11 14 17 -13 29 27 15 16 -18 19 -20 21 -22 -23 -24 -25 -26 -27 -28 -29 -30 -31
leaf_value=-0.013188600804285314 -0.0084693545730745463 -0.0020200707050119808 -0.002792788523026263 -0.011906795910356172 0.00025364794635638504 0.002859100268810632 -0.0070637277359328551 0.0083690166679527226 0.010195523694499553 -0.0021923685232666532 -0.004437607018638789 -0.0090047992841538436 0.015182144897463626 0.0073138871666596295 0.0069641880581549397 -0.017346174381943639 0.0083503995661553185 0.0046087370186643625 0.0082260436024288123 -0.0063057637340243966 0.016783591891480085 0.0059496319090315544 0.0067831714656730125 0.0027761989555835911 -0.005009653135084724 0.0067085520193409165 0.01032430463988729 -0.012583858621113473 0.0062058401472309911 0.0013694732801659251
leaf_weight=217.46771614672616 84.217392754741013 109.79029436316341 105.21026601456106 90.112722744699568 35.61146298609674 76.678281431086361 70.9204968996346 62.956467519514263 123.67765225842595 773.97152657806873 89.020516978576779 9.5437612719833833 96.735683646053076 124.83906267676502 108.43372092954814 15.798873614519836 10.907607868313788 80.260588131844997 28.206731721758842 96.955542401410639 48.441591622307897 360.71215602289885 87.604121806100011 110.9067642390728 218.80520849116147 40.593502615578473 10.7718329411 5.2624827139079562 48.414992995560169 23.207855112850666
leaf_count=7350 978 1067 606 2763 121 979 487 259 402 5282 566 33 253 754 567 86 36 408 115 547 132 1190 300 505 3326 177 44 26 163 71
internal_value=0.000196094 -0.00514836 0.00198832 -0.00814748 0.00420799 -0.00517196 8.22039e-05 -0.000902194 0.00427393 -0.00149979 0.00328049 0.00854406 0.00992493 0.00240352 -0.000845982 0.00401047 -0.00718926 0.00400029 -0.00117867 0.00477637 0.00964745 0.00375523 0.00102182 -0.00150862 -0.00295411 -0.000530948 -0.00430775 0.00607311 -0.00166344 0.0126713
internal_weight=3366.04 842.956 2523.08 603.064 1162.87 385.596 1360.21 1104.7 255.507 1041.74 1007.32 133.221 155.555 239.892 957.527 135.14 26.7065 902.108 117.227 784.881 128.702 656.179 295.466 207.862 295.483 122.286 81.6923 130.102 822.387 119.944
internal_count=29593 16265 13328 14418 4814 7068 8514 7371 1143 7112 4369 435 445 1847 6134 689 122 3763 681 3082 540 2542 1352 1052 4305 708 531 780 5445 324
is_linear=0
shrinkage=0.02


Tree=68
num_leaves=31
num_cat=0
split_feature=15 3 5 16 14 9 0 3 0 9 11 11 17 20 8 26 26 12 14 10 16 21 20 24 3 12 6 6 11 26
split_gain=79.1027 47.3661 30.2245 17.1912 16.1796 14.6184 13.9388 12.1484 12.0705 11.3666 11.355 10.5687 12.3895 10.3179 10.0832 10.6476 9.98598 9.91439 9.77314 10.0312 9.64046 9.47709 9.38579 10.1356 8.78036 9.08673 8.57166 8.53432 10.0065 9.91356
threshold=-0.64941024780273426 0.81636235117912304 -0.20040152221918103 1.1844853162765505 -0.73945489525794972 -1.7315828204154966 0.15787329524755481 -0.48234651982784266 -0.12128808349370955 0.31642414629459387 1.0039371848106386 1.5261548161506655 0.27945849299430853 -0.8640596568584441 0.50580981373786937 0.8658873736858369 -0.80027154088020314 0.20339912176132205 -1.2545764446258543 -0.51740965247154225 1.1112722754478457 0.065147448331117644 0.57334953546524059 0.58418631553649913 1.5050041079521181 0.4686379879713059 1.3398999571800234 0.34722687304019934 0.99172303080558788 -1.1205605864524839
decision_type=2 2 2 2 2 2 2 2 2 2 2 2 2 2 2 2 2 2 2 2 2 2 2 2 2 2 2 2 2 2
left_child=10 2 7 4 -3 13 14 -2 16 11 -1 20 -13 -4 15 26 -7 -5 -9 -20 -8 -19 23 -16 25 -11 -6 28 29 -10
right_child=1 3 5 17 6 8 9 18 27 24 -12 12 -14 -15 22 -17 -18 21 19 -21 -22 -23 -24 -25 -26 -27 -28 -29 -30 -31
leaf_value=-0.013267580926193599 -0.011236669766923247 0.0069956840396842145 0.0038493520746854023 0.014502594873428571 -0.0085666011968305051 0.0034510408447070472 -0.00022464111934510845 0.004773942105258105 0.0052033738424922893 0.0064992145600014416 0.00047087401443225132 -0.0078788340252364617 0.014564445071316677 -0.017402986127615122 0.0063644366048965419 0.0057701994698507019 -0.0057155183401720244 -0.0073379790600896248 9.4543259648098289e-05 -0.0072962959051630525 -0.01409485434148338 0.0071379065436226732 0.0095168985501747315 -0.013047142801487088 0.0085667245771158026 -0.0004859438246496968 0.0030007054795391751 0.0032861920088126098 0.0062185450642631901 -0.0055926411980260398
leaf_weight=185.77550994930789 114.03181303665042 256.23034184798598 10.838223636150358 71.399135425686836 142.93164012487978 61.909906943328679 310.50876004900783 42.957861248403788 39.210845173336565 132.45832381956279 27.153340164572001 9.7937416434288007 32.017097562551498 25.359440105967224 16.61798657476902 28.926479411311448 166.5867024352774 16.877055183053017 107.27234318759292 227.14416081644595 16.44101720303297 124.67861754633486 41.756214102730155 17.142167435958982 159.7216411633417 161.2216609781608 28.354604883119464 566.03371601738036 52.205574249848723 151.59666656004265
leaf_count=5974 2903 810 119 198 887 621 1451 262 386 565 522 62 92 392 106 138 2133 81 1206 2863 66 380 165 96 540 723 106 2986 453 2274
internal_value=0.000106751 0.000915976 -0.00154279 0.00336881 0.0025185 0.000342383 0.00144662 -0.00562392 0.000802576 0.00274821 -0.011545 0.000132416 0.00902731 -0.0113448 -0.00241426 -0.00473373 -0.00321117 0.00859392 -0.00380316 -0.00495903 -0.00112392 0.00522054 0.00364731 -0.00390364 0.00485103 0.00272063 -0.00662096 0.00194893 -0.00116933 -0.00329785
internal_weight=3345.15 3132.22 1565.15 1567.08 1354.12 1073.74 1097.89 491.406 1037.54 822.162 212.929 368.761 41.8108 36.1977 275.729 200.213 228.497 212.955 377.374 334.417 326.95 141.556 75.5164 33.7602 453.402 293.68 171.286 809.047 243.013 190.808
internal_count=29560 23064 16598 6466 5807 9364 4997 7234 8853 3499 6496 1671 154 511 1498 1131 2754 659 4331 4069 1517 461 367 202 1828 1288 993 6099 3113 2660
is_linear=0
shrinkage=0.02


Tree=69
num_leaves=31
num_cat=0
split_feature=6 4 4 11 3 8 21 13 5 20 5 21 3 16 24 25 1 26 0 2 22 11 10 24 26 16 27 6 2 21
split_gain=76.2392 41.7248 24.2781 17.9592 15.9909 14.6174 11.2284 10.9656 10.9016 11.202 11.068 10.3155 10.3522 9.48933 9.46059 9.97014 9.83543 13.991 9.28944 9.02796 10.9265 15.2092 10.1833 8.88636 8.84097 8.82114 13.7498 12.7387 11.2675 9.26932
threshold=0.24841777980327609 -0.19459632784128186 -0.061488233506679528 0.27652375400066381 0.15194967389106753 0.27029076218605047 1.4524835944175722 0.30384878814220434 1.3406558632850649 -0.44392059743404383 1.5115296840667727 1.1287970542907717 0.95285406708717357 0.026187554933130745 1.3564482331275942 1.2938809394836428 1.4098049402236941 0.47570121288299566 0.6082684099674226 -0.42334622144699091 0.37298940122127539 0.60791569948196422 -0.35486501455307001 -0.58658564090728749 0.4600829035043717 0.69996994733810436 16.500000000000004 1.3996667861938479 0.57358077168464672 0.93355265259742748
decision_type=2 2 2 2 2 2 2 2 2 2 2 2 2 2 2 2 2 2 2 2 2 2 2 2 2 2 2 2 2 2
left_child=1 13 4 11 -2 -5 8 18 14 10 -10 23 -13 -1 15 16 -4 -18 -8 -11 21 -21 -22 -3 -23 26 28 -27 -16 -29
right_child=2 3 6 5 -6 -7 7 -9 9 19 -12 12 -14 -15 25 -17 17 -19 -20 20 22 24 -24 -25 -26 27 -28 29 -30 -31
leaf_value=-0.013511140596825693 -0.0071713759569439588 -0.011253267273333669 0.00063542806003520549 -0.0029575861394025137 0.00039371937723729089 0.0060211493429112193 -0.0034768172614503311 0.012434023688201545 0.010291206851675618 -0.0052453278819175097 -0.0081006328517356802 -0.0043655116833217558 0.011246658580155113 -0.0066180420954726638 -0.0032818969352565721 -0.0059943068187694295 0.013089785003423374 -0.0034872894043443082 0.0070413041433521617 0.0179399899786243 0.010324679047374427 0.010044703321566048 -0.0056276899908700084 -0.0031769332056997631 -0.00069904182948479126 0.015321504402642872 -0.018072376334705813 -0.0016970823672312679 0.0093390685137494621 0.010756375274165753
leaf_weight=168.80012873094529 134.56550659332424 95.965246421284974 742.02955900598317 123.18600571062416 558.80979754589498 163.57872650632635 46.617171593010426 94.908807693049312 14.237674819305537 17.51035994105041 36.791056092828512 35.649006503634155 24.504997167736292 183.37853587465361 52.60183653049171 75.187420589849353 55.934020780026913 27.941055729985237 95.95097291842103 69.419480295851827 21.360998228192329 78.098029082641006 35.805455891415477 130.88953683758155 47.553376838564873 55.816879035905004 8.8016975242644531 57.610827457159758 51.749427013099194 34.547761544585228
leaf_count=6155 2239 1881 3893 1172 3342 1256 212 280 54 77 178 420 87 3784 269 404 169 111 319 211 64 236 143 1786 170 142 56 207 173 93
internal_value=0.00016693 -0.00469685 0.00203853 -0.00134354 -0.00111529 0.00217955 0.00330911 0.00731464 0.00264527 0.00588423 -0.00250863 -0.00484068 0.00236945 -0.0100648 0.00172993 0.000746893 0.00139297 0.007682 0.0036008 0.00748868 0.00845745 0.0106614 0.000684105 -0.00676243 0.00610754 0.00504439 0.000774539 0.0081774 0.00311787 0.00328468
internal_weight=3339.8 925.952 2413.85 573.774 693.375 286.765 1720.47 237.477 1483 320.776 51.0287 287.009 60.154 352.179 1162.22 901.092 825.905 83.8751 142.568 269.748 252.237 195.071 57.1665 226.855 125.651 261.128 113.153 147.975 104.351 92.1586
internal_count=29583 16541 13042 6602 5581 2428 7461 811 6650 1133 232 4174 507 9939 5517 4577 4173 280 531 901 824 617 207 3667 406 940 498 442 442 300
is_linear=0
shrinkage=0.02


Tree=70
num_leaves=31
num_cat=0
split_feature=4 15 15 4 3 3 2 4 3 9 23 26 15 15 5 20 9 21 15 26 26 7 25 21 12 3 2 22 9 15
split_gain=80.3629 61.0925 19.1862 15.9648 15.0332 14.6741 9.88377 9.86817 9.41759 9.06235 9.31589 16.7944 10.4208 8.90686 8.84248 8.6933 8.47394 8.45397 9.7881 8.11157 10.4664 7.74119 7.66751 7.70842 10.9817 11.4405 7.61228 7.28728 7.11459 8.30972
threshold=0.15275879204273227 0.31596159934997564 -0.14185988157987592 2.1366919279098515 -0.33547380566596979 -1.0633289217948911 -0.031469721347093575 -0.061488233506679528 1.4776174426078799 -0.30594757199287409 0.96558251976966869 -0.93683695793151844 1.3102952837944033 1.3682829141616824 -0.69193968176841725 1.3461206555366518 -1.3992442488670347 -0.23842228949069974 0.83923059701919567 0.66168788075447094 0.23866750299930575 1.1885492205619814 2.6152652502059941 1.361117482185364 0.42059014737606054 0.59002661705017101 0.080359116196632399 1.1614719629287722 0.72318345308303844 1.0958929061889651
decision_type=2 2 2 2 2 2 2 2 2 2 2 2 2 2 2 2 2 2 2 2 2 2 2 2 2 2 2 2 2 2
left_child=1 4 8 5 -1 -4 27 -6 -2 19 -11 15 14 22 -13 -12 -5 18 -18 20 21 -8 23 -7 25 -25 -21 -3 29 -26
right_child=2 6 3 16 7 13 9 -9 -10 10 11 12 -14 -15 -16 -17 17 -19 -20 26 -22 -23 -24 24 28 -27 -28 -29 -30 -31
leaf_value=-0.0130455428478384 -0.0054153078654761953 -0.007197483948118576 -0.0088577878091824734 -0.0064422539112562521 -0.007534447208522776 0.0013450156633176128 -0.0017428608695940762 0.0015055142061474994 0.0099030751591039599 -7.6794876925085807e-05 -0.015286819815358923 -0.007828064362871855 0.014602182131765278 0.005795143588276235 0.0065243627872962305 0.0072325679719996358 0.0065558807651238315 0.0090417106301216386 -0.010968842699397262 0.0018526791251325093 0.0062979370769605811 -0.01777352374591255 -0.0092195998543596804 -0.00094579386504232553 0.0075968183319125443 0.014826192107822003 -0.013857851278093811 0.0075599351713096057 -0.0088422987434821701 -0.0067821547985026211
leaf_weight=207.00717826886103 152.61824101954699 99.020256740506738 41.72411993984133 14.120951846241949 305.30627319449559 1026.9198402916081 85.737885360606015 55.430285217706114 13.272627528756855 235.6533735031262 16.623193363659087 16.49948357604444 58.139786859974265 271.70110169239342 90.663554173894227 6.4947179518640032 27.23977155610919 270.95137448050082 16.09348519705236 16.454714568331838 57.708588993176818 9.315137589350341 19.887350372970104 24.364184028469026 52.496609276160598 63.516114592552185 34.114346485584974 11.222601073794065 18.683415956795216 17.928717885166407
leaf_count=7775 2275 1044 529 53 5341 5471 509 659 56 1665 108 110 181 848 385 19 104 828 68 94 322 62 104 147 196 179 245 77 94 57
internal_value=1.21365e-05 -0.00385137 0.00249807 0.00307916 -0.00875218 0.00220985 -4.58428e-05 -0.00614379 -0.00393582 0.000936105 0.00259146 0.0058443 0.00809043 0.00254712 0.00406412 -0.00879914 0.00705411 0.0077519 -0.000414022 -0.0024957 -0.000111809 -0.00412355 0.00180537 0.00202487 0.00582414 0.010638 -0.00903906 -0.00543237 0.000763684 0.00372932
internal_weight=3336.91 1305.39 2031.52 1865.63 567.744 1537.22 737.648 360.737 165.891 627.405 424.074 188.421 165.303 1495.5 107.163 23.1179 328.406 314.285 43.3333 203.331 152.762 95.053 1223.8 1203.91 176.989 87.8803 50.5691 110.243 89.1087 70.4253
internal_count=29605 18596 11009 8678 13775 7625 4821 6000 2331 3700 2468 803 676 7096 495 127 1053 1000 172 1232 893 571 6248 6144 673 326 339 1121 347 253
is_linear=0
shrinkage=0.02


Tree=71
num_leaves=31
num_cat=0
split_feature=15 21 11 15 16 20 11 0 14 7 14 6 11 7 14 2 0 0 14 23 16 13 6 23 6 23 2 26 21 1
split_gain=64.7268 32.3402 32.5133 18.6049 13.9892 13.8801 11.9338 11.18 10.8311 10.6757 10.1793 9.44783 9.4204 9.10885 8.7213 8.85394 10.2568 9.47729 8.4829 9.31159 12.3222 9.89752 9.13657 8.17619 8.01894 8.95953 8.01821 7.71715 7.50853 7.30912
threshold=-0.59194523096084584 0.020263244397938255 0.7577367126941682 0.79436439275741588 0.86784702539443981 0.17918371409177783 -0.47284147143363947 1.1042639017105105 -1.6114215850830076 -0.38945366442203516 1.0000000180025095e-35 1.3128354549407961 0.037107579410076148 -0.93760883808135975 0.25661627948284155 0.70756036043167125 1.0000000180025095e-35 -0.45980501174926752 -2.8263701200485225 1.029793977737427 0.51846766471862804 -0.77147325873374928 0.87356373667716991 -0.27083618938922877 -0.23606967180967328 0.55719301104545604 1.092737138271332 0.29420307278633123 1.9139204025268557 1.4098049402236941
decision_type=2 2 2 2 2 2 2 2 2 2 2 2 2 2 2 2 2 2 2 2 2 2 2 2 2 2 2 2 2 2
left_child=7 2 10 4 14 18 26 8 -1 -7 11 12 -2 -14 15 16 17 -3 -4 20 21 22 -20 -5 -15 -26 -6 -13 -10 -25
right_child=1 3 5 23 6 9 -8 -9 28 -11 -12 27 13 24 -16 -17 -18 -19 19 -21 -22 -23 -24 29 25 -27 -28 -29 -30 -31
leaf_value=0.0068757195925988751 -0.0089685474899821108 -0.005688885339458695 0.00943151916199041 -0.010115518637496329 -0.014611449501564754 -0.001440167144308196 0.0083512478114578358 0.0058456305379441 -0.012877402430408517 0.010755890427603828 -0.0097593377748632203 -0.0054778720564908076 -0.012675445926866568 0.010129242512794401 -0.0026937829022726741 0.0056075849269843691 -0.0047402156084135165 0.0052995136071222262 0.011066984312156239 -0.0071651714529732359 0.0048761235859462156 -0.0068933099364826503 -0.010825757856416556 0.0032180521604766301 0.0052717746067695893 -0.010616425797745983 0.0069044299534659348 0.014823247309162204 0.0083896594990704541 0.0077996351256667904
leaf_weight=9.3817563951015455 101.09614556119777 37.039467717986554 23.84889935143292 12.209773104637859 13.045679782517256 41.69659979455173 115.53646054491401 13.248418327420948 204.02773346053436 80.137118498329073 203.87486900342628 8.7982399286702293 13.917946288362144 29.292278575710952 487.92144522862509 123.42023775121197 131.20087868627161 123.60545279178768 23.114681913517419 90.533322033472359 114.14411274064332 99.920649453066289 6.0122207123786202 949.62327810004354 25.528319852426648 21.897779445163906 7.4492143131792536 14.470001148059962 3.6208146968856445 163.09601442702115
leaf_count=166 2141 515 100 95 122 311 527 145 6536 389 3182 49 251 322 4439 648 1200 1088 200 549 818 1179 57 3534 229 172 30 49 41 502
internal_value=-0.000150162 0.000625494 -0.00255551 0.0019487 1.72207e-05 0.00100265 0.00587749 -0.0102595 -0.0113522 0.00668966 -0.00659166 -0.00343437 -0.00492337 -0.000178368 -0.000892909 0.00122992 -0.000684641 0.0026707 -0.00100058 -0.0018743 0.000200007 -0.00396368 0.00562398 0.00372504 0.00272564 -0.00237706 -0.00697076 0.00753579 -0.012318 0.00392148
internal_weight=3292.71 3062.43 898.283 2164.15 1039.22 479.408 136.031 230.279 217.03 121.834 418.876 215.001 191.732 90.6363 903.187 415.266 291.846 160.645 357.574 333.725 243.192 129.048 29.1269 1124.93 76.7184 47.4261 20.4949 23.2682 207.649 1112.72
internal_count=29586 22698 9998 12700 8569 3603 679 6888 6743 700 6395 3213 3115 974 7890 3451 2803 1603 2903 2803 2254 1436 257 4131 723 401 152 98 6577 4036
is_linear=0
shrinkage=0.02


Tree=72
num_leaves=31
num_cat=0
split_feature=6 4 1 4 26 21 4 11 3 3 14 25 11 8 8 13 21 24 22 26 3 5 12 20 4 20 26 21 6 12
split_gain=70.6338 34.3081 21.8753 20.4866 20.375 16.8567 15.7607 14.1023 11.9345 11.0336 13.7948 10.0601 9.92889 9.67679 9.51812 9.78157 8.77402 8.5858 9.82253 9.34143 8.8567 15.8598 8.34939 8.08498 7.9038 7.66395 8.49303 7.6131 7.11888 6.66053
threshold=0.16527557373046878 -0.21560845524072644 0.72872439026832592 2.5758447647094731 0.55723619461059581 -0.023906978778541085 -0.4024516344070434 0.63214337825775158 1.059853792190552 -0.33547380566596979 -0.054883811622858041 -0.5335310399532317 -0.24054484814405439 -0.069866623729467378 -0.092842124402523027 0.38817144930362707 -0.25000174343585962 0.77940210700035106 0.15913813561201098 -0.83713701367378224 1.1353627443313601 -1.0000000180025095e-35 0.82516795396804821 1.1184927225112917 0.97556951642036449 0.17918371409177783 -0.3773678839206695 0.48571009933948522 1.5457704067230227 -0.54584026336669911
decision_type=2 2 2 2 2 2 2 2 2 2 2 2 2 2 2 2 2 2 2 2 2 2 2 2 2 2 2 2 2 2
left_child=1 8 5 9 12 7 29 -2 -1 24 -11 -8 -4 -6 23 -16 22 18 19 -13 -20 -22 25 -12 -3 26 -9 -15 -14 -7
right_child=2 3 4 -5 13 6 11 16 -10 10 14 17 28 27 15 -17 -18 -19 20 -21 21 -23 -24 -25 -26 -27 -28 -29 -30 -31
leaf_value=-0.01160209485389405 -0.0088826742344442419 -0.010538070606330125 0.00057634685144383909 0.014136733084688853 -0.0027144534252041743 -0.012396695796067487 0.010485836152201751 -0.011840231664307302 -0.00078408552302835187 0.0047912544367221801 -0.011131470482424478 0.0045618781396843605 0.0057985224967261372 -0.001554796718033847 0.003369754252011966 -0.0074124996594905103 -0.007180236639352286 0.0034695291195799374 -0.00066960432328952348 -0.0078300170270538729 -0.0068611200848813468 0.017287486684579509 0.0091864933424895805 0.0030991203214086362 -0.00090264941370029347 0.0075580895781778368 0.00033841230348165919 0.0077619032644448173 0.011742672608446808 -0.0020497550480552641
leaf_weight=273.32164577511139 125.46098332945257 93.598294832278043 120.39281133562326 25.813662581145763 211.09850483480841 24.713372072204947 55.300238098949194 28.112419616430998 48.682604628615081 116.25226256530732 73.537029867060483 28.394631301984191 493.7943832394667 56.890974529087543 96.830955222249031 45.272444469854236 55.048283346928656 515.86349950172007 100.83628515806049 95.995822372846305 12.817053928971289 28.506088539958 39.324329374358058 17.695626285858452 53.556519800331444 28.378985383547843 73.440655568614602 80.892998074181378 100.7694692723453 173.82279930310324
leaf_count=9062 1558 2537 702 80 1091 313 191 266 425 822 887 155 2025 296 867 421 369 2081 791 617 63 78 222 140 652 149 612 340 311 1481
internal_value=5.05147e-05 -0.00492012 0.00177062 -0.00172253 0.00392055 0.000112274 0.00139469 -0.00365326 -0.0100036 -0.00267933 -0.000711938 0.00259532 0.00584279 -4.55633e-05 -0.00349672 -0.000200534 -0.000598365 0.00197459 -0.000929237 -0.00493434 0.00262384 0.00986529 0.0016869 -0.00835367 -0.00717619 -0.000839178 -0.00343034 0.0039953 0.00689549 -0.00361061
internal_weight=3294.42 844.561 2449.85 522.557 1063.84 1386.02 1036.25 349.766 322.004 496.743 349.588 837.714 714.957 348.882 233.336 142.103 224.305 782.413 266.55 124.39 142.159 41.3231 169.256 91.2327 147.155 129.932 101.553 137.784 594.564 198.536
internal_count=29604 15893 13711 6406 4765 8946 5770 3176 9487 6326 3137 3976 3038 1727 2315 1288 1618 3785 1704 772 932 141 1249 1027 3189 1027 878 636 2336 1794
is_linear=0
shrinkage=0.02


Tree=73
num_leaves=31
num_cat=0
split_feature=6 4 15 16 14 3 25 25 2 25 26 26 21 14 4 4 25 4 3 5 12 3 0 11 6 16 4 7 12 6
split_gain=65.904 43.0689 25.2033 16.6597 27.7844 14.8767 12.8813 11.8322 11.1175 10.671 10.648 10.5058 10.2596 9.40605 8.56069 8.36692 11.8131 12.7752 8.26201 7.93062 7.92071 9.51863 8.73593 7.70163 13.1851 9.06927 8.69785 7.50193 7.24816 7.22859
threshold=0.77895033359527599 0.43908005952835089 -0.8174665868282317 0.66821888089180004 0.30193264782428747 0.87063464522361766 -0.77406877279281605 -0.29096181690692896 -1.1356267929077146 -0.25855161249637598 -1.6794465780258176 1.4454932212829592 1.4774920344352724 -0.76451182365417469 -0.63304653763771046 0.78746104240417492 0.28910076618194586 0.51547738909721386 1.5298111438751223 -1.4490333795547483 0.79264429211616527 1.4305844306945803 1.2210052013397219 0.27652375400066381 0.27367317676544195 0.52218499779701244 1.8228594064712527 0.65710121393203746 -0.53413373231887806 0.61332914233207714
decision_type=2 2 2 2 2 2 2 2 2 2 2 2 2 2 2 2 2 2 2 2 2 2 2 2 2 2 2 2 2 2
left_child=1 2 -1 4 8 7 -3 -4 -2 -6 -5 14 20 -7 -12 16 17 -10 -18 -8 21 -11 -22 24 26 -25 -21 -13 -23 -27
right_child=3 6 5 10 9 13 19 -9 15 12 11 27 -14 -15 -16 -17 18 -19 -20 23 22 28 -24 25 -26 29 -28 -29 -30 -31
leaf_value=-0.01453198794477863 -0.01366356221205889 0.011948976323637129 -0.0016292855521423833 -0.0071096795381478898 0.0019049262395135231 0.0096244000465489504 -0.012909226956557574 -0.0083340873993069612 0.0073096291069558797 -0.013144604597215068 -0.00027721766404793726 -0.012492119231987467 0.0041612044648248435 -0.0018014250099220898 0.0062797665185102295 0.0064963681444330339 -0.0056801275904960688 -0.0075988054520889203 0.0082573805679736975 -0.0083927782055982451 0.0021738123765380657 0.012545459813711602 -0.017313654344598754 0.0054335990846673841 0.0023975893935194951 0.0013300707113719642 0.0022066974984634026 0.005069284378764363 -0.0064070159946675431 -0.0080681396086016294
leaf_weight=112.86586976004764 9.9299748493358475 33.888281036168337 152.97111349273473 25.191901260521263 83.882742239627987 28.801365558058023 13.214772136881946 354.21759607782587 133.30445752665401 106.79937417805195 88.823722561821342 18.519629707559947 28.739933205768466 190.57960520405322 732.60044157505035 257.76593310572207 96.002888961695135 23.339226484298706 15.881062680855392 118.97917538601905 46.943850869312882 7.5197536833584335 6.2173721175640813 186.6054020896554 147.85250251833349 139.10826903488487 38.893636093474925 12.924360038712619 17.731282521039248 37.42136687040329
leaf_count=4609 106 183 2717 111 441 118 150 7786 722 954 465 96 131 1426 2635 893 674 126 47 1566 309 24 47 1175 803 731 233 48 85 175
internal_value=0.00012464 -0.00285061 -0.00591041 0.00282798 0.000795696 -0.00448096 0.00075297 -0.00634753 0.00350567 -0.00406069 0.00474299 0.00513249 -0.00638968 -0.000120349 0.00557335 0.00395515 0.00144162 0.004922 -0.0034332 0.000113799 -0.00809325 -0.0106394 -0.0013978 0.000464974 -0.00185756 0.002419 -0.00579391 -0.00556872 0.000377719 -0.000829547
internal_weight=3267.52 1555.4 839.436 1712.12 834.058 726.57 715.963 507.189 536.224 297.834 878.06 852.868 213.952 219.381 821.424 526.294 268.528 156.644 111.884 682.075 185.212 132.05 53.1612 668.86 305.725 363.135 157.873 31.444 25.251 176.53
internal_count=29586 21672 16656 7914 4559 12047 5016 10503 2568 1991 3355 3244 1550 1544 3100 2462 1569 848 721 4833 1419 1063 356 4683 2602 2081 1799 144 109 906
is_linear=0
shrinkage=0.02


Tree=74
num_leaves=31
num_cat=0
split_feature=6 4 4 16 3 3 14 14 25 18 14 14 16 26 14 7 7 9 20 3 8 21 25 3 26 8 1 20 23 16
split_gain=63.5135 30.338 21.6359 21.5915 15.9433 14.1099 12.0422 9.34798 12.5355 10.6464 9.96265 16.2404 11.8713 8.94084 8.7316 9.91865 8.3854 8.58561 8.21403 8.88201 11.6837 7.86816 7.82102 9.10099 8.13055 12.6802 9.34229 10.0901 7.8726 11.36
threshold=0.17614600062370303 1.1089066267013552 0.11291028186678888 0.10597588866949083 0.15194967389106753 1.1353627443313601 0.1623402610421181 -0.83064335584640492 0.28910076618194586 -0.43680751323699946 -0.041257398203015321 0.3561625480651856 0.95638179779052745 -1.0980835556983946 -0.79131075739860524 -0.71931546926498402 0.90507692098617565 0.14079722762107852 0.72734859585762035 1.3859855532646181 -0.64569255709648121 -1.1580585837364195 0.77740329504013073 0.20883417129516604 -1.2569242715835569 -0.21596940606832501 0.19257983565330508 1.5306100249290469 0.74325883388519298 0.3275244683027268
decision_type=2 2 2 2 2 2 2 2 2 2 2 2 2 2 2 2 2 2 2 2 2 2 2 2 2 2 2 2 2 2
left_child=1 3 4 -1 -2 14 -5 -6 10 -10 18 -12 -13 -8 15 -4 -7 -18 19 -9 -21 -11 24 -24 25 -16 28 -28 29 -26
right_child=2 -3 5 6 7 16 13 8 9 21 11 12 -14 -15 22 -17 17 -19 -20 20 -22 -23 23 -25 26 -27 27 -29 -30 -31
leaf_value=-0.01095876972337825 -0.0065880505083983892 0.0021958463422110381 -0.0052605034904495852 0.00074179617395570821 0.0055358928328251194 0.0038319742599040954 0.0013676347952921828 -0.006660902710749126 0.0068915855104044535 0.00702462343823285 0.0077327318675361016 -0.0038761345385649767 0.0053630748701704077 -0.0085269721149664052 -0.0057947904980754439 0.0055173950946820951 0.0025165259402904058 0.012344827898126168 -0.01344958866905452 0.017802027285991669 -0.0070147236450894034 -0.012775580631338695 0.0024541777414449641 -0.0095973588724232294 0.00081565929228845856 0.012493326494159683 0.0032353583888208972 -0.010095104543600355 0.0013610195930034955 -0.012257419752995966
leaf_weight=280.46777993766591 160.63128742529079 191.19815711770207 35.0728674903512 152.56740721850656 110.12883035838604 473.20001270622015 44.337594067677855 36.061980715021491 13.194640414789317 5.9029498323798171 125.02004303596914 171.41506151575595 76.363285727798939 173.5963587234728 17.939172985963523 265.29577459394932 56.560063019394875 107.09538827463984 27.413786713965237 13.104386921972038 9.4340532422065717 63.355733659118414 38.291222009807825 59.344308445230126 44.181276574730873 47.120283154770732 286.74747602455318 19.791542431339622 77.342839229851961 59.603165709413588
leaf_count=8860 2722 1298 211 1965 451 1553 617 259 80 45 680 1362 327 3232 123 981 181 307 140 34 37 507 238 314 372 197 1424 97 366 439
internal_value=-5.51664e-05 -0.00476421 0.00160399 -0.00680962 -0.00104723 0.00295908 -0.00356464 0.000358895 -0.000735474 -0.00767615 0.000581142 0.00200625 -0.000978925 -0.00652844 0.00140355 0.00419337 0.00525222 0.00912343 -0.00536639 -0.000824931 0.00802674 -0.0107286 9.29085e-05 -0.00498162 0.00102592 0.00739697 0.00010951 0.00222648 -0.0034368 -0.00691048
internal_weight=3241.78 842.167 2399.61 650.969 812.026 1587.59 370.501 651.395 541.266 82.4533 458.813 372.798 247.778 217.934 950.73 300.369 636.855 163.655 86.0142 58.6004 22.5384 69.2587 650.361 97.6355 552.726 65.0595 487.666 306.539 181.127 103.784
internal_count=29419 15972 13447 14674 6644 6803 5814 3922 3471 632 2839 2369 1689 3849 4762 1192 2041 488 470 330 71 552 3570 552 3018 320 2698 1521 1177 811
is_linear=0
shrinkage=0.02


Tree=75
num_leaves=31
num_cat=0
split_feature=15 4 6 16 2 3 4 10 3 15 8 24 7 7 2 2 4 11 16 17 20 7 13 21 11 8 4 10 10 26
split_gain=64.0558 32.7786 19.9373 17.508 15.0064 12.6005 11.7584 11.6509 10.3736 10.257 10.019 9.53763 9.48142 9.38144 9.12403 14.3324 9.05047 8.99469 8.91011 8.81657 8.71466 8.65686 8.28653 8.2355 8.97541 9.25932 8.84664 8.00578 7.71846 7.65263
threshold=0.30729536712169653 -0.41089797019958491 -0.64473339915275563 0.67913424968719494 1.698386073112488 1.012526333332062 0.5319807529449464 -1.5414924025535581 -0.72101956605911244 1.0538660883903506 1.2430629134178164 1.1530653238296511 -0.60760891437530506 0.99978831410408031 1.2172992229461672 0.45007914304733282 0.84116947650909435 -1.0129262804985044 0.63093310594558727 1.1080990433692934 1.214539170265198 -0.71931546926498402 -0.29509323835372919 0.82228827476501476 0.56101018190383922 -0.97203224897384632 0.43908005952835089 -1.5729402899742124 0.90373161435127269 0.71319162845611583
decision_type=2 2 2 2 2 2 2 2 2 2 2 2 2 2 2 2 2 2 2 2 2 2 2 2 2 2 2 2 2 2
left_child=1 5 10 4 8 -1 11 -8 -2 14 16 -5 -6 20 15 19 -3 -4 27 22 -9 -13 -10 24 -19 26 -26 -11 -21 -25
right_child=3 2 17 6 12 -7 7 13 9 18 -12 21 -14 -15 -16 -17 -18 23 -20 28 -22 -23 -24 29 25 -27 -28 -29 -30 -31
leaf_value=-0.01045625160977905 -0.0079465521168270749 -0.013803684980993006 -0.0062733677727332985 -0.0010577976142448712 -0.0076100591783827614 -0.00063023063376190739 -0.0085349890187696124 0.006190815378465794 -0.011915748119610044 -0.011789379084838431 0.0023278281463024425 -0.0070619769447997187 0.011614659588387904 0.01182207136271265 -0.0090522654613332549 0.0034481774018619146 -0.0026020759577282445 -0.0033776194087752581 -0.0054973738171117436 0.0053564849222777922 -0.0017433536402001735 0.0059159642600500233 -0.0029636307273011378 0.0072728322813509494 0.0044473186999584831 0.0044495705897944346 -0.015250623822138232 0.0046257358916365569 -0.011217227719063262 -0.0030151554144471093
leaf_weight=288.25569631578401 60.169443405233324 81.370610168203712 68.791629636660218 245.79109590966254 8.5342651605606061 64.318901377730072 17.405587973073125 398.80851654149592 48.671361869201064 7.6709458716213694 31.235924516338855 18.676544228568673 62.816656146198511 103.55108325183392 50.326399939134717 214.94653447438031 47.462998048402369 196.12174389557913 39.955174194648862 64.956333264708519 61.954129293560982 196.62861311249435 206.54747450863943 121.25587431201711 13.009525206871333 165.76199927553535 15.914767030626534 312.92331104632467 8.5861829724162799 34.443410510197282
leaf_count=9028 635 2315 965 1472 45 541 81 1339 455 47 571 106 201 306 290 1160 544 2613 173 303 215 686 1622 723 142 1339 112 1226 62 249
internal_value=0.000157427 -0.00368634 -0.0013665 0.00219779 0.000416397 -0.0086976 0.0040423 0.00592318 -0.000225876 0.000299645 -0.00753861 0.00163129 0.00896742 0.00644017 -0.00131307 -0.000520765 -0.00992834 0.000286996 0.00293835 -0.00312847 0.00511672 0.00465547 -0.00486699 0.00116217 -0.000400104 0.00260883 -0.00704124 0.00405795 0.00283058 0.00497395
internal_weight=3256.86 1127.94 775.368 2128.92 1086.1 352.575 1042.82 581.719 1014.75 954.584 160.07 461.096 71.3509 564.314 594.034 543.708 128.834 615.299 360.549 328.761 460.763 215.305 255.219 546.507 390.808 194.686 28.9243 320.594 73.5425 155.699
internal_count=29566 19142 9573 10424 6219 9569 4205 1941 5973 5338 3430 2264 246 1860 3892 3602 2859 6143 1446 2442 1554 792 2077 5178 4206 1593 254 1273 365 972
is_linear=0
shrinkage=0.02


Tree=76
num_leaves=31
num_cat=0
split_feature=15 5 3 14 3 11 21 9 7 20 15 1 1 10 1 9 10 21 11 16 14 1 17 10 22 17 14 7 23 23
split_gain=57.4417 36.2348 27.381 17.2827 16.5185 12.9208 10.2331 12.8025 10.0807 9.75731 11.4577 9.11765 12.4793 10.1821 8.59608 8.42496 11.8193 9.09243 8.18575 7.90142 7.89845 7.34261 7.3277 7.23236 7.16635 7.13995 9.61189 7.10231 7.8876 8.24546
threshold=-0.67656511068344105 0.45226377248764044 1.3457545638084414 -1.0498251914978025 -0.10297582671046256 0.09835886582732202 1.3397674560546877 0.69912490248680126 1.6209037303924563 0.15043923258781436 0.13078112155199054 -0.89678707718849171 0.38458888232707983 -0.49739119410514826 0.48062090575695043 0.25889298319816595 -0.86880621314048756 -0.34281276166439051 0.99172303080558788 0.053639860823750503 0.12649413943290713 -0.017770027741789814 -0.034484939649701112 -1.1338272690773008 1.176147520542145 1.2700776457786562 0.77559486031532299 0.298163652420044 0.88697460293769848 0.469964548945427
decision_type=2 2 2 2 2 2 2 2 2 2 2 2 2 2 2 2 2 2 2 2 2 2 2 2 2 2 2 2 2 2
left_child=18 2 3 19 -5 8 11 24 20 21 -11 -6 13 -13 -14 16 23 -18 -1 -2 -3 -7 -19 -4 27 26 -22 -8 29 -29
right_child=1 5 15 4 6 9 7 -9 -10 10 -12 12 14 -15 -16 -17 17 22 -20 -21 25 -23 -24 -25 -26 -27 -28 28 -30 -31
leaf_value=-0.012145263974055298 -0.0053581716457427476 0.0014824111839342776 -0.0027144040582955538 -0.008528679897620111 0.0047674035094953738 -0.003294504819360982 0.0080936623869277743 -0.0073896144202155005 0.0089943015119272277 -0.0022181762071464169 0.0068709004429543417 -0.0016265269193013654 0.0078654642803701845 -0.0096404144971858827 -0.0025459593562951279 0.0055382256753293687 -0.01552897404595816 -0.012488721839305888 -0.00018264786716244957 0.0042925078240099637 -0.0086222347563159937 0.0031062678744846963 0.0010382693770510281 0.016982977756633134 0.011314112435365913 0.0049250837668684353 0.002952801537098934 -0.010704527124374768 -0.016110632075959818 0.011463375481219291
leaf_weight=166.82627892843448 37.999664060771465 215.26707890629768 9.2997769638896006 240.36309003201313 44.751188864000142 84.21918024122715 22.892540274187922 34.25695273000747 39.340981221757829 60.056353273801506 493.58895091246814 94.951681573409587 30.602253714576364 201.22961761942133 294.29845055192709 226.76444466691464 13.965833345428107 13.366102408617733 26.573088934179395 162.89359150314704 112.52009489247575 371.40601620730013 121.13381112366915 17.6124028544873 46.849037117790431 25.309023391455412 35.169502325356007 6.5816202480346027 10.495968937873839 11.324997932650147
leaf_count=5798 817 1633 50 5390 439 765 105 220 239 436 1756 889 224 2080 2116 829 90 90 540 893 1108 1881 471 56 208 114 277 67 65 53
internal_value=-0.000116622 0.000554719 -0.00147343 -0.0029426 -0.00397886 0.00286895 -0.00256426 0.00244393 -4.63614e-05 0.00409825 0.00587394 -0.00357094 -0.00420502 -0.00714093 -0.00146097 0.00303542 -0.000264543 -0.00256036 -0.0105476 0.00238126 -0.00106511 0.00190021 -0.000705436 0.0108175 0.00606813 -0.00418767 -0.00585943 0.000697516 -0.00558298 0.00275745
internal_weight=3271.91 3078.51 1641.63 1239.49 1038.6 1436.88 798.234 132.401 427.607 1009.27 553.645 665.833 621.082 296.181 324.901 402.142 175.378 148.466 193.399 200.893 388.266 455.625 134.5 26.9122 98.1442 172.999 147.69 51.2951 28.4026 17.9066
internal_count=29699 23361 15152 13566 11856 8209 6466 718 3371 4838 2192 5748 5309 2969 2340 1586 757 651 6338 1710 3132 2646 561 106 498 1499 1385 290 185 120
is_linear=0
shrinkage=0.02


Tree=77
num_leaves=31
num_cat=0
split_feature=4 3 2 9 3 15 1 22 8 21 2 4 6 5 12 3 3 16 21 5 23 15 12 17 25 17 3 11 13 11
split_gain=57.8542 41.9175 20.9943 15.9136 14.2384 13.0304 10.8045 10.5787 8.99172 11.9179 8.53688 8.41024 8.20509 8.1417 7.98696 9.67099 8.5508 7.80451 9.4239 7.76563 7.56515 8.50313 7.44773 7.39202 7.2077 7.06768 6.90864 6.8335 6.85586 11.9924
threshold=-0.012588249519467352 0.27032609283924108 1.092737138271332 0.2561157643795014 -0.79910647869110096 0.9584641456604005 0.89625829458236705 -0.063974045217037187 0.71787813305854808 1.361117482185364 1.3875231146812441 1.7818886041641238 -0.36930991709232325 -1.1231044530868528 -0.32439854741096491 1.5566391348838808 0.60328340530395519 0.45619666576385504 0.67531907558441173 -0.13782029598951337 0.097800377756357207 1.5586956739425661 0.42059014737606054 0.048218425363302238 -0.049431517720222466 -0.22951881587505338 1.1822354197502138 -0.87666311860084523 -0.17888973653316495 0.7577367126941682
decision_type=2 2 2 2 2 2 2 2 2 2 2 2 2 2 2 2 2 2 2 2 2 2 2 2 2 2 2 2 2 2
left_child=1 7 4 6 11 -3 23 -1 9 12 -8 -2 -6 -11 15 16 -7 18 24 -9 -15 25 -20 -4 -10 -22 -12 -19 29 -29
right_child=2 5 3 -5 8 14 10 19 17 13 26 -13 -14 20 -16 -17 -18 27 22 -21 21 -23 -24 -25 -26 -27 -28 28 -30 -31
leaf_value=-0.013243522559626953 -0.0078261801369072619 -0.0029755127624059297 0.0032223376417311422 0.0086699107366683559 -0.0054612169388831193 0.0054685506719831904 0.0097517886822436478 -0.0097273669825727899 0.0028041386879801796 -0.010416672261035544 -0.0076252469702217246 0.004806418518460186 0.00022341277742205689 -0.0052508561088619714 0.0042495992594566443 0.0082120290903774911 -0.01554806172710905 -0.0067279327326295471 0.010065914599624186 -0.0027948228075142583 -0.0010336190052563246 -0.0051832101302360933 -0.0037161255476295253 -0.011031975806388745 -0.0088463235736634411 0.011667507582078542 0.0043408917620000893 0.0069229846521328669 0.0079105318159417553 -0.011205567624312776
leaf_weight=142.88361390284263 105.03184320358559 405.74614734295756 19.902994522824883 269.79759370721877 109.81629114318639 7.7500246809795525 54.976702598854899 129.04180587315932 31.670346655417234 7.8948762603104106 27.216448482125998 22.489061446860433 877.10274498118088 16.21436220407486 218.93565893732011 12.133609190583227 23.339551663957536 12.887930229306219 41.688458037562668 135.82065819017589 19.985377771779895 14.405663568526505 20.402884132228792 35.239809324964881 49.462100380565971 103.31077310349792 43.182693177834153 32.331471214070916 218.32861950621009 18.968362396582961
leaf_count=4837 1881 4073 122 932 1353 47 181 3981 227 53 124 129 4845 141 858 34 133 91 193 2864 101 47 125 151 498 342 130 146 842 104
internal_value=-6.93252e-05 -0.00384646 0.0018229 0.00563821 0.000799881 -0.000744151 0.000995581 -0.00885761 0.00132601 0.000400119 0.00420613 -0.00550106 -0.000433466 0.00534492 0.00270041 -0.00477362 -0.0102772 0.00379061 -2.29309e-05 -0.00629003 0.00645569 0.00796982 0.00559777 -0.00604692 -0.00439974 0.0096487 -0.000484124 0.00569069 0.00639597 -0.000179999
internal_weight=3227.96 1075.65 2152.31 450.316 1701.99 667.905 180.519 407.746 1574.47 1148.73 125.376 127.521 986.919 161.811 262.159 43.2232 31.0896 425.74 143.224 264.862 153.916 137.702 62.0913 55.1428 81.1324 123.296 70.3991 282.516 269.628 51.2998
internal_count=29585 16827 12758 1640 11118 5145 708 11682 9108 6882 435 2010 6198 684 1072 214 180 2226 1043 6845 631 490 318 273 725 443 254 1183 1092 250
is_linear=0
shrinkage=0.02


Tree=78
num_leaves=31
num_cat=0
split_feature=15 3 4 3 3 21 5 11 14 7 14 11 11 0 10 22 10 8 15 12 14 12 6 5 11 3 22 14 24 14
split_gain=53.4169 29.9286 25.059 27.1167 18.2198 14.9429 17.7839 13.085 15.5832 12.9116 12.2531 9.51393 11.8489 9.31739 9.88691 9.08615 8.91799 8.91403 8.90436 11.3426 12.1175 8.94527 11.4243 8.55923 7.90091 7.84936 7.53025 6.82083 6.74501 6.58013
threshold=-0.29728382825851435 1.1822354197502138 0.97556951642036449 -0.53988453745841969 1.4776174426078799 -0.023906978778541085 -0.26280769705772394 0.7577367126941682 -1.4089167118072508 0.72509375214576732 0.27779406309127813 -0.57279035449028004 0.8909108340740205 0.83349654078483593 -0.16394668072462079 -1.0625987648963926 -1.5074806809425352 0.31720387935638433 1.0408740639686587 0.70148396492004406 -0.77831232547759999 0.44773952662944799 1.1009898185729983 1.4609996080398562 1.5261548161506655 1.4089094400405886 1.4060400128364565 -1.795169949531555 1.2632882595062258 -0.88454407453536976
decision_type=2 2 2 2 2 2 2 2 2 2 2 2 2 2 2 2 2 2 2 2 2 2 2 2 2 2 2 2 2 2
left_child=4 2 3 23 27 7 26 8 -5 13 16 25 -13 18 -15 -8 -4 -16 24 21 -21 22 -20 -2 29 -11 -7 -1 -14 -3
right_child=1 9 10 5 -6 6 15 -9 -10 11 -12 12 28 14 17 -17 -18 -19 19 20 -22 -23 -24 -25 -26 -27 -28 -29 -30 -31
leaf_value=0.0050603619866250935 -0.011296802157663972 0.0094265265128363803 -0.0072172170570080456 0.0076477772175672278 0.008397080148086775 -0.0059245173125867792 -0.0088319068009798333 -0.0012948697857919961 -0.012333095926050742 -0.012268659103865716 -0.0020131296253996481 0.011215714360460722 -0.0027727891223146973 -3.6471930130139993e-05 0.0038863123652859741 0.0027396308984247585 0.0044605662141776253 0.012874083145444 -0.014417393827902636 0.0049374012126642067 -0.017630188125261667 0.0094855547522251366 0.0044459392503920772 0.001752837126439661 0.010166133202828663 0.0046548221798081574 0.0051234500702793508 -0.0096872791974372957 0.007375725087192567 -0.0018206924252249703
leaf_weight=10.146918254904447 158.22783081047237 19.408405153080821 23.320303460583091 14.557804741896687 21.802812611684203 194.11513025313616 23.885477502830327 157.80457836389542 113.45084817754105 13.814649812877176 200.17915462329984 168.10435701906681 49.020216746255755 154.88414814136922 164.19410650990903 495.9195908382535 458.53384833969176 59.511813905090094 20.01352577842772 10.120660511776803 34.158814411610365 21.71449345909059 22.754342425614595 21.516537646763027 31.517895307391882 21.878727693110704 24.283273346722126 301.03115374804474 46.792988516390324 136.05664191953838
leaf_count=159 4075 62 122 93 135 2121 168 1517 1843 77 1079 549 184 581 549 3367 1971 181 79 29 137 71 80 311 117 86 196 8769 137 726
internal_value=-0.000359477 0.000528281 -0.000942359 -0.0026738 -0.00787883 -0.00139406 0.000117856 -0.00523395 -0.0098587 0.00336607 0.00211078 0.00678898 0.0080832 0.00180647 0.00386413 0.00212883 0.00382708 0.00650648 -0.000848038 -0.00527026 -0.0124945 0.000232664 -0.00496643 -0.00972952 0.00179449 -0.00259784 -0.00460894 -0.00913397 0.00230351 -0.000166605
internal_weight=3192.72 2859.74 1885.79 1203.76 332.981 1024.02 738.203 285.813 128.009 973.946 682.033 299.611 263.918 674.335 378.59 519.805 481.854 223.706 295.745 108.762 44.2795 64.4824 42.7679 179.744 186.983 35.6934 218.398 311.178 95.8132 155.465
internal_count=29571 20508 16863 13691 9063 9305 5852 3453 1936 3645 3172 1033 870 2612 1311 3535 2093 730 1301 396 166 230 159 4386 905 163 2317 8928 321 788
is_linear=0
shrinkage=0.02


Tree=79
num_leaves=31
num_cat=0
split_feature=15 4 5 21 20 20 2 26 2 17 11 21 11 21 12 8 1 7 15 5 21 15 20 25 9 8 20 17 8 21
split_gain=50.0882 28.5899 19.8947 14.7069 14.1744 13.8668 13.1009 12.9733 11.8287 13.6213 10.17 9.20841 9.12162 12.0087 8.51458 8.50803 8.44049 7.93174 7.90197 7.67719 7.65737 8.7103 8.54093 7.59915 7.56533 7.47239 7.65477 7.43422 7.39969 7.17664
threshold=-0.35860098898410792 0.45412245392799383 -0.26280769705772394 0.020263244397938255 1.0094746351242068 0.17918371409177783 0.26707953214645391 0.53528937697410595 0.82454344630241405 -0.10372863337397574 0.31835106015205389 1.3846250176429751 -0.047707969322800629 0.58631530404090892 -0.55883583426475514 0.37015634775161749 1.2101297974586489 1.150168836116791 0.87259104847908031 0.30410531163215643 0.85428315401077282 0.54094484448432933 0.034897333011031158 -0.51801618933677662 0.14079722762107852 0.1994474455714226 0.32911026477813726 1.347191393375397 -0.93192285299301136 0.13489843904972079
decision_type=2 2 2 2 2 2 2 2 2 2 2 2 2 2 2 2 2 2 2 2 2 2 2 2 2 2 2 2 2 2
left_child=6 2 4 17 10 12 27 -5 9 15 11 -2 13 -3 -6 -7 25 18 -4 -10 21 -14 -23 -9 -13 26 -11 -1 -24 -21
right_child=1 5 3 7 14 8 -8 23 19 16 -12 24 20 -15 -16 -17 -18 -19 -20 29 -22 22 28 -25 -26 -27 -28 -29 -30 -31
leaf_value=-0.011240837321742095 -0.012281524419337242 -0.011009109167695262 -0.0050401379614246969 0.0038597819359777047 -0.01249759935596291 -0.00019475608939857329 -0.001572998324904735 0.009443590263985677 0.0030065060593913798 0.010080298338858339 -0.0035896742854118345 -0.011544875877524761 0.0036367245075768851 0.0030965841357107949 0.0037032024771804502 -0.011985217792945358 -0.0080786789518825994 -0.017404778369053363 0.0022579563946000846 0.016938347382948683 0.0079352533108410887 -0.00045501003841426325 0.004077749668975411 -0.0034532657167898966 0.010921803979212157 0.0068482848036093679 -8.2729649127514558e-05 0.0069580618804990614 -0.015050963751691781 0.0071784058660868755
leaf_weight=202.27125442237593 135.62583821988665 54.891944628208876 178.14804710960016 432.52688422100618 10.052610028535126 73.577314276248217 96.367214553756639 15.410677719861267 140.63505917228758 30.398423759266734 188.15937713067979 4.7605593577027312 188.93719946267083 37.456177247688174 91.543098864145577 31.814869833178818 18.669861596077681 10.847499940078704 84.265907251276076 36.643659137189388 55.51053075492382 245.24094121810049 8.4744038209319097 184.25778960855678 11.034600872546433 220.32336026895791 181.89087557140738 6.19386654626578 26.274465782567859 191.6915945019573
leaf_count=6822 2940 573 2911 2699 145 461 1705 115 534 125 2029 65 1263 211 700 230 74 232 487 106 187 1049 29 1392 77 857 815 68 114 605
internal_value=-0.000140585 0.000677852 -0.00144865 0.000253275 -0.00490533 0.0025331 -0.00778313 0.00192712 0.00407443 0.00220178 -0.00684321 -0.0106422 0.000205773 -0.00542268 0.00158916 -0.0041356 0.00371091 -0.00358424 -0.00269819 0.00683252 0.00123874 0.000370666 -0.00185841 -0.00225148 0.00300273 0.00430619 0.00157102 -0.0105498 -0.0104598 0.0090741
internal_weight=3193.9 2889.06 1346.63 905.457 441.176 1542.43 304.832 632.195 925.645 556.675 339.58 151.421 616.786 92.3481 101.596 105.392 451.283 273.261 262.414 368.97 524.438 468.927 279.99 199.668 15.7952 432.613 212.289 208.465 34.7489 228.335
internal_count=29620 21025 13792 7836 5956 7233 8595 4206 3807 2562 5111 3082 3426 784 845 691 1871 3630 3398 1245 2642 2455 1192 1507 142 1797 940 6890 143 711
is_linear=0
shrinkage=0.02


Tree=80
num_leaves=31
num_cat=0
split_feature=15 16 17 11 21 5 26 2 24 15 9 24 1 12 21 5 5 26 14 14 21 11 21 16 26 8 8 11 26 14
split_gain=59.8345 29.8937 19.1088 19.901 17.1808 12.601 11.8946 10.0903 9.80908 9.1522 9.00979 8.66257 7.97491 7.80384 7.64335 7.4462 7.41002 7.39266 7.31168 7.2975 7.2274 7.12794 10.6176 7.09913 9.89935 6.82007 6.80488 6.54539 6.49851 6.48437
threshold=-0.14185988157987592 0.95638179779052745 0.17003265768289569 0.037107579410076148 0.56641507148742687 -0.14879624545574185 -0.57874861359596241 0.88768556714057933 1.1398993730545046 1.2268747687339785 0.68237119913101207 1.0261088013648989 1.0537481904029848 0.16571077704429629 0.085941933095455184 -0.032827442511916154 -0.16844829171895978 0.35503299534320837 -0.12661950290203092 -1.8729354143142698 -0.20319861918687818 0.56101018190383922 1.0951618552207949 1.3220523595809939 0.23866750299930575 0.94218730926513683 -0.21596940606832501 -0.13993568718433377 -0.44079226255416865 -1.6114215850830076
decision_type=2 2 2 2 2 2 2 2 2 2 2 2 2 2 2 2 2 2 2 2 2 2 2 2 2 2 2 2 2 2
left_child=5 2 3 4 15 21 10 29 11 -6 25 14 -13 -10 20 -2 23 -17 28 -8 26 22 -1 24 -15 -5 -3 -18 -16 -7
right_child=1 8 -4 6 9 7 19 -9 13 -11 -12 12 -14 16 18 17 27 -19 -20 -21 -22 -23 -24 -25 -26 -27 -28 -29 -30 -31
leaf_value=-0.015496141058963011 -0.014278737468814251 0.0096530950537795507 0.0018980864575980218 -0.001542494407318824 -0.0028991646150254803 0.0064334262049125894 0.0065594233872088431 0.0057856180997716061 0.012444641986900339 0.0090475168717216066 0.011088302503350713 -0.012229566283072637 0.0048378506489377372 -0.0062198435768207466 0.0096120543209704552 -0.0017294112496701974 -0.0050750418670883523 -0.012469502221058994 0.0089340373594806975 -0.0019807551495379942 -0.013066309497113364 -0.0037474204499051856 -0.00026492425614672952 -0.011232681192399029 0.010672885136619048 0.0078792319275664598 -0.0063654203302552347 0.0085368333465414246 -0.0078498585305466426 -0.0065032617596310557
leaf_weight=114.32660094602033 77.473836066201329 17.72008465975523 1162.4842032091692 89.007762644439936 215.89627889031544 12.972992268390952 38.92831227555871 33.595756912603974 90.766173956915736 24.124016609042883 54.442659926600754 24.319430153816938 14.01220106706023 20.906727069988847 7.9953020364046123 70.974945944733918 12.223565332591532 36.957911365665495 95.290679165162146 458.97432322939858 13.129023980349301 48.386833478696644 21.832202591467649 13.475125782191752 25.659871293231845 40.968644605018198 15.245560212060807 158.97861951217055 20.389865221455693 179.33941736863926
leaf_count=4313 2072 86 5784 744 2080 142 183 314 276 86 335 115 47 93 29 1086 52 644 384 3956 93 1023 453 53 85 312 126 490 100 4125
internal_value=6.45327e-05 0.00111347 0.000110888 -0.00176472 -0.0051324 -0.0070192 0.000357088 -0.0037239 0.00536594 -0.0015383 0.0046263 0.00191733 -0.00615222 0.00753124 0.0038632 -0.00962261 0.0053801 -0.00579624 0.00638508 -0.00125447 -0.00286589 -0.0108484 -0.0131498 -0.000637002 0.00322095 0.0016091 0.00238235 0.00744853 -0.00222839 -0.00548967
internal_weight=3210.8 2800.35 2270.23 1107.75 425.427 410.454 682.322 225.908 530.112 240.02 184.419 208.102 38.3316 322.01 169.771 185.407 231.244 107.933 123.676 497.903 46.0947 184.546 136.159 60.0417 46.5666 129.976 32.9656 171.202 28.3852 192.312
internal_count=29681 19311 17282 11498 5968 10370 5530 4581 2029 2166 1391 980 162 1049 818 3802 773 1730 513 4139 305 5789 4766 231 178 1056 212 542 129 4267
is_linear=0
shrinkage=0.02


Tree=81
num_leaves=31
num_cat=0
split_feature=6 4 4 17 20 8 14 0 18 17 5 17 10 9 12 9 14 17 2 18 22 14 2 23 20 14 18 5 5 17
split_gain=49.689 24.0472 22.5541 16.7042 13.3986 13.1694 11.8546 10.9542 11.1851 10.481 10.414 9.93762 9.85903 8.76178 9.9446 9.08326 9.37225 8.27383 7.96361 7.79002 7.54557 10.0827 7.51821 7.44609 8.38967 9.31742 7.10081 6.82551 6.80611 6.67495
threshold=-0.34139987826347346 0.0116571132093668 0.97556951642036449 0.72527256608009349 0.68767061829566967 0.051717227324843414 -0.77831232547759999 0.70308890938758861 -0.47589449584484095 1.8446061611175539 -0.032827442511916154 0.99986651539802562 0.80297383666038524 -0.65403196215629567 1.0000000180025095e-35 1.5831163525581362 -0.10939767956733702 -0.45435079932212824 0.36041608452796942 -0.262730062007904 0.010358325205743315 0.27779406309127813 0.69785830378532421 1.3450398445129397 -0.32120966911315912 -0.72527956962585438 -0.34344336390495295 0.45226377248764044 -0.032827442511916154 0.79791998863220226
decision_type=2 2 2 2 2 2 2 2 2 2 2 2 2 2 2 2 2 2 2 2 2 2 2 2 2 2 2 2 2 2
left_child=1 11 3 4 10 -3 -6 12 22 -10 23 -1 13 -4 27 16 -16 -7 20 -11 21 -19 -9 24 25 -2 -20 -15 -14 -5
right_child=2 5 7 29 6 17 -8 8 9 19 -12 -13 28 14 15 -17 -18 18 26 -21 -22 -23 -24 -25 -26 -27 -28 -29 -30 -31
leaf_value=-0.011456565272759905 -0.013503438463435102 -0.0072164800769269882 0.0065226939001531547 0.01020180659254913 0.0097642490986105043 -0.0070956085677273354 -4.6535565026113687e-05 7.3160241500582266e-05 0.002364476815688668 0.017913976878344583 -0.0011691443772619574 0.001488038307593643 -0.0015343724295413756 -0.0023202533763550422 2.7188836950488164e-05 0.012371849924979814 -0.0084524827654188003 0.0081825640736412752 -0.002512500863743126 0.00086338345923713401 -0.006531410628091731 -0.0098053464591491054 0.012928338799793482 0.0057456108066665235 -0.0095589758870003264 0.00084854671629904313 0.014674981497808048 0.0067506821610829881 0.0090832464532507404 0.0019474730947605743
leaf_weight=212.37865569256246 17.912652873434126 91.48715010471642 67.53580049239099 37.591762559488416 53.186541059985757 28.267731020692736 321.00362343573943 21.783208511769772 286.96427694521844 28.471612505614758 421.28742463188246 25.422957478091121 30.233868083916605 51.91745575144887 93.983611358329654 8.5557687003165466 112.00535481795669 53.136628238018602 11.105296712368725 16.542879022657871 33.189629508648068 11.350539957173167 107.3491634670645 16.296854307875037 170.19166195765138 83.627481883857399 33.130496120080352 78.049022063612938 93.825872357003391 570.25599487125874
leaf_count=7659 320 1340 280 172 288 526 2693 80 1026 73 4127 343 160 324 428 32 611 520 82 68 399 200 313 92 2735 1316 162 331 346 2663
internal_value=0.000225548 -0.00553541 0.00130408 -0.000104395 -0.00159108 -0.00130237 0.00145831 0.00368155 0.00592777 0.00388319 -0.00319869 -0.0100705 0.00171263 0.000199303 -0.00111587 -0.00372855 -0.00467463 0.00199221 0.00398231 0.0123606 0.000642325 0.00453874 0.0108434 -0.00609662 -0.00689783 -0.00219819 0.0105431 0.00317542 0.00653649 0.00253702
internal_weight=3188.04 499.469 2688.57 1691.35 1083.51 261.667 374.19 997.218 461.111 331.979 709.316 237.802 536.107 412.047 344.511 214.545 205.989 170.18 141.913 45.0145 97.6768 64.4872 129.132 288.029 271.732 101.54 44.2358 129.966 124.06 607.848
internal_count=29709 11231 18478 14406 11571 3229 2981 4072 1560 1167 8590 8002 2512 2006 1726 1071 1039 1889 1363 141 1119 720 393 4463 4371 1636 244 655 506 2835
is_linear=0
shrinkage=0.02


Tree=82
num_leaves=31
num_cat=0
split_feature=4 3 3 8 3 23 8 10 13 13 25 25 13 3 24 4 23 3 3 25 2 13 4 8 23 22 11 9 24 13
split_gain=51.0278 38.1586 17.1702 12.4462 10.7904 10.1 9.42492 11.8919 11.2512 9.12141 8.66149 9.62227 8.63237 8.45474 8.37922 9.32979 7.61215 7.5196 9.20191 9.84027 11.2089 8.56732 7.92687 7.3859 11.6348 7.36361 7.08847 7.90062 7.00696 6.99357
threshold=-0.012588249519467352 0.387616977095604 1.0903866887092593 -0.99789533019065846 -0.79910647869110096 -0.45289520919322962 0.051717227324843414 0.90373161435127269 0.38817144930362707 0.52837771177291881 -0.019939822144806382 -0.41962152719497675 0.29213695228099829 0.64189720153808605 -0.60137638449668873 -1.2722949981689451 0.67472621798515331 1.5566391348838808 0.56524792313575756 -0.33320964872837061 0.68075463175773632 0.39656206965446478 -1.1396852135658262 0.65225040912628185 1.2775453329086306 0.77194097638130199 -1.1585304141044614 0.079813543707132353 1.4690877795219424 -1.0386824607849119
decision_type=2 2 2 2 2 2 2 2 2 2 2 2 2 2 2 2 2 2 2 2 2 2 2 2 2 2 2 2 2 2
left_child=1 5 4 13 26 -1 9 8 12 -6 11 -10 23 -3 -5 -16 -15 18 -17 -20 22 -22 -21 -8 -25 -19 -2 -28 -27 -4
right_child=2 3 29 14 6 -7 7 -9 10 -11 -12 -13 -14 16 15 17 -18 25 19 20 21 -23 -24 24 -26 28 27 -29 -30 -31
leaf_value=-0.01288902759523753 -0.016565668407463471 -0.0086611437034171228 -0.0045890707242229444 -0.010838642857700163 -0.0026899454966975108 -0.0061093068417174528 0.0047879537328726837 0.0064866323787190787 -0.0095083784355655919 0.0033323781234578919 -0.0091002885939374892 0.0051476735600246119 0.011255454228525532 -0.0017239480524873559 -0.012574506285870032 0.0048080180064515934 0.0085821477497450352 0.0063999131748416083 0.0037771222434233162 0.0058681026182553289 0.0023878875589971559 -0.010449148051843295 -0.011586720392172628 -0.0036244353476926104 0.012199035218217856 -0.012023780831892537 0.0030833100637295374 -0.0073502146781547952 0.007759739516460638 0.0042515822593909257
leaf_weight=134.9159634616226 14.385960917454211 13.750642125494776 33.567843910306692 36.514968129340559 404.11538335541263 294.96203285455704 130.71084280032665 190.65108181815594 20.930377658456564 128.75791435595602 65.193252982571721 53.095137025229633 35.870715302415192 37.422288415953517 23.137958385050297 56.584729768801481 99.848026308231056 85.49056014791131 51.37244086433202 8.5288349268957955 79.029912641271949 22.670101976022124 99.963571975007653 136.28332564141601 16.467698640190065 15.347062556073071 45.003063124138862 66.836275432258844 6.8777024745941153 769.15535760112107
leaf_count=5897 415 202 135 651 3122 6139 874 1002 165 829 391 279 172 348 211 492 459 321 334 49 504 157 830 970 55 80 580 1060 17 2738
internal_value=-0.000238163 -0.00379407 0.00156288 -0.000668852 0.00014673 -0.00836083 0.000747787 0.00235775 0.000589641 -0.00121732 -0.00406521 0.000664329 0.00265039 0.00425767 -0.00222903 -0.0014172 0.00581068 -0.00067212 -0.00221645 -0.00379774 -0.00569383 -0.000829194 -0.0100165 0.00138524 -0.00158596 0.00378521 -0.00529607 -0.00319958 -0.00560081 0.00385577
internal_weight=3177.44 1066.42 2111.02 636.539 1308.3 429.878 1182.08 649.202 458.551 532.873 139.219 74.0255 319.333 151.021 485.518 449.003 137.27 425.865 318.15 261.565 210.192 101.7 108.492 283.462 152.751 107.715 126.225 111.839 22.2248 802.723
internal_count=29478 16691 12787 4655 9914 12036 7859 3908 2906 3951 835 444 2071 1009 3646 2995 807 2784 2366 1874 1540 661 879 1899 1025 418 2055 1640 97 2873
is_linear=0
shrinkage=0.02


Tree=83
num_leaves=31
num_cat=0
split_feature=15 24 4 25 25 4 24 11 14 11 16 26 21 7 10 16 11 21 25 25 14 9 21 5 4 8 15 1 15 23
split_gain=45.623 27.5203 27.7755 14.5755 12.8552 12.4784 15.6492 10.6383 9.69566 10.7871 9.4113 9.33495 9.1261 9.4642 9.62592 9.45678 8.8778 8.60547 10.4116 8.59421 8.49198 10.0251 8.36963 8.58867 7.92972 7.91074 7.56778 7.4986 9.59871 7.37573
threshold=-0.67656511068344105 0.76894453167915355 -0.21560845524072644 0.2592733651399613 -0.51801618933677662 2.1366919279098515 0.92398118972778331 1.070047974586487 -2.2927023172378536 1.604642987251282 0.58815351128578197 -2.0349211692810054 0.73002135753631603 0.096136711537837996 -0.86880621314048756 0.42842602729797369 -0.95271936058998097 1.361117482185364 -0.092598386108875261 -0.083584085106849657 -0.34526593983173365 -0.43964125216007227 0.3211523443460465 -0.18961889296770093 1.700669586658478 0.31720387935638433 0.91780760884284984 -0.017770027741789814 1.1551862955093386 1.0134770274162295
decision_type=2 2 2 2 2 2 2 2 2 2 2 2 2 2 2 2 2 2 2 2 2 2 2 2 2 2 2 2 2 2
left_child=7 2 22 5 -4 11 -7 -1 -5 12 -8 -3 15 -14 -15 25 -6 19 -19 -18 24 29 23 -2 -17 -10 -16 28 -13 -22
right_child=1 3 4 8 16 6 10 -9 9 -11 -12 27 13 14 26 20 17 18 -20 -21 21 -23 -24 -25 -26 -27 -28 -29 -30 -31
leaf_value=-0.011354397789937805 -0.012623925206052765 -0.0094283129026877018 0.0059274923005716608 0.0057895681186227559 -0.0066163393873246738 -0.0046374993243511993 0.0010965061255248253 0.0026128073444675725 -0.002168106169588568 -0.014764565526690357 0.013665882135818923 -0.0074428473163493719 -0.0059849611185503184 -0.008801660729473422 0.014529444910895497 -0.00011316482762851978 0.0021217894020762705 -0.0046085743604416711 0.011293959007077031 -0.002399592968054946 0.01181484978286482 -0.010483089905199179 -0.002645636228521292 -0.0045031088416507157 0.014885168053479161 -0.017611828360849194 0.0022023396252996317 0.0034871256556609498 0.0053116914616198494 -0.0066633133872294938
leaf_weight=160.92195833125152 101.15174555080011 20.332926996052265 137.08460457762703 66.822140709497035 82.250183246098459 27.757863415405154 31.098562560975552 23.196437484119087 25.888270664028823 20.72970921639353 111.71829211711884 54.727902271784842 30.511795021593571 10.756727683823554 37.936066756024957 51.288112382404506 277.66456184769049 20.466142599470913 48.695074046961963 410.60629474557936 14.675348910503091 49.060574763454497 192.67411819333211 119.75080832233652 14.408069141209124 26.16367251239717 41.11353418789804 878.23332938086241 34.517979644238949 11.083966078236697
leaf_count=5834 2916 114 862 249 1023 98 109 447 196 136 318 419 176 54 142 289 1991 105 209 3642 77 366 2714 2454 34 254 154 3852 132 79
internal_value=-4.90833e-05 0.000560643 -0.00148231 0.0023817 0.000363085 0.0035149 0.00844499 -0.00957216 -0.000899336 -0.00230481 0.0110586 0.00262533 -0.00126006 0.00298578 0.00618851 -0.00392133 -0.000575057 0.000120058 0.00659465 -0.000573414 -0.00109205 -0.00553036 -0.00579295 -0.00841875 0.00399629 -0.010794 0.00863056 0.00292583 -0.00248964 0.0040732
internal_weight=3133.29 2949.17 1390.34 1558.82 976.767 1158.39 170.575 184.118 400.438 333.616 142.817 987.812 312.886 120.318 89.8063 192.568 839.682 757.432 69.1612 688.271 140.516 74.8199 413.577 220.903 65.6962 52.0519 79.0496 967.479 89.2459 25.7593
internal_count=29445 23164 15916 7248 7832 5042 525 6281 2206 1957 427 4517 1821 526 350 1295 6970 5947 314 5633 845 522 8084 5370 323 450 296 4403 551 156
is_linear=0
shrinkage=0.02


Tree=84
num_leaves=31
num_cat=0
split_feature=24 4 3 16 5 4 1 3 1 24 26 7 16 14 12 3 0 5 25 26 5 6 25 14 5 26 10 13 0 21
split_gain=46.3162 24.3644 23.277 16.7822 14.9054 14.3756 12.0689 10.6721 9.56166 10.1035 9.39488 9.73135 9.02999 8.55731 8.1393 8.05424 8.50486 7.71703 7.59037 7.58754 10.0021 8.39664 7.25071 7.16879 11.0556 8.89343 7.10481 7.39913 6.9635 6.90664
threshold=0.2999932616949082 1.3854932785034182 1.1670100688934328 0.95638179779052745 0.02941115386784077 0.42488689720630651 1.1281623840332033 0.77448034286499035 0.41259260475635534 1.1398993730545046 -1.0746733546257017 -0.67558324337005604 0.4234339445829392 0.3561625480651856 0.46037399768829351 1.5833579897880556 0.78040626645088207 1.4609996080398562 -0.44633734226226801 0.65327733755111705 -0.70266181230545033 1.0488933920860293 -0.26615031063556666 0.52159535884857189 0.5586504638195039 -0.05802613124251365 0.74430817365646373 0.82072725892066967 0.70308890938758861 0.41420611739158636
decision_type=2 2 2 2 2 2 2 2 2 2 2 2 2 2 2 2 2 2 2 2 2 2 2 2 2 2 2 2 2 2
left_child=1 2 4 5 12 7 8 17 -5 -10 -3 -12 -1 -4 -11 28 -17 -2 -6 23 -21 -22 -13 25 -25 26 27 -9 -16 -19
right_child=3 10 13 6 18 -7 -8 19 9 14 11 22 -14 -15 15 16 -18 29 -20 20 21 -23 -24 24 -26 -27 -28 -29 -30 -31
leaf_value=-0.012608533498694797 -0.0047899789337468865 0.010524424613418244 0.0074713905385204006 0.0058235644537549336 0.001671443125654408 0.002182750294743263 0.0090239153726535612 0.0044707022451836295 -0.0082502099425160354 0.0092899353247655921 0.010848857043416283 0.0028130156222392639 -0.0052218269755807357 -0.0026902157381144638 -0.0077563253270644021 0.0056995212342071111 -0.015643411095569305 -0.0052507031027477502 -0.0054566391883462007 0.00698303251731345 -0.00049750903956203294 -0.013796468128547739 -0.0075474074667761905 -0.0075358598647554034 0.0070920772950305655 0.0081196752793885295 -0.011925047574929031 -0.0094209996919831333 0.0090575478204685863 0.010136561436143131
leaf_weight=195.18783212988637 339.91157040325925 43.390439931303263 62.227923968806863 149.92795577086508 75.839313856791705 992.19286867324263 169.7956929281354 82.748518698848784 48.854765966534615 36.735923022031784 21.781580876559019 47.880093122832477 115.44469797285274 61.547095187939703 9.9973480701446515 7.7953995577991035 18.771222658455372 15.516606776975093 245.85773484222591 21.164559911936522 36.79214895144105 35.123508043587208 51.587824347428977 54.403398528695107 27.032675120979548 110.67293502017856 11.777121435850857 13.748837089166043 25.986661357805133 23.897852389141917
leaf_count=7050 4184 195 324 588 1097 4307 539 368 266 121 137 238 2245 455 52 28 79 150 4952 117 217 197 392 374 133 450 71 69 83 129
internal_value=-6.36979e-05 -0.00382609 -0.00533892 0.00149286 -0.006883 0.000594583 0.00483941 -0.00144541 0.00234615 -0.00124843 0.00307411 9.67188e-05 -0.00998952 0.00251027 0.00242723 -0.00199253 -0.00946998 -0.00381687 -0.00377635 0.000860051 -0.00399313 -0.00746733 -0.00266435 0.00240467 -0.00255076 0.00426361 0.00013769 0.00212483 0.00400983 0.00416977
internal_weight=3153.59 920.745 756.105 2232.85 632.33 1764.98 467.865 772.79 298.069 148.141 164.64 121.249 310.633 123.775 99.2866 62.5506 26.5666 379.326 321.697 393.464 93.0802 71.9157 99.4679 300.383 81.4361 218.947 108.274 96.4974 35.984 39.4145
internal_count=29607 17085 16123 12522 15344 10766 1756 6459 1217 629 962 767 9295 779 363 242 107 4463 6049 1996 531 414 630 1465 507 958 508 437 135 279
is_linear=0
shrinkage=0.02


Tree=85
num_leaves=31
num_cat=0
split_feature=24 4 25 14 11 22 4 11 22 8 6 0 4 20 18 14 11 8 26 24 4 1 17 21 22 8 8 27 11 11
split_gain=51.233 37.2374 15.005 14.2866 13.3453 13.4619 11.6166 9.55353 10.8397 9.5543 9.87109 9.03003 8.9753 8.92137 8.6106 7.86204 7.61093 9.14074 8.29707 7.48334 6.42613 6.76301 6.41944 6.39902 6.28187 7.20512 7.08728 9.90889 9.57482 6.98453
threshold=0.57380172610282909 -0.061488233506679528 0.24301714450120929 0.34361904859542852 0.11145713552832605 0.98781305551528942 2.4815859794616704 -0.95271936058998097 1.2972023487091067 0.31720387935638433 -0.45594501495361323 1.2767714262008669 2.0265146493911748 1.3461206555366518 -0.43680751323699946 -2.1668300628662105 0.28662429749965673 0.79876646399497997 1.1468445658683779 0.2999932616949082 0.21982406079769137 -1.0000000180025095e-35 0.61001938581466686 0.8915599286556245 0.30952993035316473 0.074242074042558684 0.32628226280212408 10.500000000000002 0.7577367126941682 1.3542412519454958
decision_type=2 2 2 2 2 2 2 2 2 2 2 2 2 2 2 2 2 2 2 2 2 2 2 2 2 2 2 2 2 2
left_child=1 4 6 14 5 -1 -2 11 9 10 23 12 -3 -5 -4 -16 17 -11 -18 -19 -12 -22 -6 -9 26 -26 28 -28 -17 -30
right_child=2 7 3 13 22 -7 -8 8 -10 16 20 -13 -14 -15 15 24 18 19 -20 -21 21 -23 -24 -25 25 -27 27 -29 29 -31
leaf_value=-0.012962498680695645 0.0026110331417472875 -0.011082236656970166 0.0077671350037200274 -0.0098436612878148016 -0.0055921783555640901 -0.0018744360993880919 0.0093465794293921267 -0.010136694823012903 0.0096306177643205523 0.0046998471896463065 0.0057062690189689166 0.010441849922327827 0.0063614854243114662 0.0071267502689550538 0.0050772871638045418 -0.0080474801510527581 0.0064419096789150743 -0.010299920235146878 -0.0075484316243689476 0.0061867977258609139 0.0033257411273461524 -0.004076488370710926 0.0022094130929635166 0.0049555140190837028 -0.0046986763975340228 0.0072614998636273487 0.0026906487258547326 -0.012184023337496337 0.0092065925594794467 -0.0046535240840448189
leaf_weight=197.75380703061819 1327.1703240410425 68.221793713979423 55.112111624330282 84.445834326557815 166.42925215978175 58.261227011680603 107.22813541069627 73.569278094451874 43.112126662395895 44.552309228107333 49.71055959770456 7.1732364767231038 10.680059432983397 10.712158894166349 73.121229073032737 33.583983338437974 158.13243752997369 44.823464260436594 14.722533253952859 10.505111693404613 65.765946360304952 161.93515930790454 52.914807525463402 10.030821379274128 29.282111769542098 45.1512525905855 22.427995814010501 60.957935606129467 37.798971116542816 18.260952959768474
leaf_count=7083 6657 1271 234 755 3658 1179 329 1113 248 436 517 29 52 56 278 257 1112 643 126 68 490 1199 524 90 159 194 96 453 167 105
internal_value=7.4599e-05 -0.00308535 0.00213107 -0.000959143 -0.00744751 -0.0105234 0.00314527 -0.000336641 0.000478226 -0.000214899 -0.00233576 -0.0064189 -0.00848268 -0.00767286 0.000819774 -0.000475495 0.00258392 -0.00175783 0.00507161 -0.0069163 -0.000470826 -0.00191301 -0.00370282 -0.00814838 -0.00218431 0.00255677 -0.00423834 -0.00825735 -0.000261153 0.00468044
internal_weight=3143.55 1238.29 1905.25 470.855 475.359 256.015 1434.4 762.935 676.86 633.748 361.012 86.0751 78.9019 95.158 375.697 320.584 272.736 99.8809 172.855 55.3286 277.412 227.701 219.344 83.6001 247.463 74.4334 173.03 83.3859 89.6439 56.0599
internal_count=29578 19838 9740 2754 12444 8262 6986 7394 6042 5794 3409 1352 1323 811 1943 1709 2385 1147 1238 711 2206 1689 4182 1203 1431 353 1078 549 529 272
is_linear=0
shrinkage=0.02


Tree=86
num_leaves=31
num_cat=0
split_feature=15 4 6 11 10 21 15 9 7 10 5 13 13 14 16 11 24 7 26 18 0 10 5 26 21 21 21 13 0 25
split_gain=45.9897 24.079 21.8466 17.8271 11.5591 9.97041 9.57057 11.1671 8.98498 7.99987 7.96028 9.3175 8.8021 8.73337 7.94023 7.38911 7.00132 7.2016 8.12847 6.91635 9.11666 6.7785 6.73173 6.8695 7.33826 9.72805 7.1704 6.71816 6.70411 6.69071
threshold=-0.67656511068344105 0.15275879204273227 0.88615703582763683 0.25460523366928106 0.80297383666038524 0.77624437212944042 1.0538660883903506 0.93550792336463939 -0.97295996546745289 0.80297383666038524 0.90367090702056896 0.49129492044448858 0.23751544952392581 0.61684370040893566 1.1544605493545534 0.99172303080558788 -0.37998281419277186 0.64557260274887096 0.52947804331779491 -0.60769757628440846 1.1042639017105105 0.053907198831439025 -0.48081095516681666 1.3122839331626894 1.0951618552207949 0.38318531215190893 1.5919778347015383 -0.50325110554695118 1.1365125775337221 -0.40818123519420618
decision_type=2 2 2 2 2 2 2 2 2 2 2 2 2 2 2 2 2 2 2 2 2 2 2 2 2 2 2 2 2 2
left_child=15 2 3 5 6 -2 14 8 -8 -4 11 12 -6 -12 -3 28 29 -18 -19 20 -10 -16 -21 24 25 27 -26 -24 -1 -5
right_child=1 4 9 16 10 -7 7 -9 19 -11 13 -13 -14 -15 21 -17 17 18 -20 22 -22 -23 23 -25 26 -27 -28 -29 -30 -31
leaf_value=-0.012171751713977986 -0.010428102192346519 -0.0004421449045316134 0.0025299289391391435 0.0031924260228665406 0.0022052061425368707 -0.0030447872564076869 -0.0089522226901247448 0.010086912345061151 -0.013979358454899268 -0.0042158234417926533 0.0098740463213267994 0.008298684896322274 -0.0089097679075574275 -0.0052595492663920331 0.013599244428925348 0.00026123900628863647 -0.00091242357124413857 0.011795561288924164 -0.0050353688975465832 -0.0031563711134263983 0.0047841259000702529 -0.0038411686375087722 -0.0050587098719373606 -0.0073909179054313491 0.013014855554865895 -0.0010348946579078913 0.0015451194881451896 0.0088673583037603941 0.0052463120908998375 -0.0097076932447326611
leaf_weight=148.37559387180954 188.16294041788206 908.42836670717224 404.69602913595736 19.982635201420635 125.06431345827878 126.70047131041065 23.245485115796328 77.226336590945721 17.123295789584517 80.194553795270622 143.83803000487387 70.772803199477494 31.499372988939285 13.880723931826649 24.682569159194827 25.507777371909469 172.28047274239361 36.647102426737547 12.593013445381073 49.720437534153461 15.869861386716364 10.115635666996239 12.714542113244532 14.317567501217125 67.527209218591452 116.96059900149703 33.297025814652443 97.61230231821537 6.7013855269178739 49.212566445581615
leaf_count=5701 5076 5874 2327 338 767 1677 107 235 73 565 578 321 198 71 92 534 1954 284 151 207 51 46 59 58 193 399 110 318 93 1110
internal_value=-2.86878e-05 0.000579006 -0.00177422 -0.00429254 0.00196423 -0.00755111 0.00114703 0.00329581 0.00202784 0.00138263 0.00502688 0.00254128 -0.000237568 0.00842146 -6.14504e-05 -0.00968555 -0.000695313 0.00106352 0.00742372 0.00272528 -0.00551219 0.00868378 0.003479 0.00447401 0.00509491 0.00298798 0.00947897 0.00711272 -0.0112787 -0.00601823
internal_weight=3124.95 2944.37 1090.47 605.579 1853.9 314.863 1468.84 525.615 448.388 484.891 385.055 227.336 156.564 157.719 943.227 180.585 290.716 221.521 49.2401 425.143 32.9932 34.7982 392.15 342.429 328.112 227.287 100.824 110.327 155.077 69.1952
internal_count=29567 23239 13482 10590 9757 6753 7822 1810 1575 2892 1935 1286 965 649 6012 6328 3837 2389 435 1468 124 138 1344 1137 1079 776 303 377 5794 1448
is_linear=0
shrinkage=0.02


Tree=87
num_leaves=31
num_cat=0
split_feature=15 4 4 6 6 7 12 11 16 26 19 22 15 20 7 18 10 20 2 20 15 15 24 11 16 13 8 23 27 11
split_gain=44.9249 22.7973 22.2007 17.9534 16.0069 11.2716 10.0177 9.73813 9.12104 9.80968 9.97265 8.60253 8.35455 10.5819 8.14143 9.03323 7.97934 7.90641 9.46535 7.91644 7.88094 9.69496 9.88721 8.94403 7.87149 7.5727 7.43185 7.61512 7.41783 7.07687
threshold=1.0000000180025095e-35 0.84116947650909435 -0.64747110009193409 1.0063160061836245 -0.92959371209144581 -0.79813799262046803 -0.60661473870277394 0.013198877684772016 0.48698960244655615 0.41787357628345495 0.24244931340217593 -1.0000000180025095e-35 1.168187201023102 1.9542687535285952 0.55010607838630687 -0.27230566740036005 -0.16394668072462079 0.045422485098242767 -0.084118429571390138 0.8045351803302766 1.2124238610267641 1.4119184613227846 0.7999735176563264 -0.90704283118247975 0.26558296382427221 -1.0041841864585874 -0.18017551302909848 1.0365856289863589 12.500000000000002 -0.80572929978370655
decision_type=2 2 2 2 2 2 2 2 2 2 2 2 2 2 2 2 2 2 2 2 2 2 2 2 2 2 2 2 2 2
left_child=1 4 6 20 -1 26 -2 24 9 16 -11 -6 13 -8 15 -14 -9 18 -3 25 23 -22 -23 28 -7 -19 -5 -28 -4 -25
right_child=2 17 3 5 11 7 12 8 -10 10 -12 -13 14 -15 -16 -17 -18 19 -20 -21 21 22 -24 29 -26 -27 27 -29 -30 -31
leaf_value=-0.012779674511460322 -0.013382343608833504 -0.0049408073662210754 0.0012535631540681392 0.0025315272387102222 -0.0088169362292244442 0.0085163922736093411 -0.0058010350254478829 -0.0028308066038069076 0.0066176036215182619 -0.0094587310127249042 0.010593722275071006 -0.0025760520429559618 0.0049206493806144185 0.014271581581328555 0.01183821731016084 -0.011445615738440537 0.010125525615269889 0.0088720495612952116 0.0067678374906206895 0.0026178606687189423 0.0082364549882073795 0.0034513221177566011 -0.010410461694154572 0.010101756181123403 -0.0014753163792018311 -0.011287541723102491 0.00042000801041101302 -0.016961096604153649 -0.010914618320038615 -0.00026883637782110578
leaf_weight=121.80219405516982 34.165186662226915 32.723662197589874 29.463971184566617 39.806313790380955 126.28519490547478 34.274597296491265 169.54184863250703 28.016531931236386 599.76719784643501 43.821267660707235 8.0393724292516691 291.23102681105956 29.473322324454784 6.4793067667633286 23.013151420280337 17.287459719926119 44.371095249429345 4.975699294358491 106.11496997484937 43.699244413524866 93.82879987731576 61.478576983325183 24.853704396635294 22.22951333783567 155.42613391857594 43.95222179684788 17.533868874423206 17.998962253332138 51.939937089569867 783.6846897052601
leaf_count=5121 480 454 182 184 3297 146 1793 141 2100 204 26 6002 130 25 75 115 162 36 726 297 357 252 115 131 699 390 100 126 545 5207
internal_value=-9.82567e-05 -0.00426931 0.00128391 0.00200478 -0.00650562 0.00393892 -0.00395372 0.00455277 0.00560331 0.000640574 -0.00569202 -0.00454572 -0.00240249 -0.00468838 0.0032921 -0.00165111 0.00525207 0.000968703 0.00393234 -0.00344738 0.000202718 0.00395681 -0.000890724 -0.000577413 0.000502302 -0.00860492 -0.00332584 -0.00939049 -0.00669269 7.77379e-05
internal_weight=3107.28 770.784 2336.49 2056.53 539.318 989.055 279.96 913.716 724.015 124.248 51.8606 417.516 245.795 176.021 69.7739 46.7608 72.3876 231.466 138.839 92.6272 1067.48 180.161 86.3323 887.318 189.701 48.9279 75.3391 35.5328 81.4039 805.914
internal_count=29618 16323 13295 10677 14420 3888 2618 3478 2633 533 230 9299 2138 1818 320 245 303 1903 1180 723 6789 724 367 6065 845 426 410 226 727 5338
is_linear=0
shrinkage=0.02


Tree=88
num_leaves=31
num_cat=0
split_feature=3 4 6 25 1 1 14 0 23 20 22 5 14 25 25 20 15 20 10 1 18 5 26 16 4 21 5 0 5 3
split_gain=45.0587 34.4593 14.2011 11.0249 11.3671 12.8013 10.5217 13.2108 10.9308 9.82731 10.6075 9.78707 9.18213 12.7348 11.5738 9.25711 8.95173 9.37695 8.70708 8.70077 8.46477 11.1094 8.48938 8.38389 7.84319 8.96286 8.78942 7.76566 7.65438 7.52691
threshold=0.76135557889938366 0.25864017009735113 -0.94433951377868641 2.6479170322418217 1.0126152038574221 0.85807642340660106 -0.75033628940582264 1.0756541490554812 0.98757377266883861 0.25821429491043096 0.34633888304233557 -0.24250917136669156 -0.77831232547759999 -0.31618665158748621 -0.25941984355449671 0.99498340487480175 -0.11873451247811316 0.49174943566322332 -1.1338272690773008 0.48062090575695043 -0.24626781046390531 -0.60148680210113514 0.064487710595130934 0.5619589388370515 2.3442298173904423 1.1287970542907717 0.65175855159759533 0.6176263988018037 -0.92698988318443287 1.7009050250053408
decision_type=2 2 2 2 2 2 2 2 2 2 2 2 2 2 2 2 2 2 2 2 2 2 2 2 2 2 2 2 2 2
left_child=1 2 -1 4 5 6 7 -2 -9 10 23 -4 13 -3 -15 -16 -14 -18 -8 -13 21 29 -23 -6 25 -7 -27 -25 -19 -20
right_child=3 12 11 -5 9 24 18 8 -10 -11 -12 19 16 14 15 -17 17 28 20 -21 -22 22 -24 27 -26 26 -28 -29 -30 -31
leaf_value=-0.012260094716499368 0.0086188806218338247 0.011898868644300769 -0.0076665704251282054 -0.0098279133447440013 -0.0041739561101174719 -0.010948518050010939 -0.0059950849253178626 0.0062742848540810582 -0.019244734323588145 0.006792517807832508 -0.014166065887224926 -0.0045714034375840627 -0.0072442362788516235 -0.015987431966877703 0.00058061729318263471 0.012103397303222399 0.0019526914829802377 -0.015266040391120011 -0.0095130074569305841 0.0019687159456233823 0.004703887739695922 0.0047397354556327435 -0.0012402635010549472 -0.0068191464299048304 0.0083558231472730463 -0.0074938489900945714 0.010760098176993154 0.0088156811187198088 -0.0022514261257436555 0.0041552420721335994
leaf_weight=110.15939866006374 147.80817315541208 48.596264800988138 226.06902406737208 24.39113581366837 44.803465455770493 64.363753428682685 58.373853914439678 9.2359836697578448 9.1746637932956201 355.69949369505048 12.49301860667765 229.01882657362148 80.443260905332863 9.9721328588202578 206.89276087423787 27.341455083340406 294.95580868422985 15.923487288877366 62.47915767878294 121.19109629187733 245.28781765094027 174.89581041410565 197.69665428716689 11.560419715940951 11.261698640882967 16.741822218522429 15.624861702322958 66.85802233312279 155.05881114304066 17.992274487391114
leaf_count=4725 517 247 5367 124 214 375 382 32 42 1281 73 4282 1483 63 1347 96 2097 144 534 1305 1336 826 1020 61 35 78 45 237 908 84
internal_value=-5.12048e-05 -0.00248587 -0.00579189 0.00235049 0.00257714 0.00137197 0.00214003 0.00662058 -0.00783691 0.00506618 0.000460966 -0.00446062 0.00023669 0.00306525 0.00110392 0.00215049 -0.00129317 -0.000199725 0.00111886 -0.00231232 0.00175189 0.000119787 0.00159236 0.00243852 -0.00499641 -0.0068852 0.00157883 0.00624022 -0.00386277 -0.00639268
internal_weight=3072.36 1525.62 686.438 1546.74 1522.35 1030.94 922.944 166.219 18.4106 491.414 135.715 576.279 839.184 292.803 244.206 234.234 546.381 465.938 756.726 350.21 698.352 453.064 372.592 123.222 107.992 96.7304 32.3667 78.4184 170.982 80.4714
internal_count=29360 22064 15679 7296 7172 5306 4773 591 74 1866 585 10954 6385 1753 1506 1443 4632 3149 4182 5587 3800 2464 1846 512 533 498 123 298 1052 618
is_linear=0
shrinkage=0.02


Tree=89
num_leaves=31
num_cat=0
split_feature=15 3 0 14 16 0 21 25 6 1 17 25 21 13 0 22 26 23 23 7 15 5 6 4 12 21 4 7 6 21
split_gain=49.2334 24.9712 20.6305 13.5194 10.502 10.2755 10.124 8.53223 10.8612 10.6902 8.45682 8.39547 8.21832 8.95438 9.5353 8.16129 7.62961 7.15252 9.90568 11.3169 9.30723 9.57043 8.9453 7.0049 6.8458 6.83132 6.86837 6.71255 12.6853 8.70485
threshold=0.30729536712169653 -0.23691431432962415 -0.16461326926946637 -0.38106741011142725 0.31572090089321142 0.66535967588424694 0.78611981868743908 -0.051678756251931184 0.92130836844444286 0.35761667788028723 0.43339157104492193 -0.16706591099500653 0.3211523443460465 -0.42448927462100977 1.2016205191612246 -1.5183690786361692 0.75105428695678722 0.83979663252830516 0.56638082861900341 1.16799533367157 0.9584641456604005 -0.14879624545574185 0.88615703582763683 0.59371542930603038 0.92338827252388012 -0.68928313255310047 -0.41089797019958491 -0.73561611771583546 1.017718553543091 -0.10730532929301261
decision_type=2 2 2 2 2 2 2 2 2 2 2 2 2 2 2 2 2 2 2 2 2 2 2 2 2 2 2 2 2 2
left_child=1 4 6 -3 -1 7 -2 11 9 -9 -8 17 13 -5 15 23 27 18 19 20 -4 -22 24 -15 -19 26 -10 28 -7 -30
right_child=2 3 5 12 -6 16 10 8 25 -11 -12 -13 -14 14 -16 -17 -18 22 -20 -21 21 -23 -24 -25 -26 -27 -28 -29 29 -31
leaf_value=-0.0099079957452075217 -0.0067170666919325875 0.0037541563178941683 0.00053812769004366252 0.0024306724647406588 -0.0020304313015961622 0.006893182497057674 -0.0055743340690130629 -0.0013171381930805295 0.0057963434689591968 -0.011553269497176775 0.0084887497466987778 0.013297172935747104 -0.00046014243573108167 -0.0066298142132380144 0.0046344541427150599 -0.0098086119876492194 0.0004520491336151851 -0.0037121921026129962 -0.0062349397910938086 -0.012156717681847697 -0.0043302753605293223 0.016409668066815271 0.012089687553392512 0.012753377029182941 0.012180906423288005 0.002325020113296548 -0.012667545287021645 0.0054549889813836263 -0.019283298973550633 -0.00034494271137515723
leaf_weight=252.99695373210125 151.24926020484418 159.74045007256791 66.408686585724354 46.543711578007787 95.893957131542265 36.018882730044425 24.968959931284189 149.07780134584755 8.3771332018077391 52.033322308212519 35.806576685979962 27.360970917157829 295.21395774465054 11.09876393619925 22.030993138439953 172.49715108145028 199.56574695557356 38.456120855174959 60.767474570311606 11.934970187954603 9.1599475527182204 34.718807952478528 50.782762387767434 9.2347154896706325 9.4468268118798715 346.3675173772499 19.992463983595371 687.91397155448794 12.946784440428017 21.553686497732997
leaf_count=8744 1390 1295 516 687 2283 191 174 1107 63 402 148 106 2894 233 171 2858 908 258 350 76 60 114 167 50 34 1500 129 2663 60 84
internal_value=2.60996e-05 -0.00345377 0.00183405 -0.0012966 -0.0078021 0.0025154 -0.00400967 0.000953309 -0.000488908 -0.00418155 0.00272654 0.00360568 -0.0027666 -0.00531383 -0.00700858 -0.00842231 0.00394583 0.00244879 6.89031e-05 0.00332496 0.00545491 0.01208 0.0066456 0.00295297 0.000277073 0.00152179 -0.00716385 0.00485616 -0.000959781 -0.00899313
internal_weight=3120.16 1065.25 2054.91 716.36 348.891 1842.88 212.025 884.885 575.848 201.111 60.7755 309.037 556.619 261.405 214.862 192.831 957.999 281.676 182.99 122.222 110.287 43.8788 98.6857 20.3335 47.9029 374.737 28.3696 758.433 70.5194 34.5005
internal_count=29715 19215 10500 8188 11027 8788 1712 4882 3201 1509 322 1681 6893 3999 3312 3141 3906 1575 1116 766 690 174 459 283 292 1692 192 2998 335 144
is_linear=0
shrinkage=0.02


Tree=90
num_leaves=31
num_cat=0
split_feature=15 4 3 21 3 15 21 8 6 21 16 17 19 3 17 7 13 9 16 8 27 3 26 2 24 0 15 12 0 2
split_gain=44.4422 26.7811 27.9382 12.6603 12.7519 10.7665 9.78398 12.305 9.18552 12.0066 10.3669 10.0982 9.85047 9.65243 8.51001 10.2819 8.09764 8.07007 11.1547 8.8247 7.92749 7.80988 6.97002 7.96116 6.90265 6.85651 6.83641 6.77778 6.56197 7.11937
threshold=-0.67656511068344105 0.97556951642036449 -0.53988453745841969 0.020263244397938255 1.5050041079521181 1.5047794580459597 1.261285185813904 -1.3175935149192808 1.0394741892814638 0.16482441127300265 0.55384415388107311 1.6204926371574404 0.95645028352737438 -0.090554885566234575 1.8446061611175539 1.0445784926414492 -1.5921008586883543 0.73404377698898327 0.55384415388107311 0.088285781443119063 15.500000000000002 -0.91878458857536305 0.55723619461059581 0.56374016404151928 -1.4306654334068296 0.04232479631900788 1.6982930302619936 -0.66148054599761952 0.83349654078483593 0.0090543748810887354
decision_type=2 2 2 2 2 2 2 2 2 2 2 2 2 2 2 2 2 2 2 2 2 2 2 2 2 2 2 2 2 2
left_child=-1 2 -2 4 5 -4 7 -3 9 12 13 -12 21 -10 15 17 -5 18 28 -19 -17 -9 23 -18 -23 -21 -25 -24 29 -11
right_child=1 6 3 16 -6 -7 -8 8 10 14 11 -13 -14 -15 -16 20 22 19 -20 25 -22 24 27 26 -26 -27 -28 -29 -30 -31
leaf_value=-0.0096149480054301944 -0.0078297373300318749 -0.0067904499274760478 -0.0052586582582348608 -0.0093893693213693129 0.0049865864761240997 0.0062216597689013211 0.0069913495672719022 -0.0057716406218133931 0.010607423081090108 -2.8748582433770392e-05 0.0096720014028724276 -0.00017340684428980571 -0.011715845561029182 -0.0039056253874271587 0.0086758938448343176 0.0099103968638221841 0.00041510440716079023 -0.0081943122715908579 -0.013765939439916568 -0.0042828722105672313 -0.0061410235172236639 -0.0066245293368181728 -0.0072184550371895851 0.005012494494570148 0.0074092469705298626 0.013648848038233479 -0.0067315893023520102 0.00023329661078423062 0.0057116275858881136 -0.014766849728954647
leaf_weight=175.78951706527732 199.24510964401998 52.782674544490874 350.88850607071072 23.863026610575616 66.580153318122029 31.796188732609153 206.3377257026732 19.414839470759034 19.166512295603752 31.336963461712003 183.53695770353079 53.271364700049162 9.9272174797952157 70.978611566126347 22.021337933838367 31.994273030199111 398.57712566200644 17.905886938795447 60.972275915555656 10.09364544041455 14.38136870972812 11.340462638065217 52.235640045255423 372.5000754990615 186.05096531100571 19.648860972374678 16.709572844207287 330.30009287595749 23.533518435433507 17.565164525993168
leaf_count=6313 5287 269 4822 216 282 143 737 191 63 194 593 193 49 286 64 118 3119 102 313 65 80 91 485 1995 970 66 66 2257 90 137
internal_value=6.78511e-06 0.000604552 -0.00085357 1.33747e-05 -0.00283012 -0.00423685 0.00312609 0.0021591 0.00278564 0.000993722 0.00534119 0.00749943 0.00427861 -0.00042461 -0.00201739 -0.00321714 0.00109046 -0.00534984 -0.00779911 0.00159713 0.00481953 0.00525856 0.00134318 0.00241377 0.00645925 0.00782282 0.00442931 -0.000864252 -0.00221201 -0.00620126
internal_weight=3080.75 2904.96 1842.7 1643.45 449.265 382.685 1062.26 855.923 803.14 476.187 326.953 236.808 226.733 90.1451 249.453 227.432 1194.19 181.056 133.408 47.6484 46.3756 216.806 1170.32 787.787 197.391 29.7425 389.21 382.536 72.4356 48.9021
internal_count=29656 23343 18672 13385 5247 4965 4671 3934 3665 2530 1135 786 1301 349 1229 1165 8138 967 734 233 198 1252 7922 5180 1061 131 2061 2742 421 331
is_linear=0
shrinkage=0.02


Tree=91
num_leaves=31
num_cat=0
split_feature=0 4 11 4 21 15 18 25 16 7 26 26 15 17 0 5 5 15 8 2 21 7 25 11 12 26 27 20 15 17
split_gain=38.2922 23.9577 20.6611 16.7785 15.9347 10.9206 9.62992 11.3302 9.37462 8.58937 8.39079 9.13691 7.89195 7.8767 7.70173 7.61192 7.57942 7.45574 6.40729 6.34699 6.22209 9.65541 8.01725 6.66592 9.65593 6.09345 6.08277 9.22234 7.72365 7.70142
threshold=-0.079997815191745744 0.9946403205394746 0.22028704732656482 0.1665444150567055 -0.60454338788986195 1.0000000180025095e-35 -0.25409944355487818 -0.26615031063556666 0.93221431970596325 0.99978831410408031 0.11826379224658014 1.0857545733451845 1.3102952837944033 -0.50768953561782826 1.3379098773002627 -1.2235950231552122 1.4353663921356203 1.2620696425437929 -1.1604821085929868 1.6480345726013186 -0.25000174343585962 0.30853076279163366 -0.30926062166690821 0.82868126034736644 0.3561625480651856 0.40839967131614691 12.500000000000002 0.98175227642059337 1.7932994365692141 0.99986651539802562
decision_type=2 2 2 2 2 2 2 2 2 2 2 2 2 2 2 2 2 2 2 2 2 2 2 2 2 2 2 2 2 2
left_child=3 2 5 9 -4 14 7 10 15 -1 -6 -12 17 -5 -2 -3 20 19 25 -9 -8 22 -22 -23 -25 -10 27 -7 -28 -29
right_child=1 8 4 13 6 26 16 12 18 -11 11 -13 -14 -15 -16 -17 -18 -19 -20 -21 21 23 -24 24 -26 -27 28 29 -30 -31
leaf_value=-0.010276999663620305 -0.0080496156570950776 -0.009096480379654711 -0.0048529584295002991 -0.0092784628494785963 0.015556580529466027 -0.0024152923189340939 0.0046750005402921534 0.00068409945504176747 0.0062493690028000018 -0.00028317138874939393 -0.0006114256789527423 0.016241161439083697 0.0068785799319657772 -9.9884616073397763e-05 0.0064369179153434299 0.0027884767329951661 0.0066531349434512188 -0.011848875844244192 0.0084514475832083834 0.010492342846216812 0.0008981297514078962 0.0058041826717958366 -0.011846219421237529 0.0042495633208329761 -0.012149305155336115 -0.011063805773478775 -0.0022394744094854 0.012498669281452053 -0.019053781121602057 -0.004351559421627826
leaf_weight=205.68876313371584 190.83792747091502 17.458822472952306 136.70091548655182 39.204187757801265 47.114952089264989 67.341430562548339 38.910458781290799 304.27731961989775 12.314158658497037 41.457037054467946 45.854961133562028 12.707510079257188 114.67499438673258 243.64051788812503 12.226932880934326 698.95304281171411 41.641853065229952 12.513365440070627 186.00079995766282 23.99898455105722 26.789535625837743 47.052763652987778 63.577016560360789 24.576692823320627 24.102861066348851 10.602137841284273 304.37107960367575 38.044352827593684 6.4836367461830369 11.67186928540468
leaf_count=6370 5141 139 1826 676 223 478 374 2139 41 906 298 53 394 2066 133 3070 215 64 612 87 206 318 542 133 143 46 2510 174 30 48
internal_value=-2.43045e-05 0.00100527 -0.000480709 -0.00488492 0.00135853 -0.00328069 0.00240726 0.00388374 0.00355624 -0.00863946 0.00964268 0.00403535 0.00245735 -0.00151117 -0.00704363 0.0024378 -0.000714148 0.000891669 0.00724494 0.0015478 -0.00219258 -0.00371324 -0.0082191 0.000736926 -0.00424541 -0.00230749 -0.00143427 0.00238185 -0.00288625 0.00850659
internal_weight=3050.79 2520.8 1595.47 529.991 964.494 630.977 827.793 561.142 925.329 247.146 105.677 58.5625 455.465 282.845 203.065 716.412 266.651 340.79 208.917 328.276 225.009 186.099 90.3666 95.7323 48.6796 22.9163 427.912 117.058 310.855 49.7162
internal_count=29455 19437 15529 10018 7015 8514 5189 3258 3908 7276 574 351 2684 2742 5274 3209 1931 2290 699 2226 1716 1342 748 594 276 87 3240 700 2540 222
is_linear=0
shrinkage=0.02


Tree=92
num_leaves=31
num_cat=0
split_feature=3 4 15 1 6 17 22 15 8 9 5 4 25 25 17 22 13 9 5 15 5 16 20 18 9 4 4 25 2 8
split_gain=43.2954 31.8738 10.8231 10.4811 10.4034 9.31495 8.44937 9.43162 8.21336 7.73245 7.87716 7.49057 7.29505 7.06208 6.92598 6.9031 7.88007 6.61803 7.78007 6.97172 8.09007 8.54973 11.0203 7.5344 8.12974 6.64566 6.61786 7.60087 6.77141 8.22712
threshold=0.81636235117912304 -0.083578925579786287 1.0162237882614138 0.81512928009033214 -0.92959371209144581 -0.091702155768871293 -0.063974045217037187 0.89577513933181774 -0.95770332217216481 -1.0067275762557981 -0.24250917136669156 1.4541534185409548 -0.54714444279670704 0.023346122354269031 0.70718213915824901 1.3179749846458437 -1.2310909032821653 1.1339582204818728 0.02941115386784077 0.83923059701919567 -0.336391732096672 1.1544605493545534 0.77283984422683727 1.6951816082000735 -0.1154777519404888 1.0000000180025095e-35 0.89958134293556224 0.24301714450120929 1.9833657741546633 0.95734015107154857
decision_type=2 2 2 2 2 2 2 2 2 2 2 2 2 2 2 2 2 2 2 2 2 2 2 2 2 2 2 2 2 2
left_child=1 4 6 5 -1 11 7 12 15 -6 -11 -3 -2 -13 -12 16 -7 19 -19 23 -21 22 -22 24 -8 -26 28 -28 29 -4
right_child=2 3 26 -5 9 8 17 -9 -10 10 14 13 -14 -15 -16 -17 -18 18 -20 20 21 -23 -24 -25 25 -27 27 -29 -30 -31
leaf_value=-0.012431287303108676 0.0063206558189500828 -0.0072126345712770004 0.0027008670521012014 0.0033829625633724127 -0.010608265774565031 0.007363844941339682 -1.4619421867350868e-07 0.0073050895868032699 0.00062072534070717886 -0.0071839534525916116 -0.0031044753589933223 0.0044036912109379793 -0.0061426878254637676 -0.013289084680473942 0.0051972339375560127 0.008796564059356568 -0.01138073961457936 -0.016395453269848644 0.00090169084100914527 -0.01119908812559705 -0.0097821289031269545 0.013536780043921875 0.0047651502458144245 -0.0093783855923946832 0.0010796983602910581 0.0073721664351889763 0.0077939022461242626 -0.0018161595450332285 0.012405360039729769 -0.0072122860679486337
leaf_weight=91.271504114149138 17.362031994387507 154.63585479510948 300.15994077920914 225.48260966129601 77.176652984926477 7.0743133779615155 148.74619618151337 26.63424089178443 552.74349126499146 146.84485716582276 168.78560877824202 46.282652175053954 145.24878651741892 5.9930255347862831 47.469070475548506 6.2824646867811671 52.752291343174875 11.680838965810834 26.350096591748297 23.869368659332395 32.92814108915627 12.613143749535082 41.592270947992802 13.08589483052492 95.489737248048186 237.56142482813448 246.59825925156474 35.941472766920924 20.356793340295553 32.784119382500648
leaf_count=4235 98 2544 1081 1233 1855 54 946 102 4418 3715 3267 333 1013 50 365 34 556 96 139 140 160 37 157 97 702 990 792 136 56 130
internal_value=-0.000127829 -0.0024191 0.00234076 -0.000392743 -0.00638563 -0.00143789 0.000832129 -0.00283404 -0.000196998 -0.00500682 -0.00368831 -0.00505706 -0.00466312 0.00139231 -0.00120594 -0.00659696 -0.00876724 0.00192314 -0.00569873 0.00244428 -0.00201619 0.000970618 -0.00187372 0.00345493 0.00389624 0.00561069 0.00429564 0.0065611 0.00241765 0.00163248
internal_weight=3051.8 1582.79 1469 1051.25 531.548 825.764 833.162 189.245 618.853 440.276 363.1 206.912 162.611 52.2757 216.255 66.1091 59.8266 643.917 38.0309 605.886 111.003 87.1336 74.5204 494.883 481.797 333.051 635.841 282.54 353.301 332.944
internal_count=29531 22659 6872 9222 13437 7989 4677 1213 5062 9202 7347 2927 1111 383 3632 644 610 3464 235 3229 494 354 317 2735 2638 1692 2195 928 1267 1211
is_linear=0
shrinkage=0.02


Tree=93
num_leaves=31
num_cat=0
split_feature=6 17 3 3 10 18 5 11 14 14 12 1 6 11 1 13 14 0 5 16 20 6 24 14 1 22 8 5 25 8
split_gain=38.3289 17.8414 15.73 14.2312 11.6787 14.7971 13.6935 10.0791 9.09378 8.63303 8.40371 10.4259 9.41834 8.30651 7.9718 8.36528 8.49318 8.75002 8.53095 7.77313 8.4632 7.66382 7.53283 7.50921 7.41222 7.72523 7.02529 7.02501 7.58995 6.96448
threshold=-0.45594501495361323 0.17003265768289569 -0.01211771462112665 0.34979343414306646 -0.52746278047561634 -0.59018647670745839 0.25664477050304418 0.18326374888420108 1.0000000180025095e-35 -0.39674383401870722 0.47423769533634191 1.2854744195938113 -0.038171654567122452 1.4814977645874026 1.2101297974586489 -0.26381953060626978 -1.117912709712982 1.4792832732200625 1.3193741440773012 0.72454267740249645 -0.3586574643850326 1.4532328248023989 0.93628808856010448 0.37846641242504125 0.82451894879341137 1.2627930641174319 0.66381824016571056 -0.11846662312746047 0.85884344577789318 -0.17019257694482801
decision_type=2 2 2 2 2 2 2 2 2 2 2 2 2 2 2 2 2 2 2 2 2 2 2 2 2 2 2 2 2 2
left_child=2 3 7 24 -5 -6 -7 -1 -4 -9 -3 12 -12 19 15 21 -17 18 -18 20 22 -14 -8 -19 25 -2 -22 -26 -29 -13
right_child=1 10 8 4 5 6 13 9 -10 -11 11 29 14 -15 -16 16 17 23 -20 -21 26 -23 -24 -25 27 -27 -28 28 -30 -31
leaf_value=-0.012577180391036122 -0.0050184241775942566 0.004923986967536262 0.0034167363493768409 0.0051052501585485445 0.0080584163138071128 -0.0053698688129899452 0.014678298004727419 0.0042769342312135913 -0.0047844916098631557 -0.0085262087889698447 0.0095271025839517871 0.0090155072677281928 -0.0076293709567173641 -0.009125440546213193 -0.01039203999342026 0.0059399230445945543 -0.0020089794045306535 -0.0025913047163237429 0.0048197340174262783 0.0069980273785230866 -0.0058170252207343362 0.0075250322102679368 -0.0047591941148287702 0.017011962954764856 -0.005708291840231831 0.0051574672130532059 0.0047126951791529106 0.0084800191428835818 -0.0068423596385442454 0.0010319687257934517
leaf_weight=127.8642214210704 387.25612493581139 456.99524608347565 86.545796514954418 211.73226676788181 66.930146851576865 212.44124999735504 18.886552752926949 32.402387358248234 128.09774523763917 44.8258873145096 38.928962083067745 106.28084263764322 74.186720167286694 21.947293777950108 23.447821509093046 118.54668799228966 362.9021310522221 10.456580694764854 86.418661331757903 91.15341542288661 82.332381337881088 11.881247922778128 9.0106680616736394 16.441151782870293 29.461450404953212 28.321748695801944 31.40135483071208 53.898957026191056 12.504681369289754 74.343032984063029
leaf_count=5556 6919 2220 796 1222 352 1662 100 640 1931 1364 248 371 447 123 110 441 1930 41 319 371 534 46 42 41 462 370 136 428 96 315
internal_value=0.000256347 0.00115209 -0.00532079 -0.000570988 0.00118925 -0.000396105 -0.00167986 -0.00921459 -0.0014752 -0.00322101 0.00271738 0.00160521 0.000542413 0.00144167 -1.78728e-05 0.00041257 0.00126727 5.44642e-05 -0.000657012 0.00260889 -0.000358258 -0.00523909 0.00863096 0.0101795 -0.0031246 -0.00427186 -0.00283379 0.00181406 0.00531753 0.00584587
internal_weight=3057.84 2638.11 419.736 1257.28 745.835 534.103 467.173 205.092 214.644 77.2283 1380.83 923.834 743.21 254.732 704.281 680.833 594.765 476.219 449.321 232.784 141.631 86.068 27.8972 26.8977 511.443 415.578 113.734 95.8651 66.4036 180.624
internal_count=29633 19346 10287 12817 4542 3320 2968 7560 2727 2004 6529 4309 3623 1306 3375 3265 2772 2331 2249 1183 812 493 142 82 8275 7289 670 986 524 686
is_linear=0
shrinkage=0.02


Tree=94
num_leaves=31
num_cat=0
split_feature=24 15 5 25 20 25 25 14 21 11 11 1 24 5 15 11 17 8 8 1 5 15 24 8 18 11 14 11 11 16
split_gain=34.314 23.8565 13.8853 13.9175 20.9951 11.6908 10.1057 9.9928 10.0733 8.99708 9.85779 8.1416 10.0411 9.3693 9.03948 8.11979 7.87631 7.8559 7.69988 7.67073 7.20501 7.18099 8.79291 7.06185 6.7431 6.58263 6.21259 6.21898 6.05081 6.03176
threshold=0.75794506072998058 -1.1622644066810606 0.0090280319564044493 -0.0073711557779461137 1.1981874704360964 -0.49993611872196192 0.24301714450120929 -1.7288831472396848 0.47612638771533972 0.80462726950645458 1.3908500671386721 -0.017770027741789814 1.0747876167297366 -1.1744912862777708 1.0538660883903506 0.26620122790336614 0.61001938581466686 -0.19301847368478772 1.5316190719604494 -0.10265308246016501 0.88797315955162059 1.2268747687339785 -0.063360452651977525 -0.86148768663406361 -0.29509323835372919 -0.47284147143363947 -1.8729354143142698 1.5031142234802248 0.35376153886318212 0.37855410575866705
decision_type=2 2 2 2 2 2 2 2 2 2 2 2 2 2 2 2 2 2 2 2 2 2 2 2 2 2 2 2 2 2
left_child=1 -1 3 21 26 16 11 24 9 23 -11 12 14 -13 -2 19 -4 20 -10 -7 -17 22 -3 -9 -8 -6 -5 -28 -22 -15
right_child=6 2 5 4 25 15 7 8 18 10 -12 13 -14 29 -16 17 -18 -19 -20 -21 28 -23 -24 -25 -26 -27 27 -29 -30 -31
leaf_value=-0.013027485761220708 -0.0040999197972013983 -0.0060536453394087709 0.0010954315961270989 0.0054462954394549771 -0.0064182689964583078 -0.008453787707161417 0.0096652354957319289 0.0016491254025155376 0.0022622584380172653 0.0026132278059106647 -0.01074407926457633 -0.0050512132773117739 -0.009471805271607665 0.00031379861430331731 0.010435166461340033 0.00097763102588675744 0.010944769338378631 0.0032521782771984999 -0.014633479718996163 -0.0015392739202576085 0.0077316858857405506 0.0075461931684539631 0.0013877443343225562 -0.014221326334963107 4.7600245045333632e-06 0.0085864207131579658 -0.010683933902936166 0.0018413096579390953 -0.0096988805207156911 0.0044650772843532133
leaf_weight=75.184270775178447 32.815875452943146 112.46340969530866 78.899184628855437 8.0217756270430964 12.107245984952895 84.697800668654963 45.838032618165016 12.59996655397117 142.83744886144996 63.511992435902357 27.813108470290899 46.532827256247401 41.787247546948493 169.54990348406136 26.818183351308107 91.75080529274419 51.743237518705428 218.56483165454119 6.6607881742529562 236.59162305039354 5.4028992317616931 30.67417671578005 135.06838181754574 55.022678359411657 66.991607896983624 36.657345910556614 233.44803441455588 15.536945858504621 54.950518906116486 820.50099905766547
leaf_count=3438 295 2583 793 82 206 1632 152 97 706 390 213 319 258 1001 90 764 242 1807 55 2797 28 153 1413 536 291 230 5082 189 452 3342
internal_value=-0.000232421 -0.00240766 -0.00179587 -0.00414012 -0.00705 -0.000116694 0.00183576 -0.000803644 -0.00266163 -0.00608783 -0.00180129 0.00281208 -0.00250113 0.00334145 0.00273828 -0.00116151 0.00525608 0.000853513 0.00106026 -0.00346368 -0.00258704 -0.000873917 -0.00204609 -0.0113543 0.00417301 0.00461063 -0.00930826 -0.00988148 -0.00766633 0.0037593
internal_weight=3041.04 1481.76 1406.58 583.977 305.771 822.601 1559.28 421.276 308.446 158.948 91.3251 1138.01 101.421 1036.58 59.6341 691.958 130.642 370.669 149.498 321.289 152.104 278.206 247.532 67.6226 112.83 48.7646 257.007 248.985 60.3534 990.051
internal_count=29636 21891 18453 9938 5789 8515 7745 2440 1997 1236 603 5305 643 4662 385 7480 1035 3051 761 4429 1244 4149 3996 633 443 436 5353 5271 480 4343
is_linear=0
shrinkage=0.02


Tree=95
num_leaves=31
num_cat=0
split_feature=15 3 16 10 20 14 10 21 18 14 0 22 25 0 14 7 2 2 0 7 20 7 7 21 2 10 15 10 23 16
split_gain=34.4776 19.2657 15.7847 11.2254 8.83638 8.49177 8.46761 8.35998 8.18798 7.90506 10.1385 9.40067 8.84526 7.11525 7.05558 12.9788 6.9307 6.691 8.31553 7.70159 8.0294 6.98878 7.00701 7.80396 6.65618 6.37597 9.52919 11.4248 10.3042 8.40415
threshold=-0.67656511068344105 0.070947285741567626 0.69996994733810436 -1.5074806809425352 1.1502877473831179 -0.88454407453536976 0.55567049980163585 -0.64327871799468983 1.4487265944480898 -0.80698221921920765 0.63491263985633861 -1.5466558933258054 0.012275737710297109 0.76873651146888744 -0.32516761124134058 0.76407873630523693 0.46802447736263281 1.0000000180025095e-35 0.68519845604896557 -0.47007268667221064 1.3248842954635622 -0.61961111426353443 0.99978831410408031 0.99793544411659252 1.092737138271332 -0.51740965247154225 1.0408740639686587 -1.093271732330322 0.7835289239883424 1.0737218260765078
decision_type=2 2 2 2 2 2 2 2 2 2 2 2 2 2 2 2 2 2 2 2 2 2 2 2 2 2 2 2 2 2
left_child=13 2 6 4 -3 -4 16 -8 9 17 11 -11 14 -1 15 -12 -2 21 19 -19 -21 -5 -23 -24 -18 26 27 -13 -28 -27
right_child=1 3 5 8 -6 -7 7 -9 -10 10 12 25 -14 -15 -16 -17 24 18 -20 20 -22 22 23 -25 -26 29 28 -29 -30 -31
leaf_value=-0.010145564417927857 -0.007435411288633737 -0.010051191252247722 0.0095215617171803268 -0.0048042169365191791 0.0053468285176837124 -0.0010904907007728494 -0.0083614116121618152 0.0014519114365259755 -0.0057937063283210744 0.0083033362391931771 -0.0073715317910525002 -0.0051092158185094194 -0.0020164744601935017 0.0023318550849789062 0.0041807834059741991 0.009594768987751353 0.0038238748627564064 0.0081099430678122138 0.0044060668538004359 -0.0096887961143410067 0.0086204210393265503 0.011043394176489182 -0.011729468606111737 0.0077079717699030841 -0.010300902127484572 -0.0028582160567535288 0.0066275823781046751 0.0070809974619275009 -0.010627156365930391 0.0043571305688040228
leaf_weight=151.74365377915092 268.33727531181648 53.912088226526976 51.788979006931186 13.358022179454563 16.409410409629345 62.382686566095799 39.832257751375437 149.6112279035151 54.831041119527072 41.754949482157826 52.985838865395635 36.013511288445443 133.84178826212883 18.806743850465864 652.02941083628684 21.344008270651102 45.769156430382282 13.583210933953522 184.17896588891745 48.78644812386483 7.592999465763568 108.51591285131872 9.4942869674414414 14.250497024506329 13.104460688773541 524.26367152901366 16.745412344112992 128.38158179167658 36.276905687525868 69.033095626160502
leaf_count=6022 5921 408 264 90 84 750 944 1988 478 293 256 307 698 315 3019 81 650 79 673 281 26 406 51 55 178 3903 71 887 151 299
internal_value=-0.000138236 0.000387677 -0.00268607 0.00125829 -0.00634167 0.00392073 -0.00416964 -0.000773382 0.00151892 0.00172196 0.00112401 -0.000421665 0.00264938 -0.00874244 0.00351704 -0.00220194 -0.00609472 0.00423819 0.00220603 -0.00349321 -0.00672161 0.00759386 0.00897542 -0.000752415 0.000119652 -0.000919178 0.00198002 0.00433854 -0.00507626 -0.00198928
internal_weight=3038.96 2868.41 630.826 2237.58 70.3215 114.172 516.654 189.443 2167.26 2112.43 1712.67 852.469 860.201 170.55 726.359 74.3298 327.211 399.76 254.142 69.9627 56.3794 145.619 132.261 23.7448 58.8736 810.714 217.417 164.395 53.0223 593.297
internal_count=29628 23291 10695 12596 492 1014 9681 2932 12104 11626 9965 5911 4054 6337 3356 337 6749 1661 1059 386 307 602 512 106 828 5618 1416 1194 222 4202
is_linear=0
shrinkage=0.02


Tree=96
num_leaves=31
num_cat=0
split_feature=24 0 4 3 4 25 10 21 24 20 1 13 26 4 10 16 0 4 1 26 3 14 14 14 25 22 23 16 20 13
split_gain=39.1388 18.5001 13.7138 13.571 11.7716 11.1615 15.2696 13.3003 10.8904 10.0383 9.35304 9.3298 9.06457 8.74325 8.54025 8.49226 8.47559 7.65415 7.56588 10.8312 7.5424 7.43254 7.22986 7.14579 12.6722 6.65794 15.3473 7.36865 6.99305 6.38624
threshold=-0.48849479854106898 0.73762360215187084 1.4806064963340761 -0.72101956605911244 0.75064134597778331 -0.026936445385217663 1.1091529130935671 0.79754477739334118 0.77940210700035106 1.1657369136810305 0.25471943616867071 1.4916198253631594 1.3586635589599612 -0.49254882335662836 0.49403536319732672 0.65455818176269542 0.78040626645088207 1.1855123043060305 1.0126152038574221 0.37829865515232092 1.3859855532646181 -0.92837789654731739 -1.0000000180025095e-35 0.1623402610421181 -0.14541945606470105 0.89065679907798778 1.1618374586105349 1.3220523595809939 1.4726373553276064 -1.4233809709548948
decision_type=2 2 2 2 2 2 2 2 2 2 2 2 2 2 2 2 2 2 2 2 2 2 2 2 2 2 2 2 2 2
left_child=2 3 23 15 11 22 8 17 9 13 -11 12 16 -7 -4 -2 -3 -8 19 -18 25 -15 -5 24 -1 27 28 29 -27 -10
right_child=1 4 14 5 -6 6 7 -9 20 10 -12 -13 -14 21 -16 -17 18 -19 -20 -21 -22 -23 -24 -25 -26 26 -28 -29 -30 -31
leaf_value=0.0019381021792841272 -0.0083261245889069274 0.0098771610714178774 0.007750060335528614 0.0062169552374124063 0.0052282931306249451 -0.012909299206203449 -0.0053117002586695371 0.01245102809165711 0.0086457309527237809 0.0085475436788849495 -0.0078676850527226814 0.0097774377819979819 -0.012567459241362657 0.0036812842667840215 -0.0077766513025975346 0.0031984333556989712 0.000844869009535215 0.0077717718354642067 0.0023800338397484879 -0.0083426752564740598 0.0041177306907661387 -0.0060707365942664739 0.0010298991276463348 -0.010299420829038565 -0.0091400927427484607 0.01081137577371937 -0.013839314163470978 0.0098326512433247696 -0.0051273561227442215 -0.004114261522621317
leaf_weight=72.54544743988663 119.58968906663358 32.443161447998136 40.196560447104275 148.34775568079203 501.59781019110233 61.562764228787273 44.065877049230039 53.032811839133501 11.962385378777979 34.167542967014015 16.855819071177393 39.102293131873012 16.389465040527284 34.824272001162171 16.022619251161814 29.30852827988565 128.55732572218403 23.168437799438834 238.48777251411229 79.548959944397211 116.34649317339063 163.60027493629605 368.29257151810452 165.75770396157168 86.600788054289296 50.146128625608981 11.485057029873131 12.787471298128365 10.567326717544345 295.86254994478077
leaf_count=1244 2802 216 234 760 1809 1494 479 229 70 250 150 147 137 363 132 259 880 105 1252 635 438 1895 3197 5059 2992 232 59 40 71 1913
internal_value=9.8512e-05 0.000966031 -0.00585011 -0.000379071 0.00304272 0.000216776 -0.00107979 0.00543529 -0.00206228 -0.00497885 0.00290649 0.000962342 0.000175858 -0.00655202 0.00305118 -0.00602746 0.000737165 -0.000577351 -2.88244e-05 -0.00278043 -0.000249652 -0.0043108 0.00256462 -0.00741323 -0.00418498 -0.00157872 0.00373381 -0.00281401 0.00785815 -0.00348813
internal_weight=3023.22 2642.1 381.123 1605.97 1036.13 1457.08 940.435 120.267 820.168 311.011 51.0234 534.529 495.427 259.987 56.2192 148.898 479.037 67.2343 446.594 208.106 509.157 198.425 516.64 324.904 159.146 392.811 72.1985 320.612 60.7135 307.825
internal_count=29543 19882 9661 14806 5076 11745 7788 813 6975 4152 400 3267 3120 3752 366 3061 2983 584 2767 1515 2823 2258 3957 9295 4236 2385 362 2023 303 1983
is_linear=0
shrinkage=0.02


Tree=97
num_leaves=31
num_cat=0
split_feature=24 3 11 25 3 17 0 14 8 20 11 14 12 17 11 24 16 7 7 14 11 2 9 3 25 6 10 17 16 1
split_gain=40.7775 20.6058 13.1974 13.0586 11.2117 11.512 11.3513 9.42988 9.2027 9.13531 8.79435 9.59864 8.35979 6.87897 6.80108 6.7849 7.15233 7.7302 7.6449 9.43816 6.70118 6.99375 6.69775 6.88227 7.33998 9.56864 7.37456 6.56242 6.41861 6.3052
threshold=0.76894453167915355 -0.022056564688682553 0.27652375400066381 2.4614322185516362 0.77448034286499035 0.70718213915824901 1.3183909654617312 0.1623402610421181 0.60696852207183849 0.8045351803302766 -0.047707969322800629 0.98914533853530895 1.0809037685394289 0.70718213915824901 1.4069105982780459 0.85155257582664501 1.0367057323455813 -0.47964057326316828 0.32902579009532934 -0.80698221921920765 1.0817366242408755 -0.76680821180343617 1.1339582204818728 1.2172027230262759 -0.36091241240501398 0.20269072800874713 0.50667214393615734 1.9763309359550478 -1.0203939676284788 0.19257983565330508
decision_type=2 2 2 2 2 2 2 2 2 2 2 2 2 2 2 2 2 2 2 2 2 2 2 2 2 2 2 2 2 2
left_child=1 2 28 4 5 6 14 12 22 -5 11 29 -3 -10 20 -7 17 -17 -19 -20 21 -2 23 24 25 -9 -27 -25 -1 -6
right_child=3 7 -4 9 10 15 -8 8 13 -11 -12 -13 -14 -15 -16 16 -18 18 19 -21 -22 -23 -24 27 -26 26 -28 -29 -30 -31
leaf_value=-0.014227360404676622 0.0063772896745300321 0.0024010315312133343 -0.0014907577245770838 -0.0082851871175879579 -0.0059980460382542183 -0.0074179571094129598 0.0091809665661272029 -0.0070419033156416825 -0.00093321532609692446 0.0059045169830595828 0.0049116760735196064 -0.012552109181906806 -0.0090214206415323 0.0091037994546091933 -0.012590768208335761 -0.0027118506227674023 -0.006883183883536358 0.012132845491383045 0.0096025177023765645 -0.0046970752352987052 0.0051652802683977254 -0.0044847331732340654 -0.01098543809106778 0.0016750425073021945 -0.0068913425501981977 0.0086019942037813234 -0.0087717934643887358 -0.013728189353805058 -0.0066289273037307148 0.0038829146287891808
leaf_weight=58.17765629850328 22.136400741524994 372.79619537899271 184.91285721119493 69.666422453708947 28.970815161243081 14.475154880434273 28.579948297701776 38.361955005209893 72.733305478934199 20.005379210226238 764.42911861278117 17.207921044901013 22.612167910672724 37.973330701701343 22.659742176532745 29.21461325045675 14.053451646119354 79.611135110259056 32.727999836206436 31.811622212640941 38.735271047800779 217.16241266252473 39.645359994843602 149.22988922055811 183.15037218481302 44.113502295687795 7.9063355131074777 6.9268685206770888 242.89522736845538 105.08789290860295
leaf_count=2937 191 2626 3516 466 155 96 131 659 825 86 2882 105 186 204 201 183 60 306 109 156 256 1761 421 799 2431 284 70 33 6785 441
internal_value=-2.45554e-05 -0.00241204 -0.00575423 0.0022467 0.00270986 0.000392066 -0.00190664 -0.000726055 -0.00234148 -0.00497488 0.00404491 -0.000352301 0.00164332 0.0027542 -0.00309341 0.00409655 0.00515551 0.00629699 0.00815249 0.00272329 -0.00211062 -0.00336998 -0.00355981 -0.0027562 -0.0046411 4.10105e-05 0.00542377 0.000587051 -0.00830564 0.0016087
internal_weight=2997.97 1461.44 485.986 1536.54 1446.86 531.168 329.274 975.449 580.041 89.6718 915.696 151.267 395.408 110.707 300.694 201.894 187.419 173.365 144.151 64.5396 278.034 239.299 469.334 429.689 273.532 90.3818 52.0198 156.157 301.073 134.059
internal_count=29361 21776 13238 7585 7033 3450 2540 8538 5726 552 3583 701 2812 1029 2409 910 814 754 571 265 2208 1952 4697 4276 3444 1013 354 832 9722 596
is_linear=0
shrinkage=0.02


Tree=98
num_leaves=31
num_cat=0
split_feature=6 17 3 14 20 11 14 26 11 2 6 0 17 0 11 23 14 9 22 25 22 7 25 15 2 22 9 21 15 20
split_gain=37.6634 15.6269 10.3562 11.2921 10.752 12.3101 11.7352 9.52578 10.4457 9.94082 9.44404 9.16685 8.7111 8.16484 8.14978 8.32021 8.03853 7.87225 9.94012 8.84169 7.81371 7.73584 8.69321 7.72268 7.37664 11.0998 12.7933 7.075 8.1797 7.06789
threshold=-0.71825695037841786 -0.62213593721389759 -0.48234651982784266 -0.81609457731246937 0.62507721781730663 -1.0283238291740415 0.45898433029651647 0.6970757544040681 0.7577367126941682 -1.0000000180025095e-35 0.47641581296920782 -0.24187847971916196 -0.55682295560836781 0.14086285233497622 0.037107579410076148 -0.026131763122975823 0.52983367443084728 0.42645880579948431 0.56049469113349926 -0.60271838307380665 -0.23278988897800443 -0.81204402446746815 -0.24287519603967664 1.168187201023102 -0.010033368598669766 0.37298940122127539 -0.3558389395475387 0.7536381483078004 0.72211956977844249 -1.3468043208122251
decision_type=2 2 2 2 2 2 2 2 2 2 2 2 2 2 2 2 2 2 2 2 2 2 2 2 2 2 2 2 2 2
left_child=14 11 27 21 7 6 -6 8 20 10 -9 -2 -7 -10 15 -1 -13 18 19 -11 -5 22 -4 -16 -22 26 -26 -3 -29 -21
right_child=1 2 3 4 5 12 -8 9 13 17 -12 16 -14 -15 23 -17 -18 -19 -20 29 24 -23 -24 -25 25 -27 -28 28 -30 -31
leaf_value=-0.013169895504270014 -0.012091470358608986 -0.0048428006150653211 0.0082899521991753322 -0.0065153868698344828 -0.012138423062474396 0.014239853082661858 0.0036890563776133252 -0.0076379372883081534 -0.0017184309189380602 0.0073286876970873743 0.010936587703249812 0.00017604721243922046 0.0028494101857280307 0.0047693130397482878 -0.0050960922344102612 -0.0022062151740575272 -0.0078963695642078752 -0.0015835805085670611 0.0051800532604066229 0.0042989455559418084 -0.0072456494745506365 0.0051621112602090406 -0.0092763229302732127 0.0075063840482556508 -0.0050928108051741397 -0.0039905969288242865 0.0080497091979369502 -0.0045452419944264442 0.010660010323578148 -0.015890285610769609
leaf_weight=100.54957037139684 40.131001045927405 168.81378437997773 12.433903507888315 98.423922023270279 37.718860858585685 23.342941487208009 30.10919711086899 12.749568115919827 106.59963190741837 5.3608459178358308 25.512051563709974 169.4428020901978 718.0201047915034 260.46896042628214 136.97284797765315 40.653864326886833 64.495077735278755 83.612492469605058 12.128425628878174 5.5776284579187623 42.923238948918879 421.51449158973992 28.439504391513765 18.024403453804553 36.16409208625555 91.255539999343455 109.09678356349468 23.006276001222432 24.664983617141843 70.490226868540049
leaf_count=4473 1153 3216 61 971 350 118 249 198 803 28 155 2096 3532 1277 2806 794 1006 562 89 44 494 1920 211 99 317 753 718 441 110 578
internal_value=-6.64498e-05 0.000674814 0.00118377 0.00159017 0.000857154 0.00254825 -0.00534162 -0.00057356 0.000503958 -0.00422639 0.00457976 -0.00381178 0.00330105 0.00288745 -0.00677779 -0.0101967 -0.00216813 -0.00620167 -0.0100392 -0.0124745 -0.00181891 0.00435622 -0.00361145 -0.00344179 -7.92683e-05 0.00134437 0.00471716 -0.00294743 0.00358704 -0.0142361
internal_weight=3018.7 2722.5 2448.43 2231.94 1769.55 809.191 67.8281 960.363 744.932 215.431 38.2616 274.069 741.363 367.069 296.201 141.203 233.938 177.17 93.5571 81.4287 377.864 462.388 40.8734 154.997 279.44 236.516 145.261 216.485 47.6713 76.0679
internal_count=29622 21450 17195 13428 11236 4249 599 6987 5333 1654 353 4255 3650 2080 8172 5267 3102 1301 739 650 3253 2192 272 2905 2282 1788 1035 3767 551 622
is_linear=0
shrinkage=0.02


Tree=99
num_leaves=31
num_cat=0
split_feature=15 24 25 18 11 7 26 5 8 12 5 15 16 21 25 14 15 11 26 21 5 10 17 15 5 11 13 9 17 11
split_gain=40.2752 16.7362 13.2095 11.2541 10.8728 11.3392 9.35112 8.43034 9.06691 8.18639 7.89537 7.83237 7.74802 7.57638 7.42389 8.01491 7.25645 6.80015 6.7752 6.70788 6.43372 6.35718 6.2087 6.20854 6.10371 9.14136 10.1933 8.66052 8.41899 7.48512
threshold=-0.19913449138402936 0.76894453167915355 -0.57731464505195607 0.85558980703353893 0.79341930150985729 0.62525999546051036 0.83367037773132335 0.62504971027374279 -0.82974734902381886 -0.81603452563285817 0.37051275372505194 1.0162237882614138 0.88649684190750133 0.83244413137435924 0.19916451722383502 0.37387238442897802 0.38918536901474005 1.1214141845703127 -1.4340862035751341 -0.20319861918687818 -0.24250917136669156 -1.8326569795608518 0.35123734176158911 0.99517259001731884 1.412310838699341 1.2291301488876345 -0.17026471346616742 -0.19209566712379453 1.5154303312301638 0.19458459317684176
decision_type=2 2 2 2 2 2 2 2 2 2 2 2 2 2 2 2 2 2 2 2 2 2 2 2 2 2 2 2 2 2
left_child=10 2 19 14 5 9 -6 8 12 -4 -1 -9 -7 22 21 -16 -8 -17 20 -2 -11 -3 -10 -15 25 -23 -27 29 -28 -26
right_child=1 3 4 -5 6 7 16 11 13 18 -12 -13 -14 23 15 17 -18 -19 -20 -21 -22 24 -24 -25 27 26 28 -29 -30 -31
leaf_value=-0.0085293391204292399 -0.0027441560033124269 -0.008818317483871926 -0.010736526964853386 -0.0082979274854181936 0.0028301178137678552 -0.013915438618966118 0.002599411724705084 0.0011913938046080516 -0.0093225051769656661 -0.0085164562149459191 -0.0020790989487859367 0.01302045972642759 0.0076156630612015663 0.006776228575745542 0.0015780522517862281 -0.0020370505391219935 -0.010649172408250767 -0.016736287744713901 -0.0044228980533288853 0.0081937164288746547 0.0084278543026919308 0.0017928479879439868 0.0039630718574800612 -0.0077776721456824958 -0.011639560889968986 -0.0031249697889019056 0.010998232580385403 0.0092887566796210318 0.0001171542753163199 0.004588609591109378
leaf_weight=220.36942215729505 27.055594290606678 11.854033589363096 74.073462955653667 33.841285817325115 294.73080775374547 32.263183425646275 24.826989085879177 81.138813845813274 37.790257924236357 7.7379304035566738 120.53720148280263 26.565760303288698 4.7992635630071154 60.934000049717724 332.7422291142866 51.584182384423912 36.381180256605148 12.455707950517533 341.87329493765719 85.420388334430754 28.673549957573414 648.26236140867695 17.530791471712291 9.8892766060307604 12.232217347249387 32.726826790720224 128.29132332094014 141.23992967419326 36.296845268458128 28.566590214148164
leaf_count=7312 360 71 1574 255 2279 431 297 709 822 143 2516 80 23 539 1638 346 262 115 4436 541 214 3082 135 47 59 168 440 472 145 109
internal_value=0.000109256 0.00094191 -0.000817862 0.00236635 -0.00150491 -0.00290657 0.00134408 0.000330102 -0.00251207 -0.00482739 -0.00631169 0.00455728 -0.0105535 0.000162864 0.00264554 0.000312523 -0.00548486 -0.00590106 -0.00354533 0.00555785 0.00423346 0.00353033 -0.00513289 0.00436515 0.00371479 0.00296753 0.00668716 0.00701371 0.00867282 -0.00101643
internal_weight=3002.68 2661.78 1191.68 1470.09 1079.21 723.27 355.939 270.911 163.207 452.358 340.907 107.705 37.0624 126.144 1436.25 396.782 61.2082 64.0399 378.285 112.476 36.4115 1039.47 55.321 70.8233 1027.62 845.577 197.315 182.039 164.588 40.7988
internal_count=29620 19792 12892 6900 11991 9153 2838 2786 1997 6367 9828 789 454 1543 6645 2099 559 461 4793 901 357 4546 957 586 4475 3835 753 640 585 168
is_linear=0
shrinkage=0.02


Tree=100
num_leaves=31
num_cat=0
split_feature=4 3 15 4 22 6 8 17 10 13 16 26 24 1 15 14 10 10 14 13 26 10 10 4 21 24 26 1 14 3
split_gain=31.5003 24.5362 12.374 10.6915 9.29648 7.67631 7.49047 7.34008 7.09326 16.0075 10.0217 8.23421 6.78477 6.67636 8.47914 6.5423 7.59736 6.46153 6.51862 7.63765 6.87257 6.75832 6.36935 7.35573 10.3709 7.13525 6.98033 6.31485 7.45996 8.53439
threshold=0.45412245392799383 -0.52962782979011525 0.94581279158592235 2.3442298173904423 1.2627930641174319 -0.92959371209144581 -1.0101141333580015 -0.72911062836647023 -0.29435801506042475 0.57929423451423656 0.88649684190750133 0.55113458633422863 -1.5857449173927305 0.28029756247997289 1.0538660883903506 1.7811796665191653 -0.29435801506042475 -1.8977885246276853 -0.20767474174499509 -0.11113652586936949 -0.47868312895297999 -1.4499102830886839 -1.0703084468841551 -0.083578925579786287 0.11668751016259195 0.99189966917037975 -0.17601459473371503 0.85807642340660106 0.54373612999916088 1.5050041079521181
decision_type=2 2 2 2 2 2 2 2 2 2 2 2 2 2 2 2 2 2 2 2 2 2 2 2 2 2 2 2 2 2
left_child=1 -1 5 4 6 -3 -2 -6 9 10 11 -4 -8 14 -5 16 22 -14 19 20 -19 -21 25 26 -25 -7 -24 28 -9 -30
right_child=3 2 8 13 7 15 12 27 -10 -11 -12 -13 17 -15 -16 -17 -18 18 -20 21 -22 -23 23 24 -26 -27 -28 -29 29 -31
leaf_value=-0.0086644585288383098 -0.0032941850412140047 -0.0088857006966822829 0.0097350036983929033 0.0059728195408140236 -0.010224952647817512 -0.00053212121351196341 -0.0096221795166443452 0.013944775585643563 0.0032439529492497821 -0.015431620622738543 -0.0064103976452836789 -0.0041069103654552391 -0.0098040349637631228 0.008827781854865829 -0.0061424604473174198 -0.010673918028846261 -0.0033332246231605935 0.0049556254783606939 0.00027890074405319108 -0.0089080862060649576 -0.0055149780484683346 0.005571753947406546 0.0051467770045627312 -0.0040349177948561703 0.011525644263091748 -0.015026580178569988 -0.0037459485320486593 0.00035929686538051469 -0.0087185850161947739 0.012462413152770111
leaf_weight=206.00585208903067 170.30981293041259 68.983462331350893 49.64805569127202 58.026872797869146 5.854406537488102 52.620019805151969 17.850287527311593 57.822179186157882 287.62128793168813 24.163966421037912 39.610343810170889 21.707204412668943 15.246791292913256 122.11451430991292 31.687990708276629 29.054881582967937 425.77583762351424 37.025428543798625 592.13124967971817 9.0951347574591619 57.676475938409567 307.03401660453528 53.204827468376607 20.898093254305422 55.89966200478375 13.500312741845844 84.77686611469835 35.416658060625196 13.151525024324657 8.1023839861154539
leaf_count=7943 1035 2054 220 241 65 785 258 227 1278 173 189 127 134 423 119 378 5330 213 3513 65 459 1484 613 244 335 133 1169 151 93 25
internal_value=-0.000232891 -0.00236185 -0.00127322 0.00175189 0.00107447 -0.00272287 0.000533517 0.00625949 0.00148579 -0.00223866 0.00117574 0.00553092 0.00117552 0.00587205 0.00159525 -0.00208895 -0.00166347 0.00141091 0.00162919 0.0035486 -0.00137808 0.00502295 0.000881503 0.0025511 0.00730352 -0.00433993 -0.000256902 0.00749497 0.0104795 0.000191656
internal_weight=2972.02 1433.47 1227.46 1538.55 1326.72 804.714 1206.37 120.347 422.751 135.13 110.966 71.3553 1036.06 211.829 89.7149 735.731 706.676 1018.21 1002.96 410.831 94.7019 316.129 280.9 214.779 76.7978 66.1203 137.982 114.493 79.0761 21.2539
internal_count=29476 20971 13028 8505 7722 11041 7161 561 1987 709 536 347 6126 783 360 8987 8609 5868 5734 2221 672 1549 3279 2361 579 918 1782 496 345 118
is_linear=0
shrinkage=0.02


end of trees

feature_importances:
Column_4=257
Column_3=251
Column_15=212
Column_5=183
Column_14=178
Column_21=169
Column_11=159
Column_26=124
Column_6=123
Column_25=114
Column_16=108
Column_1=104
Column_7=100
Column_17=97
Column_24=96
Column_0=95
Column_20=87
Column_10=85
Column_8=84
Column_23=73
Column_2=68
Column_9=64
Column_12=56
Column_13=50
Column_22=46
Column_18=22
Column_27=16
Column_19=9

parameters:
[boosting: gbdt]
[objective: lambdarank]
[metric: ndcg]
[tree_learner: serial]
[device_type: cpu]
[data_sample_strategy: bagging]
[data: ]
[valid: ]
[num_iterations: 800]
[learning_rate: 0.02]
[num_leaves: 31]
[num_threads: 0]
[seed: 0]
[deterministic: 0]
[force_col_wise: 0]
[force_row_wise: 0]
[histogram_pool_size: -1]
[max_depth: -1]
[min_data_in_leaf: 30]
[min_sum_hessian_in_leaf: 0.001]
[bagging_fraction: 0.8]
[pos_bagging_fraction: 1]
[neg_bagging_fraction: 1]
[bagging_freq: 1]
[bagging_seed: 3]
[bagging_by_query: 0]
[feature_fraction: 0.8]
[feature_fraction_bynode: 1]
[feature_fraction_seed: 2]
[extra_trees: 0]
[extra_seed: 6]
[early_stopping_round: 0]
[early_stopping_min_delta: 0]
[first_metric_only: 0]
[max_delta_step: 0]
[lambda_l1: 0]
[lambda_l2: 5]
[linear_lambda: 0]
[min_gain_to_split: 0]
[drop_rate: 0.1]
[max_drop: 50]
[skip_drop: 0.5]
[xgboost_dart_mode: 0]
[uniform_drop: 0]
[drop_seed: 4]
[top_rate: 0.2]
[other_rate: 0.1]
[min_data_per_group: 100]
[max_cat_threshold: 32]
[cat_l2: 10]
[cat_smooth: 10]
[max_cat_to_onehot: 4]
[top_k: 20]
[monotone_constraints: ]
[monotone_constraints_method: basic]
[monotone_penalty: 0]
[feature_contri: ]
[forcedsplits_filename: ]
[refit_decay_rate: 0.9]
[cegb_tradeoff: 1]
[cegb_penalty_split: 0]
[cegb_penalty_feature_lazy: ]
[cegb_penalty_feature_coupled: ]
[path_smooth: 0]
[interaction_constraints: ]
[verbosity: -1]
[saved_feature_importance_type: 0]
[use_quantized_grad: 0]
[num_grad_quant_bins: 4]
[quant_train_renew_leaf: 0]
[stochastic_rounding: 1]
[linear_tree: 0]
[max_bin: 255]
[max_bin_by_feature: ]
[min_data_in_bin: 3]
[bin_construct_sample_cnt: 200000]
[data_random_seed: 1]
[is_enable_sparse: 1]
[enable_bundle: 1]
[use_missing: 1]
[zero_as_missing: 0]
[feature_pre_filter: 1]
[pre_partition: 0]
[two_round: 0]
[header: 0]
[label_column: ]
[weight_column: ]
[group_column: ]
[ignore_column: ]
[categorical_feature: ]
[forcedbins_filename: ]
[precise_float_parser: 0]
[parser_config_file: ]
[objective_seed: 5]
[num_class: 1]
[is_unbalance: 0]
[scale_pos_weight: 1]
[sigmoid: 1]
[boost_from_average: 1]
[reg_sqrt: 0]
[alpha: 0.9]
[fair_c: 1]
[poisson_max_delta_step: 0.7]
[tweedie_variance_power: 1.5]
[lambdarank_truncation_level: 30]
[lambdarank_norm: 1]
[label_gain: 0,1,3,7]
[lambdarank_position_bias_regularization: 0]
[eval_at: 5]
[multi_error_top_k: 1]
[auc_mu_weights: ]
[num_machines: 1]
[local_listen_port: 12400]
[time_out: 120]
[machine_list_filename: ]
[machines: ]
[gpu_platform_id: -1]
[gpu_device_id: -1]
[gpu_use_dp: 0]
[num_gpu: 1]

end of parameters

pandas_categorical:null
